accion	origen	destino	motivo
MOVIDO	emu/ROMS/GB/Challenger GB BIOS [C][!].gb	emu/EXTRAS/GB/Challenger GB BIOS [C][!].gb	BIOS de dispositivo, no es un juego
MOVIDO	emu/ROMS/GB/GB Backup Station BIOS [C][!].gbc	emu/EXTRAS/GB/GB Backup Station BIOS [C][!].gbc	BIOS de dispositivo, no es un juego
MOVIDO	emu/ROMS/GB/GB Backup Station BIOS [C][a1].gbc	emu/EXTRAS/GB/GB Backup Station BIOS [C][a1].gbc	BIOS de dispositivo, no es un juego
MOVIDO	emu/ROMS/GB/Game Genie V1.17 BIOS.gb	emu/EXTRAS/GB/Game Genie V1.17 BIOS.gb	BIOS de dispositivo, no es un juego
MOVIDO	emu/ROMS/GB/Game Shark BIOS.gb	emu/EXTRAS/GB/Game Shark BIOS.gb	BIOS de dispositivo, no es un juego
MOVIDO	emu/ROMS/GB/Game Shark Online V3.1 BIOS [!].gb	emu/EXTRAS/GB/Game Shark Online V3.1 BIOS [!].gb	BIOS de dispositivo, no es un juego
MOVIDO	emu/ROMS/GB/Game Shark Online V3.1 BIOS [a1][!].gbc	emu/EXTRAS/GB/Game Shark Online V3.1 BIOS [a1][!].gbc	BIOS de dispositivo, no es un juego
MOVIDO	emu/ROMS/GB/Gameboy Smart Card (CCL Copier) (Unl) [S].gb	emu/EXTRAS/GB/Gameboy Smart Card (CCL Copier) (Unl) [S].gb	BIOS de dispositivo, no es un juego
MOVIDO	emu/ROMS/GB/Gameboy Smart Card (CCL Copier) (Unl) [a1].gb	emu/EXTRAS/GB/Gameboy Smart Card (CCL Copier) (Unl) [a1].gb	BIOS de dispositivo, no es un juego
MOVIDO	emu/ROMS/GB/Gameboy Smart Card (CCL Copier) (Unl) [a2].gb	emu/EXTRAS/GB/Gameboy Smart Card (CCL Copier) (Unl) [a2].gb	BIOS de dispositivo, no es un juego
MOVIDO	emu/ROMS/GB/Gameboy Smart Card (CCL Copier) (Unl).gb	emu/EXTRAS/GB/Gameboy Smart Card (CCL Copier) (Unl).gb	BIOS de dispositivo, no es un juego
MOVIDO	emu/ROMS/GB/Pro Action Replay (Unl) [!].gb	emu/EXTRAS/GB/Pro Action Replay (Unl) [!].gb	BIOS de dispositivo, no es un juego
MOVIDO	emu/ROMS/GB/Pro Action Replay (Unl) [f1].gb	emu/EXTRAS/GB/Pro Action Replay (Unl) [f1].gb	BIOS de dispositivo, no es un juego
MOVIDO	emu/ROMS/GB/Work Master BIOS 2.2 (PD) [C].gbc	emu/EXTRAS/GB/Work Master BIOS 2.2 (PD) [C].gbc	BIOS de dispositivo, no es un juego
MOVIDO	emu/ROMS/GB/Work Master BIOS 2.2R (PD) [C].gbc	emu/EXTRAS/GB/Work Master BIOS 2.2R (PD) [C].gbc	BIOS de dispositivo, no es un juego
MOVIDO	emu/ROMS/GBA/Pokémon Rojo fuego [E].sgm	emu/EXTRAS/GBA/Pokémon Rojo fuego [E].sgm	savestate de VisualBoyAdvance, RetroArch no lo lee
MOVIDO	emu/ROMS/GBA/Banjo Kazooie - Grunty's Revenge [E].sav	emu/SAVES/Banjo Kazooie - Grunty's Revenge [E].srm	partida GBA, renombrada .sav -> .srm
MOVIDO	emu/ROMS/GBA/Banjo Pilot [E].sav	emu/SAVES/Banjo Pilot [E].srm	partida GBA, renombrada .sav -> .srm
MOVIDO	emu/ROMS/GBA/Castlevania - Harmony Of Dissonance [E].sav	emu/SAVES/Castlevania - Harmony Of Dissonance [E].srm	partida GBA, renombrada .sav -> .srm
MOVIDO	emu/ROMS/GBA/Charlie And The Chocolate Factory [E].sav	emu/SAVES/Charlie And The Chocolate Factory [E].srm	partida GBA, renombrada .sav -> .srm
MOVIDO	emu/ROMS/GBA/Crash Bandicoot - Fusion [E].sav	emu/SAVES/Crash Bandicoot - Fusion [E].srm	partida GBA, renombrada .sav -> .srm
MOVIDO	emu/ROMS/GBA/Digimon - Battle Spirit [E].sav	emu/SAVES/Digimon - Battle Spirit [E].srm	partida GBA, renombrada .sav -> .srm
MOVIDO	emu/ROMS/GBA/Donkey Kong - King of Swing [E].sav	emu/SAVES/Donkey Kong - King of Swing [E].srm	partida GBA, renombrada .sav -> .srm
MOVIDO	emu/ROMS/GBA/Pokemon Mundo misterioso [E].sav	emu/SAVES/Pokemon Mundo misterioso [E].srm	partida GBA, renombrada .sav -> .srm
MOVIDO	emu/ROMS/GBA/Pokémon Rojo fuego [E].sav	emu/SAVES/Pokémon Rojo fuego [E].srm	partida GBA, renombrada .sav -> .srm
MOVIDO	emu/ROMS/GG/- 5 in 1 Funpak (U) [!].png	emu/MEDIA/GG/- 5 in 1 Funpak (U) [!].png	caratula
MOVIDO	emu/ROMS/GG/Aah! Harimanada (J).png	emu/MEDIA/GG/Aah! Harimanada (J).png	caratula
MOVIDO	emu/ROMS/GG/Addams Family, The (U) [!].png	emu/MEDIA/GG/Addams Family, The (U) [!].png	caratula
MOVIDO	emu/ROMS/GG/Adventures of Batman & Robin, The (U) [!].png	emu/MEDIA/GG/Adventures of Batman & Robin, The (U) [!].png	caratula
MOVIDO	emu/ROMS/GG/Aerial Assault (JU) (V1.1) [!].png	emu/MEDIA/GG/Aerial Assault (JU) (V1.1) [!].png	caratula
MOVIDO	emu/ROMS/GG/Aladdin (U) [!].png	emu/MEDIA/GG/Aladdin (U) [!].png	caratula
MOVIDO	emu/ROMS/GG/Alien 3 (U) [!].png	emu/MEDIA/GG/Alien 3 (U) [!].png	caratula
MOVIDO	emu/ROMS/GG/Alien Syndrome (J).png	emu/MEDIA/GG/Alien Syndrome (J).png	caratula
MOVIDO	emu/ROMS/GG/Andre Agassi Tennis (U) [!].png	emu/MEDIA/GG/Andre Agassi Tennis (U) [!].png	caratula
MOVIDO	emu/ROMS/GG/Arcade Classics (U) [!].png	emu/MEDIA/GG/Arcade Classics (U) [!].png	caratula
MOVIDO	emu/ROMS/GG/Arch Rivals (U) [!].png	emu/MEDIA/GG/Arch Rivals (U) [!].png	caratula
MOVIDO	emu/ROMS/GG/Arena - Maze of Death (U) [!].png	emu/MEDIA/GG/Arena - Maze of Death (U) [!].png	caratula
MOVIDO	emu/ROMS/GG/Ariel - The Little Mermaid (U) [!].png	emu/MEDIA/GG/Ariel - The Little Mermaid (U) [!].png	caratula
MOVIDO	emu/ROMS/GG/Arliel - Crystal Densetsu (J).png	emu/MEDIA/GG/Arliel - Crystal Densetsu (J).png	caratula
MOVIDO	emu/ROMS/GG/Asterix and the Great Rescue (E) (M5) [!].png	emu/MEDIA/GG/Asterix and the Great Rescue (E) (M5) [!].png	caratula
MOVIDO	emu/ROMS/GG/Ax Battler - A Legend of Golden Axe (U) (V2.4) [!].png	emu/MEDIA/GG/Ax Battler - A Legend of Golden Axe (U) (V2.4) [!].png	caratula
MOVIDO	emu/ROMS/GG/Ayrton Senna's Super Monaco GP II (U) [!].png	emu/MEDIA/GG/Ayrton Senna's Super Monaco GP II (U) [!].png	caratula
MOVIDO	emu/ROMS/GG/Baku Baku Animal (U).png	emu/MEDIA/GG/Baku Baku Animal (U).png	caratula
MOVIDO	emu/ROMS/GG/Baku Baku Animal - Sekai Shiikugakari Senshu-ken (J) [!].png	emu/MEDIA/GG/Baku Baku Animal - Sekai Shiikugakari Senshu-ken (J) [!].png	caratula
MOVIDO	emu/ROMS/GG/Batman Forever (U) [!].png	emu/MEDIA/GG/Batman Forever (U) [!].png	caratula
MOVIDO	emu/ROMS/GG/Batman Returns (U) [!].png	emu/MEDIA/GG/Batman Returns (U) [!].png	caratula
MOVIDO	emu/ROMS/GG/Batter Up (U) [!].png	emu/MEDIA/GG/Batter Up (U) [!].png	caratula
MOVIDO	emu/ROMS/GG/Battleship (U) [!].png	emu/MEDIA/GG/Battleship (U) [!].png	caratula
MOVIDO	emu/ROMS/GG/Battletoads (U) [!].png	emu/MEDIA/GG/Battletoads (U) [!].png	caratula
MOVIDO	emu/ROMS/GG/Beavis and Butt-head (U) [!].png	emu/MEDIA/GG/Beavis and Butt-head (U) [!].png	caratula
MOVIDO	emu/ROMS/GG/Berenstain Bears', The - Camping Adventure (U) [!].png	emu/MEDIA/GG/Berenstain Bears', The - Camping Adventure (U) [!].png	caratula
MOVIDO	emu/ROMS/GG/Berlin no Kabe (J).png	emu/MEDIA/GG/Berlin no Kabe (J).png	caratula
MOVIDO	emu/ROMS/GG/Bishoujo Senshi Sailor Moon S (J).png	emu/MEDIA/GG/Bishoujo Senshi Sailor Moon S (J).png	caratula
MOVIDO	emu/ROMS/GG/Bonkers Wax Up! (U) [!].png	emu/MEDIA/GG/Bonkers Wax Up! (U) [!].png	caratula
MOVIDO	emu/ROMS/GG/Bram Stoker's Dracula (U) [!].png	emu/MEDIA/GG/Bram Stoker's Dracula (U) [!].png	caratula
MOVIDO	emu/ROMS/GG/Bubble Bobble (U) [!].png	emu/MEDIA/GG/Bubble Bobble (U) [!].png	caratula
MOVIDO	emu/ROMS/GG/Bugs Bunny in Double Trouble (U) [!].png	emu/MEDIA/GG/Bugs Bunny in Double Trouble (U) [!].png	caratula
MOVIDO	emu/ROMS/GG/Bust-A-Move (U) [!].png	emu/MEDIA/GG/Bust-A-Move (U) [!].png	caratula
MOVIDO	emu/ROMS/GG/Buster Ball (J).png	emu/MEDIA/GG/Buster Ball (J).png	caratula
MOVIDO	emu/ROMS/GG/Buster Fight (J).png	emu/MEDIA/GG/Buster Fight (J).png	caratula
MOVIDO	emu/ROMS/GG/Caesar's Palace (U) [!].png	emu/MEDIA/GG/Caesar's Palace (U) [!].png	caratula
MOVIDO	emu/ROMS/GG/Captain America and the Avengers (U) [!].png	emu/MEDIA/GG/Captain America and the Avengers (U) [!].png	caratula
MOVIDO	emu/ROMS/GG/Car Licence (J).png	emu/MEDIA/GG/Car Licence (J).png	caratula
MOVIDO	emu/ROMS/GG/Casino Funpak (U) [!].png	emu/MEDIA/GG/Casino Funpak (U) [!].png	caratula
MOVIDO	emu/ROMS/GG/Castle of Illusion starring Mickey Mouse (UE) [!].png	emu/MEDIA/GG/Castle of Illusion starring Mickey Mouse (UE) [!].png	caratula
MOVIDO	emu/ROMS/GG/Chakan (U) [!].png	emu/MEDIA/GG/Chakan (U) [!].png	caratula
MOVIDO	emu/ROMS/GG/Chase H.Q. (J) [S][!].png	emu/MEDIA/GG/Chase H.Q. (J) [S][!].png	caratula
MOVIDO	emu/ROMS/GG/Chessmaster, The (U) [!].png	emu/MEDIA/GG/Chessmaster, The (U) [!].png	caratula
MOVIDO	emu/ROMS/GG/Chicago Syndicate (U) [!].png	emu/MEDIA/GG/Chicago Syndicate (U) [!].png	caratula
MOVIDO	emu/ROMS/GG/Choplifter III (U) [!].png	emu/MEDIA/GG/Choplifter III (U) [!].png	caratula
MOVIDO	emu/ROMS/GG/Chuck Rock (U) [!].png	emu/MEDIA/GG/Chuck Rock (U) [!].png	caratula
MOVIDO	emu/ROMS/GG/Chuck Rock II - Son of Chuck (E) [!].png	emu/MEDIA/GG/Chuck Rock II - Son of Chuck (E) [!].png	caratula
MOVIDO	emu/ROMS/GG/Cliffhanger (U) [!].png	emu/MEDIA/GG/Cliffhanger (U) [!].png	caratula
MOVIDO	emu/ROMS/GG/Clutch Hitter (U) [!].png	emu/MEDIA/GG/Clutch Hitter (U) [!].png	caratula
MOVIDO	emu/ROMS/GG/Coca Cola Kid (J) [!].png	emu/MEDIA/GG/Coca Cola Kid (J) [!].png	caratula
MOVIDO	emu/ROMS/GG/Columns (U) [!].png	emu/MEDIA/GG/Columns (U) [!].png	caratula
MOVIDO	emu/ROMS/GG/Cool Spot (U) [!].png	emu/MEDIA/GG/Cool Spot (U) [!].png	caratula
MOVIDO	emu/ROMS/GG/Cosmic Spacehead (E) (M4) [!].png	emu/MEDIA/GG/Cosmic Spacehead (E) (M4) [!].png	caratula
MOVIDO	emu/ROMS/GG/Crayon Shin-Chan - Taiketsu! Tankam Panic!! (J).png	emu/MEDIA/GG/Crayon Shin-Chan - Taiketsu! Tankam Panic!! (J).png	caratula
MOVIDO	emu/ROMS/GG/Crystal Warriors (U) [!].png	emu/MEDIA/GG/Crystal Warriors (U) [!].png	caratula
MOVIDO	emu/ROMS/GG/Cutthroat Island (U) [!].png	emu/MEDIA/GG/Cutthroat Island (U) [!].png	caratula
MOVIDO	emu/ROMS/GG/Daffy Duck in Hollywood (E) (M5) [!].png	emu/MEDIA/GG/Daffy Duck in Hollywood (E) (M5) [!].png	caratula
MOVIDO	emu/ROMS/GG/Deep Duck Trouble Starring Donald Duck (U) [!].png	emu/MEDIA/GG/Deep Duck Trouble Starring Donald Duck (U) [!].png	caratula
MOVIDO	emu/ROMS/GG/Defenders of Oasis (U) [!].png	emu/MEDIA/GG/Defenders of Oasis (U) [!].png	caratula
MOVIDO	emu/ROMS/GG/Desert Speedtrap - Starring Road Runner and Wile E. Coyote (E) (M5) [!].png	emu/MEDIA/GG/Desert Speedtrap - Starring Road Runner and Wile E. Coyote (E) (M5) [!].png	caratula
MOVIDO	emu/ROMS/GG/Desert Strike - Return to the Gulf (U) [!].png	emu/MEDIA/GG/Desert Strike - Return to the Gulf (U) [!].png	caratula
MOVIDO	emu/ROMS/GG/Devilish (U) [!].png	emu/MEDIA/GG/Devilish (U) [!].png	caratula
MOVIDO	emu/ROMS/GG/Doraemon - Waku Waku Pocket Paradise (J) [!].png	emu/MEDIA/GG/Doraemon - Waku Waku Pocket Paradise (J) [!].png	caratula
MOVIDO	emu/ROMS/GG/Double Dragon (U) [!].png	emu/MEDIA/GG/Double Dragon (U) [!].png	caratula
MOVIDO	emu/ROMS/GG/Dr. Robotnik's Mean Bean Machine (U) [!].png	emu/MEDIA/GG/Dr. Robotnik's Mean Bean Machine (U) [!].png	caratula
MOVIDO	emu/ROMS/GG/Dragon - The Bruce Lee Story (E) [!].png	emu/MEDIA/GG/Dragon - The Bruce Lee Story (E) [!].png	caratula
MOVIDO	emu/ROMS/GG/Dragon Crystal (U) [!].png	emu/MEDIA/GG/Dragon Crystal (U) [!].png	caratula
MOVIDO	emu/ROMS/GG/Drop Zone (U) [!].png	emu/MEDIA/GG/Drop Zone (U) [!].png	caratula
MOVIDO	emu/ROMS/GG/Dunk Kid's (J).png	emu/MEDIA/GG/Dunk Kid's (J).png	caratula
MOVIDO	emu/ROMS/GG/Dynamite Headdy (U).png	emu/MEDIA/GG/Dynamite Headdy (U).png	caratula
MOVIDO	emu/ROMS/GG/Earthworm Jim (U) [!].png	emu/MEDIA/GG/Earthworm Jim (U) [!].png	caratula
MOVIDO	emu/ROMS/GG/Ecco - The Tides of Time (U) [!].png	emu/MEDIA/GG/Ecco - The Tides of Time (U) [!].png	caratula
MOVIDO	emu/ROMS/GG/Ecco II - The Tides of Time (J) [!].png	emu/MEDIA/GG/Ecco II - The Tides of Time (J) [!].png	caratula
MOVIDO	emu/ROMS/GG/Ecco the Dolphin (U) [!].png	emu/MEDIA/GG/Ecco the Dolphin (U) [!].png	caratula
MOVIDO	emu/ROMS/GG/Ernie Els Golf (E).png	emu/MEDIA/GG/Ernie Els Golf (E).png	caratula
MOVIDO	emu/ROMS/GG/Eternal Legend (J) [!].png	emu/MEDIA/GG/Eternal Legend (J) [!].png	caratula
MOVIDO	emu/ROMS/GG/Evander Holyfield's 'Real Deal' Boxing (U) [!].png	emu/MEDIA/GG/Evander Holyfield's 'Real Deal' Boxing (U) [!].png	caratula
MOVIDO	emu/ROMS/GG/Excellent Dizzy Collection, The (E) [S][!].png	emu/MEDIA/GG/Excellent Dizzy Collection, The (E) [S][!].png	caratula
MOVIDO	emu/ROMS/GG/F-1 (E) [!].png	emu/MEDIA/GG/F-1 (E) [!].png	caratula
MOVIDO	emu/ROMS/GG/F-15 Strike Eagle (U) [!].png	emu/MEDIA/GG/F-15 Strike Eagle (U) [!].png	caratula
MOVIDO	emu/ROMS/GG/FIFA International Soccer (UE) (M4) [!].png	emu/MEDIA/GG/FIFA International Soccer (UE) (M4) [!].png	caratula
MOVIDO	emu/ROMS/GG/FIFA Soccer 96 (UE) (M4) [!].png	emu/MEDIA/GG/FIFA Soccer 96 (UE) (M4) [!].png	caratula
MOVIDO	emu/ROMS/GG/Faceball 2000 (J) [!].png	emu/MEDIA/GG/Faceball 2000 (J) [!].png	caratula
MOVIDO	emu/ROMS/GG/Factory Panic (U) [!].png	emu/MEDIA/GG/Factory Panic (U) [!].png	caratula
MOVIDO	emu/ROMS/GG/Fantastic Dizzy (U) [S][!].png	emu/MEDIA/GG/Fantastic Dizzy (U) [S][!].png	caratula
MOVIDO	emu/ROMS/GG/Fantasy Zone Gear (JU) [!].png	emu/MEDIA/GG/Fantasy Zone Gear (JU) [!].png	caratula
MOVIDO	emu/ROMS/GG/Fatal Fury Special (U) [!].png	emu/MEDIA/GG/Fatal Fury Special (U) [!].png	caratula
MOVIDO	emu/ROMS/GG/Foreman for Real (U) [!].png	emu/MEDIA/GG/Foreman for Real (U) [!].png	caratula
MOVIDO	emu/ROMS/GG/Frank Thomas Big Hurt Baseball (U) [!].png	emu/MEDIA/GG/Frank Thomas Big Hurt Baseball (U) [!].png	caratula
MOVIDO	emu/ROMS/GG/Fred Couples Golf (U) [!].png	emu/MEDIA/GG/Fred Couples Golf (U) [!].png	caratula
MOVIDO	emu/ROMS/GG/Frogger (Prototype) [!].png	emu/MEDIA/GG/Frogger (Prototype) [!].png	caratula
MOVIDO	emu/ROMS/GG/From TV Animation - Slam Dunk - Shouri heno Starting 5 (J) [!].png	emu/MEDIA/GG/From TV Animation - Slam Dunk - Shouri heno Starting 5 (J) [!].png	caratula
MOVIDO	emu/ROMS/GG/G-LOC Air Battle (J) (V1.1).png	emu/MEDIA/GG/G-LOC Air Battle (J) (V1.1).png	caratula
MOVIDO	emu/ROMS/GG/GG Aleste (J).png	emu/MEDIA/GG/GG Aleste (J).png	caratula
MOVIDO	emu/ROMS/GG/GG Doraemon - Nora no Suke no Yabou (J).png	emu/MEDIA/GG/GG Doraemon - Nora no Suke no Yabou (J).png	caratula
MOVIDO	emu/ROMS/GG/GG Portrait - Pai Chan (J) [!].png	emu/MEDIA/GG/GG Portrait - Pai Chan (J) [!].png	caratula
MOVIDO	emu/ROMS/GG/GG Portrait - Yuuki Akira (J) [!].png	emu/MEDIA/GG/GG Portrait - Yuuki Akira (J) [!].png	caratula
MOVIDO	emu/ROMS/GG/GG Shinobi (E) [!].png	emu/MEDIA/GG/GG Shinobi (E) [!].png	caratula
MOVIDO	emu/ROMS/GG/GP Rider (U) [!].png	emu/MEDIA/GG/GP Rider (U) [!].png	caratula
MOVIDO	emu/ROMS/GG/Galaga '91 (J).png	emu/MEDIA/GG/Galaga '91 (J).png	caratula
MOVIDO	emu/ROMS/GG/Gamble Panic (J).png	emu/MEDIA/GG/Gamble Panic (J).png	caratula
MOVIDO	emu/ROMS/GG/Gambler Jikochuushin Ha (J).png	emu/MEDIA/GG/Gambler Jikochuushin Ha (J).png	caratula
MOVIDO	emu/ROMS/GG/Ganbare Gorby! (J).png	emu/MEDIA/GG/Ganbare Gorby! (J).png	caratula
MOVIDO	emu/ROMS/GG/Garfield - Caught in the Act (U) [!].png	emu/MEDIA/GG/Garfield - Caught in the Act (U) [!].png	caratula
MOVIDO	emu/ROMS/GG/Gear Stadium (J).png	emu/MEDIA/GG/Gear Stadium (J).png	caratula
MOVIDO	emu/ROMS/GG/Gear Stadium Heiseiban (J) [!].png	emu/MEDIA/GG/Gear Stadium Heiseiban (J) [!].png	caratula
MOVIDO	emu/ROMS/GG/Gear Works (U) [!].png	emu/MEDIA/GG/Gear Works (U) [!].png	caratula
MOVIDO	emu/ROMS/GG/George Foreman's KO Boxing (U) [!].png	emu/MEDIA/GG/George Foreman's KO Boxing (U) [!].png	caratula
MOVIDO	emu/ROMS/GG/Godzilla - Kaiju Dai Shingeki (J) [!].png	emu/MEDIA/GG/Godzilla - Kaiju Dai Shingeki (J) [!].png	caratula
MOVIDO	emu/ROMS/GG/Greendog (U).png	emu/MEDIA/GG/Greendog (U).png	caratula
MOVIDO	emu/ROMS/GG/Griffin (J).png	emu/MEDIA/GG/Griffin (J).png	caratula
MOVIDO	emu/ROMS/GG/Gunstar Heroes (J).png	emu/MEDIA/GG/Gunstar Heroes (J).png	caratula
MOVIDO	emu/ROMS/GG/Halley Wars (U) [!].png	emu/MEDIA/GG/Halley Wars (U) [!].png	caratula
MOVIDO	emu/ROMS/GG/Head Buster (J) [T+Eng.99_Chris Covell].png	emu/MEDIA/GG/Head Buster (J) [T+Eng.99_Chris Covell].png	caratula
MOVIDO	emu/ROMS/GG/Home Alone (U) [!].png	emu/MEDIA/GG/Home Alone (U) [!].png	caratula
MOVIDO	emu/ROMS/GG/Honoo no Doukyuuji - Dodge Danpei (J).png	emu/MEDIA/GG/Honoo no Doukyuuji - Dodge Danpei (J).png	caratula
MOVIDO	emu/ROMS/GG/Hook (U) [!].png	emu/MEDIA/GG/Hook (U) [!].png	caratula
MOVIDO	emu/ROMS/GG/House of Tarot (J) [!].png	emu/MEDIA/GG/House of Tarot (J) [!].png	caratula
MOVIDO	emu/ROMS/GG/Hurricanes (U) [!].png	emu/MEDIA/GG/Hurricanes (U) [!].png	caratula
MOVIDO	emu/ROMS/GG/Hyokkori Hyoutan Jima (J).png	emu/MEDIA/GG/Hyokkori Hyoutan Jima (J).png	caratula
MOVIDO	emu/ROMS/GG/Hyper Chou Pro Yakyuu '92 (J) [!].png	emu/MEDIA/GG/Hyper Chou Pro Yakyuu '92 (J) [!].png	caratula
MOVIDO	emu/ROMS/GG/Ichidant~R GG - Puzzle & Action (J).png	emu/MEDIA/GG/Ichidant~R GG - Puzzle & Action (J).png	caratula
MOVIDO	emu/ROMS/GG/In the Wake of Vampire (J).png	emu/MEDIA/GG/In the Wake of Vampire (J).png	caratula
MOVIDO	emu/ROMS/GG/Incredible Crash Dummies, The (U).png	emu/MEDIA/GG/Incredible Crash Dummies, The (U).png	caratula
MOVIDO	emu/ROMS/GG/Incredible Hulk, The (U) [!].png	emu/MEDIA/GG/Incredible Hulk, The (U) [!].png	caratula
MOVIDO	emu/ROMS/GG/Indiana Jones and the Last Crusade (U).png	emu/MEDIA/GG/Indiana Jones and the Last Crusade (U).png	caratula
MOVIDO	emu/ROMS/GG/Iron Man X-O Manowar in Heavy Metal (U).png	emu/MEDIA/GG/Iron Man X-O Manowar in Heavy Metal (U).png	caratula
MOVIDO	emu/ROMS/GG/Itchy & Scratchy Game, The (U) [!].png	emu/MEDIA/GG/Itchy & Scratchy Game, The (U) [!].png	caratula
MOVIDO	emu/ROMS/GG/J.League Soccer - Dream Eleven (J) [!].png	emu/MEDIA/GG/J.League Soccer - Dream Eleven (J) [!].png	caratula
MOVIDO	emu/ROMS/GG/James Bond 007 - The Duel (U) [!].png	emu/MEDIA/GG/James Bond 007 - The Duel (U) [!].png	caratula
MOVIDO	emu/ROMS/GG/James Pond 3 - Operation Starfish (U) [!].png	emu/MEDIA/GG/James Pond 3 - Operation Starfish (U) [!].png	caratula
MOVIDO	emu/ROMS/GG/James Pond II - Codename RoboCod (U) [!].png	emu/MEDIA/GG/James Pond II - Codename RoboCod (U) [!].png	caratula
MOVIDO	emu/ROMS/GG/Jeopardy! (U) [!].png	emu/MEDIA/GG/Jeopardy! (U) [!].png	caratula
MOVIDO	emu/ROMS/GG/Jeopardy! - Sports Edition (U) [!].png	emu/MEDIA/GG/Jeopardy! - Sports Edition (U) [!].png	caratula
MOVIDO	emu/ROMS/GG/Joe Montana's Football (JU) [!].png	emu/MEDIA/GG/Joe Montana's Football (JU) [!].png	caratula
MOVIDO	emu/ROMS/GG/Judge Dredd (U) [!].png	emu/MEDIA/GG/Judge Dredd (U) [!].png	caratula
MOVIDO	emu/ROMS/GG/Junction (U).png	emu/MEDIA/GG/Junction (U).png	caratula
MOVIDO	emu/ROMS/GG/Jungle Book, The (U) (Mar 1994) [!].png	emu/MEDIA/GG/Jungle Book, The (U) (Mar 1994) [!].png	caratula
MOVIDO	emu/ROMS/GG/Jurassic Park (UE) [!].png	emu/MEDIA/GG/Jurassic Park (UE) [!].png	caratula
MOVIDO	emu/ROMS/GG/Kaitou Saint Tail (J).png	emu/MEDIA/GG/Kaitou Saint Tail (J).png	caratula
MOVIDO	emu/ROMS/GG/Kawasaki Superbike Challenge (U) [!].png	emu/MEDIA/GG/Kawasaki Superbike Challenge (U) [!].png	caratula
MOVIDO	emu/ROMS/GG/Kenyuu Densetsu Yaiba (J).png	emu/MEDIA/GG/Kenyuu Densetsu Yaiba (J).png	caratula
MOVIDO	emu/ROMS/GG/Kick & Rush (J).png	emu/MEDIA/GG/Kick & Rush (J).png	caratula
MOVIDO	emu/ROMS/GG/Kinetic Connection (J).png	emu/MEDIA/GG/Kinetic Connection (J).png	caratula
MOVIDO	emu/ROMS/GG/Kishin Douji Zenki (J).png	emu/MEDIA/GG/Kishin Douji Zenki (J).png	caratula
MOVIDO	emu/ROMS/GG/Klax (U) [!].png	emu/MEDIA/GG/Klax (U) [!].png	caratula
MOVIDO	emu/ROMS/GG/Kuni-chan no Game Tengoku (J).png	emu/MEDIA/GG/Kuni-chan no Game Tengoku (J).png	caratula
MOVIDO	emu/ROMS/GG/Kuni-chan no Game Tengoku Part 2 (J).png	emu/MEDIA/GG/Kuni-chan no Game Tengoku Part 2 (J).png	caratula
MOVIDO	emu/ROMS/GG/Land of Illusion Starring Mickey Mouse (U) [!].png	emu/MEDIA/GG/Land of Illusion Starring Mickey Mouse (U) [!].png	caratula
MOVIDO	emu/ROMS/GG/Last Action Hero (U) [!].png	emu/MEDIA/GG/Last Action Hero (U) [!].png	caratula
MOVIDO	emu/ROMS/GG/Legend of Illusion Starring Mickey Mouse (U) [!].png	emu/MEDIA/GG/Legend of Illusion Starring Mickey Mouse (U) [!].png	caratula
MOVIDO	emu/ROMS/GG/Lemmings (U) [!].png	emu/MEDIA/GG/Lemmings (U) [!].png	caratula
MOVIDO	emu/ROMS/GG/Lion King, The (E) [!].png	emu/MEDIA/GG/Lion King, The (E) [!].png	caratula
MOVIDO	emu/ROMS/GG/Lost World, The - Jurassic Park (U).png	emu/MEDIA/GG/Lost World, The - Jurassic Park (U).png	caratula
MOVIDO	emu/ROMS/GG/Lucky Dime Caper, The Starring Donald Duck (U) [!].png	emu/MEDIA/GG/Lucky Dime Caper, The Starring Donald Duck (U) [!].png	caratula
MOVIDO	emu/ROMS/GG/Lunar - Sanposuru Gakuen (J) [T-Eng].png	emu/MEDIA/GG/Lunar - Sanposuru Gakuen (J) [T-Eng].png	caratula
MOVIDO	emu/ROMS/GG/MLBPA Baseball (U) [!].png	emu/MEDIA/GG/MLBPA Baseball (U) [!].png	caratula
MOVIDO	emu/ROMS/GG/Madden NFL '95 (U) [!].png	emu/MEDIA/GG/Madden NFL '95 (U) [!].png	caratula
MOVIDO	emu/ROMS/GG/Madden NFL '96 (U) [!].png	emu/MEDIA/GG/Madden NFL '96 (U) [!].png	caratula
MOVIDO	emu/ROMS/GG/Madou Monogatari A - Doki Doki - Bake Shon (J).png	emu/MEDIA/GG/Madou Monogatari A - Doki Doki - Bake Shon (J).png	caratula
MOVIDO	emu/ROMS/GG/Madou Monogatari I (J).png	emu/MEDIA/GG/Madou Monogatari I (J).png	caratula
MOVIDO	emu/ROMS/GG/Madou Monogatari II - Aruru 16-sai (J).png	emu/MEDIA/GG/Madou Monogatari II - Aruru 16-sai (J).png	caratula
MOVIDO	emu/ROMS/GG/Madou Monogatari III - Kyukyoku Joo-sama (J).png	emu/MEDIA/GG/Madou Monogatari III - Kyukyoku Joo-sama (J).png	caratula
MOVIDO	emu/ROMS/GG/Magic Knight Rayearth (J) [!].png	emu/MEDIA/GG/Magic Knight Rayearth (J) [!].png	caratula
MOVIDO	emu/ROMS/GG/Magic Knight Rayearth 2 - Making of Magic Knight (J) [!].png	emu/MEDIA/GG/Magic Knight Rayearth 2 - Making of Magic Knight (J) [!].png	caratula
MOVIDO	emu/ROMS/GG/Magical Puzzle Popils (J).png	emu/MEDIA/GG/Magical Puzzle Popils (J).png	caratula
MOVIDO	emu/ROMS/GG/Magical Taruruuto-kun (J).png	emu/MEDIA/GG/Magical Taruruuto-kun (J).png	caratula
MOVIDO	emu/ROMS/GG/Majors Pro Baseball, The (U) [!].png	emu/MEDIA/GG/Majors Pro Baseball, The (U) [!].png	caratula
MOVIDO	emu/ROMS/GG/Mappy (J).png	emu/MEDIA/GG/Mappy (J).png	caratula
MOVIDO	emu/ROMS/GG/Marble Madness (U).png	emu/MEDIA/GG/Marble Madness (U).png	caratula
MOVIDO	emu/ROMS/GG/Marko's Magic Football (U) [!].png	emu/MEDIA/GG/Marko's Magic Football (U) [!].png	caratula
MOVIDO	emu/ROMS/GG/Megaman (U) [!].png	emu/MEDIA/GG/Megaman (U) [!].png	caratula
MOVIDO	emu/ROMS/GG/Megami Tensei Gaiden - Last Bible (J).png	emu/MEDIA/GG/Megami Tensei Gaiden - Last Bible (J).png	caratula
MOVIDO	emu/ROMS/GG/Megami Tensei Gaiden - Last Bible Special (J).png	emu/MEDIA/GG/Megami Tensei Gaiden - Last Bible Special (J).png	caratula
MOVIDO	emu/ROMS/GG/Mick & Mack as the Global Gladiators (U) [!].png	emu/MEDIA/GG/Mick & Mack as the Global Gladiators (U) [!].png	caratula
MOVIDO	emu/ROMS/GG/Mickey's Ultimate Challenge (U).png	emu/MEDIA/GG/Mickey's Ultimate Challenge (U).png	caratula
MOVIDO	emu/ROMS/GG/Micro Machines (E).png	emu/MEDIA/GG/Micro Machines (E).png	caratula
MOVIDO	emu/ROMS/GG/Micro Machines 2 - Turbo Tournament (E).png	emu/MEDIA/GG/Micro Machines 2 - Turbo Tournament (E).png	caratula
MOVIDO	emu/ROMS/GG/Mighty Morphin Power Rangers (U) [!].png	emu/MEDIA/GG/Mighty Morphin Power Rangers (U) [!].png	caratula
MOVIDO	emu/ROMS/GG/Mighty Morphin Power Rangers - The Movie (U) [!].png	emu/MEDIA/GG/Mighty Morphin Power Rangers - The Movie (U) [!].png	caratula
MOVIDO	emu/ROMS/GG/Moldorian (J) [!].png	emu/MEDIA/GG/Moldorian (J) [!].png	caratula
MOVIDO	emu/ROMS/GG/Monster Truck Wars (U) [!].png	emu/MEDIA/GG/Monster Truck Wars (U) [!].png	caratula
MOVIDO	emu/ROMS/GG/Monster World II - Dragon no Wana (J).png	emu/MEDIA/GG/Monster World II - Dragon no Wana (J).png	caratula
MOVIDO	emu/ROMS/GG/Mortal Kombat (U) [!].png	emu/MEDIA/GG/Mortal Kombat (U) [!].png	caratula
MOVIDO	emu/ROMS/GG/Mortal Kombat 3 (U) [!].png	emu/MEDIA/GG/Mortal Kombat 3 (U) [!].png	caratula
MOVIDO	emu/ROMS/GG/Mortal Kombat II (U) [!].png	emu/MEDIA/GG/Mortal Kombat II (U) [!].png	caratula
MOVIDO	emu/ROMS/GG/Ms. Pac-Man (U) [!].png	emu/MEDIA/GG/Ms. Pac-Man (U) [!].png	caratula
MOVIDO	emu/ROMS/GG/NBA Action (U) [!].png	emu/MEDIA/GG/NBA Action (U) [!].png	caratula
MOVIDO	emu/ROMS/GG/NBA Jam (U) (V1.1) [!].png	emu/MEDIA/GG/NBA Jam (U) (V1.1) [!].png	caratula
MOVIDO	emu/ROMS/GG/NBA Jam Tournament Edition (U) [!].png	emu/MEDIA/GG/NBA Jam Tournament Edition (U) [!].png	caratula
MOVIDO	emu/ROMS/GG/NFL '95 (U) [!].png	emu/MEDIA/GG/NFL '95 (U) [!].png	caratula
MOVIDO	emu/ROMS/GG/NFL Quarterback Club '96 (U) [!].png	emu/MEDIA/GG/NFL Quarterback Club '96 (U) [!].png	caratula
MOVIDO	emu/ROMS/GG/NFL Quarterback Club (U) [!].png	emu/MEDIA/GG/NFL Quarterback Club (U) [!].png	caratula
MOVIDO	emu/ROMS/GG/NHL All-Star Hockey (U) [!].png	emu/MEDIA/GG/NHL All-Star Hockey (U) [!].png	caratula
MOVIDO	emu/ROMS/GG/NHL Hockey (U) [!].png	emu/MEDIA/GG/NHL Hockey (U) [!].png	caratula
MOVIDO	emu/ROMS/GG/Nazo Puyo (J) [!].png	emu/MEDIA/GG/Nazo Puyo (J) [!].png	caratula
MOVIDO	emu/ROMS/GG/Nazo Puyo 2 (J) [!].png	emu/MEDIA/GG/Nazo Puyo 2 (J) [!].png	caratula
MOVIDO	emu/ROMS/GG/Nazo Puyo Aruru no Ru (J).png	emu/MEDIA/GG/Nazo Puyo Aruru no Ru (J).png	caratula
MOVIDO	emu/ROMS/GG/Neko Daisuki! (J).png	emu/MEDIA/GG/Neko Daisuki! (J).png	caratula
MOVIDO	emu/ROMS/GG/Ninja Gaiden (U) [!].png	emu/MEDIA/GG/Ninja Gaiden (U) [!].png	caratula
MOVIDO	emu/ROMS/GG/Ninku (J) [!].png	emu/MEDIA/GG/Ninku (J) [!].png	caratula
MOVIDO	emu/ROMS/GG/Ninku 2 - Tenkuryu-e no Michi (J) [!].png	emu/MEDIA/GG/Ninku 2 - Tenkuryu-e no Michi (J) [!].png	caratula
MOVIDO	emu/ROMS/GG/Ninku Gaiden - Hiroyuki Daikatsugeki (J).png	emu/MEDIA/GG/Ninku Gaiden - Hiroyuki Daikatsugeki (J).png	caratula
MOVIDO	emu/ROMS/GG/Nomo's World Series Baseball (J).png	emu/MEDIA/GG/Nomo's World Series Baseball (J).png	caratula
MOVIDO	emu/ROMS/GG/Olympic Gold - Barcelona '92 (E) (M8) [S][!].png	emu/MEDIA/GG/Olympic Gold - Barcelona '92 (E) (M8) [S][!].png	caratula
MOVIDO	emu/ROMS/GG/Ottifants, The (E).png	emu/MEDIA/GG/Ottifants, The (E).png	caratula
MOVIDO	emu/ROMS/GG/OutRun (JU).png	emu/MEDIA/GG/OutRun (JU).png	caratula
MOVIDO	emu/ROMS/GG/OutRun Europa (U) [S][!].png	emu/MEDIA/GG/OutRun Europa (U) [S][!].png	caratula
MOVIDO	emu/ROMS/GG/PGA Tour 96 (U) [!].png	emu/MEDIA/GG/PGA Tour 96 (U) [!].png	caratula
MOVIDO	emu/ROMS/GG/PGA Tour Golf (U) (V1.1) [!].png	emu/MEDIA/GG/PGA Tour Golf (U) (V1.1) [!].png	caratula
MOVIDO	emu/ROMS/GG/PGA Tour Golf II (U) [!].png	emu/MEDIA/GG/PGA Tour Golf II (U) [!].png	caratula
MOVIDO	emu/ROMS/GG/Pac-Attack (U) [!].png	emu/MEDIA/GG/Pac-Attack (U) [!].png	caratula
MOVIDO	emu/ROMS/GG/Pac-In-Time (Prototype) [!].png	emu/MEDIA/GG/Pac-In-Time (Prototype) [!].png	caratula
MOVIDO	emu/ROMS/GG/Pac-Man (USA, Europe).png	emu/MEDIA/GG/Pac-Man (USA, Europe).png	caratula
MOVIDO	emu/ROMS/GG/Panzer Dragoon Mini (J) [!].png	emu/MEDIA/GG/Panzer Dragoon Mini (J) [!].png	caratula
MOVIDO	emu/ROMS/GG/Paperboy (U).png	emu/MEDIA/GG/Paperboy (U).png	caratula
MOVIDO	emu/ROMS/GG/Paperboy 2 (U) [!].png	emu/MEDIA/GG/Paperboy 2 (U) [!].png	caratula
MOVIDO	emu/ROMS/GG/Pengo (U) [!].png	emu/MEDIA/GG/Pengo (U) [!].png	caratula
MOVIDO	emu/ROMS/GG/Pet Club Inu Daisuki! (J).png	emu/MEDIA/GG/Pet Club Inu Daisuki! (J).png	caratula
MOVIDO	emu/ROMS/GG/Pete Sampras Tennis (E) [!].png	emu/MEDIA/GG/Pete Sampras Tennis (E) [!].png	caratula
MOVIDO	emu/ROMS/GG/Phantasy Star Adventure (J) [T+Eng1.01_AGTP].png	emu/MEDIA/GG/Phantasy Star Adventure (J) [T+Eng1.01_AGTP].png	caratula
MOVIDO	emu/ROMS/GG/Phantasy Star Gaiden (J) [!].png	emu/MEDIA/GG/Phantasy Star Gaiden (J) [!].png	caratula
MOVIDO	emu/ROMS/GG/Phantom 2040 (U) [!].png	emu/MEDIA/GG/Phantom 2040 (U) [!].png	caratula
MOVIDO	emu/ROMS/GG/Pinball Dreams (U) [!].png	emu/MEDIA/GG/Pinball Dreams (U) [!].png	caratula
MOVIDO	emu/ROMS/GG/Pocket Jansou (J).png	emu/MEDIA/GG/Pocket Jansou (J).png	caratula
MOVIDO	emu/ROMS/GG/Poker Faced Paul's Blackjack (U) [!].png	emu/MEDIA/GG/Poker Faced Paul's Blackjack (U) [!].png	caratula
MOVIDO	emu/ROMS/GG/Poker Faced Paul's Gin (U) [!].png	emu/MEDIA/GG/Poker Faced Paul's Gin (U) [!].png	caratula
MOVIDO	emu/ROMS/GG/Poker Faced Paul's Poker (U) [!].png	emu/MEDIA/GG/Poker Faced Paul's Poker (U) [!].png	caratula
MOVIDO	emu/ROMS/GG/Poker Faced Paul's Solitaire (U) [!].png	emu/MEDIA/GG/Poker Faced Paul's Solitaire (U) [!].png	caratula
MOVIDO	emu/ROMS/GG/Pop Breaker (J).png	emu/MEDIA/GG/Pop Breaker (J).png	caratula
MOVIDO	emu/ROMS/GG/Popeye's Beach Volleyball (J).png	emu/MEDIA/GG/Popeye's Beach Volleyball (J).png	caratula
MOVIDO	emu/ROMS/GG/Power Strike II (U).png	emu/MEDIA/GG/Power Strike II (U).png	caratula
MOVIDO	emu/ROMS/GG/Predator 2 (U) [S][!].png	emu/MEDIA/GG/Predator 2 (U) [S][!].png	caratula
MOVIDO	emu/ROMS/GG/Primal Rage (U) [!].png	emu/MEDIA/GG/Primal Rage (U) [!].png	caratula
MOVIDO	emu/ROMS/GG/Prince of Persia (E) [S][!].png	emu/MEDIA/GG/Prince of Persia (E) [S][!].png	caratula
MOVIDO	emu/ROMS/GG/Pro Yakyuu '91, The (J).png	emu/MEDIA/GG/Pro Yakyuu '91, The (J).png	caratula
MOVIDO	emu/ROMS/GG/Pro Yakyuu GG League '94 (J).png	emu/MEDIA/GG/Pro Yakyuu GG League '94 (J).png	caratula
MOVIDO	emu/ROMS/GG/Psychic World (U) [!].png	emu/MEDIA/GG/Psychic World (U) [!].png	caratula
MOVIDO	emu/ROMS/GG/Putt & Putter (U) [!].png	emu/MEDIA/GG/Putt & Putter (U) [!].png	caratula
MOVIDO	emu/ROMS/GG/Puyo Puyo 2 (J) [!].png	emu/MEDIA/GG/Puyo Puyo 2 (J) [!].png	caratula
MOVIDO	emu/ROMS/GG/Puzlow Kids (J).png	emu/MEDIA/GG/Puzlow Kids (J).png	caratula
MOVIDO	emu/ROMS/GG/Puzzle Bobble (J).png	emu/MEDIA/GG/Puzzle Bobble (J).png	caratula
MOVIDO	emu/ROMS/GG/Quiz Gear Fight!!, The (J).png	emu/MEDIA/GG/Quiz Gear Fight!!, The (J).png	caratula
MOVIDO	emu/ROMS/GG/R.B.I. Baseball '94 (U) [!].png	emu/MEDIA/GG/R.B.I. Baseball '94 (U) [!].png	caratula
MOVIDO	emu/ROMS/GG/R.C. Grand Prix (U) [S][!].png	emu/MEDIA/GG/R.C. Grand Prix (U) [S][!].png	caratula
MOVIDO	emu/ROMS/GG/Rastan Saga (J) [S].png	emu/MEDIA/GG/Rastan Saga (J) [S].png	caratula
MOVIDO	emu/ROMS/GG/Ren & Stimpy - Quest for the Shaven Yak, The (U) [!].png	emu/MEDIA/GG/Ren & Stimpy - Quest for the Shaven Yak, The (U) [!].png	caratula
MOVIDO	emu/ROMS/GG/Revenge of Drancon (U) [!].png	emu/MEDIA/GG/Revenge of Drancon (U) [!].png	caratula
MOVIDO	emu/ROMS/GG/Riddick Bowe Boxing (U) [!].png	emu/MEDIA/GG/Riddick Bowe Boxing (U) [!].png	caratula
MOVIDO	emu/ROMS/GG/Rise of the Robots (U) [!].png	emu/MEDIA/GG/Rise of the Robots (U) [!].png	caratula
MOVIDO	emu/ROMS/GG/Ristar the Shooting Star (U) [!].png	emu/MEDIA/GG/Ristar the Shooting Star (U) [!].png	caratula
MOVIDO	emu/ROMS/GG/Road Rash (U).png	emu/MEDIA/GG/Road Rash (U).png	caratula
MOVIDO	emu/ROMS/GG/Robocop 3 (U) [!].png	emu/MEDIA/GG/Robocop 3 (U) [!].png	caratula
MOVIDO	emu/ROMS/GG/Robocop versus The Terminator (U) [!].png	emu/MEDIA/GG/Robocop versus The Terminator (U) [!].png	caratula
MOVIDO	emu/ROMS/GG/Ronald in the Magical World (JU).png	emu/MEDIA/GG/Ronald in the Magical World (JU).png	caratula
MOVIDO	emu/ROMS/GG/Royal Stone (J).png	emu/MEDIA/GG/Royal Stone (J).png	caratula
MOVIDO	emu/ROMS/GG/Ryu Kyu (J).png	emu/MEDIA/GG/Ryu Kyu (J).png	caratula
MOVIDO	emu/ROMS/GG/S.S. Lucifer - Man Overboard! (U) [!].png	emu/MEDIA/GG/S.S. Lucifer - Man Overboard! (U) [!].png	caratula
MOVIDO	emu/ROMS/GG/SD Gundam - Winner's History (J) [T+Eng].png	emu/MEDIA/GG/SD Gundam - Winner's History (J) [T+Eng].png	caratula
MOVIDO	emu/ROMS/GG/Samurai Shodown (U) [!].png	emu/MEDIA/GG/Samurai Shodown (U) [!].png	caratula
MOVIDO	emu/ROMS/GG/Samurai Spirits (J).png	emu/MEDIA/GG/Samurai Spirits (J).png	caratula
MOVIDO	emu/ROMS/GG/Scratch Golf (JU) [!].png	emu/MEDIA/GG/Scratch Golf (JU) [!].png	caratula
MOVIDO	emu/ROMS/GG/Sega Game Pack 4 in 1 (U) [!].png	emu/MEDIA/GG/Sega Game Pack 4 in 1 (U) [!].png	caratula
MOVIDO	emu/ROMS/GG/Sensible Soccer (E).png	emu/MEDIA/GG/Sensible Soccer (E).png	caratula
MOVIDO	emu/ROMS/GG/Shadam Crusader (J) [!].png	emu/MEDIA/GG/Shadam Crusader (J) [!].png	caratula
MOVIDO	emu/ROMS/GG/Shanghai II (J).png	emu/MEDIA/GG/Shanghai II (J).png	caratula
MOVIDO	emu/ROMS/GG/Shaq Fu (U) [!].png	emu/MEDIA/GG/Shaq Fu (U) [!].png	caratula
MOVIDO	emu/ROMS/GG/Shikinjou (J).png	emu/MEDIA/GG/Shikinjou (J).png	caratula
MOVIDO	emu/ROMS/GG/Shining Force Gaiden (J) [!].png	emu/MEDIA/GG/Shining Force Gaiden (J) [!].png	caratula
MOVIDO	emu/ROMS/GG/Shining Force Gaiden - Final Conflict (J) [T+Eng29Nov2005_SFC].png	emu/MEDIA/GG/Shining Force Gaiden - Final Conflict (J) [T+Eng29Nov2005_SFC].png	caratula
MOVIDO	emu/ROMS/GG/Shining Force Gaiden II (J).png	emu/MEDIA/GG/Shining Force Gaiden II (J).png	caratula
MOVIDO	emu/ROMS/GG/Shining Force II - The Sword of Hajya (U) [!].png	emu/MEDIA/GG/Shining Force II - The Sword of Hajya (U) [!].png	caratula
MOVIDO	emu/ROMS/GG/Shinobi II - The Silent Fury (U) [!].png	emu/MEDIA/GG/Shinobi II - The Silent Fury (U) [!].png	caratula
MOVIDO	emu/ROMS/GG/Side Pocket (U).png	emu/MEDIA/GG/Side Pocket (U).png	caratula
MOVIDO	emu/ROMS/GG/Simpsons, The - Bart vs. The Space Mutants (U) [!].png	emu/MEDIA/GG/Simpsons, The - Bart vs. The Space Mutants (U) [!].png	caratula
MOVIDO	emu/ROMS/GG/Simpsons, The - Bart vs. The World (U) [!].png	emu/MEDIA/GG/Simpsons, The - Bart vs. The World (U) [!].png	caratula
MOVIDO	emu/ROMS/GG/Simpsons, The - Bartman Meets Radioactive Man (U) [!].png	emu/MEDIA/GG/Simpsons, The - Bartman Meets Radioactive Man (U) [!].png	caratula
MOVIDO	emu/ROMS/GG/Simpsons, The - Krusty's Fun House (U) [!].png	emu/MEDIA/GG/Simpsons, The - Krusty's Fun House (U) [!].png	caratula
MOVIDO	emu/ROMS/GG/Skweek (J) [!].png	emu/MEDIA/GG/Skweek (J) [!].png	caratula
MOVIDO	emu/ROMS/GG/Slider (U).png	emu/MEDIA/GG/Slider (U).png	caratula
MOVIDO	emu/ROMS/GG/Smurfs, The (E) [!].png	emu/MEDIA/GG/Smurfs, The (E) [!].png	caratula
MOVIDO	emu/ROMS/GG/Solitaire Funpak (U) [!].png	emu/MEDIA/GG/Solitaire Funpak (U) [!].png	caratula
MOVIDO	emu/ROMS/GG/Solitaire Poker (U) [!].png	emu/MEDIA/GG/Solitaire Poker (U) [!].png	caratula
MOVIDO	emu/ROMS/GG/Sonic & Tails (J) [!].png	emu/MEDIA/GG/Sonic & Tails (J) [!].png	caratula
MOVIDO	emu/ROMS/GG/Sonic & Tails 2 (J).png	emu/MEDIA/GG/Sonic & Tails 2 (J).png	caratula
MOVIDO	emu/ROMS/GG/Sonic Blast (U) [!].png	emu/MEDIA/GG/Sonic Blast (U) [!].png	caratula
MOVIDO	emu/ROMS/GG/Sonic Chaos (U) [!].png	emu/MEDIA/GG/Sonic Chaos (U) [!].png	caratula
MOVIDO	emu/ROMS/GG/Sonic Drift (J).png	emu/MEDIA/GG/Sonic Drift (J).png	caratula
MOVIDO	emu/ROMS/GG/Sonic Drift 2 (J) [!].png	emu/MEDIA/GG/Sonic Drift 2 (J) [!].png	caratula
MOVIDO	emu/ROMS/GG/Sonic Labyrinth (U) [!].png	emu/MEDIA/GG/Sonic Labyrinth (U) [!].png	caratula
MOVIDO	emu/ROMS/GG/Sonic Spinball (U) [!].png	emu/MEDIA/GG/Sonic Spinball (U) [!].png	caratula
MOVIDO	emu/ROMS/GG/Sonic The Hedgehog (U) (V1.1) [!].png	emu/MEDIA/GG/Sonic The Hedgehog (U) (V1.1) [!].png	caratula
MOVIDO	emu/ROMS/GG/Sonic The Hedgehog - Triple Trouble (U) [!].png	emu/MEDIA/GG/Sonic The Hedgehog - Triple Trouble (U) [!].png	caratula
MOVIDO	emu/ROMS/GG/Sonic The Hedgehog 2 (U) [!].png	emu/MEDIA/GG/Sonic The Hedgehog 2 (U) [!].png	caratula
MOVIDO	emu/ROMS/GG/Soukoban (J).png	emu/MEDIA/GG/Soukoban (J).png	caratula
MOVIDO	emu/ROMS/GG/Space Harrier (JU) [!].png	emu/MEDIA/GG/Space Harrier (JU) [!].png	caratula
MOVIDO	emu/ROMS/GG/Spider-Man - Return of the Sinister Six (U).png	emu/MEDIA/GG/Spider-Man - Return of the Sinister Six (U).png	caratula
MOVIDO	emu/ROMS/GG/Spider-Man and the X-Men in Arcade's Revenge (U) [!].png	emu/MEDIA/GG/Spider-Man and the X-Men in Arcade's Revenge (U) [!].png	caratula
MOVIDO	emu/ROMS/GG/Spider-Man vs. The Kingpin (U) [!].png	emu/MEDIA/GG/Spider-Man vs. The Kingpin (U) [!].png	caratula
MOVIDO	emu/ROMS/GG/Sports Illustrated Championship Football & Baseball (U) [!].png	emu/MEDIA/GG/Sports Illustrated Championship Football & Baseball (U) [!].png	caratula
MOVIDO	emu/ROMS/GG/Sports Trivia (U) [!].png	emu/MEDIA/GG/Sports Trivia (U) [!].png	caratula
MOVIDO	emu/ROMS/GG/Sports Trivia - Championship Edition (U).png	emu/MEDIA/GG/Sports Trivia - Championship Edition (U).png	caratula
MOVIDO	emu/ROMS/GG/Star Trek Generations - Beyond the Nexus (U) [!].png	emu/MEDIA/GG/Star Trek Generations - Beyond the Nexus (U) [!].png	caratula
MOVIDO	emu/ROMS/GG/Star Trek TNG - Advanced Holodeck Tutorial (U) [!].png	emu/MEDIA/GG/Star Trek TNG - Advanced Holodeck Tutorial (U) [!].png	caratula
MOVIDO	emu/ROMS/GG/Star Wars (U) [!].png	emu/MEDIA/GG/Star Wars (U) [!].png	caratula
MOVIDO	emu/ROMS/GG/Stargate (U).png	emu/MEDIA/GG/Stargate (U).png	caratula
MOVIDO	emu/ROMS/GG/Streets of Rage (U) [!].png	emu/MEDIA/GG/Streets of Rage (U) [!].png	caratula
MOVIDO	emu/ROMS/GG/Streets of Rage II (U) [!].png	emu/MEDIA/GG/Streets of Rage II (U) [!].png	caratula
MOVIDO	emu/ROMS/GG/Strider Returns (U) [!].png	emu/MEDIA/GG/Strider Returns (U) [!].png	caratula
MOVIDO	emu/ROMS/GG/Super Battletank (U) [!].png	emu/MEDIA/GG/Super Battletank (U) [!].png	caratula
MOVIDO	emu/ROMS/GG/Super Columns (U) [!].png	emu/MEDIA/GG/Super Columns (U) [!].png	caratula
MOVIDO	emu/ROMS/GG/Super Golf (J).png	emu/MEDIA/GG/Super Golf (J).png	caratula
MOVIDO	emu/ROMS/GG/Super Kick Off (J) [S][!].png	emu/MEDIA/GG/Super Kick Off (J) [S][!].png	caratula
MOVIDO	emu/ROMS/GG/Super Monaco GP (U) [!].png	emu/MEDIA/GG/Super Monaco GP (U) [!].png	caratula
MOVIDO	emu/ROMS/GG/Super Off-Road (U).png	emu/MEDIA/GG/Super Off-Road (U).png	caratula
MOVIDO	emu/ROMS/GG/Super Return of the Jedi (U) [!].png	emu/MEDIA/GG/Super Return of the Jedi (U) [!].png	caratula
MOVIDO	emu/ROMS/GG/Super Smash T.V. (U) [!].png	emu/MEDIA/GG/Super Smash T.V. (U) [!].png	caratula
MOVIDO	emu/ROMS/GG/Super Space Invaders (U) [!].png	emu/MEDIA/GG/Super Space Invaders (U) [!].png	caratula
MOVIDO	emu/ROMS/GG/Superman (U) [!].png	emu/MEDIA/GG/Superman (U) [!].png	caratula
MOVIDO	emu/ROMS/GG/Surf Ninjas (U) [!].png	emu/MEDIA/GG/Surf Ninjas (U) [!].png	caratula
MOVIDO	emu/ROMS/GG/Sylvan Tale (J) [!].png	emu/MEDIA/GG/Sylvan Tale (J) [!].png	caratula
MOVIDO	emu/ROMS/GG/T2 - The Arcade Game (U) [!].png	emu/MEDIA/GG/T2 - The Arcade Game (U) [!].png	caratula
MOVIDO	emu/ROMS/GG/Tails' Adventures (U) [!].png	emu/MEDIA/GG/Tails' Adventures (U) [!].png	caratula
MOVIDO	emu/ROMS/GG/Tails' Sky Patrol (J) [!].png	emu/MEDIA/GG/Tails' Sky Patrol (J) [!].png	caratula
MOVIDO	emu/ROMS/GG/Taisen Mahjong HaoPai (J).png	emu/MEDIA/GG/Taisen Mahjong HaoPai (J).png	caratula
MOVIDO	emu/ROMS/GG/Taisen Mahjong HaoPai 2 (J).png	emu/MEDIA/GG/Taisen Mahjong HaoPai 2 (J).png	caratula
MOVIDO	emu/ROMS/GG/Taisen-gata Daisenryaku G (J).png	emu/MEDIA/GG/Taisen-gata Daisenryaku G (J).png	caratula
MOVIDO	emu/ROMS/GG/Tale Spin (U) [!].png	emu/MEDIA/GG/Tale Spin (U) [!].png	caratula
MOVIDO	emu/ROMS/GG/Tama & Friends - 3choume Kouen - Tamalympics (J).png	emu/MEDIA/GG/Tama & Friends - 3choume Kouen - Tamalympics (J).png	caratula
MOVIDO	emu/ROMS/GG/Tanto-R (J).png	emu/MEDIA/GG/Tanto-R (J).png	caratula
MOVIDO	emu/ROMS/GG/Taz in Escape from Mars (U) [!].png	emu/MEDIA/GG/Taz in Escape from Mars (U) [!].png	caratula
MOVIDO	emu/ROMS/GG/Taz-Mania - The Search for the Lost Seabirds (U) [!].png	emu/MEDIA/GG/Taz-Mania - The Search for the Lost Seabirds (U) [!].png	caratula
MOVIDO	emu/ROMS/GG/Tempo Jr. (U) [!].png	emu/MEDIA/GG/Tempo Jr. (U) [!].png	caratula
MOVIDO	emu/ROMS/GG/Terminator 2 - Judgment Day (U).png	emu/MEDIA/GG/Terminator 2 - Judgment Day (U).png	caratula
MOVIDO	emu/ROMS/GG/Terminator, The (U) [!].png	emu/MEDIA/GG/Terminator, The (U) [!].png	caratula
MOVIDO	emu/ROMS/GG/Tesserae (U) [!].png	emu/MEDIA/GG/Tesserae (U) [!].png	caratula
MOVIDO	emu/ROMS/GG/Tintin au Tibet (E) [!].png	emu/MEDIA/GG/Tintin au Tibet (E) [!].png	caratula
MOVIDO	emu/ROMS/GG/Tom and Jerry - The Movie (U) [!].png	emu/MEDIA/GG/Tom and Jerry - The Movie (U) [!].png	caratula
MOVIDO	emu/ROMS/GG/Torarete Tamaruka! (J).png	emu/MEDIA/GG/Torarete Tamaruka! (J).png	caratula
MOVIDO	emu/ROMS/GG/True Lies (U).png	emu/MEDIA/GG/True Lies (U).png	caratula
MOVIDO	emu/ROMS/GG/Ultimate Soccer (E).png	emu/MEDIA/GG/Ultimate Soccer (E).png	caratula
MOVIDO	emu/ROMS/GG/Urban Strike (U) [!].png	emu/MEDIA/GG/Urban Strike (U) [!].png	caratula
MOVIDO	emu/ROMS/GG/VR Troopers (U) [!].png	emu/MEDIA/GG/VR Troopers (U) [!].png	caratula
MOVIDO	emu/ROMS/GG/Vampire - Master of Darkness (U) [!].png	emu/MEDIA/GG/Vampire - Master of Darkness (U) [!].png	caratula
MOVIDO	emu/ROMS/GG/Virtua Fighter Animation (U) [!].png	emu/MEDIA/GG/Virtua Fighter Animation (U) [!].png	caratula
MOVIDO	emu/ROMS/GG/Virtua Fighter Mini (J) [!].png	emu/MEDIA/GG/Virtua Fighter Mini (J) [!].png	caratula
MOVIDO	emu/ROMS/GG/WWF Raw (U) [!].png	emu/MEDIA/GG/WWF Raw (U) [!].png	caratula
MOVIDO	emu/ROMS/GG/WWF Steel Cage Challenge (U) [S][!].png	emu/MEDIA/GG/WWF Steel Cage Challenge (U) [S][!].png	caratula
MOVIDO	emu/ROMS/GG/Wagyan Land (J).png	emu/MEDIA/GG/Wagyan Land (J).png	caratula
MOVIDO	emu/ROMS/GG/Wheel of Fortune (U) [!].png	emu/MEDIA/GG/Wheel of Fortune (U) [!].png	caratula
MOVIDO	emu/ROMS/GG/Wimbledon (U) [!].png	emu/MEDIA/GG/Wimbledon (U) [!].png	caratula
MOVIDO	emu/ROMS/GG/Winter Olympics - Lillehammer '94 (U) [!].png	emu/MEDIA/GG/Winter Olympics - Lillehammer '94 (U) [!].png	caratula
MOVIDO	emu/ROMS/GG/Wizard Pinball (U) [!].png	emu/MEDIA/GG/Wizard Pinball (U) [!].png	caratula
MOVIDO	emu/ROMS/GG/Wolfchild (U) [!].png	emu/MEDIA/GG/Wolfchild (U) [!].png	caratula
MOVIDO	emu/ROMS/GG/Wonder Boy (E) [!].png	emu/MEDIA/GG/Wonder Boy (E) [!].png	caratula
MOVIDO	emu/ROMS/GG/Wonder Boy - The Dragon's Trap (E) [!].png	emu/MEDIA/GG/Wonder Boy - The Dragon's Trap (E) [!].png	caratula
MOVIDO	emu/ROMS/GG/Woody Pop (U) (V1.1) [!].png	emu/MEDIA/GG/Woody Pop (U) (V1.1) [!].png	caratula
MOVIDO	emu/ROMS/GG/World Class Leader Golf (U) [!].png	emu/MEDIA/GG/World Class Leader Golf (U) [!].png	caratula
MOVIDO	emu/ROMS/GG/World Cup 94 (U) [!].png	emu/MEDIA/GG/World Cup 94 (U) [!].png	caratula
MOVIDO	emu/ROMS/GG/World Cup Soccer (U) [!].png	emu/MEDIA/GG/World Cup Soccer (U) [!].png	caratula
MOVIDO	emu/ROMS/GG/World Derby (J).png	emu/MEDIA/GG/World Derby (J).png	caratula
MOVIDO	emu/ROMS/GG/World Series Baseball '95 (U) [!].png	emu/MEDIA/GG/World Series Baseball '95 (U) [!].png	caratula
MOVIDO	emu/ROMS/GG/World Series Baseball (U) (V1.1) [!].png	emu/MEDIA/GG/World Series Baseball (U) (V1.1) [!].png	caratula
MOVIDO	emu/ROMS/GG/X-Men (U) [!].png	emu/MEDIA/GG/X-Men (U) [!].png	caratula
MOVIDO	emu/ROMS/GG/X-Men - Gamemaster's Legacy (U) [!].png	emu/MEDIA/GG/X-Men - Gamemaster's Legacy (U) [!].png	caratula
MOVIDO	emu/ROMS/GG/X-Men - Mojo World (U) [!].png	emu/MEDIA/GG/X-Men - Mojo World (U) [!].png	caratula
MOVIDO	emu/ROMS/GG/Yogi Bear in Yogi Bear's Goldrush (Prototype) [!].png	emu/MEDIA/GG/Yogi Bear in Yogi Bear's Goldrush (Prototype) [!].png	caratula
MOVIDO	emu/ROMS/GG/Yuu Yuu Hakusho (J).png	emu/MEDIA/GG/Yuu Yuu Hakusho (J).png	caratula
MOVIDO	emu/ROMS/GG/Yuu Yuu Hakusho II (J) [T+Eng].png	emu/MEDIA/GG/Yuu Yuu Hakusho II (J) [T+Eng].png	caratula
MOVIDO	emu/ROMS/GG/Zan Gear (J).png	emu/MEDIA/GG/Zan Gear (J).png	caratula
MOVIDO	emu/ROMS/GG/Zool (U) [!].png	emu/MEDIA/GG/Zool (U) [!].png	caratula
MOVIDO	emu/ROMS/GG/Zoop (U) [!].png	emu/MEDIA/GG/Zoop (U) [!].png	caratula
MOVIDO	emu/ROMS/MD/- 3 Ninjas Kick Back (U) [!].png	emu/MEDIA/MD/- 3 Ninjas Kick Back (U) [!].png	caratula
MOVIDO	emu/ROMS/MD/- 688 Attack Sub (UE) [!].png	emu/MEDIA/MD/- 688 Attack Sub (UE) [!].png	caratula
MOVIDO	emu/ROMS/MD/AAAHH!!! Real Monsters (UE) [!].png	emu/MEDIA/MD/AAAHH!!! Real Monsters (UE) [!].png	caratula
MOVIDO	emu/ROMS/MD/ATP Tour Championship Tennis (E).png	emu/MEDIA/MD/ATP Tour Championship Tennis (E).png	caratula
MOVIDO	emu/ROMS/MD/AWS Pro Moves Soccer (U) [!].png	emu/MEDIA/MD/AWS Pro Moves Soccer (U) [!].png	caratula
MOVIDO	emu/ROMS/MD/Aah! Harimanada (J) [!].png	emu/MEDIA/MD/Aah! Harimanada (J) [!].png	caratula
MOVIDO	emu/ROMS/MD/Addams Family Values (E) (M3) [!].png	emu/MEDIA/MD/Addams Family Values (E) (M3) [!].png	caratula
MOVIDO	emu/ROMS/MD/Addams Family, The (UE) [!].png	emu/MEDIA/MD/Addams Family, The (UE) [!].png	caratula
MOVIDO	emu/ROMS/MD/Adventures of Batman and Robin, The (E) [!].png	emu/MEDIA/MD/Adventures of Batman and Robin, The (E) [!].png	caratula
MOVIDO	emu/ROMS/MD/Adventures of Mighty Max, The (E).png	emu/MEDIA/MD/Adventures of Mighty Max, The (E).png	caratula
MOVIDO	emu/ROMS/MD/Aero the Acro-Bat (U) [c][!].png	emu/MEDIA/MD/Aero the Acro-Bat (U) [c][!].png	caratula
MOVIDO	emu/ROMS/MD/Aero the Acro-Bat 2 (E) [!].png	emu/MEDIA/MD/Aero the Acro-Bat 2 (E) [!].png	caratula
MOVIDO	emu/ROMS/MD/Aerobiz (U) [!].png	emu/MEDIA/MD/Aerobiz (U) [!].png	caratula
MOVIDO	emu/ROMS/MD/Aerobiz Supersonic (U) [!].png	emu/MEDIA/MD/Aerobiz Supersonic (U) [!].png	caratula
MOVIDO	emu/ROMS/MD/After Burner II (UE) [!].png	emu/MEDIA/MD/After Burner II (UE) [!].png	caratula
MOVIDO	emu/ROMS/MD/Air Buster (U) [c][!].png	emu/MEDIA/MD/Air Buster (U) [c][!].png	caratula
MOVIDO	emu/ROMS/MD/Air Diver (U) [!].png	emu/MEDIA/MD/Air Diver (U) [!].png	caratula
MOVIDO	emu/ROMS/MD/Aladdin (USA).png	emu/MEDIA/MD/Aladdin (USA).png	caratula
MOVIDO	emu/ROMS/MD/Alex Kidd in the Enchanted Castle (E) (MD Bundle) [!].png	emu/MEDIA/MD/Alex Kidd in the Enchanted Castle (E) (MD Bundle) [!].png	caratula
MOVIDO	emu/ROMS/MD/Alien 3 (UE) (REV01) [!].png	emu/MEDIA/MD/Alien 3 (UE) (REV01) [!].png	caratula
MOVIDO	emu/ROMS/MD/Alien Soldier (E) [!].png	emu/MEDIA/MD/Alien Soldier (E) [!].png	caratula
MOVIDO	emu/ROMS/MD/Alien Storm (W) [!].png	emu/MEDIA/MD/Alien Storm (W) [!].png	caratula
MOVIDO	emu/ROMS/MD/Alisia Dragoon (E) [!].png	emu/MEDIA/MD/Alisia Dragoon (E) [!].png	caratula
MOVIDO	emu/ROMS/MD/Altered Beast (UE) (REV02) [!].png	emu/MEDIA/MD/Altered Beast (UE) (REV02) [!].png	caratula
MOVIDO	emu/ROMS/MD/American Gladiators (U) [!].png	emu/MEDIA/MD/American Gladiators (U) [!].png	caratula
MOVIDO	emu/ROMS/MD/Andre Agassi Tennis (E) (REV01) [c][!].png	emu/MEDIA/MD/Andre Agassi Tennis (E) (REV01) [c][!].png	caratula
MOVIDO	emu/ROMS/MD/Animaniacs (E) [!].png	emu/MEDIA/MD/Animaniacs (E) [!].png	caratula
MOVIDO	emu/ROMS/MD/Another World (E) [!].png	emu/MEDIA/MD/Another World (E) [!].png	caratula
MOVIDO	emu/ROMS/MD/Aquatic Games - Starring James Pond, The (UE) [!].png	emu/MEDIA/MD/Aquatic Games - Starring James Pond, The (UE) [!].png	caratula
MOVIDO	emu/ROMS/MD/Arcade Classics (U) [!].png	emu/MEDIA/MD/Arcade Classics (U) [!].png	caratula
MOVIDO	emu/ROMS/MD/Arch Rivals (UE) [!].png	emu/MEDIA/MD/Arch Rivals (UE) [!].png	caratula
MOVIDO	emu/ROMS/MD/Arcus Odyssey (U) [!].png	emu/MEDIA/MD/Arcus Odyssey (U) [!].png	caratula
MOVIDO	emu/ROMS/MD/Ariel - The Little Mermaid (UE) [!].png	emu/MEDIA/MD/Ariel - The Little Mermaid (UE) [!].png	caratula
MOVIDO	emu/ROMS/MD/Arnold Palmer Tournament Golf (UE) [!].png	emu/MEDIA/MD/Arnold Palmer Tournament Golf (UE) [!].png	caratula
MOVIDO	emu/ROMS/MD/Arrow Flash (UE) [!].png	emu/MEDIA/MD/Arrow Flash (UE) [!].png	caratula
MOVIDO	emu/ROMS/MD/Art Alive! (W) [!].png	emu/MEDIA/MD/Art Alive! (W) [!].png	caratula
MOVIDO	emu/ROMS/MD/Art of Fighting (E) [!].png	emu/MEDIA/MD/Art of Fighting (E) [!].png	caratula
MOVIDO	emu/ROMS/MD/Asterix and the Great Rescue (E) (M5) [c][!].png	emu/MEDIA/MD/Asterix and the Great Rescue (E) (M5) [c][!].png	caratula
MOVIDO	emu/ROMS/MD/Asterix and the Power of The Gods (E) (M4) [!].png	emu/MEDIA/MD/Asterix and the Power of The Gods (E) (M4) [!].png	caratula
MOVIDO	emu/ROMS/MD/Atomic Robo-Kid (U) [c][!].png	emu/MEDIA/MD/Atomic Robo-Kid (U) [c][!].png	caratula
MOVIDO	emu/ROMS/MD/Atomic Runner (E) [!].png	emu/MEDIA/MD/Atomic Runner (E) [!].png	caratula
MOVIDO	emu/ROMS/MD/Australian Rugby League (E) [!].png	emu/MEDIA/MD/Australian Rugby League (E) [!].png	caratula
MOVIDO	emu/ROMS/MD/Awesome Possum Kicks Dr. Machino's Butt! (U) [!].png	emu/MEDIA/MD/Awesome Possum Kicks Dr. Machino's Butt! (U) [!].png	caratula
MOVIDO	emu/ROMS/MD/Ayrton Senna's Super Monaco GP II (U) [!].png	emu/MEDIA/MD/Ayrton Senna's Super Monaco GP II (U) [!].png	caratula
MOVIDO	emu/ROMS/MD/B.O.B (UE) (REV01) [!].png	emu/MEDIA/MD/B.O.B (UE) (REV01) [!].png	caratula
MOVIDO	emu/ROMS/MD/Baby's Day Out (Beta 2).png	emu/MEDIA/MD/Baby's Day Out (Beta 2).png	caratula
MOVIDO	emu/ROMS/MD/Back to the Future Part III (E) [!].png	emu/MEDIA/MD/Back to the Future Part III (E) [!].png	caratula
MOVIDO	emu/ROMS/MD/Ballz (UE) [!].png	emu/MEDIA/MD/Ballz (UE) [!].png	caratula
MOVIDO	emu/ROMS/MD/Barkley Shut Up and Jam! (UE) [!].png	emu/MEDIA/MD/Barkley Shut Up and Jam! (UE) [!].png	caratula
MOVIDO	emu/ROMS/MD/Barkley Shut Up and Jam! 2 (U) [!].png	emu/MEDIA/MD/Barkley Shut Up and Jam! 2 (U) [!].png	caratula
MOVIDO	emu/ROMS/MD/Barney's Hide & Seek Game (U) [!].png	emu/MEDIA/MD/Barney's Hide & Seek Game (U) [!].png	caratula
MOVIDO	emu/ROMS/MD/Bass Masters Classic Pro Edition (U) [!].png	emu/MEDIA/MD/Bass Masters Classic Pro Edition (U) [!].png	caratula
MOVIDO	emu/ROMS/MD/Bass Masters Classics (U) [!].png	emu/MEDIA/MD/Bass Masters Classics (U) [!].png	caratula
MOVIDO	emu/ROMS/MD/Batman (J) [!].png	emu/MEDIA/MD/Batman (J) [!].png	caratula
MOVIDO	emu/ROMS/MD/Batman - Revenge of the Joker (U) [!].png	emu/MEDIA/MD/Batman - Revenge of the Joker (U) [!].png	caratula
MOVIDO	emu/ROMS/MD/Batman Forever (W) [!].png	emu/MEDIA/MD/Batman Forever (W) [!].png	caratula
MOVIDO	emu/ROMS/MD/Batman Returns (W) [!].png	emu/MEDIA/MD/Batman Returns (W) [!].png	caratula
MOVIDO	emu/ROMS/MD/Battle Squadron (UE) [!].png	emu/MEDIA/MD/Battle Squadron (UE) [!].png	caratula
MOVIDO	emu/ROMS/MD/Battlemaster (U) [c][!].png	emu/MEDIA/MD/Battlemaster (U) [c][!].png	caratula
MOVIDO	emu/ROMS/MD/Battletech (U) [!].png	emu/MEDIA/MD/Battletech (U) [!].png	caratula
MOVIDO	emu/ROMS/MD/Battletoads (W) [!].png	emu/MEDIA/MD/Battletoads (W) [!].png	caratula
MOVIDO	emu/ROMS/MD/Battletoads and Double Dragon (U) [c][!].png	emu/MEDIA/MD/Battletoads and Double Dragon (U) [c][!].png	caratula
MOVIDO	emu/ROMS/MD/Beast Wrestler (U) [!].png	emu/MEDIA/MD/Beast Wrestler (U) [!].png	caratula
MOVIDO	emu/ROMS/MD/Beauty and the Beast - Belle's Quest (U) [!].png	emu/MEDIA/MD/Beauty and the Beast - Belle's Quest (U) [!].png	caratula
MOVIDO	emu/ROMS/MD/Beauty and the Beast - Roar of the Beast (U) [!].png	emu/MEDIA/MD/Beauty and the Beast - Roar of the Beast (U) [!].png	caratula
MOVIDO	emu/ROMS/MD/Beavis and Butt-Head (USA).png	emu/MEDIA/MD/Beavis and Butt-Head (USA).png	caratula
MOVIDO	emu/ROMS/MD/Berenstain Bears', The - Camping Adventure (U) [!].png	emu/MEDIA/MD/Berenstain Bears', The - Camping Adventure (U) [!].png	caratula
MOVIDO	emu/ROMS/MD/Best of the Best - Championship Karate (U) [c][!].png	emu/MEDIA/MD/Best of the Best - Championship Karate (U) [c][!].png	caratula
MOVIDO	emu/ROMS/MD/Beyond Zero Tolerance (Beta).png	emu/MEDIA/MD/Beyond Zero Tolerance (Beta).png	caratula
MOVIDO	emu/ROMS/MD/Bill Walsh College Football '95 (U) [!].png	emu/MEDIA/MD/Bill Walsh College Football '95 (U) [!].png	caratula
MOVIDO	emu/ROMS/MD/Bill Walsh College Football (UE) [c][!].png	emu/MEDIA/MD/Bill Walsh College Football (UE) [c][!].png	caratula
MOVIDO	emu/ROMS/MD/Bimini Run (U) (REV02) [!].png	emu/MEDIA/MD/Bimini Run (U) (REV02) [!].png	caratula
MOVIDO	emu/ROMS/MD/Bio-Hazard Battle (UE) [!].png	emu/MEDIA/MD/Bio-Hazard Battle (UE) [!].png	caratula
MOVIDO	emu/ROMS/MD/Bishoujo Senshi Sailor Moon (J) [!].png	emu/MEDIA/MD/Bishoujo Senshi Sailor Moon (J) [!].png	caratula
MOVIDO	emu/ROMS/MD/Blades of Vengeance (UE) [!].png	emu/MEDIA/MD/Blades of Vengeance (UE) [!].png	caratula
MOVIDO	emu/ROMS/MD/Blaster Master 2 (U) [c][!].png	emu/MEDIA/MD/Blaster Master 2 (U) [c][!].png	caratula
MOVIDO	emu/ROMS/MD/Block Out (W) (REV01) [!].png	emu/MEDIA/MD/Block Out (W) (REV01) [!].png	caratula
MOVIDO	emu/ROMS/MD/Blockbuster World Video Game Championship II (U).png	emu/MEDIA/MD/Blockbuster World Video Game Championship II (U).png	caratula
MOVIDO	emu/ROMS/MD/Blood Shot (E) (M4) [!].png	emu/MEDIA/MD/Blood Shot (E) (M4) [!].png	caratula
MOVIDO	emu/ROMS/MD/Blue Almanac (J) [!].png	emu/MEDIA/MD/Blue Almanac (J) [!].png	caratula
MOVIDO	emu/ROMS/MD/Body Count (E) (M5) [!].png	emu/MEDIA/MD/Body Count (E) (M5) [!].png	caratula
MOVIDO	emu/ROMS/MD/Bonanza Bros. (JE) (REV01) [!].png	emu/MEDIA/MD/Bonanza Bros. (JE) (REV01) [!].png	caratula
MOVIDO	emu/ROMS/MD/Bonkers (UE) [!].png	emu/MEDIA/MD/Bonkers (UE) [!].png	caratula
MOVIDO	emu/ROMS/MD/Boogerman (E) [!].png	emu/MEDIA/MD/Boogerman (E) [!].png	caratula
MOVIDO	emu/ROMS/MD/Boxing Legends of the Ring (U) [!].png	emu/MEDIA/MD/Boxing Legends of the Ring (U) [!].png	caratula
MOVIDO	emu/ROMS/MD/Bram Stoker's Dracula (E) [!].png	emu/MEDIA/MD/Bram Stoker's Dracula (E) [!].png	caratula
MOVIDO	emu/ROMS/MD/Brett Hull Hockey '95 (U) [!].png	emu/MEDIA/MD/Brett Hull Hockey '95 (U) [!].png	caratula
MOVIDO	emu/ROMS/MD/Brian Lara Cricket (E) [c][!].png	emu/MEDIA/MD/Brian Lara Cricket (E) [c][!].png	caratula
MOVIDO	emu/ROMS/MD/Brian Lara Cricket 96 (E) [c][!].png	emu/MEDIA/MD/Brian Lara Cricket 96 (E) [c][!].png	caratula
MOVIDO	emu/ROMS/MD/Brutal - Paws of Fury (E).png	emu/MEDIA/MD/Brutal - Paws of Fury (E).png	caratula
MOVIDO	emu/ROMS/MD/Bubba N Stix (E) [c][!].png	emu/MEDIA/MD/Bubba N Stix (E) [c][!].png	caratula
MOVIDO	emu/ROMS/MD/Bubble and Squeak (U) [!].png	emu/MEDIA/MD/Bubble and Squeak (U) [!].png	caratula
MOVIDO	emu/ROMS/MD/Bubsy II (UE) [!].png	emu/MEDIA/MD/Bubsy II (UE) [!].png	caratula
MOVIDO	emu/ROMS/MD/Bubsy in Claws Encounters of the Furred Kind (UE) [!].png	emu/MEDIA/MD/Bubsy in Claws Encounters of the Furred Kind (UE) [!].png	caratula
MOVIDO	emu/ROMS/MD/Buck Rogers - Countdown to Doomsday (UE) [!].png	emu/MEDIA/MD/Buck Rogers - Countdown to Doomsday (UE) [!].png	caratula
MOVIDO	emu/ROMS/MD/Budokan - The Martial Spirit (E) [!].png	emu/MEDIA/MD/Budokan - The Martial Spirit (E) [!].png	caratula
MOVIDO	emu/ROMS/MD/Bugs Bunny in Double Trouble (U) [!].png	emu/MEDIA/MD/Bugs Bunny in Double Trouble (U) [!].png	caratula
MOVIDO	emu/ROMS/MD/Bulls vs Blazers and the NBA Playoffs (UE) [!].png	emu/MEDIA/MD/Bulls vs Blazers and the NBA Playoffs (UE) [!].png	caratula
MOVIDO	emu/ROMS/MD/Bulls vs Lakers and the NBA Playoffs (UE) [!].png	emu/MEDIA/MD/Bulls vs Lakers and the NBA Playoffs (UE) [!].png	caratula
MOVIDO	emu/ROMS/MD/Burning Force (J) [!].png	emu/MEDIA/MD/Burning Force (J) [!].png	caratula
MOVIDO	emu/ROMS/MD/Cadash (JU) [c][!].png	emu/MEDIA/MD/Cadash (JU) [c][!].png	caratula
MOVIDO	emu/ROMS/MD/Caesars Palace (U) [!].png	emu/MEDIA/MD/Caesars Palace (U) [!].png	caratula
MOVIDO	emu/ROMS/MD/Cal Ripken Jr. Baseball (U) [c][!].png	emu/MEDIA/MD/Cal Ripken Jr. Baseball (U) [c][!].png	caratula
MOVIDO	emu/ROMS/MD/Caliber Fifty (U) [!].png	emu/MEDIA/MD/Caliber Fifty (U) [!].png	caratula
MOVIDO	emu/ROMS/MD/California Games (UE) [!].png	emu/MEDIA/MD/California Games (UE) [!].png	caratula
MOVIDO	emu/ROMS/MD/Cannon Fodder (E) [!].png	emu/MEDIA/MD/Cannon Fodder (E) [!].png	caratula
MOVIDO	emu/ROMS/MD/Capt'n Havoc (E) [!].png	emu/MEDIA/MD/Capt'n Havoc (E) [!].png	caratula
MOVIDO	emu/ROMS/MD/Captain America and the Avengers (E).png	emu/MEDIA/MD/Captain America and the Avengers (E).png	caratula
MOVIDO	emu/ROMS/MD/Captain Planet and the Planeteers (E) [!].png	emu/MEDIA/MD/Captain Planet and the Planeteers (E) [!].png	caratula
MOVIDO	emu/ROMS/MD/Castle of Illusion Starring Mickey Mouse (UE) [!].png	emu/MEDIA/MD/Castle of Illusion Starring Mickey Mouse (UE) [!].png	caratula
MOVIDO	emu/ROMS/MD/Castlevania - The New Generation (E) [!].png	emu/MEDIA/MD/Castlevania - The New Generation (E) [!].png	caratula
MOVIDO	emu/ROMS/MD/Centurion - Defender of Rome (UE) [!].png	emu/MEDIA/MD/Centurion - Defender of Rome (UE) [!].png	caratula
MOVIDO	emu/ROMS/MD/Chakan - The Forever Man (UE) [!].png	emu/MEDIA/MD/Chakan - The Forever Man (UE) [!].png	caratula
MOVIDO	emu/ROMS/MD/Chameleon Kid (J) [!].png	emu/MEDIA/MD/Chameleon Kid (J) [!].png	caratula
MOVIDO	emu/ROMS/MD/Champions World Class Soccer (W) (M4) [!].png	emu/MEDIA/MD/Champions World Class Soccer (W) (M4) [!].png	caratula
MOVIDO	emu/ROMS/MD/Championship Bowling (U) [!].png	emu/MEDIA/MD/Championship Bowling (U) [!].png	caratula
MOVIDO	emu/ROMS/MD/Championship Pool (U) [!].png	emu/MEDIA/MD/Championship Pool (U) [!].png	caratula
MOVIDO	emu/ROMS/MD/Championship Pro-Am (U) [c][!].png	emu/MEDIA/MD/Championship Pro-Am (U) [c][!].png	caratula
MOVIDO	emu/ROMS/MD/Chaos Engine, The (E) [!].png	emu/MEDIA/MD/Chaos Engine, The (E) [!].png	caratula
MOVIDO	emu/ROMS/MD/Chase HQ II (U) [!].png	emu/MEDIA/MD/Chase HQ II (U) [!].png	caratula
MOVIDO	emu/ROMS/MD/Chavez II (U) [!].png	emu/MEDIA/MD/Chavez II (U) [!].png	caratula
MOVIDO	emu/ROMS/MD/Cheese Cat-Astrophe Starring Speedy Gonzales (E) (M4) [!].png	emu/MEDIA/MD/Cheese Cat-Astrophe Starring Speedy Gonzales (E) (M4) [!].png	caratula
MOVIDO	emu/ROMS/MD/Chester Cheetah (U) [c][!].png	emu/MEDIA/MD/Chester Cheetah (U) [c][!].png	caratula
MOVIDO	emu/ROMS/MD/Chester Cheetah 2 - Wild Wild Quest (U) [!].png	emu/MEDIA/MD/Chester Cheetah 2 - Wild Wild Quest (U) [!].png	caratula
MOVIDO	emu/ROMS/MD/Chi Chi's Pro Challenge (U) [!].png	emu/MEDIA/MD/Chi Chi's Pro Challenge (U) [!].png	caratula
MOVIDO	emu/ROMS/MD/Chibi Maruko-Chan - Wakuwaku Shopping (J) [c][!].png	emu/MEDIA/MD/Chibi Maruko-Chan - Wakuwaku Shopping (J) [c][!].png	caratula
MOVIDO	emu/ROMS/MD/Chiki Chiki Boys (UE) [!].png	emu/MEDIA/MD/Chiki Chiki Boys (UE) [!].png	caratula
MOVIDO	emu/ROMS/MD/Chuck II - Son of Chuck (E) [c][!].png	emu/MEDIA/MD/Chuck II - Son of Chuck (E) [c][!].png	caratula
MOVIDO	emu/ROMS/MD/Chuck Rock (E) [c][!].png	emu/MEDIA/MD/Chuck Rock (E) [c][!].png	caratula
MOVIDO	emu/ROMS/MD/Chuck's Excellent Art Tool Animator (U).png	emu/MEDIA/MD/Chuck's Excellent Art Tool Animator (U).png	caratula
MOVIDO	emu/ROMS/MD/Classic Collection (UE) [!].png	emu/MEDIA/MD/Classic Collection (UE) [!].png	caratula
MOVIDO	emu/ROMS/MD/Clay Fighter (U) [!].png	emu/MEDIA/MD/Clay Fighter (U) [!].png	caratula
MOVIDO	emu/ROMS/MD/Cliffhanger (E).png	emu/MEDIA/MD/Cliffhanger (E).png	caratula
MOVIDO	emu/ROMS/MD/Clue (U) [!].png	emu/MEDIA/MD/Clue (U) [!].png	caratula
MOVIDO	emu/ROMS/MD/Coach K College Basketball (U) [!].png	emu/MEDIA/MD/Coach K College Basketball (U) [!].png	caratula
MOVIDO	emu/ROMS/MD/College Football USA 96 (U) [!].png	emu/MEDIA/MD/College Football USA 96 (U) [!].png	caratula
MOVIDO	emu/ROMS/MD/College Football USA 97 - The Road to New Orleans (U) [!].png	emu/MEDIA/MD/College Football USA 97 - The Road to New Orleans (U) [!].png	caratula
MOVIDO	emu/ROMS/MD/College Football's National Championship (U) [!].png	emu/MEDIA/MD/College Football's National Championship (U) [!].png	caratula
MOVIDO	emu/ROMS/MD/College Football's National Championship II (U) [!].png	emu/MEDIA/MD/College Football's National Championship II (U) [!].png	caratula
MOVIDO	emu/ROMS/MD/College Slam (U) [!].png	emu/MEDIA/MD/College Slam (U) [!].png	caratula
MOVIDO	emu/ROMS/MD/Columns (W) (REV01) [!].png	emu/MEDIA/MD/Columns (W) (REV01) [!].png	caratula
MOVIDO	emu/ROMS/MD/Columns III - Revenge of Columns (U) [!].png	emu/MEDIA/MD/Columns III - Revenge of Columns (U) [!].png	caratula
MOVIDO	emu/ROMS/MD/Combat Aces (Beta).png	emu/MEDIA/MD/Combat Aces (Beta).png	caratula
MOVIDO	emu/ROMS/MD/Combat Cars (UE) [!].png	emu/MEDIA/MD/Combat Cars (UE) [!].png	caratula
MOVIDO	emu/ROMS/MD/Comix Zone (E) (M4) [!].png	emu/MEDIA/MD/Comix Zone (E) (M4) [!].png	caratula
MOVIDO	emu/ROMS/MD/Cool Spot (E) [!].png	emu/MEDIA/MD/Cool Spot (E) [!].png	caratula
MOVIDO	emu/ROMS/MD/Corporation (E) [c][!].png	emu/MEDIA/MD/Corporation (E) [c][!].png	caratula
MOVIDO	emu/ROMS/MD/Cosmic Spacehead (E) (M4) [c][!].png	emu/MEDIA/MD/Cosmic Spacehead (E) (M4) [c][!].png	caratula
MOVIDO	emu/ROMS/MD/Crack Down (E) [!].png	emu/MEDIA/MD/Crack Down (E) [!].png	caratula
MOVIDO	emu/ROMS/MD/CrossFire (U) [c][!].png	emu/MEDIA/MD/CrossFire (U) [c][!].png	caratula
MOVIDO	emu/ROMS/MD/Crue Ball (UE) [!].png	emu/MEDIA/MD/Crue Ball (UE) [!].png	caratula
MOVIDO	emu/ROMS/MD/Crystal's Pony Tale (U) [!].png	emu/MEDIA/MD/Crystal's Pony Tale (U) [!].png	caratula
MOVIDO	emu/ROMS/MD/Curse (J) [!].png	emu/MEDIA/MD/Curse (J) [!].png	caratula
MOVIDO	emu/ROMS/MD/Cutthroat Island (UE) [!].png	emu/MEDIA/MD/Cutthroat Island (UE) [!].png	caratula
MOVIDO	emu/ROMS/MD/CyberBall (W) [!].png	emu/MEDIA/MD/CyberBall (W) [!].png	caratula
MOVIDO	emu/ROMS/MD/Cyborg Justice (W) [!].png	emu/MEDIA/MD/Cyborg Justice (W) [!].png	caratula
MOVIDO	emu/ROMS/MD/D&D - Warriors of the Eternal Sun (UE) [!].png	emu/MEDIA/MD/D&D - Warriors of the Eternal Sun (UE) [!].png	caratula
MOVIDO	emu/ROMS/MD/DJ Boy (E) [!].png	emu/MEDIA/MD/DJ Boy (E) [!].png	caratula
MOVIDO	emu/ROMS/MD/Daffy Duck in Hollywood (E) (M5) [!].png	emu/MEDIA/MD/Daffy Duck in Hollywood (E) (M5) [!].png	caratula
MOVIDO	emu/ROMS/MD/Dangerous Seed (J) [!].png	emu/MEDIA/MD/Dangerous Seed (J) [!].png	caratula
MOVIDO	emu/ROMS/MD/Dark Castle (UE) [!].png	emu/MEDIA/MD/Dark Castle (UE) [!].png	caratula
MOVIDO	emu/ROMS/MD/Darwin 4081 (J) [!].png	emu/MEDIA/MD/Darwin 4081 (J) [!].png	caratula
MOVIDO	emu/ROMS/MD/Dashin' Desperadoes (U) [!].png	emu/MEDIA/MD/Dashin' Desperadoes (U) [!].png	caratula
MOVIDO	emu/ROMS/MD/David Crane's Amazing Tennis (U) [!].png	emu/MEDIA/MD/David Crane's Amazing Tennis (U) [!].png	caratula
MOVIDO	emu/ROMS/MD/David Robinson's Supreme Court (U) [!].png	emu/MEDIA/MD/David Robinson's Supreme Court (U) [!].png	caratula
MOVIDO	emu/ROMS/MD/Davis Cup World Tour Tennis (UE) [!].png	emu/MEDIA/MD/Davis Cup World Tour Tennis (UE) [!].png	caratula
MOVIDO	emu/ROMS/MD/Davis Cup World Tour Tennis 2 (Beta 2).png	emu/MEDIA/MD/Davis Cup World Tour Tennis 2 (Beta 2).png	caratula
MOVIDO	emu/ROMS/MD/Daze Before Christmas, The (E) [!].png	emu/MEDIA/MD/Daze Before Christmas, The (E) [!].png	caratula
MOVIDO	emu/ROMS/MD/Deadly Moves (U) [!].png	emu/MEDIA/MD/Deadly Moves (U) [!].png	caratula
MOVIDO	emu/ROMS/MD/Death Duel (U) [!].png	emu/MEDIA/MD/Death Duel (U) [!].png	caratula
MOVIDO	emu/ROMS/MD/Death and Return of Superman, The (U) [!].png	emu/MEDIA/MD/Death and Return of Superman, The (U) [!].png	caratula
MOVIDO	emu/ROMS/MD/Decap Attack (UE) [!].png	emu/MEDIA/MD/Decap Attack (UE) [!].png	caratula
MOVIDO	emu/ROMS/MD/Demolition Man (UE) [!].png	emu/MEDIA/MD/Demolition Man (UE) [!].png	caratula
MOVIDO	emu/ROMS/MD/Desert Demolition (UE) [!].png	emu/MEDIA/MD/Desert Demolition (UE) [!].png	caratula
MOVIDO	emu/ROMS/MD/Desert Strike - Return to the Gulf (UE) [!].png	emu/MEDIA/MD/Desert Strike - Return to the Gulf (UE) [!].png	caratula
MOVIDO	emu/ROMS/MD/Devil's Course 3-D Golf (J) [!].png	emu/MEDIA/MD/Devil's Course 3-D Golf (J) [!].png	caratula
MOVIDO	emu/ROMS/MD/Devilish - The Next Possession (U) [c][!].png	emu/MEDIA/MD/Devilish - The Next Possession (U) [c][!].png	caratula
MOVIDO	emu/ROMS/MD/Dick Tracy (W) [c][!].png	emu/MEDIA/MD/Dick Tracy (W) [c][!].png	caratula
MOVIDO	emu/ROMS/MD/Dick Vitale's Awesome Baby! College Hoops (U) [!].png	emu/MEDIA/MD/Dick Vitale's Awesome Baby! College Hoops (U) [!].png	caratula
MOVIDO	emu/ROMS/MD/Dino Dini's Soccer (E).png	emu/MEDIA/MD/Dino Dini's Soccer (E).png	caratula
MOVIDO	emu/ROMS/MD/Dino Land (U) [!].png	emu/MEDIA/MD/Dino Land (U) [!].png	caratula
MOVIDO	emu/ROMS/MD/Dinosaurs for Hire (U) [!].png	emu/MEDIA/MD/Dinosaurs for Hire (U) [!].png	caratula
MOVIDO	emu/ROMS/MD/Disney Collection - Castle of Illusion & Quack Shot (E) [!].png	emu/MEDIA/MD/Disney Collection - Castle of Illusion & Quack Shot (E) [!].png	caratula
MOVIDO	emu/ROMS/MD/Dominus (Beta).png	emu/MEDIA/MD/Dominus (Beta).png	caratula
MOVIDO	emu/ROMS/MD/Donald in Maui Mallard (E) [!].png	emu/MEDIA/MD/Donald in Maui Mallard (E) [!].png	caratula
MOVIDO	emu/ROMS/MD/Doom Troopers - The Mutant Chronicles (U) [c][!].png	emu/MEDIA/MD/Doom Troopers - The Mutant Chronicles (U) [c][!].png	caratula
MOVIDO	emu/ROMS/MD/Double Clutch (E) [c][!].png	emu/MEDIA/MD/Double Clutch (E) [c][!].png	caratula
MOVIDO	emu/ROMS/MD/Double Dragon (U) [!].png	emu/MEDIA/MD/Double Dragon (U) [!].png	caratula
MOVIDO	emu/ROMS/MD/Double Dragon 2 - The Revenge (J) [!].png	emu/MEDIA/MD/Double Dragon 2 - The Revenge (J) [!].png	caratula
MOVIDO	emu/ROMS/MD/Double Dragon 3 - The Rosetta Stone (UE) [!].png	emu/MEDIA/MD/Double Dragon 3 - The Rosetta Stone (UE) [!].png	caratula
MOVIDO	emu/ROMS/MD/Double Dragon V - The Shadow Falls (U) [!].png	emu/MEDIA/MD/Double Dragon V - The Shadow Falls (U) [!].png	caratula
MOVIDO	emu/ROMS/MD/Dr. Robotnik's Mean Bean Machine (E) [!].png	emu/MEDIA/MD/Dr. Robotnik's Mean Bean Machine (E) [!].png	caratula
MOVIDO	emu/ROMS/MD/Dragon - The Bruce Lee Story (E).png	emu/MEDIA/MD/Dragon - The Bruce Lee Story (E).png	caratula
MOVIDO	emu/ROMS/MD/Dragon Ball Z - L'Appel du Destin (F) [T+Eng95%_DBZGameTran].png	emu/MEDIA/MD/Dragon Ball Z - L'Appel du Destin (F) [T+Eng95%_DBZGameTran].png	caratula
MOVIDO	emu/ROMS/MD/Dragon Slayer - The Legend of Heroes (J) [!].png	emu/MEDIA/MD/Dragon Slayer - The Legend of Heroes (J) [!].png	caratula
MOVIDO	emu/ROMS/MD/Dragon Slayer II - The Legend of Heroes (J) [!].png	emu/MEDIA/MD/Dragon Slayer II - The Legend of Heroes (J) [!].png	caratula
MOVIDO	emu/ROMS/MD/Dragon's Eye - Shanghai 3 (J) [!].png	emu/MEDIA/MD/Dragon's Eye - Shanghai 3 (J) [!].png	caratula
MOVIDO	emu/ROMS/MD/Dragon's Fury (UE) [!].png	emu/MEDIA/MD/Dragon's Fury (UE) [!].png	caratula
MOVIDO	emu/ROMS/MD/Dragon's Revenge (UE) [!].png	emu/MEDIA/MD/Dragon's Revenge (UE) [!].png	caratula
MOVIDO	emu/ROMS/MD/Duke Nukem 3D (B) [!].png	emu/MEDIA/MD/Duke Nukem 3D (B) [!].png	caratula
MOVIDO	emu/ROMS/MD/Dune - The Battle for Arrakis (E).png	emu/MEDIA/MD/Dune - The Battle for Arrakis (E).png	caratula
MOVIDO	emu/ROMS/MD/Dyna Brothers (J) (REV01).png	emu/MEDIA/MD/Dyna Brothers (J) (REV01).png	caratula
MOVIDO	emu/ROMS/MD/Dyna Brothers 2 (J) [!].png	emu/MEDIA/MD/Dyna Brothers 2 (J) [!].png	caratula
MOVIDO	emu/ROMS/MD/Dynamite Duke (W) [!].png	emu/MEDIA/MD/Dynamite Duke (W) [!].png	caratula
MOVIDO	emu/ROMS/MD/Dynamite Headdy (UE) [c][!].png	emu/MEDIA/MD/Dynamite Headdy (UE) [c][!].png	caratula
MOVIDO	emu/ROMS/MD/EA Hockey (E) [!].png	emu/MEDIA/MD/EA Hockey (E) [!].png	caratula
MOVIDO	emu/ROMS/MD/EA Sports Double Header (E) [!].png	emu/MEDIA/MD/EA Sports Double Header (E) [!].png	caratula
MOVIDO	emu/ROMS/MD/ECCO - The Tides of Time (E) [!].png	emu/MEDIA/MD/ECCO - The Tides of Time (E) [!].png	caratula
MOVIDO	emu/ROMS/MD/ECCO Jr. (U) (REV01) [!].png	emu/MEDIA/MD/ECCO Jr. (U) (REV01) [!].png	caratula
MOVIDO	emu/ROMS/MD/ECCO The Dolphin (UE) [!].png	emu/MEDIA/MD/ECCO The Dolphin (UE) [!].png	caratula
MOVIDO	emu/ROMS/MD/ESPN Baseball Tonight (U) [!].png	emu/MEDIA/MD/ESPN Baseball Tonight (U) [!].png	caratula
MOVIDO	emu/ROMS/MD/ESPN National Hockey Night (U) [c][!].png	emu/MEDIA/MD/ESPN National Hockey Night (U) [c][!].png	caratula
MOVIDO	emu/ROMS/MD/ESPN SpeedWorld (U) [c][!].png	emu/MEDIA/MD/ESPN SpeedWorld (U) [c][!].png	caratula
MOVIDO	emu/ROMS/MD/ESPN Sunday Night NFL (U) [!].png	emu/MEDIA/MD/ESPN Sunday Night NFL (U) [!].png	caratula
MOVIDO	emu/ROMS/MD/ESWAT Cyber Police - City Under Siege (U) [!].png	emu/MEDIA/MD/ESWAT Cyber Police - City Under Siege (U) [!].png	caratula
MOVIDO	emu/ROMS/MD/Earnest Evans (U) [!].png	emu/MEDIA/MD/Earnest Evans (U) [!].png	caratula
MOVIDO	emu/ROMS/MD/Earthworm Jim (E) [!].png	emu/MEDIA/MD/Earthworm Jim (E) [!].png	caratula
MOVIDO	emu/ROMS/MD/Earthworm Jim 2 (E) [!].png	emu/MEDIA/MD/Earthworm Jim 2 (E) [!].png	caratula
MOVIDO	emu/ROMS/MD/El Viento (U) [!].png	emu/MEDIA/MD/El Viento (U) [!].png	caratula
MOVIDO	emu/ROMS/MD/Elemental Master (U) [!].png	emu/MEDIA/MD/Elemental Master (U) [!].png	caratula
MOVIDO	emu/ROMS/MD/Eliminate Down (J) [!].png	emu/MEDIA/MD/Eliminate Down (J) [!].png	caratula
MOVIDO	emu/ROMS/MD/Escape From Mars Starring Taz (E) [!].png	emu/MEDIA/MD/Escape From Mars Starring Taz (E) [!].png	caratula
MOVIDO	emu/ROMS/MD/Eternal Champions (E) [!].png	emu/MEDIA/MD/Eternal Champions (E) [!].png	caratula
MOVIDO	emu/ROMS/MD/European Club Soccer (E) [!].png	emu/MEDIA/MD/European Club Soccer (E) [!].png	caratula
MOVIDO	emu/ROMS/MD/Evander Holyfield's Real Deal Boxing (JU) [!].png	emu/MEDIA/MD/Evander Holyfield's Real Deal Boxing (JU) [!].png	caratula
MOVIDO	emu/ROMS/MD/Ex-Mutants (U) [!].png	emu/MEDIA/MD/Ex-Mutants (U) [!].png	caratula
MOVIDO	emu/ROMS/MD/Exile (U) [!].png	emu/MEDIA/MD/Exile (U) [!].png	caratula
MOVIDO	emu/ROMS/MD/Exo-Squad (U) [!].png	emu/MEDIA/MD/Exo-Squad (U) [!].png	caratula
MOVIDO	emu/ROMS/MD/F-117 Night Storm (UE) [!].png	emu/MEDIA/MD/F-117 Night Storm (UE) [!].png	caratula
MOVIDO	emu/ROMS/MD/F-15 Strike Eagle II (E) [!].png	emu/MEDIA/MD/F-15 Strike Eagle II (E) [!].png	caratula
MOVIDO	emu/ROMS/MD/F-22 Interceptor (U) (Jun 1992) [c][!].png	emu/MEDIA/MD/F-22 Interceptor (U) (Jun 1992) [c][!].png	caratula
MOVIDO	emu/ROMS/MD/F1 Circus MD (J) [!].png	emu/MEDIA/MD/F1 Circus MD (J) [!].png	caratula
MOVIDO	emu/ROMS/MD/F1 World Championship (E) [!].png	emu/MEDIA/MD/F1 World Championship (E) [!].png	caratula
MOVIDO	emu/ROMS/MD/FIFA International Soccer (UE) (M4) [!].png	emu/MEDIA/MD/FIFA International Soccer (UE) (M4) [!].png	caratula
MOVIDO	emu/ROMS/MD/FIFA Soccer 95 (UE) [!].png	emu/MEDIA/MD/FIFA Soccer 95 (UE) [!].png	caratula
MOVIDO	emu/ROMS/MD/FIFA Soccer 96 (UE) (M6) [!].png	emu/MEDIA/MD/FIFA Soccer 96 (UE) (M6) [!].png	caratula
MOVIDO	emu/ROMS/MD/FIFA Soccer 97 Gold Edition (UE) (M6) [!].png	emu/MEDIA/MD/FIFA Soccer 97 Gold Edition (UE) (M6) [!].png	caratula
MOVIDO	emu/ROMS/MD/FIFA Soccer 98 - Road to the World Cup (E) (M5) [!].png	emu/MEDIA/MD/FIFA Soccer 98 - Road to the World Cup (E) (M5) [!].png	caratula
MOVIDO	emu/ROMS/MD/Faery Tale Adventure, The (UE) [!].png	emu/MEDIA/MD/Faery Tale Adventure, The (UE) [!].png	caratula
MOVIDO	emu/ROMS/MD/Family Feud (U) [!].png	emu/MEDIA/MD/Family Feud (U) [!].png	caratula
MOVIDO	emu/ROMS/MD/Fantasia (E) [!].png	emu/MEDIA/MD/Fantasia (E) [!].png	caratula
MOVIDO	emu/ROMS/MD/Fantastic Dizzy (UE) (M5) [c][!].png	emu/MEDIA/MD/Fantastic Dizzy (UE) (M5) [c][!].png	caratula
MOVIDO	emu/ROMS/MD/Fastest 1 (J) [!].png	emu/MEDIA/MD/Fastest 1 (J) [!].png	caratula
MOVIDO	emu/ROMS/MD/Fatal Fury (E).png	emu/MEDIA/MD/Fatal Fury (E).png	caratula
MOVIDO	emu/ROMS/MD/Fatal Fury 2 (U) [c][!].png	emu/MEDIA/MD/Fatal Fury 2 (U) [c][!].png	caratula
MOVIDO	emu/ROMS/MD/Fatal Labyrinth (JU) [!].png	emu/MEDIA/MD/Fatal Labyrinth (JU) [!].png	caratula
MOVIDO	emu/ROMS/MD/Fatal Rewind (UE) [!].png	emu/MEDIA/MD/Fatal Rewind (UE) [!].png	caratula
MOVIDO	emu/ROMS/MD/Ferias Frustradas do Pica-Pau (B) [!].png	emu/MEDIA/MD/Ferias Frustradas do Pica-Pau (B) [!].png	caratula
MOVIDO	emu/ROMS/MD/Ferrari Grand Prix Challenge (U) [!].png	emu/MEDIA/MD/Ferrari Grand Prix Challenge (U) [!].png	caratula
MOVIDO	emu/ROMS/MD/Fever Pitch Soccer (E) (M5) [!].png	emu/MEDIA/MD/Fever Pitch Soccer (E) (M5) [!].png	caratula
MOVIDO	emu/ROMS/MD/Fighting Masters (U) [!].png	emu/MEDIA/MD/Fighting Masters (U) [!].png	caratula
MOVIDO	emu/ROMS/MD/Final Zone (JU) [!].png	emu/MEDIA/MD/Final Zone (JU) [!].png	caratula
MOVIDO	emu/ROMS/MD/Fire Mustang (J) [c][!].png	emu/MEDIA/MD/Fire Mustang (J) [c][!].png	caratula
MOVIDO	emu/ROMS/MD/Fire Pro Wrestling Gaiden (J) [c][!].png	emu/MEDIA/MD/Fire Pro Wrestling Gaiden (J) [c][!].png	caratula
MOVIDO	emu/ROMS/MD/Fire Shark (E) [!].png	emu/MEDIA/MD/Fire Shark (E) [!].png	caratula
MOVIDO	emu/ROMS/MD/Flashback - The Quest for Identity (E) [!].png	emu/MEDIA/MD/Flashback - The Quest for Identity (E) [!].png	caratula
MOVIDO	emu/ROMS/MD/Flicky (UE) [!].png	emu/MEDIA/MD/Flicky (UE) [!].png	caratula
MOVIDO	emu/ROMS/MD/Flintstones, The (USA).png	emu/MEDIA/MD/Flintstones, The (USA).png	caratula
MOVIDO	emu/ROMS/MD/Flux for Mega-CD (E) [!].png	emu/MEDIA/MD/Flux for Mega-CD (E) [!].png	caratula
MOVIDO	emu/ROMS/MD/Foreman For Real (W) [!].png	emu/MEDIA/MD/Foreman For Real (W) [!].png	caratula
MOVIDO	emu/ROMS/MD/Forgotten Worlds (W) (REV01) [!].png	emu/MEDIA/MD/Forgotten Worlds (W) (REV01) [!].png	caratula
MOVIDO	emu/ROMS/MD/Frank Thomas Big Hurt Baseball (UE) [!].png	emu/MEDIA/MD/Frank Thomas Big Hurt Baseball (UE) [!].png	caratula
MOVIDO	emu/ROMS/MD/Frogger (U) [!].png	emu/MEDIA/MD/Frogger (U) [!].png	caratula
MOVIDO	emu/ROMS/MD/Fun-N-Games (E).png	emu/MEDIA/MD/Fun-N-Games (E).png	caratula
MOVIDO	emu/ROMS/MD/G-LOC Air Battle (W) [c][!].png	emu/MEDIA/MD/G-LOC Air Battle (W) [c][!].png	caratula
MOVIDO	emu/ROMS/MD/GRIND Stormer (U) [!].png	emu/MEDIA/MD/GRIND Stormer (U) [!].png	caratula
MOVIDO	emu/ROMS/MD/Gadget Twins, The (U) [!].png	emu/MEDIA/MD/Gadget Twins, The (U) [!].png	caratula
MOVIDO	emu/ROMS/MD/Gaiares (JU) [!].png	emu/MEDIA/MD/Gaiares (JU) [!].png	caratula
MOVIDO	emu/ROMS/MD/Gain Ground (UE) [c][!].png	emu/MEDIA/MD/Gain Ground (UE) [c][!].png	caratula
MOVIDO	emu/ROMS/MD/Galaxy Force II (W) (REV01) [!].png	emu/MEDIA/MD/Galaxy Force II (W) (REV01) [!].png	caratula
MOVIDO	emu/ROMS/MD/Garfield - Caught in the Act (UE) [!].png	emu/MEDIA/MD/Garfield - Caught in the Act (UE) [!].png	caratula
MOVIDO	emu/ROMS/MD/Gargoyles (U) [!].png	emu/MEDIA/MD/Gargoyles (U) [!].png	caratula
MOVIDO	emu/ROMS/MD/Gauntlet 4 (UE) (Aug 1993) [!].png	emu/MEDIA/MD/Gauntlet 4 (UE) (Aug 1993) [!].png	caratula
MOVIDO	emu/ROMS/MD/GemFire (U) [!].png	emu/MEDIA/MD/GemFire (U) [!].png	caratula
MOVIDO	emu/ROMS/MD/General Chaos (UE) [!].png	emu/MEDIA/MD/General Chaos (UE) [!].png	caratula
MOVIDO	emu/ROMS/MD/Generations Lost (UE) [!].png	emu/MEDIA/MD/Generations Lost (UE) [!].png	caratula
MOVIDO	emu/ROMS/MD/Genesis 6-Pak (U) [!].png	emu/MEDIA/MD/Genesis 6-Pak (U) [!].png	caratula
MOVIDO	emu/ROMS/MD/Genghis Khan II - Clan of the Gray Wolf (U) [!].png	emu/MEDIA/MD/Genghis Khan II - Clan of the Gray Wolf (U) [!].png	caratula
MOVIDO	emu/ROMS/MD/George Foreman's KO Boxing (E) [!].png	emu/MEDIA/MD/George Foreman's KO Boxing (E) [!].png	caratula
MOVIDO	emu/ROMS/MD/Ghostbusters (W) (REV01) [!].png	emu/MEDIA/MD/Ghostbusters (W) (REV01) [!].png	caratula
MOVIDO	emu/ROMS/MD/Ghouls 'N Ghosts (UE) (REV02) [!].png	emu/MEDIA/MD/Ghouls 'N Ghosts (UE) (REV02) [!].png	caratula
MOVIDO	emu/ROMS/MD/Gley Lancer (J) [!].png	emu/MEDIA/MD/Gley Lancer (J) [!].png	caratula
MOVIDO	emu/ROMS/MD/Gods (E) [!].png	emu/MEDIA/MD/Gods (E) [!].png	caratula
MOVIDO	emu/ROMS/MD/Golden 20-in-1 [p1][b1].png	emu/MEDIA/MD/Golden 20-in-1 [p1][b1].png	caratula
MOVIDO	emu/ROMS/MD/Golden Axe (W) (REV01) [!].png	emu/MEDIA/MD/Golden Axe (W) (REV01) [!].png	caratula
MOVIDO	emu/ROMS/MD/Golden Axe II (W) [!].png	emu/MEDIA/MD/Golden Axe II (W) [!].png	caratula
MOVIDO	emu/ROMS/MD/Golden Axe III (J) [!].png	emu/MEDIA/MD/Golden Axe III (J) [!].png	caratula
MOVIDO	emu/ROMS/MD/Goofy's Hysterical History Tour (U) [!].png	emu/MEDIA/MD/Goofy's Hysterical History Tour (U) [!].png	caratula
MOVIDO	emu/ROMS/MD/Granada (JU) (REV01) [!].png	emu/MEDIA/MD/Granada (JU) (REV01) [!].png	caratula
MOVIDO	emu/ROMS/MD/Grand Slam Tennis (E) [!].png	emu/MEDIA/MD/Grand Slam Tennis (E) [!].png	caratula
MOVIDO	emu/ROMS/MD/Great Circus Mystery, The - Starring Mickey & Minnie (U) [!].png	emu/MEDIA/MD/Great Circus Mystery, The - Starring Mickey & Minnie (U) [!].png	caratula
MOVIDO	emu/ROMS/MD/Great Waldo Search, The (U) [!].png	emu/MEDIA/MD/Great Waldo Search, The (U) [!].png	caratula
MOVIDO	emu/ROMS/MD/Greatest Heavyweights of the Ring (U) [!].png	emu/MEDIA/MD/Greatest Heavyweights of the Ring (U) [!].png	caratula
MOVIDO	emu/ROMS/MD/Greendog - The Beached Surfer Dude (UE) [!].png	emu/MEDIA/MD/Greendog - The Beached Surfer Dude (UE) [!].png	caratula
MOVIDO	emu/ROMS/MD/Growl (U) [!].png	emu/MEDIA/MD/Growl (U) [!].png	caratula
MOVIDO	emu/ROMS/MD/Gunship (E) [c][!].png	emu/MEDIA/MD/Gunship (E) [c][!].png	caratula
MOVIDO	emu/ROMS/MD/Gunstar Heroes (E) [!].png	emu/MEDIA/MD/Gunstar Heroes (E) [!].png	caratula
MOVIDO	emu/ROMS/MD/Gynoug (E) [!].png	emu/MEDIA/MD/Gynoug (E) [!].png	caratula
MOVIDO	emu/ROMS/MD/Hard Drivin' (W) [!].png	emu/MEDIA/MD/Hard Drivin' (W) [!].png	caratula
MOVIDO	emu/ROMS/MD/HardBall '94 (UE) [!].png	emu/MEDIA/MD/HardBall '94 (UE) [!].png	caratula
MOVIDO	emu/ROMS/MD/HardBall '95 (U) [!].png	emu/MEDIA/MD/HardBall '95 (U) [!].png	caratula
MOVIDO	emu/ROMS/MD/HardBall III (U) [!].png	emu/MEDIA/MD/HardBall III (U) [!].png	caratula
MOVIDO	emu/ROMS/MD/HardBall! (U) [!].png	emu/MEDIA/MD/HardBall! (U) [!].png	caratula
MOVIDO	emu/ROMS/MD/Haunting Starring Polterguy (UE) [!].png	emu/MEDIA/MD/Haunting Starring Polterguy (UE) [!].png	caratula
MOVIDO	emu/ROMS/MD/Heavy Nova (U) [!].png	emu/MEDIA/MD/Heavy Nova (U) [!].png	caratula
MOVIDO	emu/ROMS/MD/Heavy Unit (J) [!].png	emu/MEDIA/MD/Heavy Unit (J) [!].png	caratula
MOVIDO	emu/ROMS/MD/Hellfire (J) [!].png	emu/MEDIA/MD/Hellfire (J) [!].png	caratula
MOVIDO	emu/ROMS/MD/Herzog Zwei (UE) [!].png	emu/MEDIA/MD/Herzog Zwei (UE) [!].png	caratula
MOVIDO	emu/ROMS/MD/Hit The Ice (U) [c][!].png	emu/MEDIA/MD/Hit The Ice (U) [c][!].png	caratula
MOVIDO	emu/ROMS/MD/Home Alone (U) [!].png	emu/MEDIA/MD/Home Alone (U) [!].png	caratula
MOVIDO	emu/ROMS/MD/Home Alone 2 - Lost in New York (U) [!].png	emu/MEDIA/MD/Home Alone 2 - Lost in New York (U) [!].png	caratula
MOVIDO	emu/ROMS/MD/Hook (U) [c][!].png	emu/MEDIA/MD/Hook (U) [c][!].png	caratula
MOVIDO	emu/ROMS/MD/Humans, The (U) [!].png	emu/MEDIA/MD/Humans, The (U) [!].png	caratula
MOVIDO	emu/ROMS/MD/Hurricanes (E) [!].png	emu/MEDIA/MD/Hurricanes (E) [!].png	caratula
MOVIDO	emu/ROMS/MD/Hybrid Front, The (J) [!].png	emu/MEDIA/MD/Hybrid Front, The (J) [!].png	caratula
MOVIDO	emu/ROMS/MD/Hyper Dunk - The Playoff Edition (E) [!].png	emu/MEDIA/MD/Hyper Dunk - The Playoff Edition (E) [!].png	caratula
MOVIDO	emu/ROMS/MD/Hyper Marbles (SN) (J) [!].png	emu/MEDIA/MD/Hyper Marbles (SN) (J) [!].png	caratula
MOVIDO	emu/ROMS/MD/IMG International Tour Tennis (UE) [!].png	emu/MEDIA/MD/IMG International Tour Tennis (UE) [!].png	caratula
MOVIDO	emu/ROMS/MD/Immortal, The (UE) [!].png	emu/MEDIA/MD/Immortal, The (UE) [!].png	caratula
MOVIDO	emu/ROMS/MD/Incredible Crash Dummies, The (UE) [c][!].png	emu/MEDIA/MD/Incredible Crash Dummies, The (UE) [c][!].png	caratula
MOVIDO	emu/ROMS/MD/Incredible Hulk, The (UE) [!].png	emu/MEDIA/MD/Incredible Hulk, The (UE) [!].png	caratula
MOVIDO	emu/ROMS/MD/Indiana Jones and the Last Crusade (E) [c][!].png	emu/MEDIA/MD/Indiana Jones and the Last Crusade (E) [c][!].png	caratula
MOVIDO	emu/ROMS/MD/Insector X (U) [!].png	emu/MEDIA/MD/Insector X (U) [!].png	caratula
MOVIDO	emu/ROMS/MD/International Rugby (E) [c][!].png	emu/MEDIA/MD/International Rugby (E) [c][!].png	caratula
MOVIDO	emu/ROMS/MD/International Superstar Soccer Deluxe (E) [!].png	emu/MEDIA/MD/International Superstar Soccer Deluxe (E) [!].png	caratula
MOVIDO	emu/ROMS/MD/It Came From The Desert (Beta).png	emu/MEDIA/MD/It Came From The Desert (Beta).png	caratula
MOVIDO	emu/ROMS/MD/Itchy and Scratchy Game, The (Beta).png	emu/MEDIA/MD/Itchy and Scratchy Game, The (Beta).png	caratula
MOVIDO	emu/ROMS/MD/Izzy's Quest for the Olympic Rings (UE) [!].png	emu/MEDIA/MD/Izzy's Quest for the Olympic Rings (UE) [!].png	caratula
MOVIDO	emu/ROMS/MD/Jack Nicklaus' Power Challenge Golf (UE) [!].png	emu/MEDIA/MD/Jack Nicklaus' Power Challenge Golf (UE) [!].png	caratula
MOVIDO	emu/ROMS/MD/James Bond 007 - The Duel (UE) [!].png	emu/MEDIA/MD/James Bond 007 - The Duel (UE) [!].png	caratula
MOVIDO	emu/ROMS/MD/James Buster Douglas Knock Out Boxing (UE) [c][!].png	emu/MEDIA/MD/James Buster Douglas Knock Out Boxing (UE) [c][!].png	caratula
MOVIDO	emu/ROMS/MD/James Pond - Underwater Agent (UE) [!].png	emu/MEDIA/MD/James Pond - Underwater Agent (UE) [!].png	caratula
MOVIDO	emu/ROMS/MD/James Pond 3 - Operation Starfish (UE) [!].png	emu/MEDIA/MD/James Pond 3 - Operation Starfish (UE) [!].png	caratula
MOVIDO	emu/ROMS/MD/James Pond II - Codename RoboCod (UE) [!].png	emu/MEDIA/MD/James Pond II - Codename RoboCod (UE) [!].png	caratula
MOVIDO	emu/ROMS/MD/Jammit (U) [!].png	emu/MEDIA/MD/Jammit (U) [!].png	caratula
MOVIDO	emu/ROMS/MD/Jelly Boy (Beta).png	emu/MEDIA/MD/Jelly Boy (Beta).png	caratula
MOVIDO	emu/ROMS/MD/Jeopardy! (U) [c][!].png	emu/MEDIA/MD/Jeopardy! (U) [c][!].png	caratula
MOVIDO	emu/ROMS/MD/Jeopardy! Deluxe (U) [c][!].png	emu/MEDIA/MD/Jeopardy! Deluxe (U) [c][!].png	caratula
MOVIDO	emu/ROMS/MD/Jeopardy! Sports Edition (U) [!].png	emu/MEDIA/MD/Jeopardy! Sports Edition (U) [!].png	caratula
MOVIDO	emu/ROMS/MD/Jerry Glanville's Pigskin Footbrawl (U) [!].png	emu/MEDIA/MD/Jerry Glanville's Pigskin Footbrawl (U) [!].png	caratula
MOVIDO	emu/ROMS/MD/Jewel Master (UE) [!].png	emu/MEDIA/MD/Jewel Master (UE) [!].png	caratula
MOVIDO	emu/ROMS/MD/Jim Power - The Arcade Game (Beta).png	emu/MEDIA/MD/Jim Power - The Arcade Game (Beta).png	caratula
MOVIDO	emu/ROMS/MD/Jimmy White's Whirlwind Snooker (E) [c][!].png	emu/MEDIA/MD/Jimmy White's Whirlwind Snooker (E) [c][!].png	caratula
MOVIDO	emu/ROMS/MD/Joe & Mac Caveman Ninja (U) [!].png	emu/MEDIA/MD/Joe & Mac Caveman Ninja (U) [!].png	caratula
MOVIDO	emu/ROMS/MD/Joe Montana Football (JU) [!].png	emu/MEDIA/MD/Joe Montana Football (JU) [!].png	caratula
MOVIDO	emu/ROMS/MD/Joe Montana Sports Talk Football (UE) [!].png	emu/MEDIA/MD/Joe Montana Sports Talk Football (UE) [!].png	caratula
MOVIDO	emu/ROMS/MD/Joe Montana Sports Talk Football 2 (W) (REV01) [!].png	emu/MEDIA/MD/Joe Montana Sports Talk Football 2 (W) (REV01) [!].png	caratula
MOVIDO	emu/ROMS/MD/John Madden Football '92 (UE) [!].png	emu/MEDIA/MD/John Madden Football '92 (UE) [!].png	caratula
MOVIDO	emu/ROMS/MD/John Madden Football '93 (UE) [c][!].png	emu/MEDIA/MD/John Madden Football '93 (UE) [c][!].png	caratula
MOVIDO	emu/ROMS/MD/John Madden Football '93 - Championship Edition (U) [!].png	emu/MEDIA/MD/John Madden Football '93 - Championship Edition (U) [!].png	caratula
MOVIDO	emu/ROMS/MD/John Madden Football (UE) [!].png	emu/MEDIA/MD/John Madden Football (UE) [!].png	caratula
MOVIDO	emu/ROMS/MD/John Madden NFL 94 (UE) [c][!].png	emu/MEDIA/MD/John Madden NFL 94 (UE) [c][!].png	caratula
MOVIDO	emu/ROMS/MD/Jordan vs Bird - Super One-on-One (UE) (REV01) [!].png	emu/MEDIA/MD/Jordan vs Bird - Super One-on-One (UE) (REV01) [!].png	caratula
MOVIDO	emu/ROMS/MD/Judge Dredd - The Movie (W) [!].png	emu/MEDIA/MD/Judge Dredd - The Movie (W) [!].png	caratula
MOVIDO	emu/ROMS/MD/Junction (JU) [!].png	emu/MEDIA/MD/Junction (JU) [!].png	caratula
MOVIDO	emu/ROMS/MD/Jungle Book, The (USA).png	emu/MEDIA/MD/Jungle Book, The (USA).png	caratula
MOVIDO	emu/ROMS/MD/Jungle Strike (UE) [!].png	emu/MEDIA/MD/Jungle Strike (UE) [!].png	caratula
MOVIDO	emu/ROMS/MD/Junkers High (Beta).png	emu/MEDIA/MD/Junkers High (Beta).png	caratula
MOVIDO	emu/ROMS/MD/Jurassic Park (E) [!].png	emu/MEDIA/MD/Jurassic Park (E) [!].png	caratula
MOVIDO	emu/ROMS/MD/Jurassic Park - Rampage Edition (UE) [!].png	emu/MEDIA/MD/Jurassic Park - Rampage Edition (UE) [!].png	caratula
MOVIDO	emu/ROMS/MD/Jurassic Park 2 - The Lost World (U) [!].png	emu/MEDIA/MD/Jurassic Park 2 - The Lost World (U) [!].png	caratula
MOVIDO	emu/ROMS/MD/Justice League Task Force (W) [!].png	emu/MEDIA/MD/Justice League Task Force (W) [!].png	caratula
MOVIDO	emu/ROMS/MD/Ka-Ge-Ki - Fists of Steel (U) [!].png	emu/MEDIA/MD/Ka-Ge-Ki - Fists of Steel (U) [!].png	caratula
MOVIDO	emu/ROMS/MD/Kawasaki Superbike Challenge (UE) [!].png	emu/MEDIA/MD/Kawasaki Superbike Challenge (UE) [!].png	caratula
MOVIDO	emu/ROMS/MD/Kick Off 3 - European Challenge (E) [!].png	emu/MEDIA/MD/Kick Off 3 - European Challenge (E) [!].png	caratula
MOVIDO	emu/ROMS/MD/Kid Chameleon (UE) [!].png	emu/MEDIA/MD/Kid Chameleon (UE) [!].png	caratula
MOVIDO	emu/ROMS/MD/King Colossus (J) [!].png	emu/MEDIA/MD/King Colossus (J) [!].png	caratula
MOVIDO	emu/ROMS/MD/King Salmon - The Big Catch (U) [c][!].png	emu/MEDIA/MD/King Salmon - The Big Catch (U) [c][!].png	caratula
MOVIDO	emu/ROMS/MD/King Series 18-in-1 KC1801 [p1][!].png	emu/MEDIA/MD/King Series 18-in-1 KC1801 [p1][!].png	caratula
MOVIDO	emu/ROMS/MD/King of the Monsters (E) [!].png	emu/MEDIA/MD/King of the Monsters (E) [!].png	caratula
MOVIDO	emu/ROMS/MD/King of the Monsters 2 (U) [!].png	emu/MEDIA/MD/King of the Monsters 2 (U) [!].png	caratula
MOVIDO	emu/ROMS/MD/King's Bounty (UE) [!].png	emu/MEDIA/MD/King's Bounty (UE) [!].png	caratula
MOVIDO	emu/ROMS/MD/Klax (UE) [!].png	emu/MEDIA/MD/Klax (UE) [!].png	caratula
MOVIDO	emu/ROMS/MD/Krusty's Super Funhouse (UE) (REV01) [!].png	emu/MEDIA/MD/Krusty's Super Funhouse (UE) (REV01) [!].png	caratula
MOVIDO	emu/ROMS/MD/LHX Attack Chopper (UE) [!].png	emu/MEDIA/MD/LHX Attack Chopper (UE) [!].png	caratula
MOVIDO	emu/ROMS/MD/Labyrinth of Death (SN) (J) [!].png	emu/MEDIA/MD/Labyrinth of Death (SN) (J) [!].png	caratula
MOVIDO	emu/ROMS/MD/Lakers vs Celtics and the NBA Playoffs (UE) [!].png	emu/MEDIA/MD/Lakers vs Celtics and the NBA Playoffs (UE) [!].png	caratula
MOVIDO	emu/ROMS/MD/Landstalker - The Treasures of King Nole (E) [!].png	emu/MEDIA/MD/Landstalker - The Treasures of King Nole (E) [!].png	caratula
MOVIDO	emu/ROMS/MD/Langrisser II (J) (REV02) [!].png	emu/MEDIA/MD/Langrisser II (J) (REV02) [!].png	caratula
MOVIDO	emu/ROMS/MD/Last Action Hero (U) [!].png	emu/MEDIA/MD/Last Action Hero (U) [!].png	caratula
MOVIDO	emu/ROMS/MD/Last Battle (UE) [!].png	emu/MEDIA/MD/Last Battle (UE) [!].png	caratula
MOVIDO	emu/ROMS/MD/Lawnmower Man, The (UE) [!].png	emu/MEDIA/MD/Lawnmower Man, The (UE) [!].png	caratula
MOVIDO	emu/ROMS/MD/Legend of Galahad, The (UE) [!].png	emu/MEDIA/MD/Legend of Galahad, The (UE) [!].png	caratula
MOVIDO	emu/ROMS/MD/Lemmings (E) [!].png	emu/MEDIA/MD/Lemmings (E) [!].png	caratula
MOVIDO	emu/ROMS/MD/Lemmings 2 - The Tribes (E) [!].png	emu/MEDIA/MD/Lemmings 2 - The Tribes (E) [!].png	caratula
MOVIDO	emu/ROMS/MD/Lethal Enforcers (E) [!].png	emu/MEDIA/MD/Lethal Enforcers (E) [!].png	caratula
MOVIDO	emu/ROMS/MD/Lethal Enforcers II - Gun Fighters (E) [!].png	emu/MEDIA/MD/Lethal Enforcers II - Gun Fighters (E) [!].png	caratula
MOVIDO	emu/ROMS/MD/Liberty or Death (U) [!].png	emu/MEDIA/MD/Liberty or Death (U) [!].png	caratula
MOVIDO	emu/ROMS/MD/Light Crusader (E) (M4) [!].png	emu/MEDIA/MD/Light Crusader (E) (M4) [!].png	caratula
MOVIDO	emu/ROMS/MD/Lion King, The (W) [!].png	emu/MEDIA/MD/Lion King, The (W) [!].png	caratula
MOVIDO	emu/ROMS/MD/Lord Monarch (J) [!].png	emu/MEDIA/MD/Lord Monarch (J) [!].png	caratula
MOVIDO	emu/ROMS/MD/Lost Vikings, The (E).png	emu/MEDIA/MD/Lost Vikings, The (E).png	caratula
MOVIDO	emu/ROMS/MD/Lotus II RECS (UE) [!].png	emu/MEDIA/MD/Lotus II RECS (UE) [!].png	caratula
MOVIDO	emu/ROMS/MD/Lotus Turbo Challenge (UE) [!].png	emu/MEDIA/MD/Lotus Turbo Challenge (UE) [!].png	caratula
MOVIDO	emu/ROMS/MD/M-1 Abrams Battle Tank (UE) (REV01) [!].png	emu/MEDIA/MD/M-1 Abrams Battle Tank (UE) (REV01) [!].png	caratula
MOVIDO	emu/ROMS/MD/M.U.S.H.A (U) [!].png	emu/MEDIA/MD/M.U.S.H.A (U) [!].png	caratula
MOVIDO	emu/ROMS/MD/MLBPA Baseball (U) [!].png	emu/MEDIA/MD/MLBPA Baseball (U) [!].png	caratula
MOVIDO	emu/ROMS/MD/MLBPA Sports Talk Baseball (U) [!].png	emu/MEDIA/MD/MLBPA Sports Talk Baseball (U) [!].png	caratula
MOVIDO	emu/ROMS/MD/Madden NFL 95 (UE) [!].png	emu/MEDIA/MD/Madden NFL 95 (UE) [!].png	caratula
MOVIDO	emu/ROMS/MD/Madden NFL 96 (UE) [!].png	emu/MEDIA/MD/Madden NFL 96 (UE) [!].png	caratula
MOVIDO	emu/ROMS/MD/Madden NFL 97 (UE) [!].png	emu/MEDIA/MD/Madden NFL 97 (UE) [!].png	caratula
MOVIDO	emu/ROMS/MD/Madden NFL 98 (U) [c][!].png	emu/MEDIA/MD/Madden NFL 98 (U) [c][!].png	caratula
MOVIDO	emu/ROMS/MD/Magic School Bus, The (U) [!].png	emu/MEDIA/MD/Magic School Bus, The (U) [!].png	caratula
MOVIDO	emu/ROMS/MD/Man Overboard! - S.S. Lucifer (E) [c][!].png	emu/MEDIA/MD/Man Overboard! - S.S. Lucifer (E) [c][!].png	caratula
MOVIDO	emu/ROMS/MD/Marble Madness (UE) [!].png	emu/MEDIA/MD/Marble Madness (UE) [!].png	caratula
MOVIDO	emu/ROMS/MD/Mario Andretti Racing (UE) [!].png	emu/MEDIA/MD/Mario Andretti Racing (UE) [!].png	caratula
MOVIDO	emu/ROMS/MD/Mario Lemieux Hockey (UE) [!].png	emu/MEDIA/MD/Mario Lemieux Hockey (UE) [!].png	caratula
MOVIDO	emu/ROMS/MD/Marko's Magic Football (E) (M4) [!].png	emu/MEDIA/MD/Marko's Magic Football (E) (M4) [!].png	caratula
MOVIDO	emu/ROMS/MD/Marsupilami (E) (M5) [!].png	emu/MEDIA/MD/Marsupilami (E) (M5) [!].png	caratula
MOVIDO	emu/ROMS/MD/Mary Shelley's Frankenstein (U) [!].png	emu/MEDIA/MD/Mary Shelley's Frankenstein (U) [!].png	caratula
MOVIDO	emu/ROMS/MD/Master of Monsters (U) [!].png	emu/MEDIA/MD/Master of Monsters (U) [!].png	caratula
MOVIDO	emu/ROMS/MD/Master of Weapon (J) [!].png	emu/MEDIA/MD/Master of Weapon (J) [!].png	caratula
MOVIDO	emu/ROMS/MD/Math Blaster - Episode 1 (U) [!].png	emu/MEDIA/MD/Math Blaster - Episode 1 (U) [!].png	caratula
MOVIDO	emu/ROMS/MD/Mazin Wars (E) [!].png	emu/MEDIA/MD/Mazin Wars (E) [!].png	caratula
MOVIDO	emu/ROMS/MD/McDonald's Treasure Land Adventure (J) [!].png	emu/MEDIA/MD/McDonald's Treasure Land Adventure (J) [!].png	caratula
MOVIDO	emu/ROMS/MD/Mega Anser (J) (REV01) [!].png	emu/MEDIA/MD/Mega Anser (J) (REV01) [!].png	caratula
MOVIDO	emu/ROMS/MD/Mega Bomberman (UE) [!].png	emu/MEDIA/MD/Mega Bomberman (UE) [!].png	caratula
MOVIDO	emu/ROMS/MD/Mega Games 10 in 1 (EB) [!].png	emu/MEDIA/MD/Mega Games 10 in 1 (EB) [!].png	caratula
MOVIDO	emu/ROMS/MD/Mega Games 2 (E) [!].png	emu/MEDIA/MD/Mega Games 2 (E) [!].png	caratula
MOVIDO	emu/ROMS/MD/Mega Games 3 (E) [!].png	emu/MEDIA/MD/Mega Games 3 (E) [!].png	caratula
MOVIDO	emu/ROMS/MD/Mega Games 6 (Vol 1) (E) [!].png	emu/MEDIA/MD/Mega Games 6 (Vol 1) (E) [!].png	caratula
MOVIDO	emu/ROMS/MD/Mega Games 6 (Vol 2) (E) [!].png	emu/MEDIA/MD/Mega Games 6 (Vol 2) (E) [!].png	caratula
MOVIDO	emu/ROMS/MD/Mega Games 6 (Vol 3) (E) [!].png	emu/MEDIA/MD/Mega Games 6 (Vol 3) (E) [!].png	caratula
MOVIDO	emu/ROMS/MD/Mega Games I (E) [!].png	emu/MEDIA/MD/Mega Games I (E) [!].png	caratula
MOVIDO	emu/ROMS/MD/Mega Lo Mania (E) (REV01).png	emu/MEDIA/MD/Mega Lo Mania (E) (REV01).png	caratula
MOVIDO	emu/ROMS/MD/Mega SWIV (E).png	emu/MEDIA/MD/Mega SWIV (E).png	caratula
MOVIDO	emu/ROMS/MD/Mega Turrican (E) [!].png	emu/MEDIA/MD/Mega Turrican (E) [!].png	caratula
MOVIDO	emu/ROMS/MD/Megaman - The Wily Wars (E).png	emu/MEDIA/MD/Megaman - The Wily Wars (E).png	caratula
MOVIDO	emu/ROMS/MD/Megapanel (J) [c][!].png	emu/MEDIA/MD/Megapanel (J) [c][!].png	caratula
MOVIDO	emu/ROMS/MD/Menacer 6-in-1 Game Pack (UE) [!].png	emu/MEDIA/MD/Menacer 6-in-1 Game Pack (UE) [!].png	caratula
MOVIDO	emu/ROMS/MD/Mercs (W) [!].png	emu/MEDIA/MD/Mercs (W) [!].png	caratula
MOVIDO	emu/ROMS/MD/Metal Fangs (J) [c][!].png	emu/MEDIA/MD/Metal Fangs (J) [c][!].png	caratula
MOVIDO	emu/ROMS/MD/Michael Jackson's Moonwalker (W) (REV01) [!].png	emu/MEDIA/MD/Michael Jackson's Moonwalker (W) (REV01) [!].png	caratula
MOVIDO	emu/ROMS/MD/Mick & Mack as the Global Gladiators (E) [!].png	emu/MEDIA/MD/Mick & Mack as the Global Gladiators (E) [!].png	caratula
MOVIDO	emu/ROMS/MD/Mickey Mania - Timeless Adventures of Mickey Mouse (E) [!].png	emu/MEDIA/MD/Mickey Mania - Timeless Adventures of Mickey Mouse (E) [!].png	caratula
MOVIDO	emu/ROMS/MD/Mickey's Ultimate Challenge (U) [!].png	emu/MEDIA/MD/Mickey's Ultimate Challenge (U) [!].png	caratula
MOVIDO	emu/ROMS/MD/Micro Machines (UE) [c][!].png	emu/MEDIA/MD/Micro Machines (UE) [c][!].png	caratula
MOVIDO	emu/ROMS/MD/Micro Machines - Turbo Tournament '96 (V1.1) (E) (J-Cart) [c][!].png	emu/MEDIA/MD/Micro Machines - Turbo Tournament '96 (V1.1) (E) (J-Cart) [c][!].png	caratula
MOVIDO	emu/ROMS/MD/Micro Machines 2 - Turbo Tournament (E) (J-Cart) [c][!].png	emu/MEDIA/MD/Micro Machines 2 - Turbo Tournament (E) (J-Cart) [c][!].png	caratula
MOVIDO	emu/ROMS/MD/Micro Machines Military - It's a Blast! (E) (J-Cart) [c][!].png	emu/MEDIA/MD/Micro Machines Military - It's a Blast! (E) (J-Cart) [c][!].png	caratula
MOVIDO	emu/ROMS/MD/Midnight Resistance (U) [!].png	emu/MEDIA/MD/Midnight Resistance (U) [!].png	caratula
MOVIDO	emu/ROMS/MD/Mig-29 Fighter Pilot (E) [!].png	emu/MEDIA/MD/Mig-29 Fighter Pilot (E) [!].png	caratula
MOVIDO	emu/ROMS/MD/Might and Magic - Gates to Another World (UE) (REV01) [!].png	emu/MEDIA/MD/Might and Magic - Gates to Another World (UE) (REV01) [!].png	caratula
MOVIDO	emu/ROMS/MD/Might and Magic III - Isles of Terra (U) [f1].png	emu/MEDIA/MD/Might and Magic III - Isles of Terra (U) [f1].png	caratula
MOVIDO	emu/ROMS/MD/Mighty Morphin Power Rangers (E) [!].png	emu/MEDIA/MD/Mighty Morphin Power Rangers (E) [!].png	caratula
MOVIDO	emu/ROMS/MD/Mighty Morphin Power Rangers - The Movie (E) [!].png	emu/MEDIA/MD/Mighty Morphin Power Rangers - The Movie (E) [!].png	caratula
MOVIDO	emu/ROMS/MD/Mike Ditka Power Football (U) [!].png	emu/MEDIA/MD/Mike Ditka Power Football (U) [!].png	caratula
MOVIDO	emu/ROMS/MD/Minnesota Fats Pool Legend (U) [!].png	emu/MEDIA/MD/Minnesota Fats Pool Legend (U) [!].png	caratula
MOVIDO	emu/ROMS/MD/Miracle Piano Teaching System (U) [!].png	emu/MEDIA/MD/Miracle Piano Teaching System (U) [!].png	caratula
MOVIDO	emu/ROMS/MD/Misadventures of Flink, The (E) [!].png	emu/MEDIA/MD/Misadventures of Flink, The (E) [!].png	caratula
MOVIDO	emu/ROMS/MD/Monopoly (U) [c][!].png	emu/MEDIA/MD/Monopoly (U) [c][!].png	caratula
MOVIDO	emu/ROMS/MD/Monster World IV (J) [!].png	emu/MEDIA/MD/Monster World IV (J) [!].png	caratula
MOVIDO	emu/ROMS/MD/Mortal Kombat (UE) (REV01) [c][!].png	emu/MEDIA/MD/Mortal Kombat (UE) (REV01) [c][!].png	caratula
MOVIDO	emu/ROMS/MD/Mortal Kombat 3 (E) [!].png	emu/MEDIA/MD/Mortal Kombat 3 (E) [!].png	caratula
MOVIDO	emu/ROMS/MD/Mortal Kombat II (W) [!].png	emu/MEDIA/MD/Mortal Kombat II (W) [!].png	caratula
MOVIDO	emu/ROMS/MD/Mr. Nutz (E) [!].png	emu/MEDIA/MD/Mr. Nutz (E) [!].png	caratula
MOVIDO	emu/ROMS/MD/Ms. Pac-Man (U) [!].png	emu/MEDIA/MD/Ms. Pac-Man (U) [!].png	caratula
MOVIDO	emu/ROMS/MD/Muhammad Ali Heavyweight Boxing (E).png	emu/MEDIA/MD/Muhammad Ali Heavyweight Boxing (E).png	caratula
MOVIDO	emu/ROMS/MD/Mutant League Football (UE) [!].png	emu/MEDIA/MD/Mutant League Football (UE) [!].png	caratula
MOVIDO	emu/ROMS/MD/Mutant League Hockey (UE) [!].png	emu/MEDIA/MD/Mutant League Hockey (UE) [!].png	caratula
MOVIDO	emu/ROMS/MD/Mystic Defender (W) (REV01) [!].png	emu/MEDIA/MD/Mystic Defender (W) (REV01) [!].png	caratula
MOVIDO	emu/ROMS/MD/Mystical Fighter (U) [c][!].png	emu/MEDIA/MD/Mystical Fighter (U) [c][!].png	caratula
MOVIDO	emu/ROMS/MD/NBA Action '95 (UE) [!].png	emu/MEDIA/MD/NBA Action '95 (UE) [!].png	caratula
MOVIDO	emu/ROMS/MD/NBA Action (U) [!].png	emu/MEDIA/MD/NBA Action (U) [!].png	caratula
MOVIDO	emu/ROMS/MD/NBA All-Star Challenge (UE) [!].png	emu/MEDIA/MD/NBA All-Star Challenge (UE) [!].png	caratula
MOVIDO	emu/ROMS/MD/NBA Hang Time (E) [!].png	emu/MEDIA/MD/NBA Hang Time (E) [!].png	caratula
MOVIDO	emu/ROMS/MD/NBA Jam (UE) (REV01) [!].png	emu/MEDIA/MD/NBA Jam (UE) (REV01) [!].png	caratula
MOVIDO	emu/ROMS/MD/NBA Jam Tournament Edition (W) (REV01) [!].png	emu/MEDIA/MD/NBA Jam Tournament Edition (W) (REV01) [!].png	caratula
MOVIDO	emu/ROMS/MD/NBA Live 95 (UE) [!].png	emu/MEDIA/MD/NBA Live 95 (UE) [!].png	caratula
MOVIDO	emu/ROMS/MD/NBA Live 96 (UE) [!].png	emu/MEDIA/MD/NBA Live 96 (UE) [!].png	caratula
MOVIDO	emu/ROMS/MD/NBA Live 97 (UE) [!].png	emu/MEDIA/MD/NBA Live 97 (UE) [!].png	caratula
MOVIDO	emu/ROMS/MD/NBA Live 98 (U) [!].png	emu/MEDIA/MD/NBA Live 98 (U) [!].png	caratula
MOVIDO	emu/ROMS/MD/NBA Showdown 94 (UE) [!].png	emu/MEDIA/MD/NBA Showdown 94 (UE) [!].png	caratula
MOVIDO	emu/ROMS/MD/NCAA College Football (U) [!].png	emu/MEDIA/MD/NCAA College Football (U) [!].png	caratula
MOVIDO	emu/ROMS/MD/NCAA Final Four College Basketball (U) [!].png	emu/MEDIA/MD/NCAA Final Four College Basketball (U) [!].png	caratula
MOVIDO	emu/ROMS/MD/NFL '95 (U) [!].png	emu/MEDIA/MD/NFL '95 (U) [!].png	caratula
MOVIDO	emu/ROMS/MD/NFL 98 (U) [!].png	emu/MEDIA/MD/NFL 98 (U) [!].png	caratula
MOVIDO	emu/ROMS/MD/NFL Football '94 Starring Joe Montana (U) [!].png	emu/MEDIA/MD/NFL Football '94 Starring Joe Montana (U) [!].png	caratula
MOVIDO	emu/ROMS/MD/NFL Prime Time (U) [!].png	emu/MEDIA/MD/NFL Prime Time (U) [!].png	caratula
MOVIDO	emu/ROMS/MD/NFL Quarterback Club (W) [!].png	emu/MEDIA/MD/NFL Quarterback Club (W) [!].png	caratula
MOVIDO	emu/ROMS/MD/NFL Quarterback Club 96 (UE) [!].png	emu/MEDIA/MD/NFL Quarterback Club 96 (UE) [!].png	caratula
MOVIDO	emu/ROMS/MD/NHL 94 (UE) [!].png	emu/MEDIA/MD/NHL 94 (UE) [!].png	caratula
MOVIDO	emu/ROMS/MD/NHL 95 (UE) [!].png	emu/MEDIA/MD/NHL 95 (UE) [!].png	caratula
MOVIDO	emu/ROMS/MD/NHL 96 (UE) [!].png	emu/MEDIA/MD/NHL 96 (UE) [!].png	caratula
MOVIDO	emu/ROMS/MD/NHL 97 (UE) [!].png	emu/MEDIA/MD/NHL 97 (UE) [!].png	caratula
MOVIDO	emu/ROMS/MD/NHL 98 (U) [c][!].png	emu/MEDIA/MD/NHL 98 (U) [c][!].png	caratula
MOVIDO	emu/ROMS/MD/NHL All-Star Hockey '95 (U) [!].png	emu/MEDIA/MD/NHL All-Star Hockey '95 (U) [!].png	caratula
MOVIDO	emu/ROMS/MD/NHLPA Hockey '93 (UE) (REV01) [!].png	emu/MEDIA/MD/NHLPA Hockey '93 (UE) (REV01) [!].png	caratula
MOVIDO	emu/ROMS/MD/New Zealand Story, The (J) [!].png	emu/MEDIA/MD/New Zealand Story, The (J) [!].png	caratula
MOVIDO	emu/ROMS/MD/Newman-Haas IndyCar Racing (W) [!].png	emu/MEDIA/MD/Newman-Haas IndyCar Racing (W) [!].png	caratula
MOVIDO	emu/ROMS/MD/Nigel Mansell's World Championship (E).png	emu/MEDIA/MD/Nigel Mansell's World Championship (E).png	caratula
MOVIDO	emu/ROMS/MD/Nightmare Circus (B) [!].png	emu/MEDIA/MD/Nightmare Circus (B) [!].png	caratula
MOVIDO	emu/ROMS/MD/Ninja Gaiden (Beta).png	emu/MEDIA/MD/Ninja Gaiden (Beta).png	caratula
MOVIDO	emu/ROMS/MD/No Escape (U) [!].png	emu/MEDIA/MD/No Escape (U) [!].png	caratula
MOVIDO	emu/ROMS/MD/Nobunaga's Ambition (U) [!].png	emu/MEDIA/MD/Nobunaga's Ambition (U) [!].png	caratula
MOVIDO	emu/ROMS/MD/Normy's Beach Babe-O-Rama (UE) [!].png	emu/MEDIA/MD/Normy's Beach Babe-O-Rama (UE) [!].png	caratula
MOVIDO	emu/ROMS/MD/Olympic Gold - Barcelona 92 (E) (M8) [c][!].png	emu/MEDIA/MD/Olympic Gold - Barcelona 92 (E) (M8) [c][!].png	caratula
MOVIDO	emu/ROMS/MD/Olympic Summer Games Atlanta 96 (UE) [!].png	emu/MEDIA/MD/Olympic Summer Games Atlanta 96 (UE) [!].png	caratula
MOVIDO	emu/ROMS/MD/Olympic Winter Games - Lillehammer 94 (E) [c][!].png	emu/MEDIA/MD/Olympic Winter Games - Lillehammer 94 (E) [c][!].png	caratula
MOVIDO	emu/ROMS/MD/Ooze, The (E) [!].png	emu/MEDIA/MD/Ooze, The (E) [!].png	caratula
MOVIDO	emu/ROMS/MD/Operation Europe - Path to Victory 1939-1945 (U) [!].png	emu/MEDIA/MD/Operation Europe - Path to Victory 1939-1945 (U) [!].png	caratula
MOVIDO	emu/ROMS/MD/Ottifants, The (E) (M5) [!].png	emu/MEDIA/MD/Ottifants, The (E) (M5) [!].png	caratula
MOVIDO	emu/ROMS/MD/OutRun (W) [!].png	emu/MEDIA/MD/OutRun (W) [!].png	caratula
MOVIDO	emu/ROMS/MD/OutRun 2019 (E) [!].png	emu/MEDIA/MD/OutRun 2019 (E) [!].png	caratula
MOVIDO	emu/ROMS/MD/OutRunners (U) [!].png	emu/MEDIA/MD/OutRunners (U) [!].png	caratula
MOVIDO	emu/ROMS/MD/Outlander (U) [!].png	emu/MEDIA/MD/Outlander (U) [!].png	caratula
MOVIDO	emu/ROMS/MD/P.T.O. Pacific Theater of Operations (U) [!].png	emu/MEDIA/MD/P.T.O. Pacific Theater of Operations (U) [!].png	caratula
MOVIDO	emu/ROMS/MD/PGA European Tour (UE) [!].png	emu/MEDIA/MD/PGA European Tour (UE) [!].png	caratula
MOVIDO	emu/ROMS/MD/PGA Tour 96 (UE) [!].png	emu/MEDIA/MD/PGA Tour 96 (UE) [!].png	caratula
MOVIDO	emu/ROMS/MD/PGA Tour Golf (UE) (REV02) [!].png	emu/MEDIA/MD/PGA Tour Golf (UE) (REV02) [!].png	caratula
MOVIDO	emu/ROMS/MD/PGA Tour Golf II (UE) (REV01) [!].png	emu/MEDIA/MD/PGA Tour Golf II (UE) (REV01) [!].png	caratula
MOVIDO	emu/ROMS/MD/PGA Tour Golf III (UE) [!].png	emu/MEDIA/MD/PGA Tour Golf III (UE) [!].png	caratula
MOVIDO	emu/ROMS/MD/Pac-Attack (U) [!].png	emu/MEDIA/MD/Pac-Attack (U) [!].png	caratula
MOVIDO	emu/ROMS/MD/Pac-Man 2 - The New Adventures (U) [!].png	emu/MEDIA/MD/Pac-Man 2 - The New Adventures (U) [!].png	caratula
MOVIDO	emu/ROMS/MD/Pac-Mania (U) [!].png	emu/MEDIA/MD/Pac-Mania (U) [!].png	caratula
MOVIDO	emu/ROMS/MD/Pagemaster, The (E) [!].png	emu/MEDIA/MD/Pagemaster, The (E) [!].png	caratula
MOVIDO	emu/ROMS/MD/Panorama Cotton (J) [c][!].png	emu/MEDIA/MD/Panorama Cotton (J) [c][!].png	caratula
MOVIDO	emu/ROMS/MD/Paperboy (UE) [!].png	emu/MEDIA/MD/Paperboy (UE) [!].png	caratula
MOVIDO	emu/ROMS/MD/Paperboy II (E) [b1+C].png	emu/MEDIA/MD/Paperboy II (E) [b1+C].png	caratula
MOVIDO	emu/ROMS/MD/Patlabor (J) [c][!].png	emu/MEDIA/MD/Patlabor (J) [c][!].png	caratula
MOVIDO	emu/ROMS/MD/Pebble Beach Golf Links (E).png	emu/MEDIA/MD/Pebble Beach Golf Links (E).png	caratula
MOVIDO	emu/ROMS/MD/Pele! (UE) [!].png	emu/MEDIA/MD/Pele! (UE) [!].png	caratula
MOVIDO	emu/ROMS/MD/Pele's World Tournament Soccer (UE) [!].png	emu/MEDIA/MD/Pele's World Tournament Soccer (UE) [!].png	caratula
MOVIDO	emu/ROMS/MD/Pengo (J) [!].png	emu/MEDIA/MD/Pengo (J) [!].png	caratula
MOVIDO	emu/ROMS/MD/Pete Sampras Tennis (E) (REV03) (J-Cart) [!].png	emu/MEDIA/MD/Pete Sampras Tennis (E) (REV03) (J-Cart) [!].png	caratula
MOVIDO	emu/ROMS/MD/Pete Sampras Tennis 96 (E) [c][!].png	emu/MEDIA/MD/Pete Sampras Tennis 96 (E) [c][!].png	caratula
MOVIDO	emu/ROMS/MD/Phantasy Star - The End of the Millenium (U) [!].png	emu/MEDIA/MD/Phantasy Star - The End of the Millenium (U) [!].png	caratula
MOVIDO	emu/ROMS/MD/Phantasy Star II (UE) (REV02) [!].png	emu/MEDIA/MD/Phantasy Star II (UE) (REV02) [!].png	caratula
MOVIDO	emu/ROMS/MD/Phantasy Star III - Generations of Doom (UE) [!].png	emu/MEDIA/MD/Phantasy Star III - Generations of Doom (UE) [!].png	caratula
MOVIDO	emu/ROMS/MD/Phantom 2040 (E) [!].png	emu/MEDIA/MD/Phantom 2040 (E) [!].png	caratula
MOVIDO	emu/ROMS/MD/Pink Goes to Hollywood (U) [!].png	emu/MEDIA/MD/Pink Goes to Hollywood (U) [!].png	caratula
MOVIDO	emu/ROMS/MD/Pinocchio (USA).png	emu/MEDIA/MD/Pinocchio (USA).png	caratula
MOVIDO	emu/ROMS/MD/Pirates of Dark Water, The (U) [!].png	emu/MEDIA/MD/Pirates of Dark Water, The (U) [!].png	caratula
MOVIDO	emu/ROMS/MD/Pirates! Gold (U) [!].png	emu/MEDIA/MD/Pirates! Gold (U) [!].png	caratula
MOVIDO	emu/ROMS/MD/Pit Fighter (UE) (Jun 1991) [!].png	emu/MEDIA/MD/Pit Fighter (UE) (Jun 1991) [!].png	caratula
MOVIDO	emu/ROMS/MD/Pitfall - The Mayan Adventure (E) [!].png	emu/MEDIA/MD/Pitfall - The Mayan Adventure (E) [!].png	caratula
MOVIDO	emu/ROMS/MD/Pocahontas (E) [!].png	emu/MEDIA/MD/Pocahontas (E) [!].png	caratula
MOVIDO	emu/ROMS/MD/Populous (E) [!].png	emu/MEDIA/MD/Populous (E) [!].png	caratula
MOVIDO	emu/ROMS/MD/Populous II - Two Tribes (E) [!].png	emu/MEDIA/MD/Populous II - Two Tribes (E) [!].png	caratula
MOVIDO	emu/ROMS/MD/Power Drive (E) (M5) [!].png	emu/MEDIA/MD/Power Drive (E) (M5) [!].png	caratula
MOVIDO	emu/ROMS/MD/Power Instinct (J) [!].png	emu/MEDIA/MD/Power Instinct (J) [!].png	caratula
MOVIDO	emu/ROMS/MD/Power Monger (UE) [!].png	emu/MEDIA/MD/Power Monger (UE) [!].png	caratula
MOVIDO	emu/ROMS/MD/Powerball (U) [c][!].png	emu/MEDIA/MD/Powerball (U) [c][!].png	caratula
MOVIDO	emu/ROMS/MD/Predator 2 (UE) [!].png	emu/MEDIA/MD/Predator 2 (UE) [!].png	caratula
MOVIDO	emu/ROMS/MD/Premier Manager (E) [!].png	emu/MEDIA/MD/Premier Manager (E) [!].png	caratula
MOVIDO	emu/ROMS/MD/Premier Manager 97 (E) [!].png	emu/MEDIA/MD/Premier Manager 97 (E) [!].png	caratula
MOVIDO	emu/ROMS/MD/Primal Rage (UE) [!].png	emu/MEDIA/MD/Primal Rage (UE) [!].png	caratula
MOVIDO	emu/ROMS/MD/Prince of Persia (E).png	emu/MEDIA/MD/Prince of Persia (E).png	caratula
MOVIDO	emu/ROMS/MD/Pro Quarterback (U) [c][!].png	emu/MEDIA/MD/Pro Quarterback (U) [c][!].png	caratula
MOVIDO	emu/ROMS/MD/Probotector (E) [!].png	emu/MEDIA/MD/Probotector (E) [!].png	caratula
MOVIDO	emu/ROMS/MD/Psy-O-Blade Moving Adventure (J) [!].png	emu/MEDIA/MD/Psy-O-Blade Moving Adventure (J) [!].png	caratula
MOVIDO	emu/ROMS/MD/Psycho Pinball (E) (Oct 1994) (M5) [c][!].png	emu/MEDIA/MD/Psycho Pinball (E) (Oct 1994) (M5) [c][!].png	caratula
MOVIDO	emu/ROMS/MD/Puggsy (E) [!].png	emu/MEDIA/MD/Puggsy (E) [!].png	caratula
MOVIDO	emu/ROMS/MD/Pulseman (J) [c][!].png	emu/MEDIA/MD/Pulseman (J) [c][!].png	caratula
MOVIDO	emu/ROMS/MD/Punisher, The (USA).png	emu/MEDIA/MD/Punisher, The (USA).png	caratula
MOVIDO	emu/ROMS/MD/Puyo Puyo Tsu (J) (REV01) [!].png	emu/MEDIA/MD/Puyo Puyo Tsu (J) (REV01) [!].png	caratula
MOVIDO	emu/ROMS/MD/Quack Shot Starring Donald Duck (W) (REV01) [!].png	emu/MEDIA/MD/Quack Shot Starring Donald Duck (W) (REV01) [!].png	caratula
MOVIDO	emu/ROMS/MD/Quad Challenge (U) [c][!].png	emu/MEDIA/MD/Quad Challenge (U) [c][!].png	caratula
MOVIDO	emu/ROMS/MD/RBI Baseball 3 (U) [c][!].png	emu/MEDIA/MD/RBI Baseball 3 (U) [c][!].png	caratula
MOVIDO	emu/ROMS/MD/RBI Baseball 4 (U) [!].png	emu/MEDIA/MD/RBI Baseball 4 (U) [!].png	caratula
MOVIDO	emu/ROMS/MD/RBI Baseball 93 (U) [!].png	emu/MEDIA/MD/RBI Baseball 93 (U) [!].png	caratula
MOVIDO	emu/ROMS/MD/RBI Baseball 94 (UE) [!].png	emu/MEDIA/MD/RBI Baseball 94 (UE) [!].png	caratula
MOVIDO	emu/ROMS/MD/Race Drivin' (U) [!].png	emu/MEDIA/MD/Race Drivin' (U) [!].png	caratula
MOVIDO	emu/ROMS/MD/Radical Rex (E).png	emu/MEDIA/MD/Radical Rex (E).png	caratula
MOVIDO	emu/ROMS/MD/Raiden Trad (JU) [!].png	emu/MEDIA/MD/Raiden Trad (JU) [!].png	caratula
MOVIDO	emu/ROMS/MD/Rainbow Islands - The Story of Bubble Bobble 2 (J) [c][!].png	emu/MEDIA/MD/Rainbow Islands - The Story of Bubble Bobble 2 (J) [c][!].png	caratula
MOVIDO	emu/ROMS/MD/Rambo III (W) (REV01) [!].png	emu/MEDIA/MD/Rambo III (W) (REV01) [!].png	caratula
MOVIDO	emu/ROMS/MD/Rampart (U) [!].png	emu/MEDIA/MD/Rampart (U) [!].png	caratula
MOVIDO	emu/ROMS/MD/Ranger-X (E) [!].png	emu/MEDIA/MD/Ranger-X (E) [!].png	caratula
MOVIDO	emu/ROMS/MD/Rastan Saga II (U) [!].png	emu/MEDIA/MD/Rastan Saga II (U) [!].png	caratula
MOVIDO	emu/ROMS/MD/Red Zone (UE) [!].png	emu/MEDIA/MD/Red Zone (UE) [!].png	caratula
MOVIDO	emu/ROMS/MD/Ren and Stimpy Show, The - Stimpy's Invention (E) [!].png	emu/MEDIA/MD/Ren and Stimpy Show, The - Stimpy's Invention (E) [!].png	caratula
MOVIDO	emu/ROMS/MD/Rent A Hero (J) [!].png	emu/MEDIA/MD/Rent A Hero (J) [!].png	caratula
MOVIDO	emu/ROMS/MD/Resq (Beta).png	emu/MEDIA/MD/Resq (Beta).png	caratula
MOVIDO	emu/ROMS/MD/Revenge of Shinobi, The (W) (REV03) [!].png	emu/MEDIA/MD/Revenge of Shinobi, The (W) (REV03) [!].png	caratula
MOVIDO	emu/ROMS/MD/Revolution X (UE) [!].png	emu/MEDIA/MD/Revolution X (UE) [!].png	caratula
MOVIDO	emu/ROMS/MD/Richard Scarry's Busytown (U) [!].png	emu/MEDIA/MD/Richard Scarry's Busytown (U) [!].png	caratula
MOVIDO	emu/ROMS/MD/Rings of Power (UE) [!].png	emu/MEDIA/MD/Rings of Power (UE) [!].png	caratula
MOVIDO	emu/ROMS/MD/Rise of the Robots (E) [!].png	emu/MEDIA/MD/Rise of the Robots (E) [!].png	caratula
MOVIDO	emu/ROMS/MD/Risk (U) [!].png	emu/MEDIA/MD/Risk (U) [!].png	caratula
MOVIDO	emu/ROMS/MD/Risky Woods (UE) [!].png	emu/MEDIA/MD/Risky Woods (UE) [!].png	caratula
MOVIDO	emu/ROMS/MD/Ristar (UE) [!].png	emu/MEDIA/MD/Ristar (UE) [!].png	caratula
MOVIDO	emu/ROMS/MD/Road Blasters (U) [!].png	emu/MEDIA/MD/Road Blasters (U) [!].png	caratula
MOVIDO	emu/ROMS/MD/Road Rash (Improvement) (v1.1).png	emu/MEDIA/MD/Road Rash (Improvement) (v1.1).png	caratula
MOVIDO	emu/ROMS/MD/Road Rash 2 (Improvement) (v1.2).png	emu/MEDIA/MD/Road Rash 2 (Improvement) (v1.2).png	caratula
MOVIDO	emu/ROMS/MD/Road Rash 3 (Improvement) (v1.04).png	emu/MEDIA/MD/Road Rash 3 (Improvement) (v1.04).png	caratula
MOVIDO	emu/ROMS/MD/Robocop 3 (UE) [!].png	emu/MEDIA/MD/Robocop 3 (UE) [!].png	caratula
MOVIDO	emu/ROMS/MD/Robocop Versus The Terminator (E).png	emu/MEDIA/MD/Robocop Versus The Terminator (E).png	caratula
MOVIDO	emu/ROMS/MD/Rock n' Roll Racing (E) [!].png	emu/MEDIA/MD/Rock n' Roll Racing (E) [!].png	caratula
MOVIDO	emu/ROMS/MD/Rocket Knight Adventures (E) [!].png	emu/MEDIA/MD/Rocket Knight Adventures (E) [!].png	caratula
MOVIDO	emu/ROMS/MD/Rocky and Bullwinkle, The Adventures of (U) [!].png	emu/MEDIA/MD/Rocky and Bullwinkle, The Adventures of (U) [!].png	caratula
MOVIDO	emu/ROMS/MD/Roger Clemens' MVP Baseball (U) [!].png	emu/MEDIA/MD/Roger Clemens' MVP Baseball (U) [!].png	caratula
MOVIDO	emu/ROMS/MD/Rolling Thunder 2 (E) [c][!].png	emu/MEDIA/MD/Rolling Thunder 2 (E) [c][!].png	caratula
MOVIDO	emu/ROMS/MD/Rolling Thunder 3 (U) [c][!].png	emu/MEDIA/MD/Rolling Thunder 3 (U) [c][!].png	caratula
MOVIDO	emu/ROMS/MD/Rolo to the Rescue (UE) [!].png	emu/MEDIA/MD/Rolo to the Rescue (UE) [!].png	caratula
MOVIDO	emu/ROMS/MD/Romance of the Three Kingdoms II (U) [!].png	emu/MEDIA/MD/Romance of the Three Kingdoms II (U) [!].png	caratula
MOVIDO	emu/ROMS/MD/Romance of the Three Kingdoms III (U) [!].png	emu/MEDIA/MD/Romance of the Three Kingdoms III (U) [!].png	caratula
MOVIDO	emu/ROMS/MD/Sagaia (U) [c][!].png	emu/MEDIA/MD/Sagaia (U) [c][!].png	caratula
MOVIDO	emu/ROMS/MD/Saint Sword (U) [c][!].png	emu/MEDIA/MD/Saint Sword (U) [c][!].png	caratula
MOVIDO	emu/ROMS/MD/Same! Same! Same! (J) [!].png	emu/MEDIA/MD/Same! Same! Same! (J) [!].png	caratula
MOVIDO	emu/ROMS/MD/Samurai Shodown (E) [c][!].png	emu/MEDIA/MD/Samurai Shodown (E) [c][!].png	caratula
MOVIDO	emu/ROMS/MD/Saturday Night Slam Masters (E).png	emu/MEDIA/MD/Saturday Night Slam Masters (E).png	caratula
MOVIDO	emu/ROMS/MD/Scooby Doo Mystery (U) [!].png	emu/MEDIA/MD/Scooby Doo Mystery (U) [!].png	caratula
MOVIDO	emu/ROMS/MD/Scrabble (Beta).png	emu/MEDIA/MD/Scrabble (Beta).png	caratula
MOVIDO	emu/ROMS/MD/SeaQuest DSV (E).png	emu/MEDIA/MD/SeaQuest DSV (E).png	caratula
MOVIDO	emu/ROMS/MD/Second Samurai, The (E).png	emu/MEDIA/MD/Second Samurai, The (E).png	caratula
MOVIDO	emu/ROMS/MD/Sega Channel (U).png	emu/MEDIA/MD/Sega Channel (U).png	caratula
MOVIDO	emu/ROMS/MD/Sega Sports 1 (Wimbledon, Ult.Soccer, Super Monaco) (E) [!].png	emu/MEDIA/MD/Sega Sports 1 (Wimbledon, Ult.Soccer, Super Monaco) (E) [!].png	caratula
MOVIDO	emu/ROMS/MD/Sega Top 5 (B) [!].png	emu/MEDIA/MD/Sega Top 5 (B) [!].png	caratula
MOVIDO	emu/ROMS/MD/Sensible Soccer - International Edition (E) (M4) [!].png	emu/MEDIA/MD/Sensible Soccer - International Edition (E) (M4) [!].png	caratula
MOVIDO	emu/ROMS/MD/Sesame Street Counting Cafe (U) [!].png	emu/MEDIA/MD/Sesame Street Counting Cafe (U) [!].png	caratula
MOVIDO	emu/ROMS/MD/Shadow Blasters (U) [c][!].png	emu/MEDIA/MD/Shadow Blasters (U) [c][!].png	caratula
MOVIDO	emu/ROMS/MD/Shadow Dancer - The Secret of Shinobi (W) [c][!].png	emu/MEDIA/MD/Shadow Dancer - The Secret of Shinobi (W) [c][!].png	caratula
MOVIDO	emu/ROMS/MD/Shadow of the Beast (UE) [!].png	emu/MEDIA/MD/Shadow of the Beast (UE) [!].png	caratula
MOVIDO	emu/ROMS/MD/Shadow of the Beast 2 (UE) [!].png	emu/MEDIA/MD/Shadow of the Beast 2 (UE) [!].png	caratula
MOVIDO	emu/ROMS/MD/Shadowrun (U) [!].png	emu/MEDIA/MD/Shadowrun (U) [!].png	caratula
MOVIDO	emu/ROMS/MD/Shane Warne Cricket (E) [c][!].png	emu/MEDIA/MD/Shane Warne Cricket (E) [c][!].png	caratula
MOVIDO	emu/ROMS/MD/Shanghai 2 - Dragon's Eye (U) [!].png	emu/MEDIA/MD/Shanghai 2 - Dragon's Eye (U) [!].png	caratula
MOVIDO	emu/ROMS/MD/Shaq Fu (UE) [!].png	emu/MEDIA/MD/Shaq Fu (UE) [!].png	caratula
MOVIDO	emu/ROMS/MD/Shining Force (U) [!].png	emu/MEDIA/MD/Shining Force (U) [!].png	caratula
MOVIDO	emu/ROMS/MD/Shining Force II (E) [!].png	emu/MEDIA/MD/Shining Force II (E) [!].png	caratula
MOVIDO	emu/ROMS/MD/Shining in the Darkness (UE) [!].png	emu/MEDIA/MD/Shining in the Darkness (UE) [!].png	caratula
MOVIDO	emu/ROMS/MD/Shinobi III - Return of the Ninja Master (E) [c][!].png	emu/MEDIA/MD/Shinobi III - Return of the Ninja Master (E) [c][!].png	caratula
MOVIDO	emu/ROMS/MD/Shove It! - The Warehouse Game (U) [!].png	emu/MEDIA/MD/Shove It! - The Warehouse Game (U) [!].png	caratula
MOVIDO	emu/ROMS/MD/Show do Milhao (B) [!].png	emu/MEDIA/MD/Show do Milhao (B) [!].png	caratula
MOVIDO	emu/ROMS/MD/Show do Milhao Volume 2 (B) [!].png	emu/MEDIA/MD/Show do Milhao Volume 2 (B) [!].png	caratula
MOVIDO	emu/ROMS/MD/Side Pocket (E) [!].png	emu/MEDIA/MD/Side Pocket (E) [!].png	caratula
MOVIDO	emu/ROMS/MD/Simpsons, The - Bart vs The Space Mutants (UE) (REV01) [!].png	emu/MEDIA/MD/Simpsons, The - Bart vs The Space Mutants (UE) (REV01) [!].png	caratula
MOVIDO	emu/ROMS/MD/Simpsons, The - Bart's Nightmare (UE) (REV02) [!].png	emu/MEDIA/MD/Simpsons, The - Bart's Nightmare (UE) (REV02) [!].png	caratula
MOVIDO	emu/ROMS/MD/Skeleton Krew (E).png	emu/MEDIA/MD/Skeleton Krew (E).png	caratula
MOVIDO	emu/ROMS/MD/Skitchin' (UE) [!].png	emu/MEDIA/MD/Skitchin' (UE) [!].png	caratula
MOVIDO	emu/ROMS/MD/Slaughter Sport (U) [c][!].png	emu/MEDIA/MD/Slaughter Sport (U) [c][!].png	caratula
MOVIDO	emu/ROMS/MD/Smurfs 2, The (E) (M4) [!].png	emu/MEDIA/MD/Smurfs 2, The (E) (M4) [!].png	caratula
MOVIDO	emu/ROMS/MD/Smurfs, The (E) (M5) [!].png	emu/MEDIA/MD/Smurfs, The (E) (M5) [!].png	caratula
MOVIDO	emu/ROMS/MD/Snake Rattle 'n' Roll (E) [c][!].png	emu/MEDIA/MD/Snake Rattle 'n' Roll (E) [c][!].png	caratula
MOVIDO	emu/ROMS/MD/Snow Bros. - Nick & Tom (J) [c][!].png	emu/MEDIA/MD/Snow Bros. - Nick & Tom (J) [c][!].png	caratula
MOVIDO	emu/ROMS/MD/Socket (U) [!].png	emu/MEDIA/MD/Socket (U) [!].png	caratula
MOVIDO	emu/ROMS/MD/Sol-Deace (U) [!].png	emu/MEDIA/MD/Sol-Deace (U) [!].png	caratula
MOVIDO	emu/ROMS/MD/Soleil (E) [!].png	emu/MEDIA/MD/Soleil (E) [!].png	caratula
MOVIDO	emu/ROMS/MD/Sonic 3D Blast (UE) [!].png	emu/MEDIA/MD/Sonic 3D Blast (UE) [!].png	caratula
MOVIDO	emu/ROMS/MD/Sonic Classics (Compilation) (E) (REV00) [!].png	emu/MEDIA/MD/Sonic Classics (Compilation) (E) (REV00) [!].png	caratula
MOVIDO	emu/ROMS/MD/Sonic Eraser (SN) (J) [!].png	emu/MEDIA/MD/Sonic Eraser (SN) (J) [!].png	caratula
MOVIDO	emu/ROMS/MD/Sonic Spinball (E) [!].png	emu/MEDIA/MD/Sonic Spinball (E) [!].png	caratula
MOVIDO	emu/ROMS/MD/Sonic The Hedgehog (W) (REVXB).png	emu/MEDIA/MD/Sonic The Hedgehog (W) (REVXB).png	caratula
MOVIDO	emu/ROMS/MD/Sonic The Hedgehog 2 (W) (REVSC02).png	emu/MEDIA/MD/Sonic The Hedgehog 2 (W) (REVSC02).png	caratula
MOVIDO	emu/ROMS/MD/Sonic The Hedgehog 3 (E) [!].png	emu/MEDIA/MD/Sonic The Hedgehog 3 (E) [!].png	caratula
MOVIDO	emu/ROMS/MD/Sonic and Crackers (Beta).png	emu/MEDIA/MD/Sonic and Crackers (Beta).png	caratula
MOVIDO	emu/ROMS/MD/Sonic and Knuckles (W) [!].png	emu/MEDIA/MD/Sonic and Knuckles (W) [!].png	caratula
MOVIDO	emu/ROMS/MD/Sorcerer's Kingdom (U) (REV01) [!].png	emu/MEDIA/MD/Sorcerer's Kingdom (U) (REV01) [!].png	caratula
MOVIDO	emu/ROMS/MD/Sorcerian (J) [!].png	emu/MEDIA/MD/Sorcerian (J) [!].png	caratula
MOVIDO	emu/ROMS/MD/Space Harrier II (UE) [!].png	emu/MEDIA/MD/Space Harrier II (UE) [!].png	caratula
MOVIDO	emu/ROMS/MD/Space Invaders 91 (U) [c][!].png	emu/MEDIA/MD/Space Invaders 91 (U) [c][!].png	caratula
MOVIDO	emu/ROMS/MD/Sparkster (E) [!].png	emu/MEDIA/MD/Sparkster (E) [!].png	caratula
MOVIDO	emu/ROMS/MD/Speed Ball 2 - Brutal Deluxe (E) [!].png	emu/MEDIA/MD/Speed Ball 2 - Brutal Deluxe (E) [!].png	caratula
MOVIDO	emu/ROMS/MD/Spider-Man - The Animated Series (W) [!].png	emu/MEDIA/MD/Spider-Man - The Animated Series (W) [!].png	caratula
MOVIDO	emu/ROMS/MD/Spider-Man and Venom - Maximum Carnage (W) [!].png	emu/MEDIA/MD/Spider-Man and Venom - Maximum Carnage (W) [!].png	caratula
MOVIDO	emu/ROMS/MD/Spider-Man and Venom - Separation Anxiety (U) [!].png	emu/MEDIA/MD/Spider-Man and Venom - Separation Anxiety (U) [!].png	caratula
MOVIDO	emu/ROMS/MD/Spider-Man and X-Men - Arcade's Revenge (UE) [!].png	emu/MEDIA/MD/Spider-Man and X-Men - Arcade's Revenge (UE) [!].png	caratula
MOVIDO	emu/ROMS/MD/Spider-Man vs The Kingpin (W) [!].png	emu/MEDIA/MD/Spider-Man vs The Kingpin (W) [!].png	caratula
MOVIDO	emu/ROMS/MD/Spirou (E) [!].png	emu/MEDIA/MD/Spirou (E) [!].png	caratula
MOVIDO	emu/ROMS/MD/Splatterhouse 2 (USA).png	emu/MEDIA/MD/Splatterhouse 2 (USA).png	caratula
MOVIDO	emu/ROMS/MD/Splatterhouse 3 (U) [c][!].png	emu/MEDIA/MD/Splatterhouse 3 (U) [c][!].png	caratula
MOVIDO	emu/ROMS/MD/Spot Goes to Hollywood (E) [!].png	emu/MEDIA/MD/Spot Goes to Hollywood (E) [!].png	caratula
MOVIDO	emu/ROMS/MD/Star Control (U) [c][!].png	emu/MEDIA/MD/Star Control (U) [c][!].png	caratula
MOVIDO	emu/ROMS/MD/Star Cruiser (J) [!].png	emu/MEDIA/MD/Star Cruiser (J) [!].png	caratula
MOVIDO	emu/ROMS/MD/Star Trek - Deep Space 9 - Crossroads of Time (E).png	emu/MEDIA/MD/Star Trek - Deep Space 9 - Crossroads of Time (E).png	caratula
MOVIDO	emu/ROMS/MD/Star Trek - The Next Generation (U) (REV01) [!].png	emu/MEDIA/MD/Star Trek - The Next Generation (U) (REV01) [!].png	caratula
MOVIDO	emu/ROMS/MD/Starflight (UE) (REV01) [!].png	emu/MEDIA/MD/Starflight (UE) (REV01) [!].png	caratula
MOVIDO	emu/ROMS/MD/Stargate (UE) [!].png	emu/MEDIA/MD/Stargate (UE) [!].png	caratula
MOVIDO	emu/ROMS/MD/Steel Empire, The (UE) [!].png	emu/MEDIA/MD/Steel Empire, The (UE) [!].png	caratula
MOVIDO	emu/ROMS/MD/Steel Talons (UE) [!].png	emu/MEDIA/MD/Steel Talons (UE) [!].png	caratula
MOVIDO	emu/ROMS/MD/Stormlord (U) [!].png	emu/MEDIA/MD/Stormlord (U) [!].png	caratula
MOVIDO	emu/ROMS/MD/Story of Thor, The - A Successor of The Light (E) [!].png	emu/MEDIA/MD/Story of Thor, The - A Successor of The Light (E) [!].png	caratula
MOVIDO	emu/ROMS/MD/Street Fighter II' - Special Champion Edition (E) [!].png	emu/MEDIA/MD/Street Fighter II' - Special Champion Edition (E) [!].png	caratula
MOVIDO	emu/ROMS/MD/Street Racer (E) [c][!].png	emu/MEDIA/MD/Street Racer (E) [c][!].png	caratula
MOVIDO	emu/ROMS/MD/Street Smart (JU) [!].png	emu/MEDIA/MD/Street Smart (JU) [!].png	caratula
MOVIDO	emu/ROMS/MD/Streets of Rage (W) (REV01) [!].png	emu/MEDIA/MD/Streets of Rage (W) (REV01) [!].png	caratula
MOVIDO	emu/ROMS/MD/Streets of Rage 2 (U) [!].png	emu/MEDIA/MD/Streets of Rage 2 (U) [!].png	caratula
MOVIDO	emu/ROMS/MD/Streets of Rage 3 (E) (May 1994) [!].png	emu/MEDIA/MD/Streets of Rage 3 (E) (May 1994) [!].png	caratula
MOVIDO	emu/ROMS/MD/Strider (UE) [!].png	emu/MEDIA/MD/Strider (UE) [!].png	caratula
MOVIDO	emu/ROMS/MD/Strider II (E) [c][!].png	emu/MEDIA/MD/Strider II (E) [c][!].png	caratula
MOVIDO	emu/ROMS/MD/Striker (E) (M5) [!].png	emu/MEDIA/MD/Striker (E) (M5) [!].png	caratula
MOVIDO	emu/ROMS/MD/Sub-Terrania (E) [!].png	emu/MEDIA/MD/Sub-Terrania (E) [!].png	caratula
MOVIDO	emu/ROMS/MD/Summer Challenge (U) [!].png	emu/MEDIA/MD/Summer Challenge (U) [!].png	caratula
MOVIDO	emu/ROMS/MD/Sunset Riders (E) [!].png	emu/MEDIA/MD/Sunset Riders (E) [!].png	caratula
MOVIDO	emu/ROMS/MD/Super Baseball 2020 (UE) [!].png	emu/MEDIA/MD/Super Baseball 2020 (UE) [!].png	caratula
MOVIDO	emu/ROMS/MD/Super Battle Tank - War in the Gulf (U) [!].png	emu/MEDIA/MD/Super Battle Tank - War in the Gulf (U) [!].png	caratula
MOVIDO	emu/ROMS/MD/Super Battleship (U) [!].png	emu/MEDIA/MD/Super Battleship (U) [!].png	caratula
MOVIDO	emu/ROMS/MD/Super Fantasy Zone (E) [!].png	emu/MEDIA/MD/Super Fantasy Zone (E) [!].png	caratula
MOVIDO	emu/ROMS/MD/Super Hang-On (W) (REV01) [!].png	emu/MEDIA/MD/Super Hang-On (W) (REV01) [!].png	caratula
MOVIDO	emu/ROMS/MD/Super High Impact (UE) [!].png	emu/MEDIA/MD/Super High Impact (UE) [!].png	caratula
MOVIDO	emu/ROMS/MD/Super Hydlide (E) [!].png	emu/MEDIA/MD/Super Hydlide (E) [!].png	caratula
MOVIDO	emu/ROMS/MD/Super Kick Off (E) [c][!].png	emu/MEDIA/MD/Super Kick Off (E) [c][!].png	caratula
MOVIDO	emu/ROMS/MD/Super Monaco Grand Prix (U) (M2) (REV03) [!].png	emu/MEDIA/MD/Super Monaco Grand Prix (U) (M2) (REV03) [!].png	caratula
MOVIDO	emu/ROMS/MD/Super Off Road (U) [!].png	emu/MEDIA/MD/Super Off Road (U) [!].png	caratula
MOVIDO	emu/ROMS/MD/Super Real Basketball (E) [c][!].png	emu/MEDIA/MD/Super Real Basketball (E) [c][!].png	caratula
MOVIDO	emu/ROMS/MD/Super Skidmarks (E) (J-Cart) [!].png	emu/MEDIA/MD/Super Skidmarks (E) (J-Cart) [!].png	caratula
MOVIDO	emu/ROMS/MD/Super Smash TV (UE) [!].png	emu/MEDIA/MD/Super Smash TV (UE) [!].png	caratula
MOVIDO	emu/ROMS/MD/Super Street Fighter II - The New Challengers (E) [c][!].png	emu/MEDIA/MD/Super Street Fighter II - The New Challengers (E) [c][!].png	caratula
MOVIDO	emu/ROMS/MD/Super Thunder Blade (W) (REV01) [!].png	emu/MEDIA/MD/Super Thunder Blade (W) (REV01) [!].png	caratula
MOVIDO	emu/ROMS/MD/Super Volleyball (U) [c][!].png	emu/MEDIA/MD/Super Volleyball (U) [c][!].png	caratula
MOVIDO	emu/ROMS/MD/Superman (E) [!].png	emu/MEDIA/MD/Superman (E) [!].png	caratula
MOVIDO	emu/ROMS/MD/Surging Aura (J) [!].png	emu/MEDIA/MD/Surging Aura (J) [!].png	caratula
MOVIDO	emu/ROMS/MD/Sword of Sodan (UE) [!].png	emu/MEDIA/MD/Sword of Sodan (UE) [!].png	caratula
MOVIDO	emu/ROMS/MD/Sword of Vermilion (UE) [!].png	emu/MEDIA/MD/Sword of Vermilion (UE) [!].png	caratula
MOVIDO	emu/ROMS/MD/Syd of Valis (U) [!].png	emu/MEDIA/MD/Syd of Valis (U) [!].png	caratula
MOVIDO	emu/ROMS/MD/Sylvester & Tweety in Cagey Capers (UE) [!].png	emu/MEDIA/MD/Sylvester & Tweety in Cagey Capers (UE) [!].png	caratula
MOVIDO	emu/ROMS/MD/Syndicate (UE) [!].png	emu/MEDIA/MD/Syndicate (UE) [!].png	caratula
MOVIDO	emu/ROMS/MD/T2 - The Arcade Game (UE) (REV01) [!].png	emu/MEDIA/MD/T2 - The Arcade Game (UE) (REV01) [!].png	caratula
MOVIDO	emu/ROMS/MD/TNN Bass Tournament of Champions (U) (REV01) [!].png	emu/MEDIA/MD/TNN Bass Tournament of Champions (U) (REV01) [!].png	caratula
MOVIDO	emu/ROMS/MD/TNN Outdoors Bass Tournament '96 (U) [!].png	emu/MEDIA/MD/TNN Outdoors Bass Tournament '96 (U) [!].png	caratula
MOVIDO	emu/ROMS/MD/Tale Spin (UE) [!].png	emu/MEDIA/MD/Tale Spin (UE) [!].png	caratula
MOVIDO	emu/ROMS/MD/Talmit's Adventure (E) [!].png	emu/MEDIA/MD/Talmit's Adventure (E) [!].png	caratula
MOVIDO	emu/ROMS/MD/Tanto R (J) [!].png	emu/MEDIA/MD/Tanto R (J) [!].png	caratula
MOVIDO	emu/ROMS/MD/Task Force Harrier EX (U) [!].png	emu/MEDIA/MD/Task Force Harrier EX (U) [!].png	caratula
MOVIDO	emu/ROMS/MD/Taz-Mania (W) [!].png	emu/MEDIA/MD/Taz-Mania (W) [!].png	caratula
MOVIDO	emu/ROMS/MD/Team USA Basketball (UE) [c][!].png	emu/MEDIA/MD/Team USA Basketball (UE) [c][!].png	caratula
MOVIDO	emu/ROMS/MD/Techno Clash (UE) [!].png	emu/MEDIA/MD/Techno Clash (UE) [!].png	caratula
MOVIDO	emu/ROMS/MD/Technocop (U) [!].png	emu/MEDIA/MD/Technocop (U) [!].png	caratula
MOVIDO	emu/ROMS/MD/Tecmo Cup (J) [p1][!].png	emu/MEDIA/MD/Tecmo Cup (J) [p1][!].png	caratula
MOVIDO	emu/ROMS/MD/Tecmo Super Baseball (U) [!].png	emu/MEDIA/MD/Tecmo Super Baseball (U) [!].png	caratula
MOVIDO	emu/ROMS/MD/Tecmo Super Bowl (U) (Oct 1993) [!].png	emu/MEDIA/MD/Tecmo Super Bowl (U) (Oct 1993) [!].png	caratula
MOVIDO	emu/ROMS/MD/Tecmo Super Bowl II SE (U) [!].png	emu/MEDIA/MD/Tecmo Super Bowl II SE (U) [!].png	caratula
MOVIDO	emu/ROMS/MD/Tecmo Super Bowl III Final Edition (U) [!].png	emu/MEDIA/MD/Tecmo Super Bowl III Final Edition (U) [!].png	caratula
MOVIDO	emu/ROMS/MD/Tecmo Super Hockey (U) [!].png	emu/MEDIA/MD/Tecmo Super Hockey (U) [!].png	caratula
MOVIDO	emu/ROMS/MD/Tecmo Super NBA Basketball (U) [!].png	emu/MEDIA/MD/Tecmo Super NBA Basketball (U) [!].png	caratula
MOVIDO	emu/ROMS/MD/Tecmo World Cup '92 (J) [!].png	emu/MEDIA/MD/Tecmo World Cup '92 (J) [!].png	caratula
MOVIDO	emu/ROMS/MD/Tecmo World Cup '93 (U) [!].png	emu/MEDIA/MD/Tecmo World Cup '93 (U) [!].png	caratula
MOVIDO	emu/ROMS/MD/Teenage Mutant Hero Turtles - The Hyperstone Heist (E).png	emu/MEDIA/MD/Teenage Mutant Hero Turtles - The Hyperstone Heist (E).png	caratula
MOVIDO	emu/ROMS/MD/Teenage Mutant Hero Turtles - Tournament Fighters (E).png	emu/MEDIA/MD/Teenage Mutant Hero Turtles - Tournament Fighters (E).png	caratula
MOVIDO	emu/ROMS/MD/Telebradesco Residencia (B) [!].png	emu/MEDIA/MD/Telebradesco Residencia (B) [!].png	caratula
MOVIDO	emu/ROMS/MD/Terminator 2 - Judgment Day (UE) [!].png	emu/MEDIA/MD/Terminator 2 - Judgment Day (UE) [!].png	caratula
MOVIDO	emu/ROMS/MD/Terminator, The (E) [c][!].png	emu/MEDIA/MD/Terminator, The (E) [c][!].png	caratula
MOVIDO	emu/ROMS/MD/Test Drive II - The Duel (U) [!].png	emu/MEDIA/MD/Test Drive II - The Duel (U) [!].png	caratula
MOVIDO	emu/ROMS/MD/Tetris (J) [!].png	emu/MEDIA/MD/Tetris (J) [!].png	caratula
MOVIDO	emu/ROMS/MD/Theme Park (UE) [!].png	emu/MEDIA/MD/Theme Park (UE) [!].png	caratula
MOVIDO	emu/ROMS/MD/Thomas the Tank Engine & Friends (U) [c][!].png	emu/MEDIA/MD/Thomas the Tank Engine & Friends (U) [c][!].png	caratula
MOVIDO	emu/ROMS/MD/Thunder Force II (U) [!].png	emu/MEDIA/MD/Thunder Force II (U) [!].png	caratula
MOVIDO	emu/ROMS/MD/Thunder Force III (JU) [!].png	emu/MEDIA/MD/Thunder Force III (JU) [!].png	caratula
MOVIDO	emu/ROMS/MD/Thunder Force IV (E) [c][!].png	emu/MEDIA/MD/Thunder Force IV (E) [c][!].png	caratula
MOVIDO	emu/ROMS/MD/Thunder Fox (U) [c][!].png	emu/MEDIA/MD/Thunder Fox (U) [c][!].png	caratula
MOVIDO	emu/ROMS/MD/Tick, The (U) [!].png	emu/MEDIA/MD/Tick, The (U) [!].png	caratula
MOVIDO	emu/ROMS/MD/Time Killers (E) [!].png	emu/MEDIA/MD/Time Killers (E) [!].png	caratula
MOVIDO	emu/ROMS/MD/Tinhead (U) [!].png	emu/MEDIA/MD/Tinhead (U) [!].png	caratula
MOVIDO	emu/ROMS/MD/Tintin Au Tibet (E) (M6) [!].png	emu/MEDIA/MD/Tintin Au Tibet (E) (M6) [!].png	caratula
MOVIDO	emu/ROMS/MD/Tiny Toon Adventures - Acme All-Stars (E).png	emu/MEDIA/MD/Tiny Toon Adventures - Acme All-Stars (E).png	caratula
MOVIDO	emu/ROMS/MD/Tiny Toon Adventures - Buster's Hidden Treasure (E) [!].png	emu/MEDIA/MD/Tiny Toon Adventures - Buster's Hidden Treasure (E) [!].png	caratula
MOVIDO	emu/ROMS/MD/Todd's Adventures in Slime World (U) [!].png	emu/MEDIA/MD/Todd's Adventures in Slime World (U) [!].png	caratula
MOVIDO	emu/ROMS/MD/Toejam & Earl (J) (REV02) [!].png	emu/MEDIA/MD/Toejam & Earl (J) (REV02) [!].png	caratula
MOVIDO	emu/ROMS/MD/Toejam & Earl in Panic on Funkotron (E) [!].png	emu/MEDIA/MD/Toejam & Earl in Panic on Funkotron (E) [!].png	caratula
MOVIDO	emu/ROMS/MD/Toki - Going Ape Spit (UE) [c][!].png	emu/MEDIA/MD/Toki - Going Ape Spit (UE) [c][!].png	caratula
MOVIDO	emu/ROMS/MD/Tom and Jerry - Frantic Antics (U) (1994) [!].png	emu/MEDIA/MD/Tom and Jerry - Frantic Antics (U) (1994) [!].png	caratula
MOVIDO	emu/ROMS/MD/Tommy Lasorda Baseball (U) [!].png	emu/MEDIA/MD/Tommy Lasorda Baseball (U) [!].png	caratula
MOVIDO	emu/ROMS/MD/Tony La Russa Baseball (U) [!].png	emu/MEDIA/MD/Tony La Russa Baseball (U) [!].png	caratula
MOVIDO	emu/ROMS/MD/Tony La Russa Baseball 95 (U) [!].png	emu/MEDIA/MD/Tony La Russa Baseball 95 (U) [!].png	caratula
MOVIDO	emu/ROMS/MD/Top Gear 2 (U) [!].png	emu/MEDIA/MD/Top Gear 2 (U) [!].png	caratula
MOVIDO	emu/ROMS/MD/Top Pro Golf (J) [!].png	emu/MEDIA/MD/Top Pro Golf (J) [!].png	caratula
MOVIDO	emu/ROMS/MD/Total Football (E) [!].png	emu/MEDIA/MD/Total Football (E) [!].png	caratula
MOVIDO	emu/ROMS/MD/Toughman Contest (UE) [!].png	emu/MEDIA/MD/Toughman Contest (UE) [!].png	caratula
MOVIDO	emu/ROMS/MD/Toxic Crusaders (U) [!].png	emu/MEDIA/MD/Toxic Crusaders (U) [!].png	caratula
MOVIDO	emu/ROMS/MD/Toy Story (ESP).png	emu/MEDIA/MD/Toy Story (ESP).png	caratula
MOVIDO	emu/ROMS/MD/Toys (U) [!].png	emu/MEDIA/MD/Toys (U) [!].png	caratula
MOVIDO	emu/ROMS/MD/Trampoline Terror! (U) [!].png	emu/MEDIA/MD/Trampoline Terror! (U) [!].png	caratula
MOVIDO	emu/ROMS/MD/Traysia (U) [!].png	emu/MEDIA/MD/Traysia (U) [!].png	caratula
MOVIDO	emu/ROMS/MD/Triple Play '96 (U) [c][!].png	emu/MEDIA/MD/Triple Play '96 (U) [c][!].png	caratula
MOVIDO	emu/ROMS/MD/Triple Play Gold (U) [c][!].png	emu/MEDIA/MD/Triple Play Gold (U) [c][!].png	caratula
MOVIDO	emu/ROMS/MD/Trouble Shooter (U) [!].png	emu/MEDIA/MD/Trouble Shooter (U) [!].png	caratula
MOVIDO	emu/ROMS/MD/Troy Aikman NFL Football (U) [!].png	emu/MEDIA/MD/Troy Aikman NFL Football (U) [!].png	caratula
MOVIDO	emu/ROMS/MD/True Lies (W) [!].png	emu/MEDIA/MD/True Lies (W) [!].png	caratula
MOVIDO	emu/ROMS/MD/Truxton (W) [!].png	emu/MEDIA/MD/Truxton (W) [!].png	caratula
MOVIDO	emu/ROMS/MD/Turbo Outrun (JE) [c][!].png	emu/MEDIA/MD/Turbo Outrun (JE) [c][!].png	caratula
MOVIDO	emu/ROMS/MD/Turrican (U) [c][!].png	emu/MEDIA/MD/Turrican (U) [c][!].png	caratula
MOVIDO	emu/ROMS/MD/Twin Cobra (U) [!].png	emu/MEDIA/MD/Twin Cobra (U) [!].png	caratula
MOVIDO	emu/ROMS/MD/Twin Hawk (JE) [!].png	emu/MEDIA/MD/Twin Hawk (JE) [!].png	caratula
MOVIDO	emu/ROMS/MD/Twinkle Tale (J) [!].png	emu/MEDIA/MD/Twinkle Tale (J) [!].png	caratula
MOVIDO	emu/ROMS/MD/Two Crude Dudes (E).png	emu/MEDIA/MD/Two Crude Dudes (E).png	caratula
MOVIDO	emu/ROMS/MD/Ultimate Mortal Kombat 3 (E) [!].png	emu/MEDIA/MD/Ultimate Mortal Kombat 3 (E) [!].png	caratula
MOVIDO	emu/ROMS/MD/Ultimate Qix (U) [!].png	emu/MEDIA/MD/Ultimate Qix (U) [!].png	caratula
MOVIDO	emu/ROMS/MD/Ultimate Soccer (E) [!].png	emu/MEDIA/MD/Ultimate Soccer (E) [!].png	caratula
MOVIDO	emu/ROMS/MD/Ultraman (J) [!].png	emu/MEDIA/MD/Ultraman (J) [!].png	caratula
MOVIDO	emu/ROMS/MD/Uncharted Waters (U) [!].png	emu/MEDIA/MD/Uncharted Waters (U) [!].png	caratula
MOVIDO	emu/ROMS/MD/Undead Line (J) [!].png	emu/MEDIA/MD/Undead Line (J) [!].png	caratula
MOVIDO	emu/ROMS/MD/Universal Soldier (U) [!].png	emu/MEDIA/MD/Universal Soldier (U) [!].png	caratula
MOVIDO	emu/ROMS/MD/Unnecessary Roughness 95 (U) [!].png	emu/MEDIA/MD/Unnecessary Roughness 95 (U) [!].png	caratula
MOVIDO	emu/ROMS/MD/Urban Strike (UE) [!].png	emu/MEDIA/MD/Urban Strike (UE) [!].png	caratula
MOVIDO	emu/ROMS/MD/VR Troopers (UE) [!].png	emu/MEDIA/MD/VR Troopers (UE) [!].png	caratula
MOVIDO	emu/ROMS/MD/Valis (U) [!].png	emu/MEDIA/MD/Valis (U) [!].png	caratula
MOVIDO	emu/ROMS/MD/Valis III (U) [!].png	emu/MEDIA/MD/Valis III (U) [!].png	caratula
MOVIDO	emu/ROMS/MD/Vapor Trail (U) [!].png	emu/MEDIA/MD/Vapor Trail (U) [!].png	caratula
MOVIDO	emu/ROMS/MD/Vectorman (UE) [!].png	emu/MEDIA/MD/Vectorman (UE) [!].png	caratula
MOVIDO	emu/ROMS/MD/Vectorman 2 (U) [!].png	emu/MEDIA/MD/Vectorman 2 (U) [!].png	caratula
MOVIDO	emu/ROMS/MD/Verytex (J) [c][!].png	emu/MEDIA/MD/Verytex (J) [c][!].png	caratula
MOVIDO	emu/ROMS/MD/Viewpoint (U) [!].png	emu/MEDIA/MD/Viewpoint (U) [!].png	caratula
MOVIDO	emu/ROMS/MD/Virtua Fighter 2 (UE) [!].png	emu/MEDIA/MD/Virtua Fighter 2 (UE) [!].png	caratula
MOVIDO	emu/ROMS/MD/Virtua Racing (E) [!].png	emu/MEDIA/MD/Virtua Racing (E) [!].png	caratula
MOVIDO	emu/ROMS/MD/Virtual Bart (W) [!].png	emu/MEDIA/MD/Virtual Bart (W) [!].png	caratula
MOVIDO	emu/ROMS/MD/Virtual Pinball (UE) [!].png	emu/MEDIA/MD/Virtual Pinball (UE) [!].png	caratula
MOVIDO	emu/ROMS/MD/Vixen 357 (J) [!].png	emu/MEDIA/MD/Vixen 357 (J) [!].png	caratula
MOVIDO	emu/ROMS/MD/WWF RAW (W) [!].png	emu/MEDIA/MD/WWF RAW (W) [!].png	caratula
MOVIDO	emu/ROMS/MD/WWF Royal Rumble (W) [!].png	emu/MEDIA/MD/WWF Royal Rumble (W) [!].png	caratula
MOVIDO	emu/ROMS/MD/WWF Super Wrestlemania (UE) [!].png	emu/MEDIA/MD/WWF Super Wrestlemania (UE) [!].png	caratula
MOVIDO	emu/ROMS/MD/WWF Wrestlemania Arcade (U) [!].png	emu/MEDIA/MD/WWF Wrestlemania Arcade (U) [!].png	caratula
MOVIDO	emu/ROMS/MD/Wacky Races (Beta).png	emu/MEDIA/MD/Wacky Races (Beta).png	caratula
MOVIDO	emu/ROMS/MD/Wacky Worlds (U) [!].png	emu/MEDIA/MD/Wacky Worlds (U) [!].png	caratula
MOVIDO	emu/ROMS/MD/Wardner (U) [!].png	emu/MEDIA/MD/Wardner (U) [!].png	caratula
MOVIDO	emu/ROMS/MD/Warlock (UE) [!].png	emu/MEDIA/MD/Warlock (UE) [!].png	caratula
MOVIDO	emu/ROMS/MD/Warpspeed (U) [!].png	emu/MEDIA/MD/Warpspeed (U) [!].png	caratula
MOVIDO	emu/ROMS/MD/Warrior of Rome (U) [!].png	emu/MEDIA/MD/Warrior of Rome (U) [!].png	caratula
MOVIDO	emu/ROMS/MD/Warrior of Rome II (U) [c][!].png	emu/MEDIA/MD/Warrior of Rome II (U) [c][!].png	caratula
MOVIDO	emu/ROMS/MD/Warsong (U) [!].png	emu/MEDIA/MD/Warsong (U) [!].png	caratula
MOVIDO	emu/ROMS/MD/Waterworld (Beta).png	emu/MEDIA/MD/Waterworld (Beta).png	caratula
MOVIDO	emu/ROMS/MD/Wayne Gretzsky NHLPA All-Stars (UE) [!].png	emu/MEDIA/MD/Wayne Gretzsky NHLPA All-Stars (UE) [!].png	caratula
MOVIDO	emu/ROMS/MD/Wayne's World (U) [c][!].png	emu/MEDIA/MD/Wayne's World (U) [c][!].png	caratula
MOVIDO	emu/ROMS/MD/We're Back! - A Dinosaur's Tale (U) [!].png	emu/MEDIA/MD/We're Back! - A Dinosaur's Tale (U) [!].png	caratula
MOVIDO	emu/ROMS/MD/Weaponlord (U) [!].png	emu/MEDIA/MD/Weaponlord (U) [!].png	caratula
MOVIDO	emu/ROMS/MD/Wheel of Fortune (U) [!].png	emu/MEDIA/MD/Wheel of Fortune (U) [!].png	caratula
MOVIDO	emu/ROMS/MD/Where in Time is Carmen Sandiego (UE) (M5) [!].png	emu/MEDIA/MD/Where in Time is Carmen Sandiego (UE) (M5) [!].png	caratula
MOVIDO	emu/ROMS/MD/Where in the World is Carmen Sandiego (E) (M5).png	emu/MEDIA/MD/Where in the World is Carmen Sandiego (E) (M5).png	caratula
MOVIDO	emu/ROMS/MD/Whip Rush 2222 AD (U) [!].png	emu/MEDIA/MD/Whip Rush 2222 AD (U) [!].png	caratula
MOVIDO	emu/ROMS/MD/Wild Snake (U) (Prototype) [!].png	emu/MEDIA/MD/Wild Snake (U) (Prototype) [!].png	caratula
MOVIDO	emu/ROMS/MD/Williams Arcade's Greatest Hits (E).png	emu/MEDIA/MD/Williams Arcade's Greatest Hits (E).png	caratula
MOVIDO	emu/ROMS/MD/Wimbledon Championship Tennis (E) [!].png	emu/MEDIA/MD/Wimbledon Championship Tennis (E) [!].png	caratula
MOVIDO	emu/ROMS/MD/Winter Challenge (UE) [!].png	emu/MEDIA/MD/Winter Challenge (UE) [!].png	caratula
MOVIDO	emu/ROMS/MD/Wiz 'n' Liz - The Frantic Wabbit Wescue (E) [!].png	emu/MEDIA/MD/Wiz 'n' Liz - The Frantic Wabbit Wescue (E) [!].png	caratula
MOVIDO	emu/ROMS/MD/Wolf Child (U) [c][!].png	emu/MEDIA/MD/Wolf Child (U) [c][!].png	caratula
MOVIDO	emu/ROMS/MD/Wolverine Adamantium Rage (UE) [!].png	emu/MEDIA/MD/Wolverine Adamantium Rage (UE) [!].png	caratula
MOVIDO	emu/ROMS/MD/Wonder Boy III - Monster Lair (JE) [c][!].png	emu/MEDIA/MD/Wonder Boy III - Monster Lair (JE) [c][!].png	caratula
MOVIDO	emu/ROMS/MD/Wonder Boy in Monster World (UE) [!].png	emu/MEDIA/MD/Wonder Boy in Monster World (UE) [!].png	caratula
MOVIDO	emu/ROMS/MD/Wonder Library (J) [!].png	emu/MEDIA/MD/Wonder Library (J) [!].png	caratula
MOVIDO	emu/ROMS/MD/World Championship Soccer II (U) [!].png	emu/MEDIA/MD/World Championship Soccer II (U) [!].png	caratula
MOVIDO	emu/ROMS/MD/World Class Leaderboard Golf (E) [x].png	emu/MEDIA/MD/World Class Leaderboard Golf (E) [x].png	caratula
MOVIDO	emu/ROMS/MD/World Cup Italia 90 (E) [!].png	emu/MEDIA/MD/World Cup Italia 90 (E) [!].png	caratula
MOVIDO	emu/ROMS/MD/World Cup USA 94 (UE) [!].png	emu/MEDIA/MD/World Cup USA 94 (UE) [!].png	caratula
MOVIDO	emu/ROMS/MD/World Heroes (U) [!].png	emu/MEDIA/MD/World Heroes (U) [!].png	caratula
MOVIDO	emu/ROMS/MD/World Series Baseball '95 (U) [!].png	emu/MEDIA/MD/World Series Baseball '95 (U) [!].png	caratula
MOVIDO	emu/ROMS/MD/World Series Baseball '96 (U) [!].png	emu/MEDIA/MD/World Series Baseball '96 (U) [!].png	caratula
MOVIDO	emu/ROMS/MD/World Series Baseball '98 (U) [!].png	emu/MEDIA/MD/World Series Baseball '98 (U) [!].png	caratula
MOVIDO	emu/ROMS/MD/World Series Baseball (U) [!].png	emu/MEDIA/MD/World Series Baseball (U) [!].png	caratula
MOVIDO	emu/ROMS/MD/World of Illusion Starring Mickey Mouse and Donald Duck (USA, Korea).png	emu/MEDIA/MD/World of Illusion Starring Mickey Mouse and Donald Duck (USA, Korea).png	caratula
MOVIDO	emu/ROMS/MD/Worms (E) [!].png	emu/MEDIA/MD/Worms (E) [!].png	caratula
MOVIDO	emu/ROMS/MD/Wrestle War (JE) [c][!].png	emu/MEDIA/MD/Wrestle War (JE) [c][!].png	caratula
MOVIDO	emu/ROMS/MD/X Dazedly Ray (J) [!].png	emu/MEDIA/MD/X Dazedly Ray (J) [!].png	caratula
MOVIDO	emu/ROMS/MD/X-Men (E) [!].png	emu/MEDIA/MD/X-Men (E) [!].png	caratula
MOVIDO	emu/ROMS/MD/X-Men 2 - Clone Wars (UE) [!].png	emu/MEDIA/MD/X-Men 2 - Clone Wars (UE) [!].png	caratula
MOVIDO	emu/ROMS/MD/X-perts (U) [!].png	emu/MEDIA/MD/X-perts (U) [!].png	caratula
MOVIDO	emu/ROMS/MD/Xenon 2 - Megablast (E) [c][!].png	emu/MEDIA/MD/Xenon 2 - Megablast (E) [c][!].png	caratula
MOVIDO	emu/ROMS/MD/Yogi Bear's Cartoon Capers (E) [!].png	emu/MEDIA/MD/Yogi Bear's Cartoon Capers (E) [!].png	caratula
MOVIDO	emu/ROMS/MD/Young Indiana Jones - Instrument of Chaos (U) [!].png	emu/MEDIA/MD/Young Indiana Jones - Instrument of Chaos (U) [!].png	caratula
MOVIDO	emu/ROMS/MD/Ys III - Wanderers from Ys (U) [!].png	emu/MEDIA/MD/Ys III - Wanderers from Ys (U) [!].png	caratula
MOVIDO	emu/ROMS/MD/Yuu Yuu Hakusho - Sunset Fighters (B) [!].png	emu/MEDIA/MD/Yuu Yuu Hakusho - Sunset Fighters (B) [!].png	caratula
MOVIDO	emu/ROMS/MD/Zany Golf (UE) (REV01).png	emu/MEDIA/MD/Zany Golf (UE) (REV01).png	caratula
MOVIDO	emu/ROMS/MD/Zero Tolerance (UE) [!].png	emu/MEDIA/MD/Zero Tolerance (UE) [!].png	caratula
MOVIDO	emu/ROMS/MD/Zero Wing (E) [c][!].png	emu/MEDIA/MD/Zero Wing (E) [c][!].png	caratula
MOVIDO	emu/ROMS/MD/Zero the Kamikaze Squirrel (E) [!].png	emu/MEDIA/MD/Zero the Kamikaze Squirrel (E) [!].png	caratula
MOVIDO	emu/ROMS/MD/Zombies (E) [!].png	emu/MEDIA/MD/Zombies (E) [!].png	caratula
MOVIDO	emu/ROMS/MD/Zool (E) [!].png	emu/MEDIA/MD/Zool (E) [!].png	caratula
MOVIDO	emu/ROMS/MD/Zoom! (JU) [!].png	emu/MEDIA/MD/Zoom! (JU) [!].png	caratula
MOVIDO	emu/ROMS/MD/Zoop (E) [!].png	emu/MEDIA/MD/Zoop (E) [!].png	caratula
MOVIDO	emu/ROMS/SMS/ALF (U) [!].png	emu/MEDIA/SMS/ALF (U) [!].png	caratula
MOVIDO	emu/ROMS/SMS/Ace of Aces (Europe).png	emu/MEDIA/SMS/Ace of Aces (Europe).png	caratula
MOVIDO	emu/ROMS/SMS/Action Fighter (USA, Europe) (Rev 2).png	emu/MEDIA/SMS/Action Fighter (USA, Europe) (Rev 2).png	caratula
MOVIDO	emu/ROMS/SMS/Addams Family, The (Europe).png	emu/MEDIA/SMS/Addams Family, The (Europe).png	caratula
MOVIDO	emu/ROMS/SMS/Aerial Assault (Europe).png	emu/MEDIA/SMS/Aerial Assault (Europe).png	caratula
MOVIDO	emu/ROMS/SMS/After Burner (UE) [!].png	emu/MEDIA/SMS/After Burner (UE) [!].png	caratula
MOVIDO	emu/ROMS/SMS/Air Rescue (E) [!].png	emu/MEDIA/SMS/Air Rescue (E) [!].png	caratula
MOVIDO	emu/ROMS/SMS/Aladdin (E) [!].png	emu/MEDIA/SMS/Aladdin (E) [!].png	caratula
MOVIDO	emu/ROMS/SMS/Alex Kidd - BMX Trial (J) [!].png	emu/MEDIA/SMS/Alex Kidd - BMX Trial (J) [!].png	caratula
MOVIDO	emu/ROMS/SMS/Alex Kidd - The Lost Stars (UE) [!].png	emu/MEDIA/SMS/Alex Kidd - The Lost Stars (UE) [!].png	caratula
MOVIDO	emu/ROMS/SMS/Alex Kidd in High Tech World (UE) [!].png	emu/MEDIA/SMS/Alex Kidd in High Tech World (UE) [!].png	caratula
MOVIDO	emu/ROMS/SMS/Alex Kidd in Miracle World (UE) (V1.1) [!].png	emu/MEDIA/SMS/Alex Kidd in Miracle World (UE) (V1.1) [!].png	caratula
MOVIDO	emu/ROMS/SMS/Alex Kidd in Shinobi World (UE) [!].png	emu/MEDIA/SMS/Alex Kidd in Shinobi World (UE) [!].png	caratula
MOVIDO	emu/ROMS/SMS/Alien 3 (E) [!].png	emu/MEDIA/SMS/Alien 3 (E) [!].png	caratula
MOVIDO	emu/ROMS/SMS/Alien Storm (E) [!].png	emu/MEDIA/SMS/Alien Storm (E) [!].png	caratula
MOVIDO	emu/ROMS/SMS/Alien Syndrome (UE) [!].png	emu/MEDIA/SMS/Alien Syndrome (UE) [!].png	caratula
MOVIDO	emu/ROMS/SMS/Altered Beast (UE) [!].png	emu/MEDIA/SMS/Altered Beast (UE) [!].png	caratula
MOVIDO	emu/ROMS/SMS/American Baseball (JE) [!].png	emu/MEDIA/SMS/American Baseball (JE) [!].png	caratula
MOVIDO	emu/ROMS/SMS/American Pro Football (E) [!].png	emu/MEDIA/SMS/American Pro Football (E) [!].png	caratula
MOVIDO	emu/ROMS/SMS/Andre Agassi Tennis (E) [!].png	emu/MEDIA/SMS/Andre Agassi Tennis (E) [!].png	caratula
MOVIDO	emu/ROMS/SMS/Arcade Smash Hits (E) [!].png	emu/MEDIA/SMS/Arcade Smash Hits (E) [!].png	caratula
MOVIDO	emu/ROMS/SMS/Argos no Juujiken (J) [!].png	emu/MEDIA/SMS/Argos no Juujiken (J) [!].png	caratula
MOVIDO	emu/ROMS/SMS/Ariel - The Little Mermaid (B).png	emu/MEDIA/SMS/Ariel - The Little Mermaid (B).png	caratula
MOVIDO	emu/ROMS/SMS/Assault City - Pad Version (E) [!].png	emu/MEDIA/SMS/Assault City - Pad Version (E) [!].png	caratula
MOVIDO	emu/ROMS/SMS/Asterix (E) (V1.1).png	emu/MEDIA/SMS/Asterix (E) (V1.1).png	caratula
MOVIDO	emu/ROMS/SMS/Asterix and the Great Rescue (E) [!].png	emu/MEDIA/SMS/Asterix and the Great Rescue (E) [!].png	caratula
MOVIDO	emu/ROMS/SMS/Asterix and the Secret Mission (E) [!].png	emu/MEDIA/SMS/Asterix and the Secret Mission (E) [!].png	caratula
MOVIDO	emu/ROMS/SMS/Astro Warrior & Pit Pot (E) [!].png	emu/MEDIA/SMS/Astro Warrior & Pit Pot (E) [!].png	caratula
MOVIDO	emu/ROMS/SMS/Astro Warrior (U) [!].png	emu/MEDIA/SMS/Astro Warrior (U) [!].png	caratula
MOVIDO	emu/ROMS/SMS/Ayrton Senna's Super Monaco GP II (E) [!].png	emu/MEDIA/SMS/Ayrton Senna's Super Monaco GP II (E) [!].png	caratula
MOVIDO	emu/ROMS/SMS/Aztec Adventure - The Golden Road to Paradise (UE) [!].png	emu/MEDIA/SMS/Aztec Adventure - The Golden Road to Paradise (UE) [!].png	caratula
MOVIDO	emu/ROMS/SMS/Back to the Future Part II (UE) [!].png	emu/MEDIA/SMS/Back to the Future Part II (UE) [!].png	caratula
MOVIDO	emu/ROMS/SMS/Back to the Future Part III (UE) [!].png	emu/MEDIA/SMS/Back to the Future Part III (UE) [!].png	caratula
MOVIDO	emu/ROMS/SMS/Baku Baku Animals (B) [!].png	emu/MEDIA/SMS/Baku Baku Animals (B) [!].png	caratula
MOVIDO	emu/ROMS/SMS/Bank Panic (E) [!].png	emu/MEDIA/SMS/Bank Panic (E) [!].png	caratula
MOVIDO	emu/ROMS/SMS/Basket Ball Nightmare (E) [!].png	emu/MEDIA/SMS/Basket Ball Nightmare (E) [!].png	caratula
MOVIDO	emu/ROMS/SMS/Batman Returns (UE) [!].png	emu/MEDIA/SMS/Batman Returns (UE) [!].png	caratula
MOVIDO	emu/ROMS/SMS/Battle Out Run (E) [!].png	emu/MEDIA/SMS/Battle Out Run (E) [!].png	caratula
MOVIDO	emu/ROMS/SMS/Battlemaniacs (B) [!].png	emu/MEDIA/SMS/Battlemaniacs (B) [!].png	caratula
MOVIDO	emu/ROMS/SMS/Black Belt (UE) [!].png	emu/MEDIA/SMS/Black Belt (UE) [!].png	caratula
MOVIDO	emu/ROMS/SMS/Blade Eagle 3D (UE) [!].png	emu/MEDIA/SMS/Blade Eagle 3D (UE) [!].png	caratula
MOVIDO	emu/ROMS/SMS/Bomber Raid (UE) [!].png	emu/MEDIA/SMS/Bomber Raid (UE) [!].png	caratula
MOVIDO	emu/ROMS/SMS/Bonanza Bros (E) [!].png	emu/MEDIA/SMS/Bonanza Bros (E) [!].png	caratula
MOVIDO	emu/ROMS/SMS/Bonkers Wax Up! (UE) [!].png	emu/MEDIA/SMS/Bonkers Wax Up! (UE) [!].png	caratula
MOVIDO	emu/ROMS/SMS/Bram Stoker's Dracula (E) [!].png	emu/MEDIA/SMS/Bram Stoker's Dracula (E) [!].png	caratula
MOVIDO	emu/ROMS/SMS/Bubble Bobble (E) [!].png	emu/MEDIA/SMS/Bubble Bobble (E) [!].png	caratula
MOVIDO	emu/ROMS/SMS/Buggy Run (E) [!].png	emu/MEDIA/SMS/Buggy Run (E) [!].png	caratula
MOVIDO	emu/ROMS/SMS/California Games (UE) [!].png	emu/MEDIA/SMS/California Games (UE) [!].png	caratula
MOVIDO	emu/ROMS/SMS/California Games II (E) [!].png	emu/MEDIA/SMS/California Games II (E) [!].png	caratula
MOVIDO	emu/ROMS/SMS/Captain Silver (E) [!].png	emu/MEDIA/SMS/Captain Silver (E) [!].png	caratula
MOVIDO	emu/ROMS/SMS/Casino Games (UE) [!].png	emu/MEDIA/SMS/Casino Games (UE) [!].png	caratula
MOVIDO	emu/ROMS/SMS/Castelo Ra Tin Bum (B) [!].png	emu/MEDIA/SMS/Castelo Ra Tin Bum (B) [!].png	caratula
MOVIDO	emu/ROMS/SMS/Castle of Illusion Starring Mickey Mouse (U) (V1.1) [!].png	emu/MEDIA/SMS/Castle of Illusion Starring Mickey Mouse (U) (V1.1) [!].png	caratula
MOVIDO	emu/ROMS/SMS/Champions of Europe (E) [!].png	emu/MEDIA/SMS/Champions of Europe (E) [!].png	caratula
MOVIDO	emu/ROMS/SMS/Championship Hockey (E) [!].png	emu/MEDIA/SMS/Championship Hockey (E) [!].png	caratula
MOVIDO	emu/ROMS/SMS/Cheese Cat-astrophe (E) [!].png	emu/MEDIA/SMS/Cheese Cat-astrophe (E) [!].png	caratula
MOVIDO	emu/ROMS/SMS/Choplifter (UE) [!].png	emu/MEDIA/SMS/Choplifter (UE) [!].png	caratula
MOVIDO	emu/ROMS/SMS/Chuck Rock (E) [!].png	emu/MEDIA/SMS/Chuck Rock (E) [!].png	caratula
MOVIDO	emu/ROMS/SMS/Chuck Rock II - Son of Chuck (E) [!].png	emu/MEDIA/SMS/Chuck Rock II - Son of Chuck (E) [!].png	caratula
MOVIDO	emu/ROMS/SMS/Cloud Master (UE) [!].png	emu/MEDIA/SMS/Cloud Master (UE) [!].png	caratula
MOVIDO	emu/ROMS/SMS/Columns (UE) [!].png	emu/MEDIA/SMS/Columns (UE) [!].png	caratula
MOVIDO	emu/ROMS/SMS/Cool Spot (E) [!].png	emu/MEDIA/SMS/Cool Spot (E) [!].png	caratula
MOVIDO	emu/ROMS/SMS/Cosmic Spacehead (E) [!].png	emu/MEDIA/SMS/Cosmic Spacehead (E) [!].png	caratula
MOVIDO	emu/ROMS/SMS/Cyber Shinobi (UE) [!].png	emu/MEDIA/SMS/Cyber Shinobi (UE) [!].png	caratula
MOVIDO	emu/ROMS/SMS/Cyborg Hunter (UE) [!].png	emu/MEDIA/SMS/Cyborg Hunter (UE) [!].png	caratula
MOVIDO	emu/ROMS/SMS/Daffy Duck in Hollywood (E) [!].png	emu/MEDIA/SMS/Daffy Duck in Hollywood (E) [!].png	caratula
MOVIDO	emu/ROMS/SMS/Danan the Jungle Fighter (E) [!].png	emu/MEDIA/SMS/Danan the Jungle Fighter (E) [!].png	caratula
MOVIDO	emu/ROMS/SMS/Dead Angle (UE) [!].png	emu/MEDIA/SMS/Dead Angle (UE) [!].png	caratula
MOVIDO	emu/ROMS/SMS/Deep Duck Trouble (E) [!].png	emu/MEDIA/SMS/Deep Duck Trouble (E) [!].png	caratula
MOVIDO	emu/ROMS/SMS/Desert Speedtrap - Starring Road Runner and Wile E. Coyote (E) (M5).png	emu/MEDIA/SMS/Desert Speedtrap - Starring Road Runner and Wile E. Coyote (E) (M5).png	caratula
MOVIDO	emu/ROMS/SMS/Desert Strike (UE) [!].png	emu/MEDIA/SMS/Desert Strike (UE) [!].png	caratula
MOVIDO	emu/ROMS/SMS/Dick Tracy (USA, Europe).png	emu/MEDIA/SMS/Dick Tracy (USA, Europe).png	caratula
MOVIDO	emu/ROMS/SMS/Digger Chan (Aypok).png	emu/MEDIA/SMS/Digger Chan (Aypok).png	caratula
MOVIDO	emu/ROMS/SMS/Dinobasher - Starring Bignose the Caveman (Prototype) [!].png	emu/MEDIA/SMS/Dinobasher - Starring Bignose the Caveman (Prototype) [!].png	caratula
MOVIDO	emu/ROMS/SMS/Double Dragon (World).png	emu/MEDIA/SMS/Double Dragon (World).png	caratula
MOVIDO	emu/ROMS/SMS/Double Hawk (Europe).png	emu/MEDIA/SMS/Double Hawk (Europe).png	caratula
MOVIDO	emu/ROMS/SMS/Dr. Robotnik's Mean Bean Machine (Europe).png	emu/MEDIA/SMS/Dr. Robotnik's Mean Bean Machine (Europe).png	caratula
MOVIDO	emu/ROMS/SMS/Dragon - The Bruce Lee Story (Europe).png	emu/MEDIA/SMS/Dragon - The Bruce Lee Story (Europe).png	caratula
MOVIDO	emu/ROMS/SMS/Dragon Crystal (Europe).png	emu/MEDIA/SMS/Dragon Crystal (Europe).png	caratula
MOVIDO	emu/ROMS/SMS/Dynamite Duke (Europe).png	emu/MEDIA/SMS/Dynamite Duke (Europe).png	caratula
MOVIDO	emu/ROMS/SMS/Dynamite Dux (Europe).png	emu/MEDIA/SMS/Dynamite Dux (Europe).png	caratula
MOVIDO	emu/ROMS/SMS/Dynamite Headdy (B) [!].png	emu/MEDIA/SMS/Dynamite Headdy (B) [!].png	caratula
MOVIDO	emu/ROMS/SMS/E-SWAT - City Under Siege (USA, Europe) (Hard Version).png	emu/MEDIA/SMS/E-SWAT - City Under Siege (USA, Europe) (Hard Version).png	caratula
MOVIDO	emu/ROMS/SMS/Earthworm Jim (B) [!].png	emu/MEDIA/SMS/Earthworm Jim (B) [!].png	caratula
MOVIDO	emu/ROMS/SMS/Ecco the Dolphin (Europe).png	emu/MEDIA/SMS/Ecco the Dolphin (Europe).png	caratula
MOVIDO	emu/ROMS/SMS/Ecco the Dolphin - Tides of Time (B).png	emu/MEDIA/SMS/Ecco the Dolphin - Tides of Time (B).png	caratula
MOVIDO	emu/ROMS/SMS/Enduro Racer (USA, Europe).png	emu/MEDIA/SMS/Enduro Racer (USA, Europe).png	caratula
MOVIDO	emu/ROMS/SMS/F-16 Fighting Falcon (USA).png	emu/MEDIA/SMS/F-16 Fighting Falcon (USA).png	caratula
MOVIDO	emu/ROMS/SMS/F1 Championship (E) [!].png	emu/MEDIA/SMS/F1 Championship (E) [!].png	caratula
MOVIDO	emu/ROMS/SMS/FIFA International Soccer (B) [!].png	emu/MEDIA/SMS/FIFA International Soccer (B) [!].png	caratula
MOVIDO	emu/ROMS/SMS/Fantastic Dizzy (Europe) (En,Fr,De,Es,It).png	emu/MEDIA/SMS/Fantastic Dizzy (Europe) (En,Fr,De,Es,It).png	caratula
MOVIDO	emu/ROMS/SMS/Fantasy Zone (World) (v1.2).png	emu/MEDIA/SMS/Fantasy Zone (World) (v1.2).png	caratula
MOVIDO	emu/ROMS/SMS/Fantasy Zone - The Maze (USA, Europe).png	emu/MEDIA/SMS/Fantasy Zone - The Maze (USA, Europe).png	caratula
MOVIDO	emu/ROMS/SMS/Fantasy Zone II - The Tears of Opa-Opa (USA, Europe).png	emu/MEDIA/SMS/Fantasy Zone II - The Tears of Opa-Opa (USA, Europe).png	caratula
MOVIDO	emu/ROMS/SMS/Ferias Frustradas do Picapau (B).png	emu/MEDIA/SMS/Ferias Frustradas do Picapau (B).png	caratula
MOVIDO	emu/ROMS/SMS/Fire & Forget II (Europe).png	emu/MEDIA/SMS/Fire & Forget II (Europe).png	caratula
MOVIDO	emu/ROMS/SMS/Fire & Ice (B) [!].png	emu/MEDIA/SMS/Fire & Ice (B) [!].png	caratula
MOVIDO	emu/ROMS/SMS/Flash, The (Europe).png	emu/MEDIA/SMS/Flash, The (Europe).png	caratula
MOVIDO	emu/ROMS/SMS/Flintstones, The (Europe).png	emu/MEDIA/SMS/Flintstones, The (Europe).png	caratula
MOVIDO	emu/ROMS/SMS/Forgotten Worlds (Europe).png	emu/MEDIA/SMS/Forgotten Worlds (Europe).png	caratula
MOVIDO	emu/ROMS/SMS/Fushigi no Oshiro Pit Pot (J) [!].png	emu/MEDIA/SMS/Fushigi no Oshiro Pit Pot (J) [!].png	caratula
MOVIDO	emu/ROMS/SMS/G-LOC Air Battle (Europe).png	emu/MEDIA/SMS/G-LOC Air Battle (Europe).png	caratula
MOVIDO	emu/ROMS/SMS/GP Rider (Europe).png	emu/MEDIA/SMS/GP Rider (Europe).png	caratula
MOVIDO	emu/ROMS/SMS/Gain Ground (Europe).png	emu/MEDIA/SMS/Gain Ground (Europe).png	caratula
MOVIDO	emu/ROMS/SMS/Galactic Protector (UE) [!].png	emu/MEDIA/SMS/Galactic Protector (UE) [!].png	caratula
MOVIDO	emu/ROMS/SMS/Galaxy Force (E) [!].png	emu/MEDIA/SMS/Galaxy Force (E) [!].png	caratula
MOVIDO	emu/ROMS/SMS/Gangster Town (USA, Europe).png	emu/MEDIA/SMS/Gangster Town (USA, Europe).png	caratula
MOVIDO	emu/ROMS/SMS/Gauntlet (Europe).png	emu/MEDIA/SMS/Gauntlet (Europe).png	caratula
MOVIDO	emu/ROMS/SMS/George Foreman's KO Boxing (Europe).png	emu/MEDIA/SMS/George Foreman's KO Boxing (Europe).png	caratula
MOVIDO	emu/ROMS/SMS/Ghost House (USA, Europe).png	emu/MEDIA/SMS/Ghost House (USA, Europe).png	caratula
MOVIDO	emu/ROMS/SMS/Ghostbusters (USA, Europe).png	emu/MEDIA/SMS/Ghostbusters (USA, Europe).png	caratula
MOVIDO	emu/ROMS/SMS/Ghouls'n Ghosts (USA, Europe).png	emu/MEDIA/SMS/Ghouls'n Ghosts (USA, Europe).png	caratula
MOVIDO	emu/ROMS/SMS/Global Defense (USA, Europe).png	emu/MEDIA/SMS/Global Defense (USA, Europe).png	caratula
MOVIDO	emu/ROMS/SMS/Golden Axe (USA, Europe).png	emu/MEDIA/SMS/Golden Axe (USA, Europe).png	caratula
MOVIDO	emu/ROMS/SMS/Golden Axe Warrior (USA, Europe).png	emu/MEDIA/SMS/Golden Axe Warrior (USA, Europe).png	caratula
MOVIDO	emu/ROMS/SMS/Golfamania (Europe).png	emu/MEDIA/SMS/Golfamania (Europe).png	caratula
MOVIDO	emu/ROMS/SMS/Golvellius (USA, Europe).png	emu/MEDIA/SMS/Golvellius (USA, Europe).png	caratula
MOVIDO	emu/ROMS/SMS/Great Baseball (USA, Europe).png	emu/MEDIA/SMS/Great Baseball (USA, Europe).png	caratula
MOVIDO	emu/ROMS/SMS/Great Football (World).png	emu/MEDIA/SMS/Great Football (World).png	caratula
MOVIDO	emu/ROMS/SMS/Great Golf (World).png	emu/MEDIA/SMS/Great Golf (World).png	caratula
MOVIDO	emu/ROMS/SMS/Great Ice Hockey (Japan, USA).png	emu/MEDIA/SMS/Great Ice Hockey (Japan, USA).png	caratula
MOVIDO	emu/ROMS/SMS/Great Soccer (Europe).png	emu/MEDIA/SMS/Great Soccer (Europe).png	caratula
MOVIDO	emu/ROMS/SMS/Great Volleyball (USA, Europe).png	emu/MEDIA/SMS/Great Volleyball (USA, Europe).png	caratula
MOVIDO	emu/ROMS/SMS/Hang-On & Astro Warrior (USA).png	emu/MEDIA/SMS/Hang-On & Astro Warrior (USA).png	caratula
MOVIDO	emu/ROMS/SMS/Hang-On & Safari Hunt (USA).png	emu/MEDIA/SMS/Hang-On & Safari Hunt (USA).png	caratula
MOVIDO	emu/ROMS/SMS/Hang-On (Europe).png	emu/MEDIA/SMS/Hang-On (Europe).png	caratula
MOVIDO	emu/ROMS/SMS/Heavyweight Champ (Europe).png	emu/MEDIA/SMS/Heavyweight Champ (Europe).png	caratula
MOVIDO	emu/ROMS/SMS/Heroes of the Lance (Europe).png	emu/MEDIA/SMS/Heroes of the Lance (Europe).png	caratula
MOVIDO	emu/ROMS/SMS/High School! Kimengumi (J) [!].png	emu/MEDIA/SMS/High School! Kimengumi (J) [!].png	caratula
MOVIDO	emu/ROMS/SMS/Home Alone (Europe).png	emu/MEDIA/SMS/Home Alone (Europe).png	caratula
MOVIDO	emu/ROMS/SMS/Hook (Prototype) [!].png	emu/MEDIA/SMS/Hook (Prototype) [!].png	caratula
MOVIDO	emu/ROMS/SMS/Hoshi wo Sagasite... (J) [!].png	emu/MEDIA/SMS/Hoshi wo Sagasite... (J) [!].png	caratula
MOVIDO	emu/ROMS/SMS/Impossible Mission (Europe).png	emu/MEDIA/SMS/Impossible Mission (Europe).png	caratula
MOVIDO	emu/ROMS/SMS/Incredible Crash Dummies, The (Europe).png	emu/MEDIA/SMS/Incredible Crash Dummies, The (Europe).png	caratula
MOVIDO	emu/ROMS/SMS/Incredible Hulk, The (Europe).png	emu/MEDIA/SMS/Incredible Hulk, The (Europe).png	caratula
MOVIDO	emu/ROMS/SMS/Indiana Jones and the Last Crusade (Europe).png	emu/MEDIA/SMS/Indiana Jones and the Last Crusade (Europe).png	caratula
MOVIDO	emu/ROMS/SMS/James 'Buster' Douglas Knockout Boxing (USA).png	emu/MEDIA/SMS/James 'Buster' Douglas Knockout Boxing (USA).png	caratula
MOVIDO	emu/ROMS/SMS/James Bond 007 - The Duel (Europe).png	emu/MEDIA/SMS/James Bond 007 - The Duel (Europe).png	caratula
MOVIDO	emu/ROMS/SMS/James Pond 2 - Codename RoboCod (Europe).png	emu/MEDIA/SMS/James Pond 2 - Codename RoboCod (Europe).png	caratula
MOVIDO	emu/ROMS/SMS/Joe Montana Football (USA, Europe).png	emu/MEDIA/SMS/Joe Montana Football (USA, Europe).png	caratula
MOVIDO	emu/ROMS/SMS/Jungle Book, The (Europe).png	emu/MEDIA/SMS/Jungle Book, The (Europe).png	caratula
MOVIDO	emu/ROMS/SMS/Jurassic Park (Europe).png	emu/MEDIA/SMS/Jurassic Park (Europe).png	caratula
MOVIDO	emu/ROMS/SMS/Kenseiden (USA, Europe).png	emu/MEDIA/SMS/Kenseiden (USA, Europe).png	caratula
MOVIDO	emu/ROMS/SMS/King's Quest - Quest for the Crown (USA).png	emu/MEDIA/SMS/King's Quest - Quest for the Crown (USA).png	caratula
MOVIDO	emu/ROMS/SMS/Klax (Europe).png	emu/MEDIA/SMS/Klax (Europe).png	caratula
MOVIDO	emu/ROMS/SMS/Krusty's Fun House (Europe).png	emu/MEDIA/SMS/Krusty's Fun House (Europe).png	caratula
MOVIDO	emu/ROMS/SMS/Kung Fu Kid (USA, Europe).png	emu/MEDIA/SMS/Kung Fu Kid (USA, Europe).png	caratula
MOVIDO	emu/ROMS/SMS/Land of Illusion Starring Mickey Mouse (Europe).png	emu/MEDIA/SMS/Land of Illusion Starring Mickey Mouse (Europe).png	caratula
MOVIDO	emu/ROMS/SMS/Laser Ghost (Europe).png	emu/MEDIA/SMS/Laser Ghost (Europe).png	caratula
MOVIDO	emu/ROMS/SMS/Legend of Illusion Starring Mickey Mouse (U) [!].png	emu/MEDIA/SMS/Legend of Illusion Starring Mickey Mouse (U) [!].png	caratula
MOVIDO	emu/ROMS/SMS/Lemmings (Europe).png	emu/MEDIA/SMS/Lemmings (Europe).png	caratula
MOVIDO	emu/ROMS/SMS/Line of Fire (Europe).png	emu/MEDIA/SMS/Line of Fire (Europe).png	caratula
MOVIDO	emu/ROMS/SMS/Lion King, The (Europe).png	emu/MEDIA/SMS/Lion King, The (Europe).png	caratula
MOVIDO	emu/ROMS/SMS/Loletta no Syouzou (J) [!].png	emu/MEDIA/SMS/Loletta no Syouzou (J) [!].png	caratula
MOVIDO	emu/ROMS/SMS/Lord of the Sword (USA, Europe).png	emu/MEDIA/SMS/Lord of the Sword (USA, Europe).png	caratula
MOVIDO	emu/ROMS/SMS/Lucky Dime Caper Starring Donald Duck, The (Europe).png	emu/MEDIA/SMS/Lucky Dime Caper Starring Donald Duck, The (Europe).png	caratula
MOVIDO	emu/ROMS/SMS/Machine Gun Joe (J) [!].png	emu/MEDIA/SMS/Machine Gun Joe (J) [!].png	caratula
MOVIDO	emu/ROMS/SMS/Mahjong Sengoku Jidai (J) [!].png	emu/MEDIA/SMS/Mahjong Sengoku Jidai (J) [!].png	caratula
MOVIDO	emu/ROMS/SMS/Marble Madness (Europe).png	emu/MEDIA/SMS/Marble Madness (Europe).png	caratula
MOVIDO	emu/ROMS/SMS/Marksman Shooting & Trap Shooting & Safari Hunt (Europe).png	emu/MEDIA/SMS/Marksman Shooting & Trap Shooting & Safari Hunt (Europe).png	caratula
MOVIDO	emu/ROMS/SMS/Marksman Shooting & Trap Shooting (USA).png	emu/MEDIA/SMS/Marksman Shooting & Trap Shooting (USA).png	caratula
MOVIDO	emu/ROMS/SMS/Masters of Combat (Europe).png	emu/MEDIA/SMS/Masters of Combat (Europe).png	caratula
MOVIDO	emu/ROMS/SMS/Maze Hunter 3-D (USA, Europe).png	emu/MEDIA/SMS/Maze Hunter 3-D (USA, Europe).png	caratula
MOVIDO	emu/ROMS/SMS/Megumi Rescue (J) [!].png	emu/MEDIA/SMS/Megumi Rescue (J) [!].png	caratula
MOVIDO	emu/ROMS/SMS/Mercs (Europe).png	emu/MEDIA/SMS/Mercs (Europe).png	caratula
MOVIDO	emu/ROMS/SMS/Michael Jackson's Moonwalker (USA, Europe).png	emu/MEDIA/SMS/Michael Jackson's Moonwalker (USA, Europe).png	caratula
MOVIDO	emu/ROMS/SMS/Mick & Mack as the Global Gladiators (Europe).png	emu/MEDIA/SMS/Mick & Mack as the Global Gladiators (Europe).png	caratula
MOVIDO	emu/ROMS/SMS/Mickey's Ultimate Challenge (B) [!].png	emu/MEDIA/SMS/Mickey's Ultimate Challenge (B) [!].png	caratula
MOVIDO	emu/ROMS/SMS/Micro Machines (Europe).png	emu/MEDIA/SMS/Micro Machines (Europe).png	caratula
MOVIDO	emu/ROMS/SMS/Miracle Warriors - Seal of the Dark Lord (USA, Europe).png	emu/MEDIA/SMS/Miracle Warriors - Seal of the Dark Lord (USA, Europe).png	caratula
MOVIDO	emu/ROMS/SMS/Missile Defense 3-D (USA, Europe).png	emu/MEDIA/SMS/Missile Defense 3-D (USA, Europe).png	caratula
MOVIDO	emu/ROMS/SMS/Monopoly (E) [!].png	emu/MEDIA/SMS/Monopoly (E) [!].png	caratula
MOVIDO	emu/ROMS/SMS/Montezuma's Revenge (U) [!].png	emu/MEDIA/SMS/Montezuma's Revenge (U) [!].png	caratula
MOVIDO	emu/ROMS/SMS/Mortal Kombat (Europe).png	emu/MEDIA/SMS/Mortal Kombat (Europe).png	caratula
MOVIDO	emu/ROMS/SMS/Mortal Kombat 3 (E) [!].png	emu/MEDIA/SMS/Mortal Kombat 3 (E) [!].png	caratula
MOVIDO	emu/ROMS/SMS/Mortal Kombat II (Europe).png	emu/MEDIA/SMS/Mortal Kombat II (Europe).png	caratula
MOVIDO	emu/ROMS/SMS/Ms. Pac-Man (Europe).png	emu/MEDIA/SMS/Ms. Pac-Man (Europe).png	caratula
MOVIDO	emu/ROMS/SMS/My Hero (USA, Europe).png	emu/MEDIA/SMS/My Hero (USA, Europe).png	caratula
MOVIDO	emu/ROMS/SMS/Nekyuu Kousien (J) [!].png	emu/MEDIA/SMS/Nekyuu Kousien (J) [!].png	caratula
MOVIDO	emu/ROMS/SMS/New Zealand Story, The (Europe).png	emu/MEDIA/SMS/New Zealand Story, The (Europe).png	caratula
MOVIDO	emu/ROMS/SMS/Ninja Gaiden (Europe).png	emu/MEDIA/SMS/Ninja Gaiden (Europe).png	caratula
MOVIDO	emu/ROMS/SMS/Ninja, The (USA, Europe).png	emu/MEDIA/SMS/Ninja, The (USA, Europe).png	caratula
MOVIDO	emu/ROMS/SMS/Olympic Gold (Europe) (En,Fr,De,Es,It,Nl,Pt,Sv).png	emu/MEDIA/SMS/Olympic Gold (Europe) (En,Fr,De,Es,It,Nl,Pt,Sv).png	caratula
MOVIDO	emu/ROMS/SMS/Operation Wolf (Europe).png	emu/MEDIA/SMS/Operation Wolf (Europe).png	caratula
MOVIDO	emu/ROMS/SMS/Ottifants, The (Europe) (En,Fr,De,Es,It).png	emu/MEDIA/SMS/Ottifants, The (Europe) (En,Fr,De,Es,It).png	caratula
MOVIDO	emu/ROMS/SMS/Out Run (World).png	emu/MEDIA/SMS/Out Run (World).png	caratula
MOVIDO	emu/ROMS/SMS/Out Run 3-D (Europe).png	emu/MEDIA/SMS/Out Run 3-D (Europe).png	caratula
MOVIDO	emu/ROMS/SMS/Out Run Europa (Europe).png	emu/MEDIA/SMS/Out Run Europa (Europe).png	caratula
MOVIDO	emu/ROMS/SMS/PGA Tour Golf (Europe).png	emu/MEDIA/SMS/PGA Tour Golf (Europe).png	caratula
MOVIDO	emu/ROMS/SMS/Pac-Mania (Europe).png	emu/MEDIA/SMS/Pac-Mania (Europe).png	caratula
MOVIDO	emu/ROMS/SMS/Paperboy (E) [!].png	emu/MEDIA/SMS/Paperboy (E) [!].png	caratula
MOVIDO	emu/ROMS/SMS/Parlour Games (USA, Europe).png	emu/MEDIA/SMS/Parlour Games (USA, Europe).png	caratula
MOVIDO	emu/ROMS/SMS/Pat Riley Basketball (Prototype) [!].png	emu/MEDIA/SMS/Pat Riley Basketball (Prototype) [!].png	caratula
MOVIDO	emu/ROMS/SMS/Penguin Land (USA, Europe).png	emu/MEDIA/SMS/Penguin Land (USA, Europe).png	caratula
MOVIDO	emu/ROMS/SMS/Phantasy Star (USA, Europe) (v1.3).png	emu/MEDIA/SMS/Phantasy Star (USA, Europe) (v1.3).png	caratula
MOVIDO	emu/ROMS/SMS/Pit Fighter (Europe).png	emu/MEDIA/SMS/Pit Fighter (Europe).png	caratula
MOVIDO	emu/ROMS/SMS/Pong Master 4k.png	emu/MEDIA/SMS/Pong Master 4k.png	caratula
MOVIDO	emu/ROMS/SMS/Populous (Europe).png	emu/MEDIA/SMS/Populous (Europe).png	caratula
MOVIDO	emu/ROMS/SMS/Poseidon Wars 3-D (USA, Europe).png	emu/MEDIA/SMS/Poseidon Wars 3-D (USA, Europe).png	caratula
MOVIDO	emu/ROMS/SMS/Power Strike (USA, Europe).png	emu/MEDIA/SMS/Power Strike (USA, Europe).png	caratula
MOVIDO	emu/ROMS/SMS/Power Strike II (Europe).png	emu/MEDIA/SMS/Power Strike II (Europe).png	caratula
MOVIDO	emu/ROMS/SMS/Predator 2 (Europe).png	emu/MEDIA/SMS/Predator 2 (Europe).png	caratula
MOVIDO	emu/ROMS/SMS/Prince of Persia (Europe).png	emu/MEDIA/SMS/Prince of Persia (Europe).png	caratula
MOVIDO	emu/ROMS/SMS/Pro Wrestling (USA, Europe).png	emu/MEDIA/SMS/Pro Wrestling (USA, Europe).png	caratula
MOVIDO	emu/ROMS/SMS/Pro Yakyuu Pennant Race, The (J) [!].png	emu/MEDIA/SMS/Pro Yakyuu Pennant Race, The (J) [!].png	caratula
MOVIDO	emu/ROMS/SMS/Promocao Especial M.System III Compact (B) [!].png	emu/MEDIA/SMS/Promocao Especial M.System III Compact (B) [!].png	caratula
MOVIDO	emu/ROMS/SMS/Psychic World (Europe).png	emu/MEDIA/SMS/Psychic World (Europe).png	caratula
MOVIDO	emu/ROMS/SMS/Psycho Fox (USA, Europe).png	emu/MEDIA/SMS/Psycho Fox (USA, Europe).png	caratula
MOVIDO	emu/ROMS/SMS/Putt & Putter (Europe).png	emu/MEDIA/SMS/Putt & Putter (Europe).png	caratula
MOVIDO	emu/ROMS/SMS/Quartet (USA, Europe).png	emu/MEDIA/SMS/Quartet (USA, Europe).png	caratula
MOVIDO	emu/ROMS/SMS/R-Type (World).png	emu/MEDIA/SMS/R-Type (World).png	caratula
MOVIDO	emu/ROMS/SMS/R.C. Grand Prix (USA, Europe).png	emu/MEDIA/SMS/R.C. Grand Prix (USA, Europe).png	caratula
MOVIDO	emu/ROMS/SMS/Rainbow Islands - The Story of Bubble Bobble 2 (Europe).png	emu/MEDIA/SMS/Rainbow Islands - The Story of Bubble Bobble 2 (Europe).png	caratula
MOVIDO	emu/ROMS/SMS/Rambo - First Blood Part II (USA).png	emu/MEDIA/SMS/Rambo - First Blood Part II (USA).png	caratula
MOVIDO	emu/ROMS/SMS/Rambo III (USA, Europe).png	emu/MEDIA/SMS/Rambo III (USA, Europe).png	caratula
MOVIDO	emu/ROMS/SMS/Rampage (USA, Europe).png	emu/MEDIA/SMS/Rampage (USA, Europe).png	caratula
MOVIDO	emu/ROMS/SMS/Rampart (Europe).png	emu/MEDIA/SMS/Rampart (Europe).png	caratula
MOVIDO	emu/ROMS/SMS/Rastan (USA, Europe).png	emu/MEDIA/SMS/Rastan (USA, Europe).png	caratula
MOVIDO	emu/ROMS/SMS/Reggie Jackson Baseball (USA).png	emu/MEDIA/SMS/Reggie Jackson Baseball (USA).png	caratula
MOVIDO	emu/ROMS/SMS/Ren & Stimpy - Quest for the Shaven Yak, The (B) [!].png	emu/MEDIA/SMS/Ren & Stimpy - Quest for the Shaven Yak, The (B) [!].png	caratula
MOVIDO	emu/ROMS/SMS/Renegade (Europe).png	emu/MEDIA/SMS/Renegade (Europe).png	caratula
MOVIDO	emu/ROMS/SMS/Rescue Mission (USA, Europe).png	emu/MEDIA/SMS/Rescue Mission (USA, Europe).png	caratula
MOVIDO	emu/ROMS/SMS/Road Rash (Europe).png	emu/MEDIA/SMS/Road Rash (Europe).png	caratula
MOVIDO	emu/ROMS/SMS/RoboCop 3 (Europe).png	emu/MEDIA/SMS/RoboCop 3 (Europe).png	caratula
MOVIDO	emu/ROMS/SMS/RoboCop versus The Terminator (Europe).png	emu/MEDIA/SMS/RoboCop versus The Terminator (Europe).png	caratula
MOVIDO	emu/ROMS/SMS/Rocky (World).png	emu/MEDIA/SMS/Rocky (World).png	caratula
MOVIDO	emu/ROMS/SMS/Running Battle (Europe).png	emu/MEDIA/SMS/Running Battle (Europe).png	caratula
MOVIDO	emu/ROMS/SMS/Sagaia (Europe).png	emu/MEDIA/SMS/Sagaia (Europe).png	caratula
MOVIDO	emu/ROMS/SMS/Satellite 7 (J) [!].png	emu/MEDIA/SMS/Satellite 7 (J) [!].png	caratula
MOVIDO	emu/ROMS/SMS/Scramble Spirits (Europe).png	emu/MEDIA/SMS/Scramble Spirits (Europe).png	caratula
MOVIDO	emu/ROMS/SMS/Secret Commando (E) [!].png	emu/MEDIA/SMS/Secret Commando (E) [!].png	caratula
MOVIDO	emu/ROMS/SMS/Sega Chess (Europe).png	emu/MEDIA/SMS/Sega Chess (Europe).png	caratula
MOVIDO	emu/ROMS/SMS/Sega World Tournament Golf (Europe).png	emu/MEDIA/SMS/Sega World Tournament Golf (Europe).png	caratula
MOVIDO	emu/ROMS/SMS/Sensible Soccer (Europe).png	emu/MEDIA/SMS/Sensible Soccer (Europe).png	caratula
MOVIDO	emu/ROMS/SMS/Shadow Dancer (Europe).png	emu/MEDIA/SMS/Shadow Dancer (Europe).png	caratula
MOVIDO	emu/ROMS/SMS/Shadow of the Beast (Europe).png	emu/MEDIA/SMS/Shadow of the Beast (Europe).png	caratula
MOVIDO	emu/ROMS/SMS/Shanghai (USA, Europe).png	emu/MEDIA/SMS/Shanghai (USA, Europe).png	caratula
MOVIDO	emu/ROMS/SMS/Shinobi (USA, Europe).png	emu/MEDIA/SMS/Shinobi (USA, Europe).png	caratula
MOVIDO	emu/ROMS/SMS/Shooting Gallery (USA, Europe).png	emu/MEDIA/SMS/Shooting Gallery (USA, Europe).png	caratula
MOVIDO	emu/ROMS/SMS/Simpsons, The - Bart vs. the Space Mutants (Europe).png	emu/MEDIA/SMS/Simpsons, The - Bart vs. the Space Mutants (Europe).png	caratula
MOVIDO	emu/ROMS/SMS/Simpsons, The - Bart vs. the World (Europe).png	emu/MEDIA/SMS/Simpsons, The - Bart vs. the World (Europe).png	caratula
MOVIDO	emu/ROMS/SMS/Sitio do Picapau Amarelo (B) [!].png	emu/MEDIA/SMS/Sitio do Picapau Amarelo (B) [!].png	caratula
MOVIDO	emu/ROMS/SMS/Slap Shot (E) [!].png	emu/MEDIA/SMS/Slap Shot (E) [!].png	caratula
MOVIDO	emu/ROMS/SMS/Smurfs Travel the World, The (E) (M4) [!].png	emu/MEDIA/SMS/Smurfs Travel the World, The (E) (M4) [!].png	caratula
MOVIDO	emu/ROMS/SMS/Smurfs, The (Europe) (En,Fr,De,Es).png	emu/MEDIA/SMS/Smurfs, The (Europe) (En,Fr,De,Es).png	caratula
MOVIDO	emu/ROMS/SMS/Solomon no Kagi - Oujo Rihita no Namida (J) [!].png	emu/MEDIA/SMS/Solomon no Kagi - Oujo Rihita no Namida (J) [!].png	caratula
MOVIDO	emu/ROMS/SMS/Sonic Blast (B) [!].png	emu/MEDIA/SMS/Sonic Blast (B) [!].png	caratula
MOVIDO	emu/ROMS/SMS/Sonic Chaos (Europe).png	emu/MEDIA/SMS/Sonic Chaos (Europe).png	caratula
MOVIDO	emu/ROMS/SMS/Sonic Spinball (Europe).png	emu/MEDIA/SMS/Sonic Spinball (Europe).png	caratula
MOVIDO	emu/ROMS/SMS/Sonic The Hedgehog (USA, Europe).png	emu/MEDIA/SMS/Sonic The Hedgehog (USA, Europe).png	caratula
MOVIDO	emu/ROMS/SMS/Sonic The Hedgehog 2 (UE) (V2.2).png	emu/MEDIA/SMS/Sonic The Hedgehog 2 (UE) (V2.2).png	caratula
MOVIDO	emu/ROMS/SMS/Space Gun (Europe).png	emu/MEDIA/SMS/Space Gun (Europe).png	caratula
MOVIDO	emu/ROMS/SMS/Space Harrier (USA, Europe).png	emu/MEDIA/SMS/Space Harrier (USA, Europe).png	caratula
MOVIDO	emu/ROMS/SMS/Space Harrier 3-D (USA, Europe).png	emu/MEDIA/SMS/Space Harrier 3-D (USA, Europe).png	caratula
MOVIDO	emu/ROMS/SMS/Special Criminal Investigation (Europe).png	emu/MEDIA/SMS/Special Criminal Investigation (Europe).png	caratula
MOVIDO	emu/ROMS/SMS/Speedball (Europe) (Virgin).png	emu/MEDIA/SMS/Speedball (Europe) (Virgin).png	caratula
MOVIDO	emu/ROMS/SMS/Speedball 2 (Europe).png	emu/MEDIA/SMS/Speedball 2 (Europe).png	caratula
MOVIDO	emu/ROMS/SMS/SpellCaster (USA, Europe).png	emu/MEDIA/SMS/SpellCaster (USA, Europe).png	caratula
MOVIDO	emu/ROMS/SMS/Spider-Man - Return of the Sinister Six (Europe).png	emu/MEDIA/SMS/Spider-Man - Return of the Sinister Six (Europe).png	caratula
MOVIDO	emu/ROMS/SMS/Spider-Man vs. The Kingpin (USA, Europe).png	emu/MEDIA/SMS/Spider-Man vs. The Kingpin (USA, Europe).png	caratula
MOVIDO	emu/ROMS/SMS/Sports Pad Football (USA).png	emu/MEDIA/SMS/Sports Pad Football (USA).png	caratula
MOVIDO	emu/ROMS/SMS/Spy vs. Spy (USA, Europe).png	emu/MEDIA/SMS/Spy vs. Spy (USA, Europe).png	caratula
MOVIDO	emu/ROMS/SMS/Star Wars (Europe).png	emu/MEDIA/SMS/Star Wars (Europe).png	caratula
MOVIDO	emu/ROMS/SMS/Street Fighter 2 (B) [!].png	emu/MEDIA/SMS/Street Fighter 2 (B) [!].png	caratula
MOVIDO	emu/ROMS/SMS/Streets of Rage (Europe).png	emu/MEDIA/SMS/Streets of Rage (Europe).png	caratula
MOVIDO	emu/ROMS/SMS/Streets of Rage II (Europe).png	emu/MEDIA/SMS/Streets of Rage II (Europe).png	caratula
MOVIDO	emu/ROMS/SMS/Strider (USA, Europe).png	emu/MEDIA/SMS/Strider (USA, Europe).png	caratula
MOVIDO	emu/ROMS/SMS/Strider II (Europe).png	emu/MEDIA/SMS/Strider II (Europe).png	caratula
MOVIDO	emu/ROMS/SMS/Submarine Attack (Europe).png	emu/MEDIA/SMS/Submarine Attack (Europe).png	caratula
MOVIDO	emu/ROMS/SMS/Sukeban Deka 2 (J) [!].png	emu/MEDIA/SMS/Sukeban Deka 2 (J) [!].png	caratula
MOVIDO	emu/ROMS/SMS/Summer Games (Europe).png	emu/MEDIA/SMS/Summer Games (Europe).png	caratula
MOVIDO	emu/ROMS/SMS/Super Kick Off (Europe) (En,Fr,De,Es,It,Nl,Pt,Sv).png	emu/MEDIA/SMS/Super Kick Off (Europe) (En,Fr,De,Es,It,Nl,Pt,Sv).png	caratula
MOVIDO	emu/ROMS/SMS/Super Monaco GP (USA).png	emu/MEDIA/SMS/Super Monaco GP (USA).png	caratula
MOVIDO	emu/ROMS/SMS/Super Off Road (Europe).png	emu/MEDIA/SMS/Super Off Road (Europe).png	caratula
MOVIDO	emu/ROMS/SMS/Super Racing (J) [!].png	emu/MEDIA/SMS/Super Racing (J) [!].png	caratula
MOVIDO	emu/ROMS/SMS/Super Smash T.V. (Europe).png	emu/MEDIA/SMS/Super Smash T.V. (Europe).png	caratula
MOVIDO	emu/ROMS/SMS/Super Space Invaders (Europe).png	emu/MEDIA/SMS/Super Space Invaders (Europe).png	caratula
MOVIDO	emu/ROMS/SMS/Super Tennis (USA, Europe).png	emu/MEDIA/SMS/Super Tennis (USA, Europe).png	caratula
MOVIDO	emu/ROMS/SMS/Superman - The Man of Steel (Europe).png	emu/MEDIA/SMS/Superman - The Man of Steel (Europe).png	caratula
MOVIDO	emu/ROMS/SMS/Taito Chase H.Q. (Europe).png	emu/MEDIA/SMS/Taito Chase H.Q. (Europe).png	caratula
MOVIDO	emu/ROMS/SMS/Taz in Escape From Mars (B) [!].png	emu/MEDIA/SMS/Taz in Escape From Mars (B) [!].png	caratula
MOVIDO	emu/ROMS/SMS/Taz-Mania (Europe).png	emu/MEDIA/SMS/Taz-Mania (Europe).png	caratula
MOVIDO	emu/ROMS/SMS/Tecmo World Cup '92 (Prototype for '93) [!].png	emu/MEDIA/SMS/Tecmo World Cup '92 (Prototype for '93) [!].png	caratula
MOVIDO	emu/ROMS/SMS/Teddy Boy (USA, Europe).png	emu/MEDIA/SMS/Teddy Boy (USA, Europe).png	caratula
MOVIDO	emu/ROMS/SMS/Tennis Ace (Europe).png	emu/MEDIA/SMS/Tennis Ace (Europe).png	caratula
MOVIDO	emu/ROMS/SMS/Tensai Bakabon (J) [!].png	emu/MEDIA/SMS/Tensai Bakabon (J) [!].png	caratula
MOVIDO	emu/ROMS/SMS/Terminator 2 - Judgment Day (Europe).png	emu/MEDIA/SMS/Terminator 2 - Judgment Day (Europe).png	caratula
MOVIDO	emu/ROMS/SMS/Terminator 2 - The Arcade Game (E) [!].png	emu/MEDIA/SMS/Terminator 2 - The Arcade Game (E) [!].png	caratula
MOVIDO	emu/ROMS/SMS/Terminator, The (Europe).png	emu/MEDIA/SMS/Terminator, The (Europe).png	caratula
MOVIDO	emu/ROMS/SMS/Thunder Blade (USA, Europe).png	emu/MEDIA/SMS/Thunder Blade (USA, Europe).png	caratula
MOVIDO	emu/ROMS/SMS/Time Soldiers (USA, Europe).png	emu/MEDIA/SMS/Time Soldiers (USA, Europe).png	caratula
MOVIDO	emu/ROMS/SMS/Tom and Jerry - The Movie (Europe).png	emu/MEDIA/SMS/Tom and Jerry - The Movie (Europe).png	caratula
MOVIDO	emu/ROMS/SMS/TransBot (USA, Europe).png	emu/MEDIA/SMS/TransBot (USA, Europe).png	caratula
MOVIDO	emu/ROMS/SMS/Trivial Pursuit - Genus Edition (Europe) (En,Fr,De,Es).png	emu/MEDIA/SMS/Trivial Pursuit - Genus Edition (Europe) (En,Fr,De,Es).png	caratula
MOVIDO	emu/ROMS/SMS/Ultima IV - Quest of the Avatar (Europe).png	emu/MEDIA/SMS/Ultima IV - Quest of the Avatar (Europe).png	caratula
MOVIDO	emu/ROMS/SMS/Ultimate Soccer (Europe) (En,Fr,De,Es,It).png	emu/MEDIA/SMS/Ultimate Soccer (Europe) (En,Fr,De,Es,It).png	caratula
MOVIDO	emu/ROMS/SMS/Vampire (E) [!].png	emu/MEDIA/SMS/Vampire (E) [!].png	caratula
MOVIDO	emu/ROMS/SMS/Vigilante (USA, Europe).png	emu/MEDIA/SMS/Vigilante (USA, Europe).png	caratula
MOVIDO	emu/ROMS/SMS/Virtua Fighter Animation (J) [!].png	emu/MEDIA/SMS/Virtua Fighter Animation (J) [!].png	caratula
MOVIDO	emu/ROMS/SMS/WWF Wrestlemania - Steel Cage Challenge (Europe).png	emu/MEDIA/SMS/WWF Wrestlemania - Steel Cage Challenge (Europe).png	caratula
MOVIDO	emu/ROMS/SMS/Walter Payton Football (USA).png	emu/MEDIA/SMS/Walter Payton Football (USA).png	caratula
MOVIDO	emu/ROMS/SMS/Wanted (USA, Europe).png	emu/MEDIA/SMS/Wanted (USA, Europe).png	caratula
MOVIDO	emu/ROMS/SMS/Where in the World is Carmen Sandiego (USA).png	emu/MEDIA/SMS/Where in the World is Carmen Sandiego (USA).png	caratula
MOVIDO	emu/ROMS/SMS/Wimbledon (Europe).png	emu/MEDIA/SMS/Wimbledon (Europe).png	caratula
MOVIDO	emu/ROMS/SMS/Wimbledon II (Europe).png	emu/MEDIA/SMS/Wimbledon II (Europe).png	caratula
MOVIDO	emu/ROMS/SMS/Winter Olympics - Lillehammer '94 (Europe) (En,Fr,De,Es,It,Pt,Sv,No).png	emu/MEDIA/SMS/Winter Olympics - Lillehammer '94 (Europe) (En,Fr,De,Es,It,Pt,Sv,No).png	caratula
MOVIDO	emu/ROMS/SMS/Wolfchild (Europe).png	emu/MEDIA/SMS/Wolfchild (Europe).png	caratula
MOVIDO	emu/ROMS/SMS/Wonder Boy (USA, Europe).png	emu/MEDIA/SMS/Wonder Boy (USA, Europe).png	caratula
MOVIDO	emu/ROMS/SMS/Wonder Boy III - The Dragon's Trap (USA, Europe).png	emu/MEDIA/SMS/Wonder Boy III - The Dragon's Trap (USA, Europe).png	caratula
MOVIDO	emu/ROMS/SMS/Wonder Boy in Monster Land (USA, Europe).png	emu/MEDIA/SMS/Wonder Boy in Monster Land (USA, Europe).png	caratula
MOVIDO	emu/ROMS/SMS/Wonder Boy in Monster World (Europe).png	emu/MEDIA/SMS/Wonder Boy in Monster World (Europe).png	caratula
MOVIDO	emu/ROMS/SMS/Woody Pop (J) [!].png	emu/MEDIA/SMS/Woody Pop (J) [!].png	caratula
MOVIDO	emu/ROMS/SMS/World Class Leader Board (Europe).png	emu/MEDIA/SMS/World Class Leader Board (Europe).png	caratula
MOVIDO	emu/ROMS/SMS/World Cup Italia '90 (Europe).png	emu/MEDIA/SMS/World Cup Italia '90 (Europe).png	caratula
MOVIDO	emu/ROMS/SMS/World Cup USA 94 (Europe) (En,Fr,De,Es,It,Nl,Pt,Sv).png	emu/MEDIA/SMS/World Cup USA 94 (Europe) (En,Fr,De,Es,It,Nl,Pt,Sv).png	caratula
MOVIDO	emu/ROMS/SMS/World Games (Europe).png	emu/MEDIA/SMS/World Games (Europe).png	caratula
MOVIDO	emu/ROMS/SMS/World Grand Prix (E) [!].png	emu/MEDIA/SMS/World Grand Prix (E) [!].png	caratula
MOVIDO	emu/ROMS/SMS/World Soccer (E) [!].png	emu/MEDIA/SMS/World Soccer (E) [!].png	caratula
MOVIDO	emu/ROMS/SMS/X-Men - Mojo World (B) [!].png	emu/MEDIA/SMS/X-Men - Mojo World (B) [!].png	caratula
MOVIDO	emu/ROMS/SMS/Xenon 2 - Megablast (Europe) (Virgin).png	emu/MEDIA/SMS/Xenon 2 - Megablast (Europe) (Virgin).png	caratula
MOVIDO	emu/ROMS/SMS/Ys - The Vanished Omens (USA, Europe).png	emu/MEDIA/SMS/Ys - The Vanished Omens (USA, Europe).png	caratula
MOVIDO	emu/ROMS/SMS/Zaxxon 3-D (World).png	emu/MEDIA/SMS/Zaxxon 3-D (World).png	caratula
MOVIDO	emu/ROMS/SMS/Zillion (Europe) (v1.2).png	emu/MEDIA/SMS/Zillion (Europe) (v1.2).png	caratula
MOVIDO	emu/ROMS/SMS/Zillion II - The Tri Formation (World).png	emu/MEDIA/SMS/Zillion II - The Tri Formation (World).png	caratula
MOVIDO	emu/ROMS/SMS/Zool - Ninja of the 'Nth' Dimension (Europe).png	emu/MEDIA/SMS/Zool - Ninja of the 'Nth' Dimension (Europe).png	caratula
MOVIDO	emu/ROMS/GB/Antz Racing (E) (Beta) (M6) [C][!].gbc	emu/ROMS/GBC/Antz Racing (E) (Beta) (M6) [C][!].gbc	solo GBC (flag 0xC0) estaba en GB
MOVIDO	emu/ROMS/GB/F-1 Racing Championship (E) (M5) (Beta) [C][!].gbc	emu/ROMS/GBC/F-1 Racing Championship (E) (M5) (Beta) [C][!].gbc	solo GBC (flag 0xC0) estaba en GB
MOVIDO	emu/ROMS/GB/Gremlins Unleashed (E) (M6) (Beta) [C][!].gbc	emu/ROMS/GBC/Gremlins Unleashed (E) (M6) (Beta) [C][!].gbc	solo GBC (flag 0xC0) estaba en GB
MOVIDO	emu/ROMS/GB/Tomb Raider (UE) (M5) (Beta) [C][!].gbc	emu/ROMS/GBC/Tomb Raider (UE) (M5) (Beta) [C][!].gbc	solo GBC (flag 0xC0) estaba en GB
MOVIDO	emu/ROMS/GBA/Pokemon Azul [E][GB].gb	emu/ROMS/GB/Pokemon Azul [E][GB].gb	ROM de GB (flag 0x00) estaba en GBA
MOVIDO	emu/ROMS/GBA/Pokemon Rojo [E][GB].gb	emu/ROMS/GB/Pokemon Rojo [E][GB].gb	ROM de GB (flag 0x00) estaba en GBA
MOVIDO	emu/ROMS/GBA/Metal Gear Solid [E].gb	emu/ROMS/GBC/Metal Gear Solid [E].gb	ROM de GBC (flag 0x80/0xC0) estaba en GBA
MOVIDO	emu/ROMS/GBA/Pokemon Cristal [E][GBC].gbc	emu/ROMS/GBC/Pokemon Cristal [E][GBC].gbc	ROM de GBC (flag 0x80/0xC0) estaba en GBA
MOVIDO	emu/ROMS/GBA/Pokemon Oro [E][GBC].gbc	emu/ROMS/GBC/Pokemon Oro [E][GBC].gbc	ROM de GBC (flag 0x80/0xC0) estaba en GBA
MOVIDO	emu/ROMS/GBA/Pokemon Plata [E][GBC].gbc	emu/ROMS/GBC/Pokemon Plata [E][GBC].gbc	ROM de GBC (flag 0x80/0xC0) estaba en GBA
MOVIDO	emu/ROMS/GBA/Worms Armageddon [E][GBC].gbc	emu/ROMS/GBC/Worms Armageddon [E][GBC].gbc	ROM de GBC (flag 0x80/0xC0) estaba en GBA
MOVIDO	emu/ROMS/GBA/Zelda - Oracle of ages [E][GBC].gbc	emu/ROMS/GBC/Zelda - Oracle of ages [E][GBC].gbc	ROM de GBC (flag 0x80/0xC0) estaba en GBA
MOVIDO	emu/ROMS/GBA/Zelda DX [E][GBC].gbc	emu/ROMS/GBC/Zelda DX [E][GBC].gbc	ROM de GBC (flag 0x80/0xC0) estaba en GBA
MOVIDO	emu/ROMS/MD/3 Ninjas Kick Back (U) [!].zip	emu/EXTRAS/MD-duplicados/3 Ninjas Kick Back (U) [!].zip	mismo SHA-1 que '3 Ninjas Kick Back (U) [!].bin', que se queda en MD/
MOVIDO	emu/ROMS/MD/688 Attack Sub (U) [!].zip	emu/EXTRAS/MD-duplicados/688 Attack Sub (U) [!].zip	mismo SHA-1 que '688 Attack Sub (UE) [!].bin', que se queda en MD/
MOVIDO	emu/ROMS/MD/Aaahh!!! Real Monsters (4) [!].zip	emu/EXTRAS/MD-duplicados/Aaahh!!! Real Monsters (4) [!].zip	mismo SHA-1 que 'AAAHH!!! Real Monsters (UE) [!].bin', que se queda en MD/
MOVIDO	emu/ROMS/MD/AWS Pro Moves Soccer (U) [!].zip	emu/EXTRAS/MD-duplicados/AWS Pro Moves Soccer (U) [!].zip	mismo SHA-1 que 'AWS Pro Moves Soccer (U) [!].bin', que se queda en MD/
MOVIDO	emu/ROMS/MD/Aah! Harimanada (J).zip	emu/EXTRAS/MD-duplicados/Aah! Harimanada (J).zip	mismo SHA-1 que 'Aah! Harimanada (J) [!].bin', que se queda en MD/
MOVIDO	emu/ROMS/MD/Addams Family Values (8) [!].zip	emu/EXTRAS/MD-duplicados/Addams Family Values (8) [!].zip	mismo SHA-1 que 'Addams Family Values (E) (M3) [!].bin', que se queda en MD/
MOVIDO	emu/ROMS/MD/Addams Family, The (UE) [!].zip	emu/EXTRAS/MD-duplicados/Addams Family, The (UE) [!].zip	mismo SHA-1 que 'Addams Family, The (UE) [!].bin', que se queda en MD/
MOVIDO	emu/ROMS/MD/Aero the Acro-Bat (U) [c][!].zip	emu/EXTRAS/MD-duplicados/Aero the Acro-Bat (U) [c][!].zip	mismo SHA-1 que 'Aero the Acro-Bat (U) [c][!].bin', que se queda en MD/
MOVIDO	emu/ROMS/MD/Aerobiz (U) [!].zip	emu/EXTRAS/MD-duplicados/Aerobiz (U) [!].zip	mismo SHA-1 que 'Aerobiz (U) [!].bin', que se queda en MD/
MOVIDO	emu/ROMS/MD/Aerobiz Supersonic (U) [!].zip	emu/EXTRAS/MD-duplicados/Aerobiz Supersonic (U) [!].zip	mismo SHA-1 que 'Aerobiz Supersonic (U) [!].bin', que se queda en MD/
MOVIDO	emu/ROMS/MD/Afterburner II (U) [!].zip	emu/EXTRAS/MD-duplicados/Afterburner II (U) [!].zip	mismo SHA-1 que 'After Burner II (UE) [!].bin', que se queda en MD/
MOVIDO	emu/ROMS/MD/Air Busters (U) [c][!].zip	emu/EXTRAS/MD-duplicados/Air Busters (U) [c][!].zip	mismo SHA-1 que 'Air Buster (U) [c][!].bin', que se queda en MD/
MOVIDO	emu/ROMS/MD/Air Diver (U) [!].zip	emu/EXTRAS/MD-duplicados/Air Diver (U) [!].zip	mismo SHA-1 que 'Air Diver (U) [!].bin', que se queda en MD/
MOVIDO	emu/ROMS/MD/Aleste - Full Metal Fighter Ellinor (J) [!].smd.zip	emu/EXTRAS/MD-duplicados/Aleste - Full Metal Fighter Ellinor (J) [!].smd.zip	mismo SHA-1 que 'Aleste - Full Metal Fighter Ellinor (J) [!].bin.zip', que se queda en MD/
MOVIDO	emu/ROMS/MD/Alien Soldier (A) [!].zip	emu/EXTRAS/MD-duplicados/Alien Soldier (A) [!].zip	mismo SHA-1 que 'Alien Soldier (E) [!].bin', que se queda en MD/
MOVIDO	emu/ROMS/MD/Alien Storm (JUE) [!].zip	emu/EXTRAS/MD-duplicados/Alien Storm (JUE) [!].zip	mismo SHA-1 que 'Alien Storm (W) [!].bin', que se queda en MD/
MOVIDO	emu/ROMS/MD/Altered Beast (REV 02) (JU) [!].zip	emu/EXTRAS/MD-duplicados/Altered Beast (REV 02) (JU) [!].zip	mismo SHA-1 que 'Altered Beast (UE) (REV02) [!].bin', que se queda en MD/
MOVIDO	emu/ROMS/MD/American Gladiators (U) [!].zip	emu/EXTRAS/MD-duplicados/American Gladiators (U) [!].zip	mismo SHA-1 que 'American Gladiators (U) [!].bin', que se queda en MD/
MOVIDO	emu/ROMS/MD/Another World (E) [!].zip	emu/EXTRAS/MD-duplicados/Another World (E) [!].zip	mismo SHA-1 que 'Another World (E) [!].bin', que se queda en MD/
MOVIDO	emu/ROMS/MD/Aquatic Games, The (U) [!].zip	emu/EXTRAS/MD-duplicados/Aquatic Games, The (U) [!].zip	mismo SHA-1 que 'Aquatic Games - Starring James Pond, The (UE) [!].bin', que se queda en MD/
MOVIDO	emu/ROMS/MD/Sega Arcade Classics (F) [!].zip	emu/EXTRAS/MD-duplicados/Sega Arcade Classics (F) [!].zip	mismo SHA-1 que 'Arcade Classics (U) [!].bin', que se queda en MD/
MOVIDO	emu/ROMS/MD/Arch Rivals (UE) [!].zip	emu/EXTRAS/MD-duplicados/Arch Rivals (UE) [!].zip	mismo SHA-1 que 'Arch Rivals (UE) [!].bin', que se queda en MD/
MOVIDO	emu/ROMS/MD/Arcus Odyssey (U) [!].zip	emu/EXTRAS/MD-duplicados/Arcus Odyssey (U) [!].zip	mismo SHA-1 que 'Arcus Odyssey (U) [!].bin', que se queda en MD/
MOVIDO	emu/ROMS/MD/Ariel - Disney_s The Little Mermaid (U) [!].zip	emu/EXTRAS/MD-duplicados/Ariel - Disney_s The Little Mermaid (U) [!].zip	mismo SHA-1 que 'Ariel - The Little Mermaid (UE) [!].bin', que se queda en MD/
MOVIDO	emu/ROMS/MD/Arnold Palmer Tournament Golf (U) [!].zip	emu/EXTRAS/MD-duplicados/Arnold Palmer Tournament Golf (U) [!].zip	mismo SHA-1 que 'Arnold Palmer Tournament Golf (UE) [!].bin', que se queda en MD/
MOVIDO	emu/ROMS/MD/Arrow Flash (JUE) [!].zip	emu/EXTRAS/MD-duplicados/Arrow Flash (JUE) [!].zip	mismo SHA-1 que 'Arrow Flash (UE) [!].bin', que se queda en MD/
MOVIDO	emu/ROMS/MD/Art Alive! (U) [!].zip	emu/EXTRAS/MD-duplicados/Art Alive! (U) [!].zip	mismo SHA-1 que 'Art Alive! (W) [!].bin', que se queda en MD/
MOVIDO	emu/ROMS/MD/Asterix and the Power of The Gods (8) (Eng-Ger-Fr-Sp) [!].zip	emu/EXTRAS/MD-duplicados/Asterix and the Power of The Gods (8) (Eng-Ger-Fr-Sp) [!].zip	mismo SHA-1 que 'Asterix and the Power of The Gods (E) (M4) [!].bin', que se queda en MD/
MOVIDO	emu/ROMS/MD/Atomic Robo Kid (U) [c][!].zip	emu/EXTRAS/MD-duplicados/Atomic Robo Kid (U) [c][!].zip	mismo SHA-1 que 'Atomic Robo-Kid (U) [c][!].bin', que se queda en MD/
MOVIDO	emu/ROMS/MD/Australian Rugby League (E) [!].zip	emu/EXTRAS/MD-duplicados/Australian Rugby League (E) [!].zip	mismo SHA-1 que 'Australian Rugby League (E) [!].bin', que se queda en MD/
MOVIDO	emu/ROMS/MD/Awesome Possum (UJE) [!].zip	emu/EXTRAS/MD-duplicados/Awesome Possum (UJE) [!].zip	mismo SHA-1 que 'Awesome Possum Kicks Dr. Machino's Butt! (U) [!].bin', que se queda en MD/
MOVIDO	emu/ROMS/MD/Ayrton Senna_s Super Monaco GP II (U) [!].zip	emu/EXTRAS/MD-duplicados/Ayrton Senna_s Super Monaco GP II (U) [!].zip	mismo SHA-1 que 'Ayrton Senna's Super Monaco GP II (U) [!].bin', que se queda en MD/
MOVIDO	emu/ROMS/MD/B.O.B (REV 01) (UEJ) [!].zip	emu/EXTRAS/MD-duplicados/B.O.B (REV 01) (UEJ) [!].zip	mismo SHA-1 que 'B.O.B (UE) (REV01) [!].bin', que se queda en MD/
MOVIDO	emu/ROMS/MD/Baby_s Day Out (U).zip	emu/EXTRAS/MD-duplicados/Baby_s Day Out (U).zip	mismo SHA-1 que 'Baby's Day Out (Beta 2).bin', que se queda en MD/
MOVIDO	emu/ROMS/MD/Ballz (JUE) [!].zip	emu/EXTRAS/MD-duplicados/Ballz (JUE) [!].zip	mismo SHA-1 que 'Ballz (UE) [!].bin', que se queda en MD/
MOVIDO	emu/ROMS/MD/Barkley Shut Up and Jam (JUE) [!].zip	emu/EXTRAS/MD-duplicados/Barkley Shut Up and Jam (JUE) [!].zip	mismo SHA-1 que 'Barkley Shut Up and Jam! (UE) [!].bin', que se queda en MD/
MOVIDO	emu/ROMS/MD/Barkley Shut Up and Jam 2 (JUE) [!].zip	emu/EXTRAS/MD-duplicados/Barkley Shut Up and Jam 2 (JUE) [!].zip	mismo SHA-1 que 'Barkley Shut Up and Jam! 2 (U) [!].bin', que se queda en MD/
MOVIDO	emu/ROMS/MD/Barney_s Hide and Seek (U) [!].zip	emu/EXTRAS/MD-duplicados/Barney_s Hide and Seek (U) [!].zip	mismo SHA-1 que 'Barney's Hide & Seek Game (U) [!].bin', que se queda en MD/
MOVIDO	emu/ROMS/MD/Bass Masters Classic Pro Edition (F) [!].zip	emu/EXTRAS/MD-duplicados/Bass Masters Classic Pro Edition (F) [!].zip	mismo SHA-1 que 'Bass Masters Classic Pro Edition (U) [!].bin', que se queda en MD/
MOVIDO	emu/ROMS/MD/Bass Masters Classics (4) [!].zip	emu/EXTRAS/MD-duplicados/Bass Masters Classics (4) [!].zip	mismo SHA-1 que 'Bass Masters Classics (U) [!].bin', que se queda en MD/
MOVIDO	emu/ROMS/MD/Batman - Revenge of the Joker (U) [!].zip	emu/EXTRAS/MD-duplicados/Batman - Revenge of the Joker (U) [!].zip	mismo SHA-1 que 'Batman - Revenge of the Joker (U) [!].bin', que se queda en MD/
MOVIDO	emu/ROMS/MD/Batman Forever (F) [!].zip	emu/EXTRAS/MD-duplicados/Batman Forever (F) [!].zip	mismo SHA-1 que 'Batman Forever (W) [!].bin', que se queda en MD/
MOVIDO	emu/ROMS/MD/Batman Returns (U) [!].zip	emu/EXTRAS/MD-duplicados/Batman Returns (U) [!].zip	mismo SHA-1 que 'Batman Returns (W) [!].bin', que se queda en MD/
MOVIDO	emu/ROMS/MD/Battle Squadron (U) [!].zip	emu/EXTRAS/MD-duplicados/Battle Squadron (U) [!].zip	mismo SHA-1 que 'Battle Squadron (UE) [!].bin', que se queda en MD/
MOVIDO	emu/ROMS/MD/Battlemaster (JUE) [b1].zip	emu/EXTRAS/MD-malos/Battlemaster (JUE) [b1].zip	volcado malo [b] sin copia buena del mismo contenido
MOVIDO	emu/ROMS/MD/Battletech (U) [!].zip	emu/EXTRAS/MD-duplicados/Battletech (U) [!].zip	mismo SHA-1 que 'Battletech (U) [!].bin', que se queda en MD/
MOVIDO	emu/ROMS/MD/Battletoads (JUE) [!].zip	emu/EXTRAS/MD-duplicados/Battletoads (JUE) [!].zip	mismo SHA-1 que 'Battletoads (W) [!].bin', que se queda en MD/
MOVIDO	emu/ROMS/MD/Battletoads and Double Dragon (U) [c][!].zip	emu/EXTRAS/MD-duplicados/Battletoads and Double Dragon (U) [c][!].zip	mismo SHA-1 que 'Battletoads and Double Dragon (U) [c][!].bin', que se queda en MD/
MOVIDO	emu/ROMS/MD/Beast Wrestler (U) [!].zip	emu/EXTRAS/MD-duplicados/Beast Wrestler (U) [!].zip	mismo SHA-1 que 'Beast Wrestler (U) [!].bin', que se queda en MD/
MOVIDO	emu/ROMS/MD/Beauty and the Beast - Belle_s Quest (U) [!].zip	emu/EXTRAS/MD-duplicados/Beauty and the Beast - Belle_s Quest (U) [!].zip	mismo SHA-1 que 'Beauty and the Beast - Belle's Quest (U) [!].bin', que se queda en MD/
MOVIDO	emu/ROMS/MD/Beauty and the Beast - Roar of the Beast (U) [!].zip	emu/EXTRAS/MD-duplicados/Beauty and the Beast - Roar of the Beast (U) [!].zip	mismo SHA-1 que 'Beauty and the Beast - Roar of the Beast (U) [!].bin', que se queda en MD/
MOVIDO	emu/ROMS/MD/Berenstain Bears_, The Camping Adventure (U) [!].zip	emu/EXTRAS/MD-duplicados/Berenstain Bears_, The Camping Adventure (U) [!].zip	mismo SHA-1 que 'Berenstain Bears', The - Camping Adventure (U) [!].bin', que se queda en MD/
MOVIDO	emu/ROMS/MD/Best of the Best - Championship Karate (U) [c][!].zip	emu/EXTRAS/MD-duplicados/Best of the Best - Championship Karate (U) [c][!].zip	mismo SHA-1 que 'Best of the Best - Championship Karate (U) [c][!].bin', que se queda en MD/
MOVIDO	emu/ROMS/MD/Bill Walsh College Football 95 (U) [!].zip	emu/EXTRAS/MD-duplicados/Bill Walsh College Football 95 (U) [!].zip	mismo SHA-1 que 'Bill Walsh College Football '95 (U) [!].bin', que se queda en MD/
MOVIDO	emu/ROMS/MD/Bill Walsh College Football (UEJ) [c][!].zip	emu/EXTRAS/MD-duplicados/Bill Walsh College Football (UEJ) [c][!].zip	mismo SHA-1 que 'Bill Walsh College Football (UE) [c][!].bin', que se queda en MD/
MOVIDO	emu/ROMS/MD/Bimini Run (JU) [!].zip	emu/EXTRAS/MD-duplicados/Bimini Run (JU) [!].zip	mismo SHA-1 que 'Bimini Run (U) (REV02) [!].bin', que se queda en MD/
MOVIDO	emu/ROMS/MD/Bio-Hazard Battle (Sep 1992) (UE) [!].zip	emu/EXTRAS/MD-duplicados/Bio-Hazard Battle (Sep 1992) (UE) [!].zip	mismo SHA-1 que 'Bio-Hazard Battle (UE) [!].bin', que se queda en MD/
MOVIDO	emu/ROMS/MD/Sailor Moon (J) [!].zip	emu/EXTRAS/MD-duplicados/Sailor Moon (J) [!].zip	mismo SHA-1 que 'Bishoujo Senshi Sailor Moon (J) [!].bin', que se queda en MD/
MOVIDO	emu/ROMS/MD/Blades of Vengence (EJU) [!].zip	emu/EXTRAS/MD-duplicados/Blades of Vengence (EJU) [!].zip	mismo SHA-1 que 'Blades of Vengeance (UE) [!].bin', que se queda en MD/
MOVIDO	emu/ROMS/MD/Blaster Master 2 (U) [c][!].zip	emu/EXTRAS/MD-duplicados/Blaster Master 2 (U) [c][!].zip	mismo SHA-1 que 'Blaster Master 2 (U) [c][!].bin', que se queda en MD/
MOVIDO	emu/ROMS/MD/Block Out (REV 01) (U) [!].zip	emu/EXTRAS/MD-duplicados/Block Out (REV 01) (U) [!].zip	mismo SHA-1 que 'Block Out (W) (REV01) [!].bin', que se queda en MD/
MOVIDO	emu/ROMS/MD/Blockbuster Competition 2 - NBA Jam & Judge Dredd (JUE).zip	emu/EXTRAS/MD-duplicados/Blockbuster Competition 2 - NBA Jam & Judge Dredd (JUE).zip	mismo SHA-1 que 'Blockbuster World Video Game Championship II (U).bin', que se queda en MD/
MOVIDO	emu/ROMS/MD/Blood Shot (UE) [!].zip	emu/EXTRAS/MD-duplicados/Blood Shot (UE) [!].zip	mismo SHA-1 que 'Blood Shot (E) (M4) [!].bin', que se queda en MD/
MOVIDO	emu/ROMS/MD/Blue Almanac (J).zip	emu/EXTRAS/MD-duplicados/Blue Almanac (J).zip	mismo SHA-1 que 'Blue Almanac (J) [!].bin', que se queda en MD/
MOVIDO	emu/ROMS/MD/Body Count (E) [!].zip	emu/EXTRAS/MD-duplicados/Body Count (E) [!].zip	mismo SHA-1 que 'Body Count (E) (M5) [!].bin', que se queda en MD/
MOVIDO	emu/ROMS/MD/Bonkers (JUE) [!].zip	emu/EXTRAS/MD-duplicados/Bonkers (JUE) [!].zip	mismo SHA-1 que 'Bonkers (UE) [!].bin', que se queda en MD/
MOVIDO	emu/ROMS/MD/Boxing Legends of the Ring (U) [!].zip	emu/EXTRAS/MD-duplicados/Boxing Legends of the Ring (U) [!].zip	mismo SHA-1 que 'Boxing Legends of the Ring (U) [!].bin', que se queda en MD/
MOVIDO	emu/ROMS/MD/Brett Hull Hockey 95 (JUE) [!].zip	emu/EXTRAS/MD-duplicados/Brett Hull Hockey 95 (JUE) [!].zip	mismo SHA-1 que 'Brett Hull Hockey '95 (U) [!].bin', que se queda en MD/
MOVIDO	emu/ROMS/MD/Brian Lara Cricket (Jun 1995) (E) [c][!].zip	emu/EXTRAS/MD-duplicados/Brian Lara Cricket (Jun 1995) (E) [c][!].zip	mismo SHA-1 que 'Brian Lara Cricket (E) [c][!].bin', que se queda en MD/
MOVIDO	emu/ROMS/MD/Brian Lara Cricket 96 (Mar 1996) (E) [c][!].zip	emu/EXTRAS/MD-duplicados/Brian Lara Cricket 96 (Mar 1996) (E) [c][!].zip	mismo SHA-1 que 'Brian Lara Cricket 96 (E) [c][!].bin', que se queda en MD/
MOVIDO	emu/ROMS/MD/Bubble and Squeek (U) [!].zip	emu/EXTRAS/MD-duplicados/Bubble and Squeek (U) [!].zip	mismo SHA-1 que 'Bubble and Squeak (U) [!].bin', que se queda en MD/
MOVIDO	emu/ROMS/MD/Bubsy (JUE) [!].zip	emu/EXTRAS/MD-duplicados/Bubsy (JUE) [!].zip	mismo SHA-1 que 'Bubsy in Claws Encounters of the Furred Kind (UE) [!].bin', que se queda en MD/
MOVIDO	emu/ROMS/MD/Bubsy 2 (JUE) [!].zip	emu/EXTRAS/MD-duplicados/Bubsy 2 (JUE) [!].zip	mismo SHA-1 que 'Bubsy II (UE) [!].bin', que se queda en MD/
MOVIDO	emu/ROMS/MD/Buck Rodgers - Countdown to Doomsday (U) [!].zip	emu/EXTRAS/MD-duplicados/Buck Rodgers - Countdown to Doomsday (U) [!].zip	mismo SHA-1 que 'Buck Rogers - Countdown to Doomsday (UE) [!].bin', que se queda en MD/
MOVIDO	emu/ROMS/MD/Bugs Bunny in Double Trouble (4) [!].zip	emu/EXTRAS/MD-duplicados/Bugs Bunny in Double Trouble (4) [!].zip	mismo SHA-1 que 'Bugs Bunny in Double Trouble (U) [!].bin', que se queda en MD/
MOVIDO	emu/ROMS/MD/Bulls vs Blazers and the NBA Playoffs (UEJ) [!].zip	emu/EXTRAS/MD-duplicados/Bulls vs Blazers and the NBA Playoffs (UEJ) [!].zip	mismo SHA-1 que 'Bulls vs Blazers and the NBA Playoffs (UE) [!].bin', que se queda en MD/
MOVIDO	emu/ROMS/MD/Bulls vs Lakers (U) [!].zip	emu/EXTRAS/MD-duplicados/Bulls vs Lakers (U) [!].zip	mismo SHA-1 que 'Bulls vs Lakers and the NBA Playoffs (UE) [!].bin', que se queda en MD/
MOVIDO	emu/ROMS/MD/Cadash (U) [c][!].zip	emu/EXTRAS/MD-duplicados/Cadash (U) [c][!].zip	mismo SHA-1 que 'Cadash (JU) [c][!].bin', que se queda en MD/
MOVIDO	emu/ROMS/MD/Caesars Palace (U) [!].zip	emu/EXTRAS/MD-duplicados/Caesars Palace (U) [!].zip	mismo SHA-1 que 'Caesars Palace (U) [!].bin', que se queda en MD/
MOVIDO	emu/ROMS/MD/Cal Ripken Jr. Baseball (U) [c][!].zip	emu/EXTRAS/MD-duplicados/Cal Ripken Jr. Baseball (U) [c][!].zip	mismo SHA-1 que 'Cal Ripken Jr. Baseball (U) [c][!].bin', que se queda en MD/
MOVIDO	emu/ROMS/MD/Caliber Fifty (J) [!].zip	emu/EXTRAS/MD-duplicados/Caliber Fifty (J) [!].zip	mismo SHA-1 que 'Caliber Fifty (U) [!].bin', que se queda en MD/
MOVIDO	emu/ROMS/MD/California Games (U) [!].zip	emu/EXTRAS/MD-duplicados/California Games (U) [!].zip	mismo SHA-1 que 'California Games (UE) [!].bin', que se queda en MD/
MOVIDO	emu/ROMS/MD/Cannon Fodder (E) [!].zip	emu/EXTRAS/MD-duplicados/Cannon Fodder (E) [!].zip	mismo SHA-1 que 'Cannon Fodder (E) [!].bin', que se queda en MD/
MOVIDO	emu/ROMS/MD/Capt_n Havoc (E) [!].zip	emu/EXTRAS/MD-duplicados/Capt_n Havoc (E) [!].zip	mismo SHA-1 que 'Capt'n Havoc (E) [!].bin', que se queda en MD/
MOVIDO	emu/ROMS/MD/Captain America and the Avengers (E).zip	emu/EXTRAS/MD-duplicados/Captain America and the Avengers (E).zip	mismo SHA-1 que 'Captain America and the Avengers (E).bin', que se queda en MD/
MOVIDO	emu/ROMS/MD/Mickey Mouse - Castle of Illusion (U) [!].zip	emu/EXTRAS/MD-duplicados/Mickey Mouse - Castle of Illusion (U) [!].zip	mismo SHA-1 que 'Castle of Illusion Starring Mickey Mouse (UE) [!].bin', que se queda en MD/
MOVIDO	emu/ROMS/MD/Castlevania - The New Generation (E) [!].zip	emu/EXTRAS/MD-duplicados/Castlevania - The New Generation (E) [!].zip	mismo SHA-1 que 'Castlevania - The New Generation (E) [!].bin', que se queda en MD/
MOVIDO	emu/ROMS/MD/Centurion - Defender of Rome (U) [b1].zip	emu/EXTRAS/MD-malos/Centurion - Defender of Rome (U) [b1].zip	volcado malo [b] sin copia buena del mismo contenido
MOVIDO	emu/ROMS/MD/Chakan - The Forever Man (U) [!].zip	emu/EXTRAS/MD-duplicados/Chakan - The Forever Man (U) [!].zip	mismo SHA-1 que 'Chakan - The Forever Man (UE) [!].bin', que se queda en MD/
MOVIDO	emu/ROMS/MD/Chameleon Kid.zip	emu/EXTRAS/MD-duplicados/Chameleon Kid.zip	mismo SHA-1 que 'Chameleon Kid (J) [!].bin', que se queda en MD/
MOVIDO	emu/ROMS/MD/Champions World Class Soccer (JUE) [!].zip	emu/EXTRAS/MD-duplicados/Champions World Class Soccer (JUE) [!].zip	mismo SHA-1 que 'Champions World Class Soccer (W) (M4) [!].bin', que se queda en MD/
MOVIDO	emu/ROMS/MD/Championship Bowling (U) [!].zip	emu/EXTRAS/MD-duplicados/Championship Bowling (U) [!].zip	mismo SHA-1 que 'Championship Bowling (U) [!].bin', que se queda en MD/
MOVIDO	emu/ROMS/MD/Championship Pool (U) [!].zip	emu/EXTRAS/MD-duplicados/Championship Pool (U) [!].zip	mismo SHA-1 que 'Championship Pool (U) [!].bin', que se queda en MD/
MOVIDO	emu/ROMS/MD/Championship Pro Am (U) [b1].zip	emu/EXTRAS/MD-malos/Championship Pro Am (U) [b1].zip	volcado malo [b] sin copia buena del mismo contenido
MOVIDO	emu/ROMS/MD/Chaos Engine, The (E) [!].zip	emu/EXTRAS/MD-duplicados/Chaos Engine, The (E) [!].zip	mismo SHA-1 que 'Chaos Engine, The (E) [!].bin', que se queda en MD/
MOVIDO	emu/ROMS/MD/Chase HQ 2 (JUE) [!].zip	emu/EXTRAS/MD-duplicados/Chase HQ 2 (JUE) [!].zip	mismo SHA-1 que 'Chase HQ II (U) [!].bin', que se queda en MD/
MOVIDO	emu/ROMS/MD/Chavez 2 (U).zip	emu/EXTRAS/MD-duplicados/Chavez 2 (U).zip	mismo SHA-1 que 'Chavez II (U) [!].bin', que se queda en MD/
MOVIDO	emu/ROMS/MD/Speedy Gonzales - Cheeze Cat-astrophe (A).zip	emu/EXTRAS/MD-duplicados/Speedy Gonzales - Cheeze Cat-astrophe (A).zip	mismo SHA-1 que 'Cheese Cat-Astrophe Starring Speedy Gonzales (E) (M4) [!].bin', que se queda en MD/
MOVIDO	emu/ROMS/MD/Chester Cheetah (U) [c][!].zip	emu/EXTRAS/MD-duplicados/Chester Cheetah (U) [c][!].zip	mismo SHA-1 que 'Chester Cheetah (U) [c][!].bin', que se queda en MD/
MOVIDO	emu/ROMS/MD/Chester Cheetah 2 - Wild Wild Quest (U) [!].zip	emu/EXTRAS/MD-duplicados/Chester Cheetah 2 - Wild Wild Quest (U) [!].zip	mismo SHA-1 que 'Chester Cheetah 2 - Wild Wild Quest (U) [!].bin', que se queda en MD/
MOVIDO	emu/ROMS/MD/Chi Chi_s Pro Challenge (U) [!].zip	emu/EXTRAS/MD-duplicados/Chi Chi_s Pro Challenge (U) [!].zip	mismo SHA-1 que 'Chi Chi's Pro Challenge (U) [!].bin', que se queda en MD/
MOVIDO	emu/ROMS/MD/Chibi Maruko Chan Wakuwaku Shopping (J) [c][!].zip	emu/EXTRAS/MD-duplicados/Chibi Maruko Chan Wakuwaku Shopping (J) [c][!].zip	mismo SHA-1 que 'Chibi Maruko-Chan - Wakuwaku Shopping (J) [c][!].bin', que se queda en MD/
MOVIDO	emu/ROMS/MD/Chiki Chiki Boys (U) [!].zip	emu/EXTRAS/MD-duplicados/Chiki Chiki Boys (U) [!].zip	mismo SHA-1 que 'Chiki Chiki Boys (UE) [!].bin', que se queda en MD/
MOVIDO	emu/ROMS/MD/Chuck_s Excellent Art Tool Animator (JUE) [c][!].zip	emu/EXTRAS/MD-duplicados/Chuck_s Excellent Art Tool Animator (JUE) [c][!].zip	mismo SHA-1 que 'Chuck's Excellent Art Tool Animator (U).bin', que se queda en MD/
MOVIDO	emu/ROMS/MD/MegaGames 4in1 (Classic Collection) (F) [!].zip	emu/EXTRAS/MD-duplicados/MegaGames 4in1 (Classic Collection) (F) [!].zip	mismo SHA-1 que 'Classic Collection (UE) [!].bin', que se queda en MD/
MOVIDO	emu/ROMS/MD/Clay Fighter (U) [!].zip	emu/EXTRAS/MD-duplicados/Clay Fighter (U) [!].zip	mismo SHA-1 que 'Clay Fighter (U) [!].bin', que se queda en MD/
MOVIDO	emu/ROMS/MD/Clue (U) [!].zip	emu/EXTRAS/MD-duplicados/Clue (U) [!].zip	mismo SHA-1 que 'Clue (U) [!].bin', que se queda en MD/
MOVIDO	emu/ROMS/MD/Coach K College Basketball (U) [!].zip	emu/EXTRAS/MD-duplicados/Coach K College Basketball (U) [!].zip	mismo SHA-1 que 'Coach K College Basketball (U) [!].bin', que se queda en MD/
MOVIDO	emu/ROMS/MD/College Football USA 96 (4) [!].zip	emu/EXTRAS/MD-duplicados/College Football USA 96 (4) [!].zip	mismo SHA-1 que 'College Football USA 96 (U) [!].bin', que se queda en MD/
MOVIDO	emu/ROMS/MD/College Football USA 97 (4) [!].zip	emu/EXTRAS/MD-duplicados/College Football USA 97 (4) [!].zip	mismo SHA-1 que 'College Football USA 97 - The Road to New Orleans (U) [!].bin', que se queda en MD/
MOVIDO	emu/ROMS/MD/College Football_s National Championship (U) [!].zip	emu/EXTRAS/MD-duplicados/College Football_s National Championship (U) [!].zip	mismo SHA-1 que 'College Football's National Championship (U) [!].bin', que se queda en MD/
MOVIDO	emu/ROMS/MD/College Football_s National Championship 2 (F) [!].zip	emu/EXTRAS/MD-duplicados/College Football_s National Championship 2 (F) [!].zip	mismo SHA-1 que 'College Football's National Championship II (U) [!].bin', que se queda en MD/
MOVIDO	emu/ROMS/MD/College Slam (4) [!].zip	emu/EXTRAS/MD-duplicados/College Slam (4) [!].zip	mismo SHA-1 que 'College Slam (U) [!].bin', que se queda en MD/
MOVIDO	emu/ROMS/MD/Columns 3 - Revenge of Columns (U) [!].zip	emu/EXTRAS/MD-duplicados/Columns 3 - Revenge of Columns (U) [!].zip	mismo SHA-1 que 'Columns III - Revenge of Columns (U) [!].bin', que se queda en MD/
MOVIDO	emu/ROMS/MD/Combat Aces (beta).zip	emu/EXTRAS/MD-duplicados/Combat Aces (beta).zip	mismo SHA-1 que 'Combat Aces (Beta).bin', que se queda en MD/
MOVIDO	emu/ROMS/MD/Combat Cars (JUE) [!].zip	emu/EXTRAS/MD-duplicados/Combat Cars (JUE) [!].zip	mismo SHA-1 que 'Combat Cars (UE) [!].bin', que se queda en MD/
MOVIDO	emu/ROMS/MD/Corporation (E) [c][!].zip	emu/EXTRAS/MD-duplicados/Corporation (E) [c][!].zip	mismo SHA-1 que 'Corporation (E) [c][!].bin', que se queda en MD/
MOVIDO	emu/ROMS/MD/Cosmic Spacehead (E) [c][!].zip	emu/EXTRAS/MD-duplicados/Cosmic Spacehead (E) [c][!].zip	mismo SHA-1 que 'Cosmic Spacehead (E) (M4) [c][!].bin', que se queda en MD/
MOVIDO	emu/ROMS/MD/CrossFire (J) [c][!].zip	emu/EXTRAS/MD-duplicados/CrossFire (J) [c][!].zip	mismo SHA-1 que 'CrossFire (U) [c][!].bin', que se queda en MD/
MOVIDO	emu/ROMS/MD/Crue Ball (U) [!].zip	emu/EXTRAS/MD-duplicados/Crue Ball (U) [!].zip	mismo SHA-1 que 'Crue Ball (UE) [!].bin', que se queda en MD/
MOVIDO	emu/ROMS/MD/Crystal_s Pony Tale (U) [!].zip	emu/EXTRAS/MD-duplicados/Crystal_s Pony Tale (U) [!].zip	mismo SHA-1 que 'Crystal's Pony Tale (U) [!].bin', que se queda en MD/
MOVIDO	emu/ROMS/MD/Curse (J) [!].zip	emu/EXTRAS/MD-duplicados/Curse (J) [!].zip	mismo SHA-1 que 'Curse (J) [!].bin', que se queda en MD/
MOVIDO	emu/ROMS/MD/Cutthroat Island (F) [!].zip	emu/EXTRAS/MD-duplicados/Cutthroat Island (F) [!].zip	mismo SHA-1 que 'Cutthroat Island (UE) [!].bin', que se queda en MD/
MOVIDO	emu/ROMS/MD/CyberBall (JU) [!].zip	emu/EXTRAS/MD-duplicados/CyberBall (JU) [!].zip	mismo SHA-1 que 'CyberBall (W) [!].bin', que se queda en MD/
MOVIDO	emu/ROMS/MD/Cyborg Justice (U) [!].zip	emu/EXTRAS/MD-duplicados/Cyborg Justice (U) [!].zip	mismo SHA-1 que 'Cyborg Justice (W) [!].bin', que se queda en MD/
MOVIDO	emu/ROMS/MD/D&D - Warriors of the Eternal Sun (U) [!].zip	emu/EXTRAS/MD-duplicados/D&D - Warriors of the Eternal Sun (U) [!].zip	mismo SHA-1 que 'D&D - Warriors of the Eternal Sun (UE) [!].bin', que se queda en MD/
MOVIDO	emu/ROMS/MD/Daffy Duck in Hollywood (JUE) [!].zip	emu/EXTRAS/MD-duplicados/Daffy Duck in Hollywood (JUE) [!].zip	mismo SHA-1 que 'Daffy Duck in Hollywood (E) (M5) [!].bin', que se queda en MD/
MOVIDO	emu/ROMS/MD/Dangerous Seed (J) [!].zip	emu/EXTRAS/MD-duplicados/Dangerous Seed (J) [!].zip	mismo SHA-1 que 'Dangerous Seed (J) [!].bin', que se queda en MD/
MOVIDO	emu/ROMS/MD/Dark Castle (U) [!].zip	emu/EXTRAS/MD-duplicados/Dark Castle (U) [!].zip	mismo SHA-1 que 'Dark Castle (UE) [!].bin', que se queda en MD/
MOVIDO	emu/ROMS/MD/Darwin 4081 (J) [!].zip	emu/EXTRAS/MD-duplicados/Darwin 4081 (J) [!].zip	mismo SHA-1 que 'Darwin 4081 (J) [!].bin', que se queda en MD/
MOVIDO	emu/ROMS/MD/Dashin_ Desperadoes (U) [!].zip	emu/EXTRAS/MD-duplicados/Dashin_ Desperadoes (U) [!].zip	mismo SHA-1 que 'Dashin' Desperadoes (U) [!].bin', que se queda en MD/
MOVIDO	emu/ROMS/MD/David Crane_s Amazing Tennis (U) [!].zip	emu/EXTRAS/MD-duplicados/David Crane_s Amazing Tennis (U) [!].zip	mismo SHA-1 que 'David Crane's Amazing Tennis (U) [!].bin', que se queda en MD/
MOVIDO	emu/ROMS/MD/David Robinson_s Supreme Court (U) [!].zip	emu/EXTRAS/MD-duplicados/David Robinson_s Supreme Court (U) [!].zip	mismo SHA-1 que 'David Robinson's Supreme Court (U) [!].bin', que se queda en MD/
MOVIDO	emu/ROMS/MD/Davis Cup World Tour Tennis (Jul 1993) (UJE) [!].zip	emu/EXTRAS/MD-duplicados/Davis Cup World Tour Tennis (Jul 1993) (UJE) [!].zip	mismo SHA-1 que 'Davis Cup World Tour Tennis (UE) [!].bin', que se queda en MD/
MOVIDO	emu/ROMS/MD/Davis Cup World Tour Tennis 2 (U) (beta 7-28-94).zip	emu/EXTRAS/MD-duplicados/Davis Cup World Tour Tennis 2 (U) (beta 7-28-94).zip	mismo SHA-1 que 'Davis Cup World Tour Tennis 2 (Beta 2).bin', que se queda en MD/
MOVIDO	emu/ROMS/MD/Daze Before Christmas, The (E) [!].zip	emu/EXTRAS/MD-duplicados/Daze Before Christmas, The (E) [!].zip	mismo SHA-1 que 'Daze Before Christmas, The (E) [!].bin', que se queda en MD/
MOVIDO	emu/ROMS/MD/Deadly Moves (J) [!].zip	emu/EXTRAS/MD-duplicados/Deadly Moves (J) [!].zip	mismo SHA-1 que 'Deadly Moves (U) [!].bin', que se queda en MD/
MOVIDO	emu/ROMS/MD/Death Duel (EU) [!].zip	emu/EXTRAS/MD-duplicados/Death Duel (EU) [!].zip	mismo SHA-1 que 'Death Duel (U) [!].bin', que se queda en MD/
MOVIDO	emu/ROMS/MD/Death and Return of Superman, The (U) [!].zip	emu/EXTRAS/MD-duplicados/Death and Return of Superman, The (U) [!].zip	mismo SHA-1 que 'Death and Return of Superman, The (U) [!].bin', que se queda en MD/
MOVIDO	emu/ROMS/MD/Decap Attack (UE) [!].zip	emu/EXTRAS/MD-duplicados/Decap Attack (UE) [!].zip	mismo SHA-1 que 'Decap Attack (UE) [!].bin', que se queda en MD/
MOVIDO	emu/ROMS/MD/Demolition Man (F) [!].zip	emu/EXTRAS/MD-duplicados/Demolition Man (F) [!].zip	mismo SHA-1 que 'Demolition Man (UE) [!].bin', que se queda en MD/
MOVIDO	emu/ROMS/MD/Desert Demolition (UJE) [!].zip	emu/EXTRAS/MD-duplicados/Desert Demolition (UJE) [!].zip	mismo SHA-1 que 'Desert Demolition (UE) [!].bin', que se queda en MD/
MOVIDO	emu/ROMS/MD/Desert Strike - Return to the Gulf (U) [!].zip	emu/EXTRAS/MD-duplicados/Desert Strike - Return to the Gulf (U) [!].zip	mismo SHA-1 que 'Desert Strike - Return to the Gulf (UE) [!].bin', que se queda en MD/
MOVIDO	emu/ROMS/MD/Devil_s Course 3-D Golf (J) [!].zip	emu/EXTRAS/MD-duplicados/Devil_s Course 3-D Golf (J) [!].zip	mismo SHA-1 que 'Devil's Course 3-D Golf (J) [!].bin', que se queda en MD/
MOVIDO	emu/ROMS/MD/Devilish (U) [c][!].zip	emu/EXTRAS/MD-duplicados/Devilish (U) [c][!].zip	mismo SHA-1 que 'Devilish - The Next Possession (U) [c][!].bin', que se queda en MD/
MOVIDO	emu/ROMS/MD/Dick Tracy (JUE) [c][!].zip	emu/EXTRAS/MD-duplicados/Dick Tracy (JUE) [c][!].zip	mismo SHA-1 que 'Dick Tracy (W) [c][!].bin', que se queda en MD/
MOVIDO	emu/ROMS/MD/Dick Vitale_s Awesome Baby! College Hoops (UJE) [!].zip	emu/EXTRAS/MD-duplicados/Dick Vitale_s Awesome Baby! College Hoops (UJE) [!].zip	mismo SHA-1 que 'Dick Vitale's Awesome Baby! College Hoops (U) [!].bin', que se queda en MD/
MOVIDO	emu/ROMS/MD/Dino Dini_s Soccer (E).zip	emu/EXTRAS/MD-duplicados/Dino Dini_s Soccer (E).zip	mismo SHA-1 que 'Dino Dini's Soccer (E).bin', que se queda en MD/
MOVIDO	emu/ROMS/MD/Dino Land (JU) [!].zip	emu/EXTRAS/MD-duplicados/Dino Land (JU) [!].zip	mismo SHA-1 que 'Dino Land (U) [!].bin', que se queda en MD/
MOVIDO	emu/ROMS/MD/Dinosaurs for Hire (U) [!].zip	emu/EXTRAS/MD-duplicados/Dinosaurs for Hire (U) [!].zip	mismo SHA-1 que 'Dinosaurs for Hire (U) [!].bin', que se queda en MD/
MOVIDO	emu/ROMS/MD/Disney Collection - Castle of Illusion & Quackshot (F) [!].zip	emu/EXTRAS/MD-duplicados/Disney Collection - Castle of Illusion & Quackshot (F) [!].zip	mismo SHA-1 que 'Disney Collection - Castle of Illusion & Quack Shot (E) [!].bin', que se queda en MD/
MOVIDO	emu/ROMS/MD/Dominus (JUE) [x].zip	emu/EXTRAS/MD-duplicados/Dominus (JUE) [x].zip	mismo SHA-1 que 'Dominus (Beta).bin', que se queda en MD/
MOVIDO	emu/ROMS/MD/Donald Duck in Maui Mallard (A) [!].zip	emu/EXTRAS/MD-duplicados/Donald Duck in Maui Mallard (A) [!].zip	mismo SHA-1 que 'Donald in Maui Mallard (E) [!].bin', que se queda en MD/
MOVIDO	emu/ROMS/MD/Doom Troopers - The Mutant Chronicles (4) [c][!].zip	emu/EXTRAS/MD-duplicados/Doom Troopers - The Mutant Chronicles (4) [c][!].zip	mismo SHA-1 que 'Doom Troopers - The Mutant Chronicles (U) [c][!].bin', que se queda en MD/
MOVIDO	emu/ROMS/MD/Double Clutch (JUE) [c][!].zip	emu/EXTRAS/MD-duplicados/Double Clutch (JUE) [c][!].zip	mismo SHA-1 que 'Double Clutch (E) [c][!].bin', que se queda en MD/
MOVIDO	emu/ROMS/MD/Double Dragon (U) [!].zip	emu/EXTRAS/MD-duplicados/Double Dragon (U) [!].zip	mismo SHA-1 que 'Double Dragon (U) [!].bin', que se queda en MD/
MOVIDO	emu/ROMS/MD/Double Dragon 2 (J) [!].zip	emu/EXTRAS/MD-duplicados/Double Dragon 2 (J) [!].zip	mismo SHA-1 que 'Double Dragon 2 - The Revenge (J) [!].bin', que se queda en MD/
MOVIDO	emu/ROMS/MD/Double Dragon 3 (U) [!].zip	emu/EXTRAS/MD-duplicados/Double Dragon 3 (U) [!].zip	mismo SHA-1 que 'Double Dragon 3 - The Rosetta Stone (UE) [!].bin', que se queda en MD/
MOVIDO	emu/ROMS/MD/Double Dragon 5 (U) [!].zip	emu/EXTRAS/MD-duplicados/Double Dragon 5 (U) [!].zip	mismo SHA-1 que 'Double Dragon V - The Shadow Falls (U) [!].bin', que se queda en MD/
MOVIDO	emu/ROMS/MD/Dragon Slayer (J) [!].zip	emu/EXTRAS/MD-duplicados/Dragon Slayer (J) [!].zip	mismo SHA-1 que 'Dragon Slayer - The Legend of Heroes (J) [!].bin', que se queda en MD/
MOVIDO	emu/ROMS/MD/Dragon Slayer 2 - Legend of Heroes (B) [!].zip	emu/EXTRAS/MD-duplicados/Dragon Slayer 2 - Legend of Heroes (B) [!].zip	mismo SHA-1 que 'Dragon Slayer II - The Legend of Heroes (J) [!].bin', que se queda en MD/
MOVIDO	emu/ROMS/MD/Dragon_s Eye - Shanghai 3 (J).zip	emu/EXTRAS/MD-duplicados/Dragon_s Eye - Shanghai 3 (J).zip	mismo SHA-1 que 'Dragon's Eye - Shanghai 3 (J) [!].bin', que se queda en MD/
MOVIDO	emu/ROMS/MD/Dragon_s Fury (UE) [!].zip	emu/EXTRAS/MD-duplicados/Dragon_s Fury (UE) [!].zip	mismo SHA-1 que 'Dragon's Fury (UE) [!].bin', que se queda en MD/
MOVIDO	emu/ROMS/MD/Dragon_s Revenge (JUE) [!].zip	emu/EXTRAS/MD-duplicados/Dragon_s Revenge (JUE) [!].zip	mismo SHA-1 que 'Dragon's Revenge (UE) [!].bin', que se queda en MD/
MOVIDO	emu/ROMS/MD/Dune - The Battle for Arrakis (E).zip	emu/EXTRAS/MD-duplicados/Dune - The Battle for Arrakis (E).zip	mismo SHA-1 que 'Dune - The Battle for Arrakis (E).bin', que se queda en MD/
MOVIDO	emu/ROMS/MD/Dyna Brothers (REV 01) (J).zip	emu/EXTRAS/MD-duplicados/Dyna Brothers (REV 01) (J).zip	mismo SHA-1 que 'Dyna Brothers (J) (REV01).bin', que se queda en MD/
MOVIDO	emu/ROMS/MD/Dyna Brothers 2 (J) [!].zip	emu/EXTRAS/MD-duplicados/Dyna Brothers 2 (J) [!].zip	mismo SHA-1 que 'Dyna Brothers 2 (J) [!].bin', que se queda en MD/
MOVIDO	emu/ROMS/MD/Dynamite Duke (JU) [!].zip	emu/EXTRAS/MD-duplicados/Dynamite Duke (JU) [!].zip	mismo SHA-1 que 'Dynamite Duke (W) [!].bin', que se queda en MD/
MOVIDO	emu/ROMS/MD/Dynamite Headdy (UE) [c][!].zip	emu/EXTRAS/MD-duplicados/Dynamite Headdy (UE) [c][!].zip	mismo SHA-1 que 'Dynamite Headdy (UE) [c][!].bin', que se queda en MD/
MOVIDO	emu/ROMS/MD/NHL Hockey 91 (U).zip	emu/EXTRAS/MD-duplicados/NHL Hockey 91 (U).zip	mismo SHA-1 que 'EA Hockey (E) [!].bin', que se queda en MD/
MOVIDO	emu/ROMS/MD/EA Sports 2-in-1 Pack (E) [!].zip	emu/EXTRAS/MD-duplicados/EA Sports 2-in-1 Pack (E) [!].zip	mismo SHA-1 que 'EA Sports Double Header (E) [!].bin', que se queda en MD/
MOVIDO	emu/ROMS/MD/ECCO (U) [!].zip	emu/EXTRAS/MD-duplicados/ECCO (U) [!].zip	mismo SHA-1 que 'ECCO The Dolphin (UE) [!].bin', que se queda en MD/
MOVIDO	emu/ROMS/MD/Ecco Jr. (USA, Australia) (March 1995).zip	emu/EXTRAS/MD-duplicados/Ecco Jr. (USA, Australia) (March 1995).zip	mismo SHA-1 que 'ECCO Jr. (U) (REV01) [!].bin', que se queda en MD/
MOVIDO	emu/ROMS/MD/ESPN Baseball Tonight (U) [!].zip	emu/EXTRAS/MD-duplicados/ESPN Baseball Tonight (U) [!].zip	mismo SHA-1 que 'ESPN Baseball Tonight (U) [!].bin', que se queda en MD/
MOVIDO	emu/ROMS/MD/ESPN National League Hockey Night (U) [c][!].zip	emu/EXTRAS/MD-duplicados/ESPN National League Hockey Night (U) [c][!].zip	mismo SHA-1 que 'ESPN National Hockey Night (U) [c][!].bin', que se queda en MD/
MOVIDO	emu/ROMS/MD/ESPN SpeedWorld (U) [c][!].zip	emu/EXTRAS/MD-duplicados/ESPN SpeedWorld (U) [c][!].zip	mismo SHA-1 que 'ESPN SpeedWorld (U) [c][!].bin', que se queda en MD/
MOVIDO	emu/ROMS/MD/ESPN Sunday Night Football (U) [!].zip	emu/EXTRAS/MD-duplicados/ESPN Sunday Night Football (U) [!].zip	mismo SHA-1 que 'ESPN Sunday Night NFL (U) [!].bin', que se queda en MD/
MOVIDO	emu/ROMS/MD/ESWAT Cyber Police - City Under Siege (JUE) [R-USA][!].zip	emu/EXTRAS/MD-duplicados/ESWAT Cyber Police - City Under Siege (JUE) [R-USA][!].zip	mismo SHA-1 que 'ESWAT Cyber Police - City Under Siege (U) [!].bin', que se queda en MD/
MOVIDO	emu/ROMS/MD/Earnest Evans (U) [!].zip	emu/EXTRAS/MD-duplicados/Earnest Evans (U) [!].zip	mismo SHA-1 que 'Earnest Evans (U) [!].bin', que se queda en MD/
MOVIDO	emu/ROMS/MD/El Viento (U) [!].zip	emu/EXTRAS/MD-duplicados/El Viento (U) [!].zip	mismo SHA-1 que 'El Viento (U) [!].bin', que se queda en MD/
MOVIDO	emu/ROMS/MD/Elemental Master (U) [!].zip	emu/EXTRAS/MD-duplicados/Elemental Master (U) [!].zip	mismo SHA-1 que 'Elemental Master (U) [!].bin', que se queda en MD/
MOVIDO	emu/ROMS/MD/Eliminate Down (J).zip	emu/EXTRAS/MD-duplicados/Eliminate Down (J).zip	mismo SHA-1 que 'Eliminate Down (J) [!].bin', que se queda en MD/
MOVIDO	emu/ROMS/MD/European Club Soccer (E) [!].zip	emu/EXTRAS/MD-duplicados/European Club Soccer (E) [!].zip	mismo SHA-1 que 'European Club Soccer (E) [!].bin', que se queda en MD/
MOVIDO	emu/ROMS/MD/Evander Holyfield_s Real Deal Boxing (U) [!].zip	emu/EXTRAS/MD-duplicados/Evander Holyfield_s Real Deal Boxing (U) [!].zip	mismo SHA-1 que 'Evander Holyfield's Real Deal Boxing (JU) [!].bin', que se queda en MD/
MOVIDO	emu/ROMS/MD/Ex-Mutants (U) [!].zip	emu/EXTRAS/MD-duplicados/Ex-Mutants (U) [!].zip	mismo SHA-1 que 'Ex-Mutants (U) [!].bin', que se queda en MD/
MOVIDO	emu/ROMS/MD/Exile (U) [!].zip	emu/EXTRAS/MD-duplicados/Exile (U) [!].zip	mismo SHA-1 que 'Exile (U) [!].bin', que se queda en MD/
MOVIDO	emu/ROMS/MD/Exo-Squad (T-132026) (4) [!].zip	emu/EXTRAS/MD-duplicados/Exo-Squad (T-132026) (4) [!].zip	mismo SHA-1 que 'Exo-Squad (U) [!].bin', que se queda en MD/
MOVIDO	emu/ROMS/MD/F-117 Night Storm (UEJ) [!].zip	emu/EXTRAS/MD-duplicados/F-117 Night Storm (UEJ) [!].zip	mismo SHA-1 que 'F-117 Night Storm (UE) [!].bin', que se queda en MD/
MOVIDO	emu/ROMS/MD/F-22 Interceptor (U) (Jun 1992) [c][!].zip	emu/EXTRAS/MD-duplicados/F-22 Interceptor (U) (Jun 1992) [c][!].zip	mismo SHA-1 que 'F-22 Interceptor (U) (Jun 1992) [c][!].bin', que se queda en MD/
MOVIDO	emu/ROMS/MD/F1 Circus MD (J) [!].zip	emu/EXTRAS/MD-duplicados/F1 Circus MD (J) [!].zip	mismo SHA-1 que 'F1 Circus MD (J) [!].bin', que se queda en MD/
MOVIDO	emu/ROMS/MD/FIFA International Soccer (EUJ) [!].zip	emu/EXTRAS/MD-duplicados/FIFA International Soccer (EUJ) [!].zip	mismo SHA-1 que 'FIFA International Soccer (UE) (M4) [!].bin', que se queda en MD/
MOVIDO	emu/ROMS/MD/FIFA Soccer 95 (EUJ) [!].zip	emu/EXTRAS/MD-duplicados/FIFA Soccer 95 (EUJ) [!].zip	mismo SHA-1 que 'FIFA Soccer 95 (UE) [!].bin', que se queda en MD/
MOVIDO	emu/ROMS/MD/FIFA Soccer 96 (F) [!].zip	emu/EXTRAS/MD-duplicados/FIFA Soccer 96 (F) [!].zip	mismo SHA-1 que 'FIFA Soccer 96 (UE) (M6) [!].bin', que se queda en MD/
MOVIDO	emu/ROMS/MD/FIFA Soccer 97 Gold Edition (C) [!].zip	emu/EXTRAS/MD-duplicados/FIFA Soccer 97 Gold Edition (C) [!].zip	mismo SHA-1 que 'FIFA Soccer 97 Gold Edition (UE) (M6) [!].bin', que se queda en MD/
MOVIDO	emu/ROMS/MD/FIFA Soccer 98 - Road to the World Cup (8) [!].zip	emu/EXTRAS/MD-duplicados/FIFA Soccer 98 - Road to the World Cup (8) [!].zip	mismo SHA-1 que 'FIFA Soccer 98 - Road to the World Cup (E) (M5) [!].bin', que se queda en MD/
MOVIDO	emu/ROMS/MD/Faery Tale Adventure, The (U) [!].zip	emu/EXTRAS/MD-duplicados/Faery Tale Adventure, The (U) [!].zip	mismo SHA-1 que 'Faery Tale Adventure, The (UE) [!].bin', que se queda en MD/
MOVIDO	emu/ROMS/MD/Family Feud (U) [!].zip	emu/EXTRAS/MD-duplicados/Family Feud (U) [!].zip	mismo SHA-1 que 'Family Feud (U) [!].bin', que se queda en MD/
MOVIDO	emu/ROMS/MD/Fantastic Dizzy (E) [c][!].zip	emu/EXTRAS/MD-duplicados/Fantastic Dizzy (E) [c][!].zip	mismo SHA-1 que 'Fantastic Dizzy (UE) (M5) [c][!].bin', que se queda en MD/
MOVIDO	emu/ROMS/MD/Fastest 1 (J) [!].zip	emu/EXTRAS/MD-duplicados/Fastest 1 (J) [!].zip	mismo SHA-1 que 'Fastest 1 (J) [!].bin', que se queda en MD/
MOVIDO	emu/ROMS/MD/Fatal Fury 2 (UE) [c][!].zip	emu/EXTRAS/MD-duplicados/Fatal Fury 2 (UE) [c][!].zip	mismo SHA-1 que 'Fatal Fury 2 (U) [c][!].bin', que se queda en MD/
MOVIDO	emu/ROMS/MD/Fatal Labyrinth (JU) [!].zip	emu/EXTRAS/MD-duplicados/Fatal Labyrinth (JU) [!].zip	mismo SHA-1 que 'Fatal Labyrinth (JU) [!].bin', que se queda en MD/
MOVIDO	emu/ROMS/MD/Fatal Rewind (U) [!].zip	emu/EXTRAS/MD-duplicados/Fatal Rewind (U) [!].zip	mismo SHA-1 que 'Fatal Rewind (UE) [!].bin', que se queda en MD/
MOVIDO	emu/ROMS/MD/Ferias Frustradas do Pica-Pau (Unl) [h1].zip	emu/EXTRAS/MD-duplicados/Ferias Frustradas do Pica-Pau (Unl) [h1].zip	mismo SHA-1 que 'Ferias Frustradas do Pica-Pau (B) [!].bin', que se queda en MD/
MOVIDO	emu/ROMS/MD/Ferrari Grand Prix Challenge (U) [!].zip	emu/EXTRAS/MD-duplicados/Ferrari Grand Prix Challenge (U) [!].zip	mismo SHA-1 que 'Ferrari Grand Prix Challenge (U) [!].bin', que se queda en MD/
MOVIDO	emu/ROMS/MD/Head-On Soccer (C).zip	emu/EXTRAS/MD-duplicados/Head-On Soccer (C).zip	mismo SHA-1 que 'Fever Pitch Soccer (E) (M5) [!].bin', que se queda en MD/
MOVIDO	emu/ROMS/MD/Fighting Masters (U) [!].zip	emu/EXTRAS/MD-duplicados/Fighting Masters (U) [!].zip	mismo SHA-1 que 'Fighting Masters (U) [!].bin', que se queda en MD/
MOVIDO	emu/ROMS/MD/Final Zone (JU) [!].zip	emu/EXTRAS/MD-duplicados/Final Zone (JU) [!].zip	mismo SHA-1 que 'Final Zone (JU) [!].bin', que se queda en MD/
MOVIDO	emu/ROMS/MD/Fire Mustang (J) [c][!].zip	emu/EXTRAS/MD-duplicados/Fire Mustang (J) [c][!].zip	mismo SHA-1 que 'Fire Mustang (J) [c][!].bin', que se queda en MD/
MOVIDO	emu/ROMS/MD/Fire Pro Wrestling Gaiden (J) [c][!].zip	emu/EXTRAS/MD-duplicados/Fire Pro Wrestling Gaiden (J) [c][!].zip	mismo SHA-1 que 'Fire Pro Wrestling Gaiden (J) [c][!].bin', que se queda en MD/
MOVIDO	emu/ROMS/MD/Flicky (JUE) [!].zip	emu/EXTRAS/MD-duplicados/Flicky (JUE) [!].zip	mismo SHA-1 que 'Flicky (UE) [!].bin', que se queda en MD/
MOVIDO	emu/ROMS/MD/Foreman For Real (F) [!].zip	emu/EXTRAS/MD-duplicados/Foreman For Real (F) [!].zip	mismo SHA-1 que 'Foreman For Real (W) [!].bin', que se queda en MD/
MOVIDO	emu/ROMS/MD/Frank Thomas Big Hurt Baseball (F) [!].zip	emu/EXTRAS/MD-duplicados/Frank Thomas Big Hurt Baseball (F) [!].zip	mismo SHA-1 que 'Frank Thomas Big Hurt Baseball (UE) [!].bin', que se queda en MD/
MOVIDO	emu/ROMS/MD/Frogger (UJ) [a1][!].zip	emu/EXTRAS/MD-duplicados/Frogger (UJ) [a1][!].zip	mismo SHA-1 que 'Frogger (U) [!].bin', que se queda en MD/
MOVIDO	emu/ROMS/MD/Funnyworld-Balloon Boy (Unl) [c][b1].zip	emu/EXTRAS/MD-malos/Funnyworld-Balloon Boy (Unl) [c][b1].zip	volcado malo [b] sin copia buena del mismo contenido
MOVIDO	emu/ROMS/MD/G-Loc Air Battle (JUE) [c][!].zip	emu/EXTRAS/MD-duplicados/G-Loc Air Battle (JUE) [c][!].zip	mismo SHA-1 que 'G-LOC Air Battle (W) [c][!].bin', que se queda en MD/
MOVIDO	emu/ROMS/MD/GRIND Stormer (JUE) [!].zip	emu/EXTRAS/MD-duplicados/GRIND Stormer (JUE) [!].zip	mismo SHA-1 que 'GRIND Stormer (U) [!].bin', que se queda en MD/
MOVIDO	emu/ROMS/MD/Gadget Twins (U) [!].zip	emu/EXTRAS/MD-duplicados/Gadget Twins (U) [!].zip	mismo SHA-1 que 'Gadget Twins, The (U) [!].bin', que se queda en MD/
MOVIDO	emu/ROMS/MD/Gaiares (JU) [!].zip	emu/EXTRAS/MD-duplicados/Gaiares (JU) [!].zip	mismo SHA-1 que 'Gaiares (JU) [!].bin', que se queda en MD/
MOVIDO	emu/ROMS/MD/Garfield - Caught in the Act (C) [!].zip	emu/EXTRAS/MD-duplicados/Garfield - Caught in the Act (C) [!].zip	mismo SHA-1 que 'Garfield - Caught in the Act (UE) [!].bin', que se queda en MD/
MOVIDO	emu/ROMS/MD/Gargoyles (4) [!].zip	emu/EXTRAS/MD-duplicados/Gargoyles (4) [!].zip	mismo SHA-1 que 'Gargoyles (U) [!].bin', que se queda en MD/
MOVIDO	emu/ROMS/MD/GemFire (U) [!].zip	emu/EXTRAS/MD-duplicados/GemFire (U) [!].zip	mismo SHA-1 que 'GemFire (U) [!].bin', que se queda en MD/
MOVIDO	emu/ROMS/MD/General Chaos (UEJ) [!].zip	emu/EXTRAS/MD-duplicados/General Chaos (UEJ) [!].zip	mismo SHA-1 que 'General Chaos (UE) [!].bin', que se queda en MD/
MOVIDO	emu/ROMS/MD/Generations Lost (JUE) [!].zip	emu/EXTRAS/MD-duplicados/Generations Lost (JUE) [!].zip	mismo SHA-1 que 'Generations Lost (UE) [!].bin', que se queda en MD/
MOVIDO	emu/ROMS/MD/MegaGames 6in1 US (G-Axe S-HangOn) (4) [!].zip	emu/EXTRAS/MD-duplicados/MegaGames 6in1 US (G-Axe S-HangOn) (4) [!].zip	mismo SHA-1 que 'Genesis 6-Pak (U) [!].bin', que se queda en MD/
MOVIDO	emu/ROMS/MD/Genghis Khan 2 (U) [!].zip	emu/EXTRAS/MD-duplicados/Genghis Khan 2 (U) [!].zip	mismo SHA-1 que 'Genghis Khan II - Clan of the Gray Wolf (U) [!].bin', que se queda en MD/
MOVIDO	emu/ROMS/MD/Golden 20-in-1 [p1][b1].bin	emu/EXTRAS/MD-duplicados/Golden 20-in-1 [p1][b1].bin	mismo SHA-1 que 'Golden 20-in-1.zip', que se queda en MD/
MOVIDO	emu/ROMS/MD/Golden Axe 2 (JUE) [!].zip	emu/EXTRAS/MD-duplicados/Golden Axe 2 (JUE) [!].zip	mismo SHA-1 que 'Golden Axe II (W) [!].bin', que se queda en MD/
MOVIDO	emu/ROMS/MD/Goofy_s Hysterical History Tour (U).zip	emu/EXTRAS/MD-duplicados/Goofy_s Hysterical History Tour (U).zip	mismo SHA-1 que 'Goofy's Hysterical History Tour (U) [!].bin', que se queda en MD/
MOVIDO	emu/ROMS/MD/Grand Slam Tennis (E) [!].zip	emu/EXTRAS/MD-duplicados/Grand Slam Tennis (E) [!].zip	mismo SHA-1 que 'Grand Slam Tennis (E) [!].bin', que se queda en MD/
MOVIDO	emu/ROMS/MD/Mickey Mouse - Great Circus Mystery (U) [!].zip	emu/EXTRAS/MD-duplicados/Mickey Mouse - Great Circus Mystery (U) [!].zip	mismo SHA-1 que 'Great Circus Mystery, The - Starring Mickey & Minnie (U) [!].bin', que se queda en MD/
MOVIDO	emu/ROMS/MD/Great Waldo Search, The (U) [!].zip	emu/EXTRAS/MD-duplicados/Great Waldo Search, The (U) [!].zip	mismo SHA-1 que 'Great Waldo Search, The (U) [!].bin', que se queda en MD/
MOVIDO	emu/ROMS/MD/Greatest Heavyweights of the Ring (U) [!].zip	emu/EXTRAS/MD-duplicados/Greatest Heavyweights of the Ring (U) [!].zip	mismo SHA-1 que 'Greatest Heavyweights of the Ring (U) [!].bin', que se queda en MD/
MOVIDO	emu/ROMS/MD/Greendog - The Beached Surfer Dude (U) [!].zip	emu/EXTRAS/MD-duplicados/Greendog - The Beached Surfer Dude (U) [!].zip	mismo SHA-1 que 'Greendog - The Beached Surfer Dude (UE) [!].bin', que se queda en MD/
MOVIDO	emu/ROMS/MD/Growl (JUE) [!].zip	emu/EXTRAS/MD-duplicados/Growl (JUE) [!].zip	mismo SHA-1 que 'Growl (U) [!].bin', que se queda en MD/
MOVIDO	emu/ROMS/MD/Gunship (E) [c][!].zip	emu/EXTRAS/MD-duplicados/Gunship (E) [c][!].zip	mismo SHA-1 que 'Gunship (E) [c][!].bin', que se queda en MD/
MOVIDO	emu/ROMS/MD/Gynoug (E) [!].zip	emu/EXTRAS/MD-duplicados/Gynoug (E) [!].zip	mismo SHA-1 que 'Gynoug (E) [!].bin', que se queda en MD/
MOVIDO	emu/ROMS/MD/Hard Drivin_ (JU) [!].zip	emu/EXTRAS/MD-duplicados/Hard Drivin_ (JU) [!].zip	mismo SHA-1 que 'Hard Drivin' (W) [!].bin', que se queda en MD/
MOVIDO	emu/ROMS/MD/HardBall 94 (JUE) [!].zip	emu/EXTRAS/MD-duplicados/HardBall 94 (JUE) [!].zip	mismo SHA-1 que 'HardBall '94 (UE) [!].bin', que se queda en MD/
MOVIDO	emu/ROMS/MD/HardBall 95 (F) [!].zip	emu/EXTRAS/MD-duplicados/HardBall 95 (F) [!].zip	mismo SHA-1 que 'HardBall '95 (U) [!].bin', que se queda en MD/
MOVIDO	emu/ROMS/MD/HardBall (U) [!].zip	emu/EXTRAS/MD-duplicados/HardBall (U) [!].zip	mismo SHA-1 que 'HardBall! (U) [!].bin', que se queda en MD/
MOVIDO	emu/ROMS/MD/HardBall 3 (JUE).zip	emu/EXTRAS/MD-duplicados/HardBall 3 (JUE).zip	mismo SHA-1 que 'HardBall III (U) [!].bin', que se queda en MD/
MOVIDO	emu/ROMS/MD/Haunting, The (UEJ) [!].zip	emu/EXTRAS/MD-duplicados/Haunting, The (UEJ) [!].zip	mismo SHA-1 que 'Haunting Starring Polterguy (UE) [!].bin', que se queda en MD/
MOVIDO	emu/ROMS/MD/Heavy Nova (JU) [!].zip	emu/EXTRAS/MD-duplicados/Heavy Nova (JU) [!].zip	mismo SHA-1 que 'Heavy Nova (U) [!].bin', que se queda en MD/
MOVIDO	emu/ROMS/MD/Heavy Unit (J) [!].zip	emu/EXTRAS/MD-duplicados/Heavy Unit (J) [!].zip	mismo SHA-1 que 'Heavy Unit (J) [!].bin', que se queda en MD/
MOVIDO	emu/ROMS/MD/Herzog Zwei (U) [!].zip	emu/EXTRAS/MD-duplicados/Herzog Zwei (U) [!].zip	mismo SHA-1 que 'Herzog Zwei (UE) [!].bin', que se queda en MD/
MOVIDO	emu/ROMS/MD/Hit The Ice (U) [c][!].zip	emu/EXTRAS/MD-duplicados/Hit The Ice (U) [c][!].zip	mismo SHA-1 que 'Hit The Ice (U) [c][!].bin', que se queda en MD/
MOVIDO	emu/ROMS/MD/Home Alone (U) [!].zip	emu/EXTRAS/MD-duplicados/Home Alone (U) [!].zip	mismo SHA-1 que 'Home Alone (U) [!].bin', que se queda en MD/
MOVIDO	emu/ROMS/MD/Home Alone 2 - Lost In New York (U) [!].zip	emu/EXTRAS/MD-duplicados/Home Alone 2 - Lost In New York (U) [!].zip	mismo SHA-1 que 'Home Alone 2 - Lost in New York (U) [!].bin', que se queda en MD/
MOVIDO	emu/ROMS/MD/Hook (U) [c][!].zip	emu/EXTRAS/MD-duplicados/Hook (U) [c][!].zip	mismo SHA-1 que 'Hook (U) [c][!].bin', que se queda en MD/
MOVIDO	emu/ROMS/MD/Humans. The (U) [!].zip	emu/EXTRAS/MD-duplicados/Humans. The (U) [!].zip	mismo SHA-1 que 'Humans, The (U) [!].bin', que se queda en MD/
MOVIDO	emu/ROMS/MD/Hurricanes (JUE) [!].zip	emu/EXTRAS/MD-duplicados/Hurricanes (JUE) [!].zip	mismo SHA-1 que 'Hurricanes (E) [!].bin', que se queda en MD/
MOVIDO	emu/ROMS/MD/Hybrid Front, The (J) [a1].zip	emu/EXTRAS/MD-duplicados/Hybrid Front, The (J) [a1].zip	mismo SHA-1 que 'Hybrid Front, The (J) [!].bin', que se queda en MD/
MOVIDO	emu/ROMS/MD/Hyper Dunk - The Playoff Edition (E) [!].zip	emu/EXTRAS/MD-duplicados/Hyper Dunk - The Playoff Edition (E) [!].zip	mismo SHA-1 que 'Hyper Dunk - The Playoff Edition (E) [!].bin', que se queda en MD/
MOVIDO	emu/ROMS/MD/Hyper Marbles.zip	emu/EXTRAS/MD-duplicados/Hyper Marbles.zip	mismo SHA-1 que 'Hyper Marbles (SN) (J) [!].bin', que se queda en MD/
MOVIDO	emu/ROMS/MD/IMG International Tour Tennis (UEJ) [!].zip	emu/EXTRAS/MD-duplicados/IMG International Tour Tennis (UEJ) [!].zip	mismo SHA-1 que 'IMG International Tour Tennis (UE) [!].bin', que se queda en MD/
MOVIDO	emu/ROMS/MD/Immortal, The (U) [!].zip	emu/EXTRAS/MD-duplicados/Immortal, The (U) [!].zip	mismo SHA-1 que 'Immortal, The (UE) [!].bin', que se queda en MD/
MOVIDO	emu/ROMS/MD/Incredible Crash Dummies, The (JUE) [c][!].zip	emu/EXTRAS/MD-duplicados/Incredible Crash Dummies, The (JUE) [c][!].zip	mismo SHA-1 que 'Incredible Crash Dummies, The (UE) [c][!].bin', que se queda en MD/
MOVIDO	emu/ROMS/MD/Incredible Hulk, The (JUE) [!].zip	emu/EXTRAS/MD-duplicados/Incredible Hulk, The (JUE) [!].zip	mismo SHA-1 que 'Incredible Hulk, The (UE) [!].bin', que se queda en MD/
MOVIDO	emu/ROMS/MD/Insector X (Jul 1990) (U) [!].zip	emu/EXTRAS/MD-duplicados/Insector X (Jul 1990) (U) [!].zip	mismo SHA-1 que 'Insector X (U) [!].bin', que se queda en MD/
MOVIDO	emu/ROMS/MD/International Rugby (JUE) [c][!].zip	emu/EXTRAS/MD-duplicados/International Rugby (JUE) [c][!].zip	mismo SHA-1 que 'International Rugby (E) [c][!].bin', que se queda en MD/
MOVIDO	emu/ROMS/MD/International Superstar Soccer Deluxe (C) [!].zip	emu/EXTRAS/MD-duplicados/International Superstar Soccer Deluxe (C) [!].zip	mismo SHA-1 que 'International Superstar Soccer Deluxe (E) [!].bin', que se queda en MD/
MOVIDO	emu/ROMS/MD/It Came From The Desert (U) [x].zip	emu/EXTRAS/MD-duplicados/It Came From The Desert (U) [x].zip	mismo SHA-1 que 'It Came From The Desert (Beta).bin', que se queda en MD/
MOVIDO	emu/ROMS/MD/Simpsons, The - The Itchy and Scratchy Game (JEU).zip	emu/EXTRAS/MD-duplicados/Simpsons, The - The Itchy and Scratchy Game (JEU).zip	mismo SHA-1 que 'Itchy and Scratchy Game, The (Beta).bin', que se queda en MD/
MOVIDO	emu/ROMS/MD/Izzy_s Quest for the Olympic Rings (F) [!].zip	emu/EXTRAS/MD-duplicados/Izzy_s Quest for the Olympic Rings (F) [!].zip	mismo SHA-1 que 'Izzy's Quest for the Olympic Rings (UE) [!].bin', que se queda en MD/
MOVIDO	emu/ROMS/MD/Jack Nicklaus_ Power Challenge Golf (JUE) [!].bin	emu/EXTRAS/MD-duplicados/Jack Nicklaus_ Power Challenge Golf (JUE) [!].bin	mismo SHA-1 que 'Jack Nicklaus' Power Challenge Golf (UE) [!].bin', que se queda en MD/
MOVIDO	emu/ROMS/MD/James Buster Douglas Knock Out Boxing (U) [c][!].bin	emu/EXTRAS/MD-duplicados/James Buster Douglas Knock Out Boxing (U) [c][!].bin	mismo SHA-1 que 'James Buster Douglas Knock Out Boxing (UE) [c][!].bin', que se queda en MD/
MOVIDO	emu/ROMS/MD/James Pond (U) [!].bin	emu/EXTRAS/MD-duplicados/James Pond (U) [!].bin	mismo SHA-1 que 'James Pond - Underwater Agent (UE) [!].bin', que se queda en MD/
MOVIDO	emu/ROMS/MD/James Pond 2 - Codename RoboCod (U) [!].bin	emu/EXTRAS/MD-duplicados/James Pond 2 - Codename RoboCod (U) [!].bin	mismo SHA-1 que 'James Pond II - Codename RoboCod (UE) [!].bin', que se queda en MD/
MOVIDO	emu/ROMS/MD/James Pond 3 - Operation Starfish (UEJ) [!].bin	emu/EXTRAS/MD-duplicados/James Pond 3 - Operation Starfish (UEJ) [!].bin	mismo SHA-1 que 'James Pond 3 - Operation Starfish (UE) [!].bin', que se queda en MD/
MOVIDO	emu/ROMS/MD/Jelly Boy (JUE) [x].bin	emu/EXTRAS/MD-duplicados/Jelly Boy (JUE) [x].bin	mismo SHA-1 que 'Jelly Boy (Beta).bin', que se queda en MD/
MOVIDO	emu/ROMS/MD/Jeopardy (U) [c][!].bin	emu/EXTRAS/MD-duplicados/Jeopardy (U) [c][!].bin	mismo SHA-1 que 'Jeopardy! (U) [c][!].bin', que se queda en MD/
MOVIDO	emu/ROMS/MD/Jeopardy Deluxe (JUE) [c][!].bin	emu/EXTRAS/MD-duplicados/Jeopardy Deluxe (JUE) [c][!].bin	mismo SHA-1 que 'Jeopardy! Deluxe (U) [c][!].bin', que se queda en MD/
MOVIDO	emu/ROMS/MD/Jeopardy Sports Edition (U) [!].bin	emu/EXTRAS/MD-duplicados/Jeopardy Sports Edition (U) [!].bin	mismo SHA-1 que 'Jeopardy! Sports Edition (U) [!].bin', que se queda en MD/
MOVIDO	emu/ROMS/MD/Jerry Glanville_s Pigskin Footbrawl (U) [!].bin	emu/EXTRAS/MD-duplicados/Jerry Glanville_s Pigskin Footbrawl (U) [!].bin	mismo SHA-1 que 'Jerry Glanville's Pigskin Footbrawl (U) [!].bin', que se queda en MD/
MOVIDO	emu/ROMS/MD/Jewel Master (U) [!].bin	emu/EXTRAS/MD-duplicados/Jewel Master (U) [!].bin	mismo SHA-1 que 'Jewel Master (UE) [!].bin', que se queda en MD/
MOVIDO	emu/ROMS/MD/Jim Power - The Arcade Game (JU).bin	emu/EXTRAS/MD-duplicados/Jim Power - The Arcade Game (JU).bin	mismo SHA-1 que 'Jim Power - The Arcade Game (Beta).bin', que se queda en MD/
MOVIDO	emu/ROMS/MD/Jimmy White_s Whirlwind Snooker (E) [c][!].bin	emu/EXTRAS/MD-duplicados/Jimmy White_s Whirlwind Snooker (E) [c][!].bin	mismo SHA-1 que 'Jimmy White's Whirlwind Snooker (E) [c][!].bin', que se queda en MD/
MOVIDO	emu/ROMS/MD/Joe and Mac Caveman Ninja (U) [!].bin	emu/EXTRAS/MD-duplicados/Joe and Mac Caveman Ninja (U) [!].bin	mismo SHA-1 que 'Joe & Mac Caveman Ninja (U) [!].bin', que se queda en MD/
MOVIDO	emu/ROMS/MD/Joe Montana Football (U) [!].bin	emu/EXTRAS/MD-duplicados/Joe Montana Football (U) [!].bin	mismo SHA-1 que 'Joe Montana Football (JU) [!].bin', que se queda en MD/
MOVIDO	emu/ROMS/MD/Joe Montana NFL 94 (U) [!].bin	emu/EXTRAS/MD-duplicados/Joe Montana NFL 94 (U) [!].bin	mismo SHA-1 que 'NFL Football '94 Starring Joe Montana (U) [!].bin', que se queda en MD/
MOVIDO	emu/ROMS/MD/Joe Montana NFL 95 (UJE) [!].bin	emu/EXTRAS/MD-duplicados/Joe Montana NFL 95 (UJE) [!].bin	mismo SHA-1 que 'NFL '95 (U) [!].bin', que se queda en MD/
MOVIDO	emu/ROMS/MD/Joe Montana Sports Talk Football (U) [!].bin	emu/EXTRAS/MD-duplicados/Joe Montana Sports Talk Football (U) [!].bin	mismo SHA-1 que 'Joe Montana Sports Talk Football (UE) [!].bin', que se queda en MD/
MOVIDO	emu/ROMS/MD/John Madden Football 92 (U) [!].bin	emu/EXTRAS/MD-duplicados/John Madden Football 92 (U) [!].bin	mismo SHA-1 que 'John Madden Football '92 (UE) [!].bin', que se queda en MD/
MOVIDO	emu/ROMS/MD/John Madden Football 93 (U) [c][!].bin	emu/EXTRAS/MD-duplicados/John Madden Football 93 (U) [c][!].bin	mismo SHA-1 que 'John Madden Football '93 (UE) [c][!].bin', que se queda en MD/
MOVIDO	emu/ROMS/MD/John Madden Football 93 - Championship Edition (U) [!].bin	emu/EXTRAS/MD-duplicados/John Madden Football 93 - Championship Edition (U) [!].bin	mismo SHA-1 que 'John Madden Football '93 - Championship Edition (U) [!].bin', que se queda en MD/
MOVIDO	emu/ROMS/MD/John Madden Football 91 (U) [!].bin	emu/EXTRAS/MD-duplicados/John Madden Football 91 (U) [!].bin	mismo SHA-1 que 'John Madden Football (UE) [!].bin', que se queda en MD/
MOVIDO	emu/ROMS/MD/John Madden NFL 94 (UEJ) [c][!].bin	emu/EXTRAS/MD-duplicados/John Madden NFL 94 (UEJ) [c][!].bin	mismo SHA-1 que 'John Madden NFL 94 (UE) [c][!].bin', que se queda en MD/
MOVIDO	emu/ROMS/MD/Judge Dredd - The Movie (F) [!].bin	emu/EXTRAS/MD-duplicados/Judge Dredd - The Movie (F) [!].bin	mismo SHA-1 que 'Judge Dredd - The Movie (W) [!].bin', que se queda en MD/
MOVIDO	emu/ROMS/MD/Jungle Strike (UEJ) [!].bin	emu/EXTRAS/MD-duplicados/Jungle Strike (UEJ) [!].bin	mismo SHA-1 que 'Jungle Strike (UE) [!].bin', que se queda en MD/
MOVIDO	emu/ROMS/MD/Jurassic Park - Rampage Edition (UJE) [!].bin	emu/EXTRAS/MD-duplicados/Jurassic Park - Rampage Edition (UJE) [!].bin	mismo SHA-1 que 'Jurassic Park - Rampage Edition (UE) [!].bin', que se queda en MD/
MOVIDO	emu/ROMS/MD/Jurassic Park 2 - The Lost World (F) [!].bin	emu/EXTRAS/MD-duplicados/Jurassic Park 2 - The Lost World (F) [!].bin	mismo SHA-1 que 'Jurassic Park 2 - The Lost World (U) [!].bin', que se queda en MD/
MOVIDO	emu/ROMS/MD/Justice League Task Force (F) [!].bin	emu/EXTRAS/MD-duplicados/Justice League Task Force (F) [!].bin	mismo SHA-1 que 'Justice League Task Force (W) [!].bin', que se queda en MD/
MOVIDO	emu/ROMS/MD/Ka-Ge-Ki - Fists of Steel (U) [!].zip	emu/EXTRAS/MD-duplicados/Ka-Ge-Ki - Fists of Steel (U) [!].zip	mismo SHA-1 que 'Ka-Ge-Ki - Fists of Steel (U) [!].bin', que se queda en MD/
MOVIDO	emu/ROMS/MD/Kawasaki Superbike Challenge (JUE) [!].zip	emu/EXTRAS/MD-duplicados/Kawasaki Superbike Challenge (JUE) [!].zip	mismo SHA-1 que 'Kawasaki Superbike Challenge (UE) [!].bin', que se queda en MD/
MOVIDO	emu/ROMS/MD/Kick Off 3 - European Challenge (E) [!].zip	emu/EXTRAS/MD-duplicados/Kick Off 3 - European Challenge (E) [!].zip	mismo SHA-1 que 'Kick Off 3 - European Challenge (E) [!].bin', que se queda en MD/
MOVIDO	emu/ROMS/MD/Kid Chameleon (JUE) [!].zip	emu/EXTRAS/MD-duplicados/Kid Chameleon (JUE) [!].zip	mismo SHA-1 que 'Kid Chameleon (UE) [!].bin', que se queda en MD/
MOVIDO	emu/ROMS/MD/King Colossus (J).zip	emu/EXTRAS/MD-duplicados/King Colossus (J).zip	mismo SHA-1 que 'King Colossus (J) [!].bin', que se queda en MD/
MOVIDO	emu/ROMS/MD/King Salmon (U) [c][!].zip	emu/EXTRAS/MD-duplicados/King Salmon (U) [c][!].zip	mismo SHA-1 que 'King Salmon - The Big Catch (U) [c][!].bin', que se queda en MD/
MOVIDO	emu/ROMS/MD/King Series 18-in-1 KC1801 [p1][!].zip	emu/EXTRAS/MD-duplicados/King Series 18-in-1 KC1801 [p1][!].zip	mismo SHA-1 que 'King Series 18-in-1 KC1801 [p1][!].bin', que se queda en MD/
MOVIDO	emu/ROMS/MD/King Squirrel.zip	emu/EXTRAS/MD-duplicados/King Squirrel.zip	mismo SHA-1 que 'Squirrel King (China) (Unl).zip', que se queda en MD/
MOVIDO	emu/ROMS/MD/King of the Monsters 2 (U) [!].zip	emu/EXTRAS/MD-duplicados/King of the Monsters 2 (U) [!].zip	mismo SHA-1 que 'King of the Monsters 2 (U) [!].bin', que se queda en MD/
MOVIDO	emu/ROMS/MD/King_s Bounty (U) [!].zip	emu/EXTRAS/MD-duplicados/King_s Bounty (U) [!].zip	mismo SHA-1 que 'King's Bounty (UE) [!].bin', que se queda en MD/
MOVIDO	emu/ROMS/MD/Klax (U) [!].zip	emu/EXTRAS/MD-duplicados/Klax (U) [!].zip	mismo SHA-1 que 'Klax (UE) [!].bin', que se queda en MD/
MOVIDO	emu/ROMS/MD/Kyukai Dotyuuki Baseball (J) [b1].zip	emu/EXTRAS/MD-malos/Kyukai Dotyuuki Baseball (J) [b1].zip	volcado malo [b] sin copia buena del mismo contenido
MOVIDO	emu/ROMS/MD/LHX Attack Helicopter (U) [!].zip	emu/EXTRAS/MD-duplicados/LHX Attack Helicopter (U) [!].zip	mismo SHA-1 que 'LHX Attack Chopper (UE) [!].bin', que se queda en MD/
MOVIDO	emu/ROMS/MD/Labyrinth of Death.zip	emu/EXTRAS/MD-duplicados/Labyrinth of Death.zip	mismo SHA-1 que 'Labyrinth of Death (SN) (J) [!].bin', que se queda en MD/
MOVIDO	emu/ROMS/MD/Lakers vs Celtics (U) [!].zip	emu/EXTRAS/MD-duplicados/Lakers vs Celtics (U) [!].zip	mismo SHA-1 que 'Lakers vs Celtics and the NBA Playoffs (UE) [!].bin', que se queda en MD/
MOVIDO	emu/ROMS/MD/Last Action Hero (UE) [!].zip	emu/EXTRAS/MD-duplicados/Last Action Hero (UE) [!].zip	mismo SHA-1 que 'Last Action Hero (U) [!].bin', que se queda en MD/
MOVIDO	emu/ROMS/MD/Last Battle (U) [!].zip	emu/EXTRAS/MD-duplicados/Last Battle (U) [!].zip	mismo SHA-1 que 'Last Battle (UE) [!].bin', que se queda en MD/
MOVIDO	emu/ROMS/MD/Lawnmower Man, The (JUE) [!].zip	emu/EXTRAS/MD-duplicados/Lawnmower Man, The (JUE) [!].zip	mismo SHA-1 que 'Lawnmower Man, The (UE) [!].bin', que se queda en MD/
MOVIDO	emu/ROMS/MD/Legend of Galahad, The (U) [!].zip	emu/EXTRAS/MD-duplicados/Legend of Galahad, The (U) [!].zip	mismo SHA-1 que 'Legend of Galahad, The (UE) [!].bin', que se queda en MD/
MOVIDO	emu/ROMS/MD/Legend of Toki - Going Ape Spit, The (UE) [c][!].zip	emu/EXTRAS/MD-duplicados/Legend of Toki - Going Ape Spit, The (UE) [c][!].zip	mismo SHA-1 que 'Toki - Going Ape Spit (UE) [c][!].bin', que se queda en MD/
MOVIDO	emu/ROMS/MD/Liberty or Death (U) [!].zip	emu/EXTRAS/MD-duplicados/Liberty or Death (U) [!].zip	mismo SHA-1 que 'Liberty or Death (U) [!].bin', que se queda en MD/
MOVIDO	emu/ROMS/MD/Lion King, The (UEJ) [!].zip	emu/EXTRAS/MD-duplicados/Lion King, The (UEJ) [!].zip	mismo SHA-1 que 'Lion King, The (W) [!].bin', que se queda en MD/
MOVIDO	emu/ROMS/MD/Lord Monarch (J) [!].zip	emu/EXTRAS/MD-duplicados/Lord Monarch (J) [!].zip	mismo SHA-1 que 'Lord Monarch (J) [!].bin', que se queda en MD/
MOVIDO	emu/ROMS/MD/Lotus 2 RECS (EUJ) [!].zip	emu/EXTRAS/MD-duplicados/Lotus 2 RECS (EUJ) [!].zip	mismo SHA-1 que 'Lotus II RECS (UE) [!].bin', que se queda en MD/
MOVIDO	emu/ROMS/MD/Lotus Turbo Challenge (EU) [!].zip	emu/EXTRAS/MD-duplicados/Lotus Turbo Challenge (EU) [!].zip	mismo SHA-1 que 'Lotus Turbo Challenge (UE) [!].bin', que se queda en MD/
MOVIDO	emu/ROMS/MD/M1 Abrams Battle Tank (REV 01) (JUE) [!].zip	emu/EXTRAS/MD-duplicados/M1 Abrams Battle Tank (REV 01) (JUE) [!].zip	mismo SHA-1 que 'M-1 Abrams Battle Tank (UE) (REV01) [!].bin', que se queda en MD/
MOVIDO	emu/ROMS/MD/M.U.S.H.A (U) [!].zip	emu/EXTRAS/MD-duplicados/M.U.S.H.A (U) [!].zip	mismo SHA-1 que 'M.U.S.H.A (U) [!].bin', que se queda en MD/
MOVIDO	emu/ROMS/MD/MLBPA Baseball (UEJ) [!].zip	emu/EXTRAS/MD-duplicados/MLBPA Baseball (UEJ) [!].zip	mismo SHA-1 que 'MLBPA Baseball (U) [!].bin', que se queda en MD/
MOVIDO	emu/ROMS/MD/MLBPA Sports Talk Baseball (U) [!].zip	emu/EXTRAS/MD-duplicados/MLBPA Sports Talk Baseball (U) [!].zip	mismo SHA-1 que 'MLBPA Sports Talk Baseball (U) [!].bin', que se queda en MD/
MOVIDO	emu/ROMS/MD/Madden NFL 95 (JUE) [!].zip	emu/EXTRAS/MD-duplicados/Madden NFL 95 (JUE) [!].zip	mismo SHA-1 que 'Madden NFL 95 (UE) [!].bin', que se queda en MD/
MOVIDO	emu/ROMS/MD/Madden NFL 96 (F) [!].zip	emu/EXTRAS/MD-duplicados/Madden NFL 96 (F) [!].zip	mismo SHA-1 que 'Madden NFL 96 (UE) [!].bin', que se queda en MD/
MOVIDO	emu/ROMS/MD/Madden NFL 97 (F) [!].zip	emu/EXTRAS/MD-duplicados/Madden NFL 97 (F) [!].zip	mismo SHA-1 que 'Madden NFL 97 (UE) [!].bin', que se queda en MD/
MOVIDO	emu/ROMS/MD/Madden NFL 98 (4) [c][!].zip	emu/EXTRAS/MD-duplicados/Madden NFL 98 (4) [c][!].zip	mismo SHA-1 que 'Madden NFL 98 (U) [c][!].bin', que se queda en MD/
MOVIDO	emu/ROMS/MD/Magic School Bus, The (5) [!].zip	emu/EXTRAS/MD-duplicados/Magic School Bus, The (5) [!].zip	mismo SHA-1 que 'Magic School Bus, The (U) [!].bin', que se queda en MD/
MOVIDO	emu/ROMS/MD/Mahjongg Lover.zip	emu/EXTRAS/MD-duplicados/Mahjongg Lover.zip	mismo SHA-1 que 'Mahjong Lover (China) (Unl).zip', que se queda en MD/
MOVIDO	emu/ROMS/MD/SS Lucifer - Man Overboard! (JUE) [c][!].zip	emu/EXTRAS/MD-duplicados/SS Lucifer - Man Overboard! (JUE) [c][!].zip	mismo SHA-1 que 'Man Overboard! - S.S. Lucifer (E) [c][!].bin', que se queda en MD/
MOVIDO	emu/ROMS/MD/Marble Madness (U) [!].zip	emu/EXTRAS/MD-duplicados/Marble Madness (U) [!].zip	mismo SHA-1 que 'Marble Madness (UE) [!].bin', que se queda en MD/
MOVIDO	emu/ROMS/MD/Mario Andretti Racing (UEJ) [!].zip	emu/EXTRAS/MD-duplicados/Mario Andretti Racing (UEJ) [!].zip	mismo SHA-1 que 'Mario Andretti Racing (UE) [!].bin', que se queda en MD/
MOVIDO	emu/ROMS/MD/Mario Lemieux Hockey (U) [!].zip	emu/EXTRAS/MD-duplicados/Mario Lemieux Hockey (U) [!].zip	mismo SHA-1 que 'Mario Lemieux Hockey (UE) [!].bin', que se queda en MD/
MOVIDO	emu/ROMS/MD/Mary Shelley_s Frankenstein (U) [!].zip	emu/EXTRAS/MD-duplicados/Mary Shelley_s Frankenstein (U) [!].zip	mismo SHA-1 que 'Mary Shelley's Frankenstein (U) [!].bin', que se queda en MD/
MOVIDO	emu/ROMS/MD/Master of Monsters (U) [!].zip	emu/EXTRAS/MD-duplicados/Master of Monsters (U) [!].zip	mismo SHA-1 que 'Master of Monsters (U) [!].bin', que se queda en MD/
MOVIDO	emu/ROMS/MD/Math Blaster (U) [!].zip	emu/EXTRAS/MD-duplicados/Math Blaster (U) [!].zip	mismo SHA-1 que 'Math Blaster - Episode 1 (U) [!].bin', que se queda en MD/
MOVIDO	emu/ROMS/MD/Mazin Wars (E).zip	emu/EXTRAS/MD-duplicados/Mazin Wars (E).zip	mismo SHA-1 que 'Mazin Wars (E) [!].bin', que se queda en MD/
MOVIDO	emu/ROMS/MD/Mega Anser (J) [!].zip	emu/EXTRAS/MD-duplicados/Mega Anser (J) [!].zip	mismo SHA-1 que 'Mega Anser (J) (REV01) [!].bin', que se queda en MD/
MOVIDO	emu/ROMS/MD/Mega Bomberman (JUE) [!].zip	emu/EXTRAS/MD-duplicados/Mega Bomberman (JUE) [!].zip	mismo SHA-1 que 'Mega Bomberman (UE) [!].bin', que se queda en MD/
MOVIDO	emu/ROMS/MD/Mega Games 10 in 1 (F) [!].zip	emu/EXTRAS/MD-duplicados/Mega Games 10 in 1 (F) [!].zip	mismo SHA-1 que 'Mega Games 10 in 1 (EB) [!].bin', que se queda en MD/
MOVIDO	emu/ROMS/MD/MegaGames 3in1 Vol 2 (G-Axe SofR Rev-Shinobi) (E) [!].zip	emu/EXTRAS/MD-duplicados/MegaGames 3in1 Vol 2 (G-Axe SofR Rev-Shinobi) (E) [!].zip	mismo SHA-1 que 'Mega Games 2 (E) [!].bin', que se queda en MD/
MOVIDO	emu/ROMS/MD/Mega Games 3 (Europe).zip	emu/EXTRAS/MD-duplicados/Mega Games 3 (Europe).zip	mismo SHA-1 que 'Mega Games 3 (E) [!].bin', que se queda en MD/
MOVIDO	emu/ROMS/MD/MegaGames 3in1 Vol 3.zip	emu/EXTRAS/MD-duplicados/MegaGames 3in1 Vol 3.zip	mismo SHA-1 que 'Mega Games 3 (E) [!].bin', que se queda en MD/
MOVIDO	emu/ROMS/MD/MegaGames 6in1 Vol 1 (S-HangOn WC-Italia) (F) [!].zip	emu/EXTRAS/MD-duplicados/MegaGames 6in1 Vol 1 (S-HangOn WC-Italia) (F) [!].zip	mismo SHA-1 que 'Mega Games 6 (Vol 1) (E) [!].bin', que se queda en MD/
MOVIDO	emu/ROMS/MD/Mega Games 6 Vol. 2 (Europe).zip	emu/EXTRAS/MD-duplicados/Mega Games 6 Vol. 2 (Europe).zip	mismo SHA-1 que 'Mega Games 6 (Vol 2) (E) [!].bin', que se queda en MD/
MOVIDO	emu/ROMS/MD/MegaGames 6in1 Vol 3 (Soccer S-Monaco) (F).zip	emu/EXTRAS/MD-duplicados/MegaGames 6in1 Vol 3 (Soccer S-Monaco) (F).zip	mismo SHA-1 que 'Mega Games 6 (Vol 3) (E) [!].bin', que se queda en MD/
MOVIDO	emu/ROMS/MD/MegaGames 3in1 Vol 1 (S-HangOn WC Italia 90 Columns) (E) [!].zip	emu/EXTRAS/MD-duplicados/MegaGames 3in1 Vol 1 (S-HangOn WC Italia 90 Columns) (E) [!].zip	mismo SHA-1 que 'Mega Games I (E) [!].bin', que se queda en MD/
MOVIDO	emu/ROMS/MD/Mega Man - The Wily Wars (E).zip	emu/EXTRAS/MD-duplicados/Mega Man - The Wily Wars (E).zip	mismo SHA-1 que 'Megaman - The Wily Wars (E).bin', que se queda en MD/
MOVIDO	emu/ROMS/MD/Mega SWIV (E).zip	emu/EXTRAS/MD-duplicados/Mega SWIV (E).zip	mismo SHA-1 que 'Mega SWIV (E).bin', que se queda en MD/
MOVIDO	emu/ROMS/MD/Megapanel (J) [c][!].zip	emu/EXTRAS/MD-duplicados/Megapanel (J) [c][!].zip	mismo SHA-1 que 'Megapanel (J) [c][!].bin', que se queda en MD/
MOVIDO	emu/ROMS/MD/Menacer 6-in-1 Game Pack (UJE) [!].zip	emu/EXTRAS/MD-duplicados/Menacer 6-in-1 Game Pack (UJE) [!].zip	mismo SHA-1 que 'Menacer 6-in-1 Game Pack (UE) [!].bin', que se queda en MD/
MOVIDO	emu/ROMS/MD/Mercs (JUE) [!].zip	emu/EXTRAS/MD-duplicados/Mercs (JUE) [!].zip	mismo SHA-1 que 'Mercs (W) [!].bin', que se queda en MD/
MOVIDO	emu/ROMS/MD/Metal Fangs (J) [c][!].zip	emu/EXTRAS/MD-duplicados/Metal Fangs (J) [c][!].zip	mismo SHA-1 que 'Metal Fangs (J) [c][!].bin', que se queda en MD/
MOVIDO	emu/ROMS/MD/Michael Jackson_s Moonwalker (REV 01) (JUE) [!].zip	emu/EXTRAS/MD-duplicados/Michael Jackson_s Moonwalker (REV 01) (JUE) [!].zip	mismo SHA-1 que 'Michael Jackson's Moonwalker (W) (REV01) [!].bin', que se queda en MD/
MOVIDO	emu/ROMS/MD/Mickey_s Ultimate Challenge (U) [!].zip	emu/EXTRAS/MD-duplicados/Mickey_s Ultimate Challenge (U) [!].zip	mismo SHA-1 que 'Mickey's Ultimate Challenge (U) [!].bin', que se queda en MD/
MOVIDO	emu/ROMS/MD/Micro Machines (E) [c][!].zip	emu/EXTRAS/MD-duplicados/Micro Machines (E) [c][!].zip	mismo SHA-1 que 'Micro Machines (UE) [c][!].bin', que se queda en MD/
MOVIDO	emu/ROMS/MD/Micro Machines 96 (V1.1) (E) (J-Cart) [c][!].zip	emu/EXTRAS/MD-duplicados/Micro Machines 96 (V1.1) (E) (J-Cart) [c][!].zip	mismo SHA-1 que 'Micro Machines - Turbo Tournament '96 (V1.1) (E) (J-Cart) [c][!].bin', que se queda en MD/
MOVIDO	emu/ROMS/MD/Micro Machines Military - It_s a Blast! (E) (J-Cart) [c][!].zip	emu/EXTRAS/MD-duplicados/Micro Machines Military - It_s a Blast! (E) (J-Cart) [c][!].zip	mismo SHA-1 que 'Micro Machines Military - It's a Blast! (E) (J-Cart) [c][!].bin', que se queda en MD/
MOVIDO	emu/ROMS/MD/Midnight Resistance (U) [!].zip	emu/EXTRAS/MD-duplicados/Midnight Resistance (U) [!].zip	mismo SHA-1 que 'Midnight Resistance (U) [!].bin', que se queda en MD/
MOVIDO	emu/ROMS/MD/Might and Magic 2 - Gates to Another World (REV 01) (U) [!].zip	emu/EXTRAS/MD-duplicados/Might and Magic 2 - Gates to Another World (REV 01) (U) [!].zip	mismo SHA-1 que 'Might and Magic - Gates to Another World (UE) (REV01) [!].bin', que se queda en MD/
MOVIDO	emu/ROMS/MD/Mike Ditka Power Football (U) [!].zip	emu/EXTRAS/MD-duplicados/Mike Ditka Power Football (U) [!].zip	mismo SHA-1 que 'Mike Ditka Power Football (U) [!].bin', que se queda en MD/
MOVIDO	emu/ROMS/MD/Minnesota Fats Pool Legend (4) [!].zip	emu/EXTRAS/MD-duplicados/Minnesota Fats Pool Legend (4) [!].zip	mismo SHA-1 que 'Minnesota Fats Pool Legend (U) [!].bin', que se queda en MD/
MOVIDO	emu/ROMS/MD/Miracle Piano Teaching System (U) [!].zip	emu/EXTRAS/MD-duplicados/Miracle Piano Teaching System (U) [!].zip	mismo SHA-1 que 'Miracle Piano Teaching System (U) [!].bin', que se queda en MD/
MOVIDO	emu/ROMS/MD/Misadventures of Flink, The (E) [!].zip	emu/EXTRAS/MD-duplicados/Misadventures of Flink, The (E) [!].zip	mismo SHA-1 que 'Misadventures of Flink, The (E) [!].bin', que se queda en MD/
MOVIDO	emu/ROMS/MD/Monopoly (U) [c][!].zip	emu/EXTRAS/MD-duplicados/Monopoly (U) [c][!].zip	mismo SHA-1 que 'Monopoly (U) [c][!].bin', que se queda en MD/
MOVIDO	emu/ROMS/MD/Wonderboy 6 (MonsterWorld 4) (J) [!].zip	emu/EXTRAS/MD-duplicados/Wonderboy 6 (MonsterWorld 4) (J) [!].zip	mismo SHA-1 que 'Monster World IV (J) [!].bin', que se queda en MD/
MOVIDO	emu/ROMS/MD/Mortal Kombat 2 (JUE) [!].zip	emu/EXTRAS/MD-duplicados/Mortal Kombat 2 (JUE) [!].zip	mismo SHA-1 que 'Mortal Kombat II (W) [!].bin', que se queda en MD/
MOVIDO	emu/ROMS/MD/Mr. Nutz (E) [!].zip	emu/EXTRAS/MD-duplicados/Mr. Nutz (E) [!].zip	mismo SHA-1 que 'Mr. Nutz (E) [!].bin', que se queda en MD/
MOVIDO	emu/ROMS/MD/Ms. Pacman (U) [!].zip	emu/EXTRAS/MD-duplicados/Ms. Pacman (U) [!].zip	mismo SHA-1 que 'Ms. Pac-Man (U) [!].bin', que se queda en MD/
MOVIDO	emu/ROMS/MD/Mutant League Football (UEJ) [!].zip	emu/EXTRAS/MD-duplicados/Mutant League Football (UEJ) [!].zip	mismo SHA-1 que 'Mutant League Football (UE) [!].bin', que se queda en MD/
MOVIDO	emu/ROMS/MD/Mutant League Hockey (UEJ) [!].zip	emu/EXTRAS/MD-duplicados/Mutant League Hockey (UEJ) [!].zip	mismo SHA-1 que 'Mutant League Hockey (UE) [!].bin', que se queda en MD/
MOVIDO	emu/ROMS/MD/Mystic Defender (REV 01) (JUE).zip	emu/EXTRAS/MD-duplicados/Mystic Defender (REV 01) (JUE).zip	mismo SHA-1 que 'Mystic Defender (W) (REV01) [!].bin', que se queda en MD/
MOVIDO	emu/ROMS/MD/Mystical Fighter (U) [c][!].zip	emu/EXTRAS/MD-duplicados/Mystical Fighter (U) [c][!].zip	mismo SHA-1 que 'Mystical Fighter (U) [c][!].bin', que se queda en MD/
MOVIDO	emu/ROMS/MD/NBA Action 95 (UEJ) [!].zip	emu/EXTRAS/MD-duplicados/NBA Action 95 (UEJ) [!].zip	mismo SHA-1 que 'NBA Action '95 (UE) [!].bin', que se queda en MD/
MOVIDO	emu/ROMS/MD/NBA Action (U) [!].zip	emu/EXTRAS/MD-duplicados/NBA Action (U) [!].zip	mismo SHA-1 que 'NBA Action (U) [!].bin', que se queda en MD/
MOVIDO	emu/ROMS/MD/NBA AllStar Challenge (U) [!].zip	emu/EXTRAS/MD-duplicados/NBA AllStar Challenge (U) [!].zip	mismo SHA-1 que 'NBA All-Star Challenge (UE) [!].bin', que se queda en MD/
MOVIDO	emu/ROMS/MD/NBA Live 95 (UEJ) [!].zip	emu/EXTRAS/MD-duplicados/NBA Live 95 (UEJ) [!].zip	mismo SHA-1 que 'NBA Live 95 (UE) [!].bin', que se queda en MD/
MOVIDO	emu/ROMS/MD/NBA Live 96 (F) [!].zip	emu/EXTRAS/MD-duplicados/NBA Live 96 (F) [!].zip	mismo SHA-1 que 'NBA Live 96 (UE) [!].bin', que se queda en MD/
MOVIDO	emu/ROMS/MD/NBA Live 97 (F) [!].zip	emu/EXTRAS/MD-duplicados/NBA Live 97 (F) [!].zip	mismo SHA-1 que 'NBA Live 97 (UE) [!].bin', que se queda en MD/
MOVIDO	emu/ROMS/MD/NBA Live 98 (F) [!].zip	emu/EXTRAS/MD-duplicados/NBA Live 98 (F) [!].zip	mismo SHA-1 que 'NBA Live 98 (U) [!].bin', que se queda en MD/
MOVIDO	emu/ROMS/MD/NBA Showdown 94 (UE) [!].zip	emu/EXTRAS/MD-duplicados/NBA Showdown 94 (UE) [!].zip	mismo SHA-1 que 'NBA Showdown 94 (UE) [!].bin', que se queda en MD/
MOVIDO	emu/ROMS/MD/NCAA College Football (U) [!].zip	emu/EXTRAS/MD-duplicados/NCAA College Football (U) [!].zip	mismo SHA-1 que 'NCAA College Football (U) [!].bin', que se queda en MD/
MOVIDO	emu/ROMS/MD/NCAA Final Four College Basketball (U) [!].zip	emu/EXTRAS/MD-duplicados/NCAA Final Four College Basketball (U) [!].zip	mismo SHA-1 que 'NCAA Final Four College Basketball (U) [!].bin', que se queda en MD/
MOVIDO	emu/ROMS/MD/NFL 98 (F) [!].zip	emu/EXTRAS/MD-duplicados/NFL 98 (F) [!].zip	mismo SHA-1 que 'NFL 98 (U) [!].bin', que se queda en MD/
MOVIDO	emu/ROMS/MD/NFL Prime Time (F) [!].zip	emu/EXTRAS/MD-duplicados/NFL Prime Time (F) [!].zip	mismo SHA-1 que 'NFL Prime Time (U) [!].bin', que se queda en MD/
MOVIDO	emu/ROMS/MD/NFL Quarterback Club (JUE) [!].zip	emu/EXTRAS/MD-duplicados/NFL Quarterback Club (JUE) [!].zip	mismo SHA-1 que 'NFL Quarterback Club (W) [!].bin', que se queda en MD/
MOVIDO	emu/ROMS/MD/NFL Quarterback Club 96 (F) [!].zip	emu/EXTRAS/MD-duplicados/NFL Quarterback Club 96 (F) [!].zip	mismo SHA-1 que 'NFL Quarterback Club 96 (UE) [!].bin', que se queda en MD/
MOVIDO	emu/ROMS/MD/NHL Hockey 94 (UE) [!].zip	emu/EXTRAS/MD-duplicados/NHL Hockey 94 (UE) [!].zip	mismo SHA-1 que 'NHL 94 (UE) [!].bin', que se queda en MD/
MOVIDO	emu/ROMS/MD/NHL 95 (EUJ) [!].zip	emu/EXTRAS/MD-duplicados/NHL 95 (EUJ) [!].zip	mismo SHA-1 que 'NHL 95 (UE) [!].bin', que se queda en MD/
MOVIDO	emu/ROMS/MD/NHL 96 (F) [!].zip	emu/EXTRAS/MD-duplicados/NHL 96 (F) [!].zip	mismo SHA-1 que 'NHL 96 (UE) [!].bin', que se queda en MD/
MOVIDO	emu/ROMS/MD/NHL 97 (F) [!].zip	emu/EXTRAS/MD-duplicados/NHL 97 (F) [!].zip	mismo SHA-1 que 'NHL 97 (UE) [!].bin', que se queda en MD/
MOVIDO	emu/ROMS/MD/NHL 98 (4) [c][!].zip	emu/EXTRAS/MD-duplicados/NHL 98 (4) [c][!].zip	mismo SHA-1 que 'NHL 98 (U) [c][!].bin', que se queda en MD/
MOVIDO	emu/ROMS/MD/NHL All-Star Hockey 95 (U) [!].zip	emu/EXTRAS/MD-duplicados/NHL All-Star Hockey 95 (U) [!].zip	mismo SHA-1 que 'NHL All-Star Hockey '95 (U) [!].bin', que se queda en MD/
MOVIDO	emu/ROMS/MD/NHLPA NHL _93.zip	emu/EXTRAS/MD-duplicados/NHLPA NHL _93.zip	mismo SHA-1 que 'NHLPA Hockey 93 (USA, Europe).zip', que se queda en MD/
MOVIDO	emu/ROMS/MD/New Zealand Story, The (J) [!].zip	emu/EXTRAS/MD-duplicados/New Zealand Story, The (J) [!].zip	mismo SHA-1 que 'New Zealand Story, The (J) [!].bin', que se queda en MD/
MOVIDO	emu/ROMS/MD/Newman-Haas Indy Car Racing (JUE) [!].zip	emu/EXTRAS/MD-duplicados/Newman-Haas Indy Car Racing (JUE) [!].zip	mismo SHA-1 que 'Newman-Haas IndyCar Racing (W) [!].bin', que se queda en MD/
MOVIDO	emu/ROMS/MD/Ninja Gaiden (JUE) [x].zip	emu/EXTRAS/MD-duplicados/Ninja Gaiden (JUE) [x].zip	mismo SHA-1 que 'Ninja Gaiden (Beta).bin', que se queda en MD/
MOVIDO	emu/ROMS/MD/Ninja Gaiden (JUE) [b1].zip	emu/EXTRAS/MD-malos/Ninja Gaiden (JUE) [b1].zip	volcado malo [b] sin copia buena del mismo contenido
MOVIDO	emu/ROMS/MD/No Escape (U) [!].zip	emu/EXTRAS/MD-duplicados/No Escape (U) [!].zip	mismo SHA-1 que 'No Escape (U) [!].bin', que se queda en MD/
MOVIDO	emu/ROMS/MD/Nobunaga_s Ambition (U) [!].zip	emu/EXTRAS/MD-duplicados/Nobunaga_s Ambition (U) [!].zip	mismo SHA-1 que 'Nobunaga's Ambition (U) [!].bin', que se queda en MD/
MOVIDO	emu/ROMS/MD/Normy_s Beach Babe-O-Rama (UEJ) [!].zip	emu/EXTRAS/MD-duplicados/Normy_s Beach Babe-O-Rama (UEJ) [!].zip	mismo SHA-1 que 'Normy's Beach Babe-O-Rama (UE) [!].bin', que se queda en MD/
MOVIDO	emu/ROMS/MD/Olympic Summer Games Atlanta 96 (F) [!].zip	emu/EXTRAS/MD-duplicados/Olympic Summer Games Atlanta 96 (F) [!].zip	mismo SHA-1 que 'Olympic Summer Games Atlanta 96 (UE) [!].bin', que se queda en MD/
MOVIDO	emu/ROMS/MD/Operation Europe - Path to Victory 1939-1945 (U) [!].zip	emu/EXTRAS/MD-duplicados/Operation Europe - Path to Victory 1939-1945 (U) [!].zip	mismo SHA-1 que 'Operation Europe - Path to Victory 1939-1945 (U) [!].bin', que se queda en MD/
MOVIDO	emu/ROMS/MD/Ottifants, The (E) [!].zip	emu/EXTRAS/MD-duplicados/Ottifants, The (E) [!].zip	mismo SHA-1 que 'Ottifants, The (E) (M5) [!].bin', que se queda en MD/
MOVIDO	emu/ROMS/MD/OutRun (JU) (KPH-MPH toggles) [!].zip	emu/EXTRAS/MD-duplicados/OutRun (JU) (KPH-MPH toggles) [!].zip	mismo SHA-1 que 'OutRun (W) [!].bin', que se queda en MD/
MOVIDO	emu/ROMS/MD/OutRunners (U) [!].zip	emu/EXTRAS/MD-duplicados/OutRunners (U) [!].zip	mismo SHA-1 que 'OutRunners (U) [!].bin', que se queda en MD/
MOVIDO	emu/ROMS/MD/Pacific Theater of Operations (U) [!].zip	emu/EXTRAS/MD-duplicados/Pacific Theater of Operations (U) [!].zip	mismo SHA-1 que 'P.T.O. Pacific Theater of Operations (U) [!].bin', que se queda en MD/
MOVIDO	emu/ROMS/MD/PGA European Tour (UEJ) [!].zip	emu/EXTRAS/MD-duplicados/PGA European Tour (UEJ) [!].zip	mismo SHA-1 que 'PGA European Tour (UE) [!].bin', que se queda en MD/
MOVIDO	emu/ROMS/MD/PGA Tour 96 (F) [!].zip	emu/EXTRAS/MD-duplicados/PGA Tour 96 (F) [!].zip	mismo SHA-1 que 'PGA Tour 96 (UE) [!].bin', que se queda en MD/
MOVIDO	emu/ROMS/MD/PGA Tour Golf (REV 02) (U) [!].zip	emu/EXTRAS/MD-duplicados/PGA Tour Golf (REV 02) (U) [!].zip	mismo SHA-1 que 'PGA Tour Golf (UE) (REV02) [!].bin', que se queda en MD/
MOVIDO	emu/ROMS/MD/PGA Tour Golf 2 (REV 01) (UEJ) [!].zip	emu/EXTRAS/MD-duplicados/PGA Tour Golf 2 (REV 01) (UEJ) [!].zip	mismo SHA-1 que 'PGA Tour Golf II (UE) (REV01) [!].bin', que se queda en MD/
MOVIDO	emu/ROMS/MD/PGA Tour Golf 3 (UEJ) [!].zip	emu/EXTRAS/MD-duplicados/PGA Tour Golf 3 (UEJ) [!].zip	mismo SHA-1 que 'PGA Tour Golf III (UE) [!].bin', que se queda en MD/
MOVIDO	emu/ROMS/MD/Pac-Attack (U) [!].zip	emu/EXTRAS/MD-duplicados/Pac-Attack (U) [!].zip	mismo SHA-1 que 'Pac-Attack (U) [!].bin', que se queda en MD/
MOVIDO	emu/ROMS/MD/Pac-Man 2 - The New Adventures (U) [!].zip	emu/EXTRAS/MD-duplicados/Pac-Man 2 - The New Adventures (U) [!].zip	mismo SHA-1 que 'Pac-Man 2 - The New Adventures (U) [!].bin', que se queda en MD/
MOVIDO	emu/ROMS/MD/Pac-Mania (U) [!].zip	emu/EXTRAS/MD-duplicados/Pac-Mania (U) [!].zip	mismo SHA-1 que 'Pac-Mania (U) [!].bin', que se queda en MD/
MOVIDO	emu/ROMS/MD/Panorama Cotton (J) [x].zip	emu/EXTRAS/MD-duplicados/Panorama Cotton (J) [x].zip	mismo SHA-1 que 'Panorama Cotton (J) [c][!].bin', que se queda en MD/
MOVIDO	emu/ROMS/MD/Paperboy (JUE) [!].zip	emu/EXTRAS/MD-duplicados/Paperboy (JUE) [!].zip	mismo SHA-1 que 'Paperboy (UE) [!].bin', que se queda en MD/
MOVIDO	emu/ROMS/MD/Patlabor (JU) [x].zip	emu/EXTRAS/MD-duplicados/Patlabor (JU) [x].zip	mismo SHA-1 que 'Patlabor (J) [c][!].bin', que se queda en MD/
MOVIDO	emu/ROMS/MD/Pele! (JUE) [!].zip	emu/EXTRAS/MD-duplicados/Pele! (JUE) [!].zip	mismo SHA-1 que 'Pele! (UE) [!].bin', que se queda en MD/
MOVIDO	emu/ROMS/MD/Pele_s World Tournament Soccer (JUE) [!].zip	emu/EXTRAS/MD-duplicados/Pele_s World Tournament Soccer (JUE) [!].zip	mismo SHA-1 que 'Pele's World Tournament Soccer (UE) [!].bin', que se queda en MD/
MOVIDO	emu/ROMS/MD/Pengo (F) [!].zip	emu/EXTRAS/MD-duplicados/Pengo (F) [!].zip	mismo SHA-1 que 'Pengo (J) [!].bin', que se queda en MD/
MOVIDO	emu/ROMS/MD/Pete Sampras Tennis 96 (E) [c][!].zip	emu/EXTRAS/MD-duplicados/Pete Sampras Tennis 96 (E) [c][!].zip	mismo SHA-1 que 'Pete Sampras Tennis 96 (E) [c][!].bin', que se queda en MD/
MOVIDO	emu/ROMS/MD/Phantasy Star 4 - The End of The Millenium (4) [!].zip	emu/EXTRAS/MD-duplicados/Phantasy Star 4 - The End of The Millenium (4) [!].zip	mismo SHA-1 que 'Phantasy Star - The End of the Millenium (U) [!].bin', que se queda en MD/
MOVIDO	emu/ROMS/MD/Phantasy Star 2 (REV 02) (UE) [!].zip	emu/EXTRAS/MD-duplicados/Phantasy Star 2 (REV 02) (UE) [!].zip	mismo SHA-1 que 'Phantasy Star II (UE) (REV02) [!].bin', que se queda en MD/
MOVIDO	emu/ROMS/MD/Phantasy Star 3 - Generations of Doom (UE) [!].zip	emu/EXTRAS/MD-duplicados/Phantasy Star 3 - Generations of Doom (UE) [!].zip	mismo SHA-1 que 'Phantasy Star III - Generations of Doom (UE) [!].bin', que se queda en MD/
MOVIDO	emu/ROMS/MD/Pink Goes to Hollywood (U) [!].zip	emu/EXTRAS/MD-duplicados/Pink Goes to Hollywood (U) [!].zip	mismo SHA-1 que 'Pink Goes to Hollywood (U) [!].bin', que se queda en MD/
MOVIDO	emu/ROMS/MD/Pirates Gold (U) [!].zip	emu/EXTRAS/MD-duplicados/Pirates Gold (U) [!].zip	mismo SHA-1 que 'Pirates! Gold (U) [!].bin', que se queda en MD/
MOVIDO	emu/ROMS/MD/Pirates of Dark Water, The (Jan 1994) (U) [!].zip	emu/EXTRAS/MD-duplicados/Pirates of Dark Water, The (Jan 1994) (U) [!].zip	mismo SHA-1 que 'Pirates of Dark Water, The (U) [!].bin', que se queda en MD/
MOVIDO	emu/ROMS/MD/Populous 2 - Two Tribes (E) [!].zip	emu/EXTRAS/MD-duplicados/Populous 2 - Two Tribes (E) [!].zip	mismo SHA-1 que 'Populous II - Two Tribes (E) [!].bin', que se queda en MD/
MOVIDO	emu/ROMS/MD/Power Drive (EJU) [!].zip	emu/EXTRAS/MD-duplicados/Power Drive (EJU) [!].zip	mismo SHA-1 que 'Power Drive (E) (M5) [!].bin', que se queda en MD/
MOVIDO	emu/ROMS/MD/Power Instinct (J) [!].zip	emu/EXTRAS/MD-duplicados/Power Instinct (J) [!].zip	mismo SHA-1 que 'Power Instinct (J) [!].bin', que se queda en MD/
MOVIDO	emu/ROMS/MD/Power Monger (UEJ) [R-USA][!].zip	emu/EXTRAS/MD-duplicados/Power Monger (UEJ) [R-USA][!].zip	mismo SHA-1 que 'Power Monger (UE) [!].bin', que se queda en MD/
MOVIDO	emu/ROMS/MD/Powerball (U) [c][!].zip	emu/EXTRAS/MD-duplicados/Powerball (U) [c][!].zip	mismo SHA-1 que 'Powerball (U) [c][!].bin', que se queda en MD/
MOVIDO	emu/ROMS/MD/Predator 2 (JUE) [!].zip	emu/EXTRAS/MD-duplicados/Predator 2 (JUE) [!].zip	mismo SHA-1 que 'Predator 2 (UE) [!].bin', que se queda en MD/
MOVIDO	emu/ROMS/MD/Premier Manager (E) [!].zip	emu/EXTRAS/MD-duplicados/Premier Manager (E) [!].zip	mismo SHA-1 que 'Premier Manager (E) [!].bin', que se queda en MD/
MOVIDO	emu/ROMS/MD/Premier Manager 97 (8) [!].zip	emu/EXTRAS/MD-duplicados/Premier Manager 97 (8) [!].zip	mismo SHA-1 que 'Premier Manager 97 (E) [!].bin', que se queda en MD/
MOVIDO	emu/ROMS/MD/Primal Rage (F) [!].zip	emu/EXTRAS/MD-duplicados/Primal Rage (F) [!].zip	mismo SHA-1 que 'Primal Rage (UE) [!].bin', que se queda en MD/
MOVIDO	emu/ROMS/MD/Pro Quarterback (U) [c][!].zip	emu/EXTRAS/MD-duplicados/Pro Quarterback (U) [c][!].zip	mismo SHA-1 que 'Pro Quarterback (U) [c][!].bin', que se queda en MD/
MOVIDO	emu/ROMS/MD/Probotector (E).zip	emu/EXTRAS/MD-duplicados/Probotector (E).zip	mismo SHA-1 que 'Probotector (E) [!].bin', que se queda en MD/
MOVIDO	emu/ROMS/MD/Psy-O-Blade Moving Adventure (J) [!].zip	emu/EXTRAS/MD-duplicados/Psy-O-Blade Moving Adventure (J) [!].zip	mismo SHA-1 que 'Psy-O-Blade Moving Adventure (J) [!].bin', que se queda en MD/
MOVIDO	emu/ROMS/MD/Psycho Pinball (Oct 1994) (JUE) [c][!].zip	emu/EXTRAS/MD-duplicados/Psycho Pinball (Oct 1994) (JUE) [c][!].zip	mismo SHA-1 que 'Psycho Pinball (E) (Oct 1994) (M5) [c][!].bin', que se queda en MD/
MOVIDO	emu/ROMS/MD/Puggsy (E).zip	emu/EXTRAS/MD-duplicados/Puggsy (E).zip	mismo SHA-1 que 'Puggsy (E) [!].bin', que se queda en MD/
MOVIDO	emu/ROMS/MD/Puzzle and Action - Tanto (J) [!].zip	emu/EXTRAS/MD-duplicados/Puzzle and Action - Tanto (J) [!].zip	mismo SHA-1 que 'Tanto R (J) [!].bin', que se queda en MD/
MOVIDO	emu/ROMS/MD/Quack Shot Starring Donald Duck (REV 01) (JUE) [!].zip	emu/EXTRAS/MD-duplicados/Quack Shot Starring Donald Duck (REV 01) (JUE) [!].zip	mismo SHA-1 que 'Quack Shot Starring Donald Duck (W) (REV01) [!].bin', que se queda en MD/
MOVIDO	emu/ROMS/MD/Quad Challenge (U) [c][!].zip	emu/EXTRAS/MD-duplicados/Quad Challenge (U) [c][!].zip	mismo SHA-1 que 'Quad Challenge (U) [c][!].bin', que se queda en MD/
MOVIDO	emu/ROMS/MD/RBI Baseball 3 (UJE) [c][!].zip	emu/EXTRAS/MD-duplicados/RBI Baseball 3 (UJE) [c][!].zip	mismo SHA-1 que 'RBI Baseball 3 (U) [c][!].bin', que se queda en MD/
MOVIDO	emu/ROMS/MD/RBI Baseball 4 (Jun 1992) (UE) [!].zip	emu/EXTRAS/MD-duplicados/RBI Baseball 4 (Jun 1992) (UE) [!].zip	mismo SHA-1 que 'RBI Baseball 4 (U) [!].bin', que se queda en MD/
MOVIDO	emu/ROMS/MD/RBI Baseball 93 (UEJ) [!].zip	emu/EXTRAS/MD-duplicados/RBI Baseball 93 (UEJ) [!].zip	mismo SHA-1 que 'RBI Baseball 93 (U) [!].bin', que se queda en MD/
MOVIDO	emu/ROMS/MD/RBI Baseball 94 (UEJ) [!].zip	emu/EXTRAS/MD-duplicados/RBI Baseball 94 (UEJ) [!].zip	mismo SHA-1 que 'RBI Baseball 94 (UE) [!].bin', que se queda en MD/
MOVIDO	emu/ROMS/MD/Race Drivin_ (UJE) [!].zip	emu/EXTRAS/MD-duplicados/Race Drivin_ (UJE) [!].zip	mismo SHA-1 que 'Race Drivin' (U) [!].bin', que se queda en MD/
MOVIDO	emu/ROMS/MD/Raiden Trad (JU) [!].zip	emu/EXTRAS/MD-duplicados/Raiden Trad (JU) [!].zip	mismo SHA-1 que 'Raiden Trad (JU) [!].bin', que se queda en MD/
MOVIDO	emu/ROMS/MD/Rainbow Islands - The Story of Bubble Bobble 2 (JU) [c][!].zip	emu/EXTRAS/MD-duplicados/Rainbow Islands - The Story of Bubble Bobble 2 (JU) [c][!].zip	mismo SHA-1 que 'Rainbow Islands - The Story of Bubble Bobble 2 (J) [c][!].bin', que se queda en MD/
MOVIDO	emu/ROMS/MD/Rampart (UE) [!].zip	emu/EXTRAS/MD-duplicados/Rampart (UE) [!].zip	mismo SHA-1 que 'Rampart (U) [!].bin', que se queda en MD/
MOVIDO	emu/ROMS/MD/Rastan Saga 2 (U) [!].zip	emu/EXTRAS/MD-duplicados/Rastan Saga 2 (U) [!].zip	mismo SHA-1 que 'Rastan Saga II (U) [!].bin', que se queda en MD/
MOVIDO	emu/ROMS/MD/Red Zone (JUE) [!].zip	emu/EXTRAS/MD-duplicados/Red Zone (JUE) [!].zip	mismo SHA-1 que 'Red Zone (UE) [!].bin', que se queda en MD/
MOVIDO	emu/ROMS/MD/Rent a Hero (J) [!].zip	emu/EXTRAS/MD-duplicados/Rent a Hero (J) [!].zip	mismo SHA-1 que 'Rent A Hero (J) [!].bin', que se queda en MD/
MOVIDO	emu/ROMS/MD/Resq (JUE) [x].zip	emu/EXTRAS/MD-duplicados/Resq (JUE) [x].zip	mismo SHA-1 que 'Resq (Beta).bin', que se queda en MD/
MOVIDO	emu/ROMS/MD/Revolution X (F) [!].zip	emu/EXTRAS/MD-duplicados/Revolution X (F) [!].zip	mismo SHA-1 que 'Revolution X (UE) [!].bin', que se queda en MD/
MOVIDO	emu/ROMS/MD/Richard Scarry_s Busytown (UJ) [!].zip	emu/EXTRAS/MD-duplicados/Richard Scarry_s Busytown (UJ) [!].zip	mismo SHA-1 que 'Richard Scarry's Busytown (U) [!].bin', que se queda en MD/
MOVIDO	emu/ROMS/MD/Rings of Power (U) [!].zip	emu/EXTRAS/MD-duplicados/Rings of Power (U) [!].zip	mismo SHA-1 que 'Rings of Power (UE) [!].bin', que se queda en MD/
MOVIDO	emu/ROMS/MD/Rise of the Robots (JUE) [!].zip	emu/EXTRAS/MD-duplicados/Rise of the Robots (JUE) [!].zip	mismo SHA-1 que 'Rise of the Robots (E) [!].bin', que se queda en MD/
MOVIDO	emu/ROMS/MD/Risk (U) [!].zip	emu/EXTRAS/MD-duplicados/Risk (U) [!].zip	mismo SHA-1 que 'Risk (U) [!].bin', que se queda en MD/
MOVIDO	emu/ROMS/MD/Risky Woods (UE) [!].zip	emu/EXTRAS/MD-duplicados/Risky Woods (UE) [!].zip	mismo SHA-1 que 'Risky Woods (UE) [!].bin', que se queda en MD/
MOVIDO	emu/ROMS/MD/Ristar - The Shooting Star (UE) [!].zip	emu/EXTRAS/MD-duplicados/Ristar - The Shooting Star (UE) [!].zip	mismo SHA-1 que 'Ristar (UE) [!].bin', que se queda en MD/
MOVIDO	emu/ROMS/MD/Road Blasters (Jul 1991) (UJE) [!].zip	emu/EXTRAS/MD-duplicados/Road Blasters (Jul 1991) (UJE) [!].zip	mismo SHA-1 que 'Road Blasters (U) [!].bin', que se queda en MD/
MOVIDO	emu/ROMS/MD/Road Rash (U) [c][!].zip	emu/EXTRAS/MD-duplicados/Road Rash (U) [c][!].zip	mismo SHA-1 que 'Road Rash (UE) [c][!].bin', que se queda en MD/
MOVIDO	emu/ROMS/MD/Road Rash 3 (UEJ) [!].zip	emu/EXTRAS/MD-duplicados/Road Rash 3 (UEJ) [!].zip	mismo SHA-1 que 'Road Rash 3 (UE) [!].bin', que se queda en MD/
MOVIDO	emu/ROMS/MD/Robocop 3 (UE) [!].zip	emu/EXTRAS/MD-duplicados/Robocop 3 (UE) [!].zip	mismo SHA-1 que 'Robocop 3 (UE) [!].bin', que se queda en MD/
MOVIDO	emu/ROMS/MD/Rocky and Bullwinkle, The Adventures of (U) [!].zip	emu/EXTRAS/MD-duplicados/Rocky and Bullwinkle, The Adventures of (U) [!].zip	mismo SHA-1 que 'Rocky and Bullwinkle, The Adventures of (U) [!].bin', que se queda en MD/
MOVIDO	emu/ROMS/MD/Roger Clements MVP Baseball (U) [!].zip	emu/EXTRAS/MD-duplicados/Roger Clements MVP Baseball (U) [!].zip	mismo SHA-1 que 'Roger Clemens' MVP Baseball (U) [!].bin', que se queda en MD/
MOVIDO	emu/ROMS/MD/Rolling Thunder 3 (U) [c][!].zip	emu/EXTRAS/MD-duplicados/Rolling Thunder 3 (U) [c][!].zip	mismo SHA-1 que 'Rolling Thunder 3 (U) [c][!].bin', que se queda en MD/
MOVIDO	emu/ROMS/MD/Rolo to the Rescue (UEJ) [R-USA][!].zip	emu/EXTRAS/MD-duplicados/Rolo to the Rescue (UEJ) [R-USA][!].zip	mismo SHA-1 que 'Rolo to the Rescue (UE) [!].bin', que se queda en MD/
MOVIDO	emu/ROMS/MD/Romance of the Three Kingdoms II (U) [!].zip	emu/EXTRAS/MD-duplicados/Romance of the Three Kingdoms II (U) [!].zip	mismo SHA-1 que 'Romance of the Three Kingdoms II (U) [!].bin', que se queda en MD/
MOVIDO	emu/ROMS/MD/Romance of the Three Kingdoms III (U) [!].zip	emu/EXTRAS/MD-duplicados/Romance of the Three Kingdoms III (U) [!].zip	mismo SHA-1 que 'Romance of the Three Kingdoms III (U) [!].bin', que se queda en MD/
MOVIDO	emu/ROMS/MD/Sagaia (U) [c][!].zip	emu/EXTRAS/MD-duplicados/Sagaia (U) [c][!].zip	mismo SHA-1 que 'Sagaia (U) [c][!].bin', que se queda en MD/
MOVIDO	emu/ROMS/MD/Saint Sword (U) [c][!].zip	emu/EXTRAS/MD-duplicados/Saint Sword (U) [c][!].zip	mismo SHA-1 que 'Saint Sword (U) [c][!].bin', que se queda en MD/
MOVIDO	emu/ROMS/MD/Scooby Doo Mystery (JUE).zip	emu/EXTRAS/MD-duplicados/Scooby Doo Mystery (JUE).zip	mismo SHA-1 que 'Scooby Doo Mystery (U) [!].bin', que se queda en MD/
MOVIDO	emu/ROMS/MD/Scrabble (E) [x].zip	emu/EXTRAS/MD-duplicados/Scrabble (E) [x].zip	mismo SHA-1 que 'Scrabble (Beta).bin', que se queda en MD/
MOVIDO	emu/ROMS/MD/Second Samurai, The (E).zip	emu/EXTRAS/MD-duplicados/Second Samurai, The (E).zip	mismo SHA-1 que 'Second Samurai, The (E).bin', que se queda en MD/
MOVIDO	emu/ROMS/MD/Sega Channel (JUE).zip	emu/EXTRAS/MD-duplicados/Sega Channel (JUE).zip	mismo SHA-1 que 'Sega Channel (U).bin', que se queda en MD/
MOVIDO	emu/ROMS/MD/Sega Sports 1 (Wimbledon, Ult. Soccer, Super Monaco) (E) [!].zip	emu/EXTRAS/MD-duplicados/Sega Sports 1 (Wimbledon, Ult. Soccer, Super Monaco) (E) [!].zip	mismo SHA-1 que 'Sega Sports 1 (Wimbledon, Ult.Soccer, Super Monaco) (E) [!].bin', que se queda en MD/
MOVIDO	emu/ROMS/MD/Sega Top 5.zip	emu/EXTRAS/MD-duplicados/Sega Top 5.zip	mismo SHA-1 que 'Sega Top 5 (B) [!].bin', que se queda en MD/
MOVIDO	emu/ROMS/MD/Sensible Soccer - International Edition (E) [!].zip	emu/EXTRAS/MD-duplicados/Sensible Soccer - International Edition (E) [!].zip	mismo SHA-1 que 'Sensible Soccer - International Edition (E) (M4) [!].bin', que se queda en MD/
MOVIDO	emu/ROMS/MD/Sesame Street Counting Cafe (UEJ) [!].zip	emu/EXTRAS/MD-duplicados/Sesame Street Counting Cafe (UEJ) [!].zip	mismo SHA-1 que 'Sesame Street Counting Cafe (U) [!].bin', que se queda en MD/
MOVIDO	emu/ROMS/MD/Shadow Blasters (U) [c][!].zip	emu/EXTRAS/MD-duplicados/Shadow Blasters (U) [c][!].zip	mismo SHA-1 que 'Shadow Blasters (U) [c][!].bin', que se queda en MD/
MOVIDO	emu/ROMS/MD/Shadow Dancer (JUE) [c][!].zip	emu/EXTRAS/MD-duplicados/Shadow Dancer (JUE) [c][!].zip	mismo SHA-1 que 'Shadow Dancer - The Secret of Shinobi (W) [c][!].bin', que se queda en MD/
MOVIDO	emu/ROMS/MD/Shadow Run (U) [!].zip	emu/EXTRAS/MD-duplicados/Shadow Run (U) [!].zip	mismo SHA-1 que 'Shadowrun (U) [!].bin', que se queda en MD/
MOVIDO	emu/ROMS/MD/Shadow of the Beast (U) [!].zip	emu/EXTRAS/MD-duplicados/Shadow of the Beast (U) [!].zip	mismo SHA-1 que 'Shadow of the Beast (UE) [!].bin', que se queda en MD/
MOVIDO	emu/ROMS/MD/Shadow of the Beast 2 (U) [!].zip	emu/EXTRAS/MD-duplicados/Shadow of the Beast 2 (U) [!].zip	mismo SHA-1 que 'Shadow of the Beast 2 (UE) [!].bin', que se queda en MD/
MOVIDO	emu/ROMS/MD/Shane Warne Cricket (E) [c][!].zip	emu/EXTRAS/MD-duplicados/Shane Warne Cricket (E) [c][!].zip	mismo SHA-1 que 'Shane Warne Cricket (E) [c][!].bin', que se queda en MD/
MOVIDO	emu/ROMS/MD/Shanghai 2 - Dragon_s Eye (U) [!].zip	emu/EXTRAS/MD-duplicados/Shanghai 2 - Dragon_s Eye (U) [!].zip	mismo SHA-1 que 'Shanghai 2 - Dragon's Eye (U) [!].bin', que se queda en MD/
MOVIDO	emu/ROMS/MD/Shaq Fu (UEJ) [!].zip	emu/EXTRAS/MD-duplicados/Shaq Fu (UEJ) [!].zip	mismo SHA-1 que 'Shaq Fu (UE) [!].bin', que se queda en MD/
MOVIDO	emu/ROMS/MD/Shining Force (U) [!].zip	emu/EXTRAS/MD-duplicados/Shining Force (U) [!].zip	mismo SHA-1 que 'Shining Force (U) [!].bin', que se queda en MD/
MOVIDO	emu/ROMS/MD/Shining in the Darkness (U) [!].zip	emu/EXTRAS/MD-duplicados/Shining in the Darkness (U) [!].zip	mismo SHA-1 que 'Shining in the Darkness (UE) [!].bin', que se queda en MD/
MOVIDO	emu/ROMS/MD/Shove It - The Warehouse Game (U) [!].zip	emu/EXTRAS/MD-duplicados/Shove It - The Warehouse Game (U) [!].zip	mismo SHA-1 que 'Shove It! - The Warehouse Game (U) [!].bin', que se queda en MD/
MOVIDO	emu/ROMS/MD/Simpsons, The - Bart vs The Space Mutants (REV 01) (JUE) [!].zip	emu/EXTRAS/MD-duplicados/Simpsons, The - Bart vs The Space Mutants (REV 01) (JUE) [!].zip	mismo SHA-1 que 'Simpsons, The - Bart vs The Space Mutants (UE) (REV01) [!].bin', que se queda en MD/
MOVIDO	emu/ROMS/MD/Simpsons, The - Bart_s Nightmare (JUE) [!].zip	emu/EXTRAS/MD-duplicados/Simpsons, The - Bart_s Nightmare (JUE) [!].zip	mismo SHA-1 que 'Simpsons, The - Bart's Nightmare (UE) (REV02) [!].bin', que se queda en MD/
MOVIDO	emu/ROMS/MD/Simpsons, The - Virtual Bart (JUE) [!].zip	emu/EXTRAS/MD-duplicados/Simpsons, The - Virtual Bart (JUE) [!].zip	mismo SHA-1 que 'Virtual Bart (W) [!].bin', que se queda en MD/
MOVIDO	emu/ROMS/MD/Skeleton Krew (8).zip	emu/EXTRAS/MD-duplicados/Skeleton Krew (8).zip	mismo SHA-1 que 'Skeleton Krew (E).bin', que se queda en MD/
MOVIDO	emu/ROMS/MD/Skitchin (UEJ) [!].zip	emu/EXTRAS/MD-duplicados/Skitchin (UEJ) [!].zip	mismo SHA-1 que 'Skitchin' (UE) [!].bin', que se queda en MD/
MOVIDO	emu/ROMS/MD/Slaughter Sport (USA).zip	emu/EXTRAS/MD-duplicados/Slaughter Sport (USA).zip	mismo SHA-1 que 'Slaughter Sport (U) [c][!].bin', que se queda en MD/
MOVIDO	emu/ROMS/MD/Smash TV (JUE) [!].zip	emu/EXTRAS/MD-duplicados/Smash TV (JUE) [!].zip	mismo SHA-1 que 'Super Smash TV (UE) [!].bin', que se queda en MD/
MOVIDO	emu/ROMS/MD/Smurfs 2, The (E) [!].zip	emu/EXTRAS/MD-duplicados/Smurfs 2, The (E) [!].zip	mismo SHA-1 que 'Smurfs 2, The (E) (M4) [!].bin', que se queda en MD/
MOVIDO	emu/ROMS/MD/Smurfs, The (E) [!].zip	emu/EXTRAS/MD-duplicados/Smurfs, The (E) [!].zip	mismo SHA-1 que 'Smurfs, The (E) (M5) [!].bin', que se queda en MD/
MOVIDO	emu/ROMS/MD/Snake Rattle _n_ Roll (E) [c][!].zip	emu/EXTRAS/MD-duplicados/Snake Rattle _n_ Roll (E) [c][!].zip	mismo SHA-1 que 'Snake Rattle 'n' Roll (E) [c][!].bin', que se queda en MD/
MOVIDO	emu/ROMS/MD/Snow Brothers (JUE) [c][!].zip	emu/EXTRAS/MD-duplicados/Snow Brothers (JUE) [c][!].zip	mismo SHA-1 que 'Snow Bros. - Nick & Tom (J) [c][!].bin', que se queda en MD/
MOVIDO	emu/ROMS/MD/Socket (JUE) [!].zip	emu/EXTRAS/MD-duplicados/Socket (JUE) [!].zip	mismo SHA-1 que 'Socket (U) [!].bin', que se queda en MD/
MOVIDO	emu/ROMS/MD/Sol-Deace (U) [!].zip	emu/EXTRAS/MD-duplicados/Sol-Deace (U) [!].zip	mismo SHA-1 que 'Sol-Deace (U) [!].bin', que se queda en MD/
MOVIDO	emu/ROMS/MD/Soleil (E) (English).zip	emu/EXTRAS/MD-duplicados/Soleil (E) (English).zip	mismo SHA-1 que 'Soleil (E) [!].bin', que se queda en MD/
MOVIDO	emu/ROMS/MD/Sonic 3D Blast (F) [!].zip	emu/EXTRAS/MD-duplicados/Sonic 3D Blast (F) [!].zip	mismo SHA-1 que 'Sonic 3D Blast (UE) [!].bin', que se queda en MD/
MOVIDO	emu/ROMS/MD/Sonic Compilation (REV 00) (A) [!].zip	emu/EXTRAS/MD-duplicados/Sonic Compilation (REV 00) (A) [!].zip	mismo SHA-1 que 'Sonic Classics (Compilation) (E) (REV00) [!].bin', que se queda en MD/
MOVIDO	emu/ROMS/MD/Sonic Eraser [T+Eng].zip	emu/EXTRAS/MD-duplicados/Sonic Eraser [T+Eng].zip	mismo SHA-1 que 'Sonic Eraser (SN) (J) [T+Eng_Derrick Sobodash].zip', que se queda en MD/
MOVIDO	emu/ROMS/MD/Sonic and Crackers (beta).zip	emu/EXTRAS/MD-duplicados/Sonic and Crackers (beta).zip	mismo SHA-1 que 'Sonic and Crackers (Beta).bin', que se queda en MD/
MOVIDO	emu/ROMS/MD/Sonic and Knuckles (JUE) [!].zip	emu/EXTRAS/MD-duplicados/Sonic and Knuckles (JUE) [!].zip	mismo SHA-1 que 'Sonic and Knuckles (W) [!].bin', que se queda en MD/
MOVIDO	emu/ROMS/MD/Sorcerian (J).zip	emu/EXTRAS/MD-duplicados/Sorcerian (J).zip	mismo SHA-1 que 'Sorcerian (J) [!].bin', que se queda en MD/
MOVIDO	emu/ROMS/MD/Soul Blade.zip	emu/EXTRAS/MD-duplicados/Soul Blade.zip	mismo SHA-1 que 'Soul Blade (Unl) [!].zip', que se queda en MD/
MOVIDO	emu/ROMS/MD/Space Harrier 2 (JU).zip	emu/EXTRAS/MD-duplicados/Space Harrier 2 (JU).zip	mismo SHA-1 que 'Space Harrier II (UE) [!].bin', que se queda en MD/
MOVIDO	emu/ROMS/MD/Space Invaders 91 (U) [c][!].zip	emu/EXTRAS/MD-duplicados/Space Invaders 91 (U) [c][!].zip	mismo SHA-1 que 'Space Invaders 91 (U) [c][!].bin', que se queda en MD/
MOVIDO	emu/ROMS/MD/Space Turtleship.zip	emu/EXTRAS/MD-duplicados/Space Turtleship.zip	mismo SHA-1 que 'Uzu Keobukseon (Korea).zip', que se queda en MD/
MOVIDO	emu/ROMS/MD/Sparkster (E) [!].zip	emu/EXTRAS/MD-duplicados/Sparkster (E) [!].zip	mismo SHA-1 que 'Sparkster (E) [!].bin', que se queda en MD/
MOVIDO	emu/ROMS/MD/Spider-Man - The Animated Series (JUE) [!].zip	emu/EXTRAS/MD-duplicados/Spider-Man - The Animated Series (JUE) [!].zip	mismo SHA-1 que 'Spider-Man - The Animated Series (W) [!].bin', que se queda en MD/
MOVIDO	emu/ROMS/MD/Spider-Man and Venom - Maximum Carnage (JUE) [!].zip	emu/EXTRAS/MD-duplicados/Spider-Man and Venom - Maximum Carnage (JUE) [!].zip	mismo SHA-1 que 'Spider-Man and Venom - Maximum Carnage (W) [!].bin', que se queda en MD/
MOVIDO	emu/ROMS/MD/Spider-Man and Venom in Separation Anxiety (F) [!].zip	emu/EXTRAS/MD-duplicados/Spider-Man and Venom in Separation Anxiety (F) [!].zip	mismo SHA-1 que 'Spider-Man and Venom - Separation Anxiety (U) [!].bin', que se queda en MD/
MOVIDO	emu/ROMS/MD/Spider-Man and X-Men - Arcade_s Revenge (U) [!].zip	emu/EXTRAS/MD-duplicados/Spider-Man and X-Men - Arcade_s Revenge (U) [!].zip	mismo SHA-1 que 'Spider-Man and X-Men - Arcade's Revenge (UE) [!].bin', que se queda en MD/
MOVIDO	emu/ROMS/MD/Spider-Man vs Kingpin (U) [!].zip	emu/EXTRAS/MD-duplicados/Spider-Man vs Kingpin (U) [!].zip	mismo SHA-1 que 'Spider-Man vs The Kingpin (W) [!].bin', que se queda en MD/
MOVIDO	emu/ROMS/MD/Spirou (E) [!].zip	emu/EXTRAS/MD-duplicados/Spirou (E) [!].zip	mismo SHA-1 que 'Spirou (E) [!].bin', que se queda en MD/
MOVIDO	emu/ROMS/MD/Splatter House 3 (U) [c][!].zip	emu/EXTRAS/MD-duplicados/Splatter House 3 (U) [c][!].zip	mismo SHA-1 que 'Splatterhouse 3 (U) [c][!].bin', que se queda en MD/
MOVIDO	emu/ROMS/MD/Star Control (REV 03) (U) [x].zip	emu/EXTRAS/MD-duplicados/Star Control (REV 03) (U) [x].zip	mismo SHA-1 que 'Star Control (U) [c][!].bin', que se queda en MD/
MOVIDO	emu/ROMS/MD/Star Cruiser (J).zip	emu/EXTRAS/MD-duplicados/Star Cruiser (J).zip	mismo SHA-1 que 'Star Cruiser (J) [!].bin', que se queda en MD/
MOVIDO	emu/ROMS/MD/Starflight (REV 01) (U) [!].zip	emu/EXTRAS/MD-duplicados/Starflight (REV 01) (U) [!].zip	mismo SHA-1 que 'Starflight (UE) (REV01) [!].bin', que se queda en MD/
MOVIDO	emu/ROMS/MD/Stargate (JUE) [!].zip	emu/EXTRAS/MD-duplicados/Stargate (JUE) [!].zip	mismo SHA-1 que 'Stargate (UE) [!].bin', que se queda en MD/
MOVIDO	emu/ROMS/MD/Steel Empire, The (UE) [!].zip	emu/EXTRAS/MD-duplicados/Steel Empire, The (UE) [!].zip	mismo SHA-1 que 'Steel Empire, The (UE) [!].bin', que se queda en MD/
MOVIDO	emu/ROMS/MD/Steel Talons (Jul 1992) (UJE) [!].zip	emu/EXTRAS/MD-duplicados/Steel Talons (Jul 1992) (UJE) [!].zip	mismo SHA-1 que 'Steel Talons (UE) [!].bin', que se queda en MD/
MOVIDO	emu/ROMS/MD/Stormlord (J) [!].zip	emu/EXTRAS/MD-duplicados/Stormlord (J) [!].zip	mismo SHA-1 que 'Stormlord (U) [!].bin', que se queda en MD/
MOVIDO	emu/ROMS/MD/Story of Thor, The (8) (English).zip	emu/EXTRAS/MD-duplicados/Story of Thor, The (8) (English).zip	mismo SHA-1 que 'Story of Thor, The - A Successor of The Light (E) [!].bin', que se queda en MD/
MOVIDO	emu/ROMS/MD/Street Racer (F) [c][!].zip	emu/EXTRAS/MD-duplicados/Street Racer (F) [c][!].zip	mismo SHA-1 que 'Street Racer (E) [c][!].bin', que se queda en MD/
MOVIDO	emu/ROMS/MD/Street Smart (JU) [!].zip	emu/EXTRAS/MD-duplicados/Street Smart (JU) [!].zip	mismo SHA-1 que 'Street Smart (JU) [!].bin', que se queda en MD/
MOVIDO	emu/ROMS/MD/Streets of Rage 2 (U) [!].zip	emu/EXTRAS/MD-duplicados/Streets of Rage 2 (U) [!].zip	mismo SHA-1 que 'Streets of Rage 2 (U) [!].bin', que se queda en MD/
MOVIDO	emu/ROMS/MD/Strider (UE) [!].zip	emu/EXTRAS/MD-duplicados/Strider (UE) [!].zip	mismo SHA-1 que 'Strider (UE) [!].bin', que se queda en MD/
MOVIDO	emu/ROMS/MD/Strider 2 (JUE) [R-Eur][x].zip	emu/EXTRAS/MD-duplicados/Strider 2 (JUE) [R-Eur][x].zip	mismo SHA-1 que 'Strider II (E) [c][!].bin', que se queda en MD/
MOVIDO	emu/ROMS/MD/Striker (8) [!].zip	emu/EXTRAS/MD-duplicados/Striker (8) [!].zip	mismo SHA-1 que 'Striker (E) (M5) [!].bin', que se queda en MD/
MOVIDO	emu/ROMS/MD/Summer Challenge (JUE) [!].zip	emu/EXTRAS/MD-duplicados/Summer Challenge (JUE) [!].zip	mismo SHA-1 que 'Summer Challenge (U) [!].bin', que se queda en MD/
MOVIDO	emu/ROMS/MD/Super Baseball 2020 (UEJ) [R-USA][!].zip	emu/EXTRAS/MD-duplicados/Super Baseball 2020 (UEJ) [R-USA][!].zip	mismo SHA-1 que 'Super Baseball 2020 (UE) [!].bin', que se queda en MD/
MOVIDO	emu/ROMS/MD/Super Battle Tank - War in the Gulf (U) [!].zip	emu/EXTRAS/MD-duplicados/Super Battle Tank - War in the Gulf (U) [!].zip	mismo SHA-1 que 'Super Battle Tank - War in the Gulf (U) [!].bin', que se queda en MD/
MOVIDO	emu/ROMS/MD/Super Battleship (U) [!].zip	emu/EXTRAS/MD-duplicados/Super Battleship (U) [!].zip	mismo SHA-1 que 'Super Battleship (U) [!].bin', que se queda en MD/
MOVIDO	emu/ROMS/MD/Super Fantasy Zone (E) [!].zip	emu/EXTRAS/MD-duplicados/Super Fantasy Zone (E) [!].zip	mismo SHA-1 que 'Super Fantasy Zone (E) [!].bin', que se queda en MD/
MOVIDO	emu/ROMS/MD/Super Hang-On (REV 01) (JUE) [!].zip	emu/EXTRAS/MD-duplicados/Super Hang-On (REV 01) (JUE) [!].zip	mismo SHA-1 que 'Super Hang-On (W) (REV01) [!].bin', que se queda en MD/
MOVIDO	emu/ROMS/MD/Super High Impact (EU) [!].zip	emu/EXTRAS/MD-duplicados/Super High Impact (EU) [!].zip	mismo SHA-1 que 'Super High Impact (UE) [!].bin', que se queda en MD/
MOVIDO	emu/ROMS/MD/Super Kick Off (JUE) [c][!].zip	emu/EXTRAS/MD-duplicados/Super Kick Off (JUE) [c][!].zip	mismo SHA-1 que 'Super Kick Off (E) [c][!].bin', que se queda en MD/
MOVIDO	emu/ROMS/MD/Super Monaco Grand Prix (REV 03) (U) [!].zip	emu/EXTRAS/MD-duplicados/Super Monaco Grand Prix (REV 03) (U) [!].zip	mismo SHA-1 que 'Super Monaco Grand Prix (U) (M2) (REV03) [!].bin', que se queda en MD/
MOVIDO	emu/ROMS/MD/Super Offroad (U) [!].zip	emu/EXTRAS/MD-duplicados/Super Offroad (U) [!].zip	mismo SHA-1 que 'Super Off Road (U) [!].bin', que se queda en MD/
MOVIDO	emu/ROMS/MD/Super Real Basketball (Europe).zip	emu/EXTRAS/MD-duplicados/Super Real Basketball (Europe).zip	mismo SHA-1 que 'Super Real Basketball (E) [c][!].bin', que se queda en MD/
MOVIDO	emu/ROMS/MD/Super Skidmarks (Europe) (J-Cart).zip	emu/EXTRAS/MD-duplicados/Super Skidmarks (Europe) (J-Cart).zip	mismo SHA-1 que 'Super Skidmarks (E) (J-Cart) [!].bin', que se queda en MD/
MOVIDO	emu/ROMS/MD/Super Thunder Blade (U) [!].zip	emu/EXTRAS/MD-duplicados/Super Thunder Blade (U) [!].zip	mismo SHA-1 que 'Super Thunder Blade (W) (REV01) [!].bin', que se queda en MD/
MOVIDO	emu/ROMS/MD/Surging Aura (J) [!].zip	emu/EXTRAS/MD-duplicados/Surging Aura (J) [!].zip	mismo SHA-1 que 'Surging Aura (J) [!].bin', que se queda en MD/
MOVIDO	emu/ROMS/MD/Sword of Sodan (U) [!].zip	emu/EXTRAS/MD-duplicados/Sword of Sodan (U) [!].zip	mismo SHA-1 que 'Sword of Sodan (UE) [!].bin', que se queda en MD/
MOVIDO	emu/ROMS/MD/Sword of Vermilion (U) [!].zip	emu/EXTRAS/MD-duplicados/Sword of Vermilion (U) [!].zip	mismo SHA-1 que 'Sword of Vermilion (UE) [!].bin', que se queda en MD/
MOVIDO	emu/ROMS/MD/Valis Syd (U) [!].zip	emu/EXTRAS/MD-duplicados/Valis Syd (U) [!].zip	mismo SHA-1 que 'Syd of Valis (U) [!].bin', que se queda en MD/
MOVIDO	emu/ROMS/MD/Sylvester and Tweety in Cagey Capers (UEJ) [!].zip	emu/EXTRAS/MD-duplicados/Sylvester and Tweety in Cagey Capers (UEJ) [!].zip	mismo SHA-1 que 'Sylvester & Tweety in Cagey Capers (UE) [!].bin', que se queda en MD/
MOVIDO	emu/ROMS/MD/Syndicate (JUE) [!].zip	emu/EXTRAS/MD-duplicados/Syndicate (JUE) [!].zip	mismo SHA-1 que 'Syndicate (UE) [!].bin', que se queda en MD/
MOVIDO	emu/ROMS/MD/Terminator 2 - The Arcade Game (JUE) [!].zip	emu/EXTRAS/MD-duplicados/Terminator 2 - The Arcade Game (JUE) [!].zip	mismo SHA-1 que 'T2 - The Arcade Game (UE) (REV01) [!].bin', que se queda en MD/
MOVIDO	emu/ROMS/MD/TAZ Mania (U) [!].zip	emu/EXTRAS/MD-duplicados/TAZ Mania (U) [!].zip	mismo SHA-1 que 'Taz-Mania (W) [!].bin', que se queda en MD/
MOVIDO	emu/ROMS/MD/TNN Bass Tournament of Champions (U) [!].zip	emu/EXTRAS/MD-duplicados/TNN Bass Tournament of Champions (U) [!].zip	mismo SHA-1 que 'TNN Bass Tournament of Champions (U) (REV01) [!].bin', que se queda en MD/
MOVIDO	emu/ROMS/MD/TNN Outdoors Bass Tournament 96 (4) [!].zip	emu/EXTRAS/MD-duplicados/TNN Outdoors Bass Tournament 96 (4) [!].zip	mismo SHA-1 que 'TNN Outdoors Bass Tournament '96 (U) [!].bin', que se queda en MD/
MOVIDO	emu/ROMS/MD/Tale Spin (U) [!].zip	emu/EXTRAS/MD-duplicados/Tale Spin (U) [!].zip	mismo SHA-1 que 'Tale Spin (UE) [!].bin', que se queda en MD/
MOVIDO	emu/ROMS/MD/Talmit_s Adventure (E).zip	emu/EXTRAS/MD-duplicados/Talmit_s Adventure (E).zip	mismo SHA-1 que 'Talmit's Adventure (E) [!].bin', que se queda en MD/
MOVIDO	emu/ROMS/MD/Task Force Harrier EX (U) [!].zip	emu/EXTRAS/MD-duplicados/Task Force Harrier EX (U) [!].zip	mismo SHA-1 que 'Task Force Harrier EX (U) [!].bin', que se queda en MD/
MOVIDO	emu/ROMS/MD/Team USA Basketball (U) [c][!].zip	emu/EXTRAS/MD-duplicados/Team USA Basketball (U) [c][!].zip	mismo SHA-1 que 'Team USA Basketball (UE) [c][!].bin', que se queda en MD/
MOVIDO	emu/ROMS/MD/Techno Clash (UEJ) [!].zip	emu/EXTRAS/MD-duplicados/Techno Clash (UEJ) [!].zip	mismo SHA-1 que 'Techno Clash (UE) [!].bin', que se queda en MD/
MOVIDO	emu/ROMS/MD/Technocop (U) [!].zip	emu/EXTRAS/MD-duplicados/Technocop (U) [!].zip	mismo SHA-1 que 'Technocop (U) [!].bin', que se queda en MD/
MOVIDO	emu/ROMS/MD/Tecmo Super Baseball (U) [!].zip	emu/EXTRAS/MD-duplicados/Tecmo Super Baseball (U) [!].zip	mismo SHA-1 que 'Tecmo Super Baseball (U) [!].bin', que se queda en MD/
MOVIDO	emu/ROMS/MD/Tecmo Super Bowl (Oct 1993) (U) [!].zip	emu/EXTRAS/MD-duplicados/Tecmo Super Bowl (Oct 1993) (U) [!].zip	mismo SHA-1 que 'Tecmo Super Bowl (U) (Oct 1993) [!].bin', que se queda en MD/
MOVIDO	emu/ROMS/MD/Tecmo Super Bowl 2 (F) [!].zip	emu/EXTRAS/MD-duplicados/Tecmo Super Bowl 2 (F) [!].zip	mismo SHA-1 que 'Tecmo Super Bowl II SE (U) [!].bin', que se queda en MD/
MOVIDO	emu/ROMS/MD/Tecmo Super Bowl 3 Final Edition (F) [!].zip	emu/EXTRAS/MD-duplicados/Tecmo Super Bowl 3 Final Edition (F) [!].zip	mismo SHA-1 que 'Tecmo Super Bowl III Final Edition (U) [!].bin', que se queda en MD/
MOVIDO	emu/ROMS/MD/Tecmo Super Hockey (U) [!].zip	emu/EXTRAS/MD-duplicados/Tecmo Super Hockey (U) [!].zip	mismo SHA-1 que 'Tecmo Super Hockey (U) [!].bin', que se queda en MD/
MOVIDO	emu/ROMS/MD/Tecmo Super NBA Basketball (U) [!].zip	emu/EXTRAS/MD-duplicados/Tecmo Super NBA Basketball (U) [!].zip	mismo SHA-1 que 'Tecmo Super NBA Basketball (U) [!].bin', que se queda en MD/
MOVIDO	emu/ROMS/MD/Tecmo World Cup 92 (JU) [!].zip	emu/EXTRAS/MD-duplicados/Tecmo World Cup 92 (JU) [!].zip	mismo SHA-1 que 'Tecmo World Cup '92 (J) [!].bin', que se queda en MD/
MOVIDO	emu/ROMS/MD/Tecmo World Cup 93 (JU) [!].zip	emu/EXTRAS/MD-duplicados/Tecmo World Cup 93 (JU) [!].zip	mismo SHA-1 que 'Tecmo World Cup '93 (U) [!].bin', que se queda en MD/
MOVIDO	emu/ROMS/MD/Terminator 2 - Judgement Day (JUE) [!].zip	emu/EXTRAS/MD-duplicados/Terminator 2 - Judgement Day (JUE) [!].zip	mismo SHA-1 que 'Terminator 2 - Judgment Day (UE) [!].bin', que se queda en MD/
MOVIDO	emu/ROMS/MD/Test Drive 2 - The Duel (U) [!].zip	emu/EXTRAS/MD-duplicados/Test Drive 2 - The Duel (U) [!].zip	mismo SHA-1 que 'Test Drive II - The Duel (U) [!].bin', que se queda en MD/
MOVIDO	emu/ROMS/MD/Tetris (Japan).zip	emu/EXTRAS/MD-duplicados/Tetris (Japan).zip	mismo SHA-1 que 'Tetris (J) [!].bin', que se queda en MD/
MOVIDO	emu/ROMS/MD/Tetris.zip	emu/EXTRAS/MD-duplicados/Tetris.zip	mismo SHA-1 que 'Tetris (J) [!].bin', que se queda en MD/
MOVIDO	emu/ROMS/MD/Theme Park (F) [!].zip	emu/EXTRAS/MD-duplicados/Theme Park (F) [!].zip	mismo SHA-1 que 'Theme Park (UE) [!].bin', que se queda en MD/
MOVIDO	emu/ROMS/MD/Thomas the Tank Engine and Friends (U) [c][!].zip	emu/EXTRAS/MD-duplicados/Thomas the Tank Engine and Friends (U) [c][!].zip	mismo SHA-1 que 'Thomas the Tank Engine & Friends (U) [c][!].bin', que se queda en MD/
MOVIDO	emu/ROMS/MD/Thunder Force 2 (U) [!].zip	emu/EXTRAS/MD-duplicados/Thunder Force 2 (U) [!].zip	mismo SHA-1 que 'Thunder Force II (U) [!].bin', que se queda en MD/
MOVIDO	emu/ROMS/MD/Thunder Force 3 (JU) [!].zip	emu/EXTRAS/MD-duplicados/Thunder Force 3 (JU) [!].zip	mismo SHA-1 que 'Thunder Force III (JU) [!].bin', que se queda en MD/
MOVIDO	emu/ROMS/MD/Thunder Force 4 (E) [c][!].zip	emu/EXTRAS/MD-duplicados/Thunder Force 4 (E) [c][!].zip	mismo SHA-1 que 'Thunder Force IV (E) [c][!].bin', que se queda en MD/
MOVIDO	emu/ROMS/MD/Thunder Fox (U) [c][!].zip	emu/EXTRAS/MD-duplicados/Thunder Fox (U) [c][!].zip	mismo SHA-1 que 'Thunder Fox (U) [c][!].bin', que se queda en MD/
MOVIDO	emu/ROMS/MD/Tick, The (U) [!].zip	emu/EXTRAS/MD-duplicados/Tick, The (U) [!].zip	mismo SHA-1 que 'Tick, The (U) [!].bin', que se queda en MD/
MOVIDO	emu/ROMS/MD/Tinhead (U) [!].zip	emu/EXTRAS/MD-duplicados/Tinhead (U) [!].zip	mismo SHA-1 que 'Tinhead (U) [!].bin', que se queda en MD/
MOVIDO	emu/ROMS/MD/Tintin Au Tibet (E) [!].zip	emu/EXTRAS/MD-duplicados/Tintin Au Tibet (E) [!].zip	mismo SHA-1 que 'Tintin Au Tibet (E) (M6) [!].bin', que se queda en MD/
MOVIDO	emu/ROMS/MD/Todd_s Adventures in Slime World (U).zip	emu/EXTRAS/MD-duplicados/Todd_s Adventures in Slime World (U).zip	mismo SHA-1 que 'Todd's Adventures in Slime World (U) [!].bin', que se queda en MD/
MOVIDO	emu/ROMS/MD/Tom and Jerry - Frantic Antics (1994) (U) [!].zip	emu/EXTRAS/MD-duplicados/Tom and Jerry - Frantic Antics (1994) (U) [!].zip	mismo SHA-1 que 'Tom and Jerry - Frantic Antics (U) (1994) [!].bin', que se queda en MD/
MOVIDO	emu/ROMS/MD/Tommy Lasorda Baseball (JU) [!].zip	emu/EXTRAS/MD-duplicados/Tommy Lasorda Baseball (JU) [!].zip	mismo SHA-1 que 'Tommy Lasorda Baseball (U) [!].bin', que se queda en MD/
MOVIDO	emu/ROMS/MD/Tony La Russa 95 (UEJ) [!].zip	emu/EXTRAS/MD-duplicados/Tony La Russa 95 (UEJ) [!].zip	mismo SHA-1 que 'Tony La Russa Baseball 95 (U) [!].bin', que se queda en MD/
MOVIDO	emu/ROMS/MD/Tony La Russa Baseball (U) [!].zip	emu/EXTRAS/MD-duplicados/Tony La Russa Baseball (U) [!].zip	mismo SHA-1 que 'Tony La Russa Baseball (U) [!].bin', que se queda en MD/
MOVIDO	emu/ROMS/MD/Top Gear 2 (U) [!].zip	emu/EXTRAS/MD-duplicados/Top Gear 2 (U) [!].zip	mismo SHA-1 que 'Top Gear 2 (U) [!].bin', que se queda en MD/
MOVIDO	emu/ROMS/MD/Top Pro Golf (J).zip	emu/EXTRAS/MD-duplicados/Top Pro Golf (J).zip	mismo SHA-1 que 'Top Pro Golf (J) [!].bin', que se queda en MD/
MOVIDO	emu/ROMS/MD/Total Football (8) [!].zip	emu/EXTRAS/MD-duplicados/Total Football (8) [!].zip	mismo SHA-1 que 'Total Football (E) [!].bin', que se queda en MD/
MOVIDO	emu/ROMS/MD/Toughman Contest (UEJ) [!].zip	emu/EXTRAS/MD-duplicados/Toughman Contest (UEJ) [!].zip	mismo SHA-1 que 'Toughman Contest (UE) [!].bin', que se queda en MD/
MOVIDO	emu/ROMS/MD/Toxic Crusaders (U) [!].zip	emu/EXTRAS/MD-duplicados/Toxic Crusaders (U) [!].zip	mismo SHA-1 que 'Toxic Crusaders (U) [!].bin', que se queda en MD/
MOVIDO	emu/ROMS/MD/Toys (U).zip	emu/EXTRAS/MD-duplicados/Toys (U).zip	mismo SHA-1 que 'Toys (U) [!].bin', que se queda en MD/
MOVIDO	emu/ROMS/MD/Trampoline Terror! (U) [!].zip	emu/EXTRAS/MD-duplicados/Trampoline Terror! (U) [!].zip	mismo SHA-1 que 'Trampoline Terror! (U) [!].bin', que se queda en MD/
MOVIDO	emu/ROMS/MD/Traysia (U) [!].zip	emu/EXTRAS/MD-duplicados/Traysia (U) [!].zip	mismo SHA-1 que 'Traysia (U) [!].bin', que se queda en MD/
MOVIDO	emu/ROMS/MD/Triple Play 96 (F) [c][!].zip	emu/EXTRAS/MD-duplicados/Triple Play 96 (F) [c][!].zip	mismo SHA-1 que 'Triple Play '96 (U) [c][!].bin', que se queda en MD/
MOVIDO	emu/ROMS/MD/Triple Play Gold (4) [c][!].zip	emu/EXTRAS/MD-duplicados/Triple Play Gold (4) [c][!].zip	mismo SHA-1 que 'Triple Play Gold (U) [c][!].bin', que se queda en MD/
MOVIDO	emu/ROMS/MD/Trouble Shooter (U).zip	emu/EXTRAS/MD-duplicados/Trouble Shooter (U).zip	mismo SHA-1 que 'Trouble Shooter (U) [!].bin', que se queda en MD/
MOVIDO	emu/ROMS/MD/Troy Aikman NFL Football (U) [!].zip	emu/EXTRAS/MD-duplicados/Troy Aikman NFL Football (U) [!].zip	mismo SHA-1 que 'Troy Aikman NFL Football (U) [!].bin', que se queda en MD/
MOVIDO	emu/ROMS/MD/True Lies (F) [!].zip	emu/EXTRAS/MD-duplicados/True Lies (F) [!].zip	mismo SHA-1 que 'True Lies (W) [!].bin', que se queda en MD/
MOVIDO	emu/ROMS/MD/Truxton (JU) [!].zip	emu/EXTRAS/MD-duplicados/Truxton (JU) [!].zip	mismo SHA-1 que 'Truxton (W) [!].bin', que se queda en MD/
MOVIDO	emu/ROMS/MD/Turbo Outrun (JUE) [c][!].zip	emu/EXTRAS/MD-duplicados/Turbo Outrun (JUE) [c][!].zip	mismo SHA-1 que 'Turbo Outrun (JE) [c][!].bin', que se queda en MD/
MOVIDO	emu/ROMS/MD/Turrican (U) [c][!].zip	emu/EXTRAS/MD-duplicados/Turrican (U) [c][!].zip	mismo SHA-1 que 'Turrican (U) [c][!].bin', que se queda en MD/
MOVIDO	emu/ROMS/MD/Twin Cobra (U) [!].zip	emu/EXTRAS/MD-duplicados/Twin Cobra (U) [!].zip	mismo SHA-1 que 'Twin Cobra (U) [!].bin', que se queda en MD/
MOVIDO	emu/ROMS/MD/Twin Hawk (J) [!].zip	emu/EXTRAS/MD-duplicados/Twin Hawk (J) [!].zip	mismo SHA-1 que 'Twin Hawk (JE) [!].bin', que se queda en MD/
MOVIDO	emu/ROMS/MD/Twinkle Tale (J).zip	emu/EXTRAS/MD-duplicados/Twinkle Tale (J).zip	mismo SHA-1 que 'Twinkle Tale (J) [!].bin', que se queda en MD/
MOVIDO	emu/ROMS/MD/Ultimate Qix (JUE) [!].zip	emu/EXTRAS/MD-duplicados/Ultimate Qix (JUE) [!].zip	mismo SHA-1 que 'Ultimate Qix (U) [!].bin', que se queda en MD/
MOVIDO	emu/ROMS/MD/Ultimate Soccer (E) [!].zip	emu/EXTRAS/MD-duplicados/Ultimate Soccer (E) [!].zip	mismo SHA-1 que 'Ultimate Soccer (E) [!].bin', que se queda en MD/
MOVIDO	emu/ROMS/MD/Ultraman (J).zip	emu/EXTRAS/MD-duplicados/Ultraman (J).zip	mismo SHA-1 que 'Ultraman (J) [!].bin', que se queda en MD/
MOVIDO	emu/ROMS/MD/Uncharted Waters (U) [!].zip	emu/EXTRAS/MD-duplicados/Uncharted Waters (U) [!].zip	mismo SHA-1 que 'Uncharted Waters (U) [!].bin', que se queda en MD/
MOVIDO	emu/ROMS/MD/Undead Line (J) [!].zip	emu/EXTRAS/MD-duplicados/Undead Line (J) [!].zip	mismo SHA-1 que 'Undead Line (J) [!].bin', que se queda en MD/
MOVIDO	emu/ROMS/MD/Universal Solder (U) [!].zip	emu/EXTRAS/MD-duplicados/Universal Solder (U) [!].zip	mismo SHA-1 que 'Universal Soldier (U) [!].bin', que se queda en MD/
MOVIDO	emu/ROMS/MD/Unnecessary Roughness 95 (JUE) [!].zip	emu/EXTRAS/MD-duplicados/Unnecessary Roughness 95 (JUE) [!].zip	mismo SHA-1 que 'Unnecessary Roughness 95 (U) [!].bin', que se queda en MD/
MOVIDO	emu/ROMS/MD/Urban Strike (UEJ) [!].zip	emu/EXTRAS/MD-duplicados/Urban Strike (UEJ) [!].zip	mismo SHA-1 que 'Urban Strike (UE) [!].bin', que se queda en MD/
MOVIDO	emu/ROMS/MD/VR Troopers (C) [!].zip	emu/EXTRAS/MD-duplicados/VR Troopers (C) [!].zip	mismo SHA-1 que 'VR Troopers (UE) [!].bin', que se queda en MD/
MOVIDO	emu/ROMS/MD/Valis - The Fantasm Soldier (U) [!].zip	emu/EXTRAS/MD-duplicados/Valis - The Fantasm Soldier (U) [!].zip	mismo SHA-1 que 'Valis (U) [!].bin', que se queda en MD/
MOVIDO	emu/ROMS/MD/Valis 3 (U) [!].zip	emu/EXTRAS/MD-duplicados/Valis 3 (U) [!].zip	mismo SHA-1 que 'Valis III (U) [!].bin', que se queda en MD/
MOVIDO	emu/ROMS/MD/Vapor Trail (U) [!].zip	emu/EXTRAS/MD-duplicados/Vapor Trail (U) [!].zip	mismo SHA-1 que 'Vapor Trail (U) [!].bin', que se queda en MD/
MOVIDO	emu/ROMS/MD/Vectorman (F) [!].zip	emu/EXTRAS/MD-duplicados/Vectorman (F) [!].zip	mismo SHA-1 que 'Vectorman (UE) [!].bin', que se queda en MD/
MOVIDO	emu/ROMS/MD/Vectorman 2 (F) [!].zip	emu/EXTRAS/MD-duplicados/Vectorman 2 (F) [!].zip	mismo SHA-1 que 'Vectorman 2 (U) [!].bin', que se queda en MD/
MOVIDO	emu/ROMS/MD/Verytex (J) [c][!].zip	emu/EXTRAS/MD-duplicados/Verytex (J) [c][!].zip	mismo SHA-1 que 'Verytex (J) [c][!].bin', que se queda en MD/
MOVIDO	emu/ROMS/MD/Viewpoint (U) [!].zip	emu/EXTRAS/MD-duplicados/Viewpoint (U) [!].zip	mismo SHA-1 que 'Viewpoint (U) [!].bin', que se queda en MD/
MOVIDO	emu/ROMS/MD/Virtua Fighter 2 (F) [!].zip	emu/EXTRAS/MD-duplicados/Virtua Fighter 2 (F) [!].zip	mismo SHA-1 que 'Virtua Fighter 2 (UE) [!].bin', que se queda en MD/
MOVIDO	emu/ROMS/MD/Virtual Pinball (UEJ) [!].zip	emu/EXTRAS/MD-duplicados/Virtual Pinball (UEJ) [!].zip	mismo SHA-1 que 'Virtual Pinball (UE) [!].bin', que se queda en MD/
MOVIDO	emu/ROMS/MD/Vixen 357 (J).zip	emu/EXTRAS/MD-duplicados/Vixen 357 (J).zip	mismo SHA-1 que 'Vixen 357 (J) [!].bin', que se queda en MD/
MOVIDO	emu/ROMS/MD/WWF RAW (JUE) [!].zip	emu/EXTRAS/MD-duplicados/WWF RAW (JUE) [!].zip	mismo SHA-1 que 'WWF RAW (W) [!].bin', que se queda en MD/
MOVIDO	emu/ROMS/MD/WWF Royal Rumble (JUE) [!].zip	emu/EXTRAS/MD-duplicados/WWF Royal Rumble (JUE) [!].zip	mismo SHA-1 que 'WWF Royal Rumble (W) [!].bin', que se queda en MD/
MOVIDO	emu/ROMS/MD/WWF Super Wrestlemania (JUE) [!].zip	emu/EXTRAS/MD-duplicados/WWF Super Wrestlemania (JUE) [!].zip	mismo SHA-1 que 'WWF Super Wrestlemania (UE) [!].bin', que se queda en MD/
MOVIDO	emu/ROMS/MD/WWF Wrestlemania Arcade (Aug 1995) (F) [!].zip	emu/EXTRAS/MD-duplicados/WWF Wrestlemania Arcade (Aug 1995) (F) [!].zip	mismo SHA-1 que 'WWF Wrestlemania Arcade (U) [!].bin', que se queda en MD/
MOVIDO	emu/ROMS/MD/Wacky Races (beta).zip	emu/EXTRAS/MD-duplicados/Wacky Races (beta).zip	mismo SHA-1 que 'Wacky Races (Beta).bin', que se queda en MD/
MOVIDO	emu/ROMS/MD/Wacky Worlds (UEJ) [!].zip	emu/EXTRAS/MD-duplicados/Wacky Worlds (UEJ) [!].zip	mismo SHA-1 que 'Wacky Worlds (U) [!].bin', que se queda en MD/
MOVIDO	emu/ROMS/MD/Wardner (U) [!].zip	emu/EXTRAS/MD-duplicados/Wardner (U) [!].zip	mismo SHA-1 que 'Wardner (U) [!].bin', que se queda en MD/
MOVIDO	emu/ROMS/MD/Warlock (JUE) [!].zip	emu/EXTRAS/MD-duplicados/Warlock (JUE) [!].zip	mismo SHA-1 que 'Warlock (UE) [!].bin', que se queda en MD/
MOVIDO	emu/ROMS/MD/Warpspeed (JUE) [!].zip	emu/EXTRAS/MD-duplicados/Warpspeed (JUE) [!].zip	mismo SHA-1 que 'Warpspeed (U) [!].bin', que se queda en MD/
MOVIDO	emu/ROMS/MD/Warrior of Rome (U) [!].zip	emu/EXTRAS/MD-duplicados/Warrior of Rome (U) [!].zip	mismo SHA-1 que 'Warrior of Rome (U) [!].bin', que se queda en MD/
MOVIDO	emu/ROMS/MD/Warrior of Rome 2 (A) [c][!].zip	emu/EXTRAS/MD-duplicados/Warrior of Rome 2 (A) [c][!].zip	mismo SHA-1 que 'Warrior of Rome II (U) [c][!].bin', que se queda en MD/
MOVIDO	emu/ROMS/MD/Warsong (U) [!].zip	emu/EXTRAS/MD-duplicados/Warsong (U) [!].zip	mismo SHA-1 que 'Warsong (U) [!].bin', que se queda en MD/
MOVIDO	emu/ROMS/MD/Waterworld (E).zip	emu/EXTRAS/MD-duplicados/Waterworld (E).zip	mismo SHA-1 que 'Waterworld (Beta).bin', que se queda en MD/
MOVIDO	emu/ROMS/MD/Wayne Gretzsky NHLPA All-Stars (C) [!].zip	emu/EXTRAS/MD-duplicados/Wayne Gretzsky NHLPA All-Stars (C) [!].zip	mismo SHA-1 que 'Wayne Gretzsky NHLPA All-Stars (UE) [!].bin', que se queda en MD/
MOVIDO	emu/ROMS/MD/We_re Back! - A Dinosaur_s Tale (U) [!].zip	emu/EXTRAS/MD-duplicados/We_re Back! - A Dinosaur_s Tale (U) [!].zip	mismo SHA-1 que 'We're Back! - A Dinosaur's Tale (U) [!].bin', que se queda en MD/
MOVIDO	emu/ROMS/MD/Weaponlord (4) [!].zip	emu/EXTRAS/MD-duplicados/Weaponlord (4) [!].zip	mismo SHA-1 que 'Weaponlord (U) [!].bin', que se queda en MD/
MOVIDO	emu/ROMS/MD/Wheel of Fortune (U) [!].zip	emu/EXTRAS/MD-duplicados/Wheel of Fortune (U) [!].zip	mismo SHA-1 que 'Wheel of Fortune (U) [!].bin', que se queda en MD/
MOVIDO	emu/ROMS/MD/Where in Time is Carmen Sandiego (U) [!].zip	emu/EXTRAS/MD-duplicados/Where in Time is Carmen Sandiego (U) [!].zip	mismo SHA-1 que 'Where in Time is Carmen Sandiego (UE) (M5) [!].bin', que se queda en MD/
MOVIDO	emu/ROMS/MD/Where in the World is Carmen Sandiego (U).zip	emu/EXTRAS/MD-duplicados/Where in the World is Carmen Sandiego (U).zip	mismo SHA-1 que 'Where in the World is Carmen Sandiego (E) (M5).bin', que se queda en MD/
MOVIDO	emu/ROMS/MD/Whip Rush 2222 AD (U) [!].zip	emu/EXTRAS/MD-duplicados/Whip Rush 2222 AD (U) [!].zip	mismo SHA-1 que 'Whip Rush 2222 AD (U) [!].bin', que se queda en MD/
MOVIDO	emu/ROMS/MD/Wild Snake (U) (prototype) [!].zip	emu/EXTRAS/MD-duplicados/Wild Snake (U) (prototype) [!].zip	mismo SHA-1 que 'Wild Snake (U) (Prototype) [!].bin', que se queda en MD/
MOVIDO	emu/ROMS/MD/Williams Arcade_s Greatest Hits (F).zip	emu/EXTRAS/MD-duplicados/Williams Arcade_s Greatest Hits (F).zip	mismo SHA-1 que 'Williams Arcade's Greatest Hits (E).bin', que se queda en MD/
MOVIDO	emu/ROMS/MD/Winter Challenge (U) [!].zip	emu/EXTRAS/MD-duplicados/Winter Challenge (U) [!].zip	mismo SHA-1 que 'Winter Challenge (UE) [!].bin', que se queda en MD/
MOVIDO	emu/ROMS/MD/Wolf Child (U) [c][!].zip	emu/EXTRAS/MD-duplicados/Wolf Child (U) [c][!].zip	mismo SHA-1 que 'Wolf Child (U) [c][!].bin', que se queda en MD/
MOVIDO	emu/ROMS/MD/Wolverine Adamantium Rage (JUE) [!].zip	emu/EXTRAS/MD-duplicados/Wolverine Adamantium Rage (JUE) [!].zip	mismo SHA-1 que 'Wolverine Adamantium Rage (UE) [!].bin', que se queda en MD/
MOVIDO	emu/ROMS/MD/Wonderboy 3 - Monster Lair (JUE) [c][!].zip	emu/EXTRAS/MD-duplicados/Wonderboy 3 - Monster Lair (JUE) [c][!].zip	mismo SHA-1 que 'Wonder Boy III - Monster Lair (JE) [c][!].bin', que se queda en MD/
MOVIDO	emu/ROMS/MD/Wonderboy 5 (MonsterWorld 3) (UE) [!].zip	emu/EXTRAS/MD-duplicados/Wonderboy 5 (MonsterWorld 3) (UE) [!].zip	mismo SHA-1 que 'Wonder Boy in Monster World (UE) [!].bin', que se queda en MD/
MOVIDO	emu/ROMS/MD/Wonder Library (J) [!].zip	emu/EXTRAS/MD-duplicados/Wonder Library (J) [!].zip	mismo SHA-1 que 'Wonder Library (J) [!].bin', que se queda en MD/
MOVIDO	emu/ROMS/MD/World Championship Soccer 2 (U) [!].zip	emu/EXTRAS/MD-duplicados/World Championship Soccer 2 (U) [!].zip	mismo SHA-1 que 'World Championship Soccer II (U) [!].bin', que se queda en MD/
MOVIDO	emu/ROMS/MD/World Cup Italia 90 (E) [!].zip	emu/EXTRAS/MD-duplicados/World Cup Italia 90 (E) [!].zip	mismo SHA-1 que 'World Cup Italia 90 (E) [!].bin', que se queda en MD/
MOVIDO	emu/ROMS/MD/World Cup USA 94 (UE) [!].zip	emu/EXTRAS/MD-duplicados/World Cup USA 94 (UE) [!].zip	mismo SHA-1 que 'World Cup USA 94 (UE) [!].bin', que se queda en MD/
MOVIDO	emu/ROMS/MD/World Heroes (U) [!].zip	emu/EXTRAS/MD-duplicados/World Heroes (U) [!].zip	mismo SHA-1 que 'World Heroes (U) [!].bin', que se queda en MD/
MOVIDO	emu/ROMS/MD/World Series Baseball 95 (U) [!].zip	emu/EXTRAS/MD-duplicados/World Series Baseball 95 (U) [!].zip	mismo SHA-1 que 'World Series Baseball '95 (U) [!].bin', que se queda en MD/
MOVIDO	emu/ROMS/MD/World Series Baseball 96 (F) [!].zip	emu/EXTRAS/MD-duplicados/World Series Baseball 96 (F) [!].zip	mismo SHA-1 que 'World Series Baseball '96 (U) [!].bin', que se queda en MD/
MOVIDO	emu/ROMS/MD/World Series Baseball 98 (F) [!].zip	emu/EXTRAS/MD-duplicados/World Series Baseball 98 (F) [!].zip	mismo SHA-1 que 'World Series Baseball '98 (U) [!].bin', que se queda en MD/
MOVIDO	emu/ROMS/MD/World Series Baseball (U) [!].zip	emu/EXTRAS/MD-duplicados/World Series Baseball (U) [!].zip	mismo SHA-1 que 'World Series Baseball (U) [!].bin', que se queda en MD/
MOVIDO	emu/ROMS/MD/Worms (8) [!].zip	emu/EXTRAS/MD-duplicados/Worms (8) [!].zip	mismo SHA-1 que 'Worms (E) [!].bin', que se queda en MD/
MOVIDO	emu/ROMS/MD/Wrestle War (J) [c][!].zip	emu/EXTRAS/MD-duplicados/Wrestle War (J) [c][!].zip	mismo SHA-1 que 'Wrestle War (JE) [c][!].bin', que se queda en MD/
MOVIDO	emu/ROMS/MD/X Dazedly Ray (J) [!].zip	emu/EXTRAS/MD-duplicados/X Dazedly Ray (J) [!].zip	mismo SHA-1 que 'X Dazedly Ray (J) [!].bin', que se queda en MD/
MOVIDO	emu/ROMS/MD/X-Men 2 - Clone Wars (JEU) [!].zip	emu/EXTRAS/MD-duplicados/X-Men 2 - Clone Wars (JEU) [!].zip	mismo SHA-1 que 'X-Men 2 - Clone Wars (UE) [!].bin', que se queda en MD/
MOVIDO	emu/ROMS/MD/X-perts (C) [!].zip	emu/EXTRAS/MD-duplicados/X-perts (C) [!].zip	mismo SHA-1 que 'X-perts (U) [!].bin', que se queda en MD/
MOVIDO	emu/ROMS/MD/Xenon 2 Megablast (E) [c][!].zip	emu/EXTRAS/MD-duplicados/Xenon 2 Megablast (E) [c][!].zip	mismo SHA-1 que 'Xenon 2 - Megablast (E) [c][!].bin', que se queda en MD/
MOVIDO	emu/ROMS/MD/Yogi Bear_s Cartoon Capers (E) [!].zip	emu/EXTRAS/MD-duplicados/Yogi Bear_s Cartoon Capers (E) [!].zip	mismo SHA-1 que 'Yogi Bear's Cartoon Capers (E) [!].bin', que se queda en MD/
MOVIDO	emu/ROMS/MD/Young Indiana Jones - Instrument of Chaos (U) [!].zip	emu/EXTRAS/MD-duplicados/Young Indiana Jones - Instrument of Chaos (U) [!].zip	mismo SHA-1 que 'Young Indiana Jones - Instrument of Chaos (U) [!].bin', que se queda en MD/
MOVIDO	emu/ROMS/MD/Young Indiana Jones Chronicles (U).zip	emu/EXTRAS/MD-duplicados/Young Indiana Jones Chronicles (U).zip	mismo SHA-1 que 'Young Indiana Jones Chronicles (Beta).bin', que se queda en MD/
MOVIDO	emu/ROMS/MD/Ys 3 - Wanderer from Ys (U) [!].zip	emu/EXTRAS/MD-duplicados/Ys 3 - Wanderer from Ys (U) [!].zip	mismo SHA-1 que 'Ys III - Wanderers from Ys (U) [!].bin', que se queda en MD/
MOVIDO	emu/ROMS/MD/Zero Tolerance (JUE) [!].zip	emu/EXTRAS/MD-duplicados/Zero Tolerance (JUE) [!].zip	mismo SHA-1 que 'Zero Tolerance (UE) [!].bin', que se queda en MD/
MOVIDO	emu/ROMS/MD/Zero Wing (E) [!].zip	emu/EXTRAS/MD-duplicados/Zero Wing (E) [!].zip	mismo SHA-1 que 'Zero Wing (E) [c][!].bin', que se queda en MD/
MOVIDO	emu/ROMS/MD/Zombies (E) [!].zip	emu/EXTRAS/MD-duplicados/Zombies (E) [!].zip	mismo SHA-1 que 'Zombies (E) [!].bin', que se queda en MD/
MOVIDO	emu/ROMS/MD/Zoom (JU) [!].zip	emu/EXTRAS/MD-duplicados/Zoom (JU) [!].zip	mismo SHA-1 que 'Zoom! (JU) [!].bin', que se queda en MD/
