accion	origen	destino	motivo
EXTRAIDO	emu/dos/007 - Goldfinger.zip	emu/ROMS/DOS/007 - Goldfinger/	juego de DOS descomprimido para la consola (seguro)
CREADO		emu/ROMS/DOS/007 - Goldfinger.conf	lanzador de dosbox_svn (seguro: GAME.COM)
MOVIDO	emu/dos/007 - Goldfinger.zip	emu/ORIGINALES/DOS/007 - Goldfinger.zip	original del juego, catalogado; la copia descomprimida está en emu/ROMS/DOS/007 - Goldfinger/
EXTRAIDO	emu/dos/1000 Miglia.zip	emu/ROMS/DOS/1000 Miglia/	juego de DOS descomprimido para la consola (dudoso)
CREADO		emu/ROMS/DOS/1000 Miglia.conf	lanzador de dosbox_svn (dudoso: 1000/RUNME.BAT)
MOVIDO	emu/dos/1000 Miglia.zip	emu/ORIGINALES/DOS/1000 Miglia.zip	original del juego, catalogado; la copia descomprimida está en emu/ROMS/DOS/1000 Miglia/
EXTRAIDO	emu/dos/1830 Railroads & Robber Barons.zip	emu/ROMS/DOS/1830 Railroads & Robber Barons/	juego de DOS descomprimido para la consola (seguro)
CREADO		emu/ROMS/DOS/1830 Railroads & Robber Barons.conf	lanzador de dosbox_svn (seguro: 1830/1830.EXE)
MOVIDO	emu/dos/1830 Railroads & Robber Barons.zip	emu/ORIGINALES/DOS/1830 Railroads & Robber Barons.zip	original del juego, catalogado; la copia descomprimida está en emu/ROMS/DOS/1830 Railroads & Robber Barons/
EXTRAIDO	emu/dos/1869.zip	emu/ROMS/DOS/1869/	juego de DOS descomprimido para la consola (seguro)
CREADO		emu/ROMS/DOS/1869.conf	lanzador de dosbox_svn (seguro: 1869.EXE)
MOVIDO	emu/dos/1869.zip	emu/ORIGINALES/DOS/1869.zip	original del juego, catalogado; la copia descomprimida está en emu/ROMS/DOS/1869/
EXTRAIDO	emu/dos/221B Baker Street.zip	emu/ROMS/DOS/221B Baker Street/	juego de DOS descomprimido para la consola (seguro)
CREADO		emu/ROMS/DOS/221B Baker Street.conf	lanzador de dosbox_svn (seguro: 221.EXE)
MOVIDO	emu/dos/221B Baker Street.zip	emu/ORIGINALES/DOS/221B Baker Street.zip	original del juego, catalogado; la copia descomprimida está en emu/ROMS/DOS/221B Baker Street/
EXTRAIDO	emu/dos/2400 a.d..zip	emu/ROMS/DOS/2400 a.d/	juego de DOS descomprimido para la consola (seguro)
CREADO		emu/ROMS/DOS/2400 a.d.conf	lanzador de dosbox_svn (seguro: 2400AD.COM)
MOVIDO	emu/dos/2400 a.d..zip	emu/ORIGINALES/DOS/2400 a.d..zip	original del juego, catalogado; la copia descomprimida está en emu/ROMS/DOS/2400 a.d/
EXTRAIDO	emu/dos/3D Pool.zip	emu/ROMS/DOS/3D Pool/	juego de DOS descomprimido para la consola (seguro)
CREADO		emu/ROMS/DOS/3D Pool.conf	lanzador de dosbox_svn (seguro: pool.exe)
MOVIDO	emu/dos/3D Pool.zip	emu/ORIGINALES/DOS/3D Pool.zip	original del juego, catalogado; la copia descomprimida está en emu/ROMS/DOS/3D Pool/
EXTRAIDO	emu/dos/3D World Boxing.zip	emu/ROMS/DOS/3D World Boxing/	juego de DOS descomprimido para la consola (dudoso)
CREADO		emu/ROMS/DOS/3D World Boxing.conf	lanzador de dosbox_svn (dudoso: 3dbox/3DWB.BAT)
MOVIDO	emu/dos/3D World Boxing.zip	emu/ORIGINALES/DOS/3D World Boxing.zip	original del juego, catalogado; la copia descomprimida está en emu/ROMS/DOS/3D World Boxing/
EXTRAIDO	emu/dos/4th Protocol.zip	emu/ROMS/DOS/4th Protocol/	juego de DOS descomprimido para la consola (seguro)
CREADO		emu/ROMS/DOS/4th Protocol.conf	lanzador de dosbox_svn (seguro: PROTOCOL.COM)
MOVIDO	emu/dos/4th Protocol.zip	emu/ORIGINALES/DOS/4th Protocol.zip	original del juego, catalogado; la copia descomprimida está en emu/ROMS/DOS/4th Protocol/
EXTRAIDO	emu/dos/4th and inches.zip	emu/ROMS/DOS/4th and inches/	juego de DOS descomprimido para la consola (seguro)
CREADO		emu/ROMS/DOS/4th and inches.conf	lanzador de dosbox_svn (seguro: 4TH.EXE)
MOVIDO	emu/dos/4th and inches.zip	emu/ORIGINALES/DOS/4th and inches.zip	original del juego, catalogado; la copia descomprimida está en emu/ROMS/DOS/4th and inches/
EXTRAIDO	emu/dos/4x4 Off-Road Racing.zip	emu/ROMS/DOS/4x4 Off-Road Racing/	juego de DOS descomprimido para la consola (dudoso)
CREADO		emu/ROMS/DOS/4x4 Off-Road Racing.conf	lanzador de dosbox_svn (dudoso: 4x4/4X4.EXE)
MOVIDO	emu/dos/4x4 Off-Road Racing.zip	emu/ORIGINALES/DOS/4x4 Off-Road Racing.zip	original del juego, catalogado; la copia descomprimida está en emu/ROMS/DOS/4x4 Off-Road Racing/
EXTRAIDO	emu/dos/7 Cities of Gold.zip	emu/ROMS/DOS/7 Cities of Gold/	juego de DOS descomprimido para la consola (dudoso)
CREADO		emu/ROMS/DOS/7 Cities of Gold.conf	lanzador de dosbox_svn (dudoso: 7cities/7CITIES.EXE)
MOVIDO	emu/dos/7 Cities of Gold.zip	emu/ORIGINALES/DOS/7 Cities of Gold.zip	original del juego, catalogado; la copia descomprimida está en emu/ROMS/DOS/7 Cities of Gold/
EXTRAIDO	emu/dos/7 Colors.zip	emu/ROMS/DOS/7 Colors/	juego de DOS descomprimido para la consola (seguro)
CREADO		emu/ROMS/DOS/7 Colors.conf	lanzador de dosbox_svn (seguro: 7COLORS.COM)
MOVIDO	emu/dos/7 Colors.zip	emu/ORIGINALES/DOS/7 Colors.zip	original del juego, catalogado; la copia descomprimida está en emu/ROMS/DOS/7 Colors/
EXTRAIDO	emu/dos/A-Train.zip	emu/ROMS/DOS/A-Train/	juego de DOS descomprimido para la consola (seguro)
CREADO		emu/ROMS/DOS/A-Train.conf	lanzador de dosbox_svn (seguro: atrain/AT.EXE)
MOVIDO	emu/dos/A-Train.zip	emu/ORIGINALES/DOS/A-Train.zip	original del juego, catalogado; la copia descomprimida está en emu/ROMS/DOS/A-Train/
EXTRAIDO	emu/dos/A320 Airbus.zip	emu/ROMS/DOS/A320 Airbus/	juego de DOS descomprimido para la consola (dudoso)
CREADO		emu/ROMS/DOS/A320 Airbus.conf	lanzador de dosbox_svn (dudoso: AIRBUS/A320.COM)
MOVIDO	emu/dos/A320 Airbus.zip	emu/ORIGINALES/DOS/A320 Airbus.zip	original del juego, catalogado; la copia descomprimida está en emu/ROMS/DOS/A320 Airbus/
EXTRAIDO	emu/dos/Abrams Battle Tank.zip	emu/ROMS/DOS/Abrams Battle Tank/	juego de DOS descomprimido para la consola (dudoso)
CREADO		emu/ROMS/DOS/Abrams Battle Tank.conf	lanzador de dosbox_svn (dudoso: RUNME.BAT)
MOVIDO	emu/dos/Abrams Battle Tank.zip	emu/ORIGINALES/DOS/Abrams Battle Tank.zip	original del juego, catalogado; la copia descomprimida está en emu/ROMS/DOS/Abrams Battle Tank/
EXTRAIDO	emu/dos/Absolute Pinball.zip	emu/ROMS/DOS/Absolute Pinball/	juego de DOS descomprimido para la consola (seguro)
CREADO		emu/ROMS/DOS/Absolute Pinball.conf	lanzador de dosbox_svn (seguro: ABSOLUTE/ABS.EXE)
MOVIDO	emu/dos/Absolute Pinball.zip	emu/ORIGINALES/DOS/Absolute Pinball.zip	original del juego, catalogado; la copia descomprimida está en emu/ROMS/DOS/Absolute Pinball/
EXTRAIDO	emu/dos/Abuse.zip	emu/ROMS/DOS/Abuse/	juego de DOS descomprimido para la consola (seguro)
CREADO		emu/ROMS/DOS/Abuse.conf	lanzador de dosbox_svn (seguro: ABUSE/ABUSE.EXE)
MOVIDO	emu/dos/Abuse.zip	emu/ORIGINALES/DOS/Abuse.zip	original del juego, catalogado; la copia descomprimida está en emu/ROMS/DOS/Abuse/
EXTRAIDO	emu/dos/Ace of Aces.zip	emu/ROMS/DOS/Ace of Aces/	juego de DOS descomprimido para la consola (seguro)
CREADO		emu/ROMS/DOS/Ace of Aces.conf	lanzador de dosbox_svn (seguro: aces/ACE.EXE)
MOVIDO	emu/dos/Ace of Aces.zip	emu/ORIGINALES/DOS/Ace of Aces.zip	original del juego, catalogado; la copia descomprimida está en emu/ROMS/DOS/Ace of Aces/
EXTRAIDO	emu/dos/Acheton.zip	emu/ROMS/DOS/Acheton/	juego de DOS descomprimido para la consola (seguro)
CREADO		emu/ROMS/DOS/Acheton.conf	lanzador de dosbox_svn (seguro: Acheton/ACHETON.COM)
MOVIDO	emu/dos/Acheton.zip	emu/ORIGINALES/DOS/Acheton.zip	original del juego, catalogado; la copia descomprimida está en emu/ROMS/DOS/Acheton/
EXTRAIDO	emu/dos/Action Fighter.zip	emu/ROMS/DOS/Action Fighter/	juego de DOS descomprimido para la consola (dudoso)
CREADO		emu/ROMS/DOS/Action Fighter.conf	lanzador de dosbox_svn (dudoso: ACT_EGA.EXE)
MOVIDO	emu/dos/Action Fighter.zip	emu/ORIGINALES/DOS/Action Fighter.zip	original del juego, catalogado; la copia descomprimida está en emu/ROMS/DOS/Action Fighter/
EXTRAIDO	emu/dos/Advanced Civilization.zip	emu/ROMS/DOS/Advanced Civilization/	juego de DOS descomprimido para la consola (dudoso)
CREADO		emu/ROMS/DOS/Advanced Civilization.conf	lanzador de dosbox_svn (dudoso: adcivi/AC_MAIN.EXE)
MOVIDO	emu/dos/Advanced Civilization.zip	emu/ORIGINALES/DOS/Advanced Civilization.zip	original del juego, catalogado; la copia descomprimida está en emu/ROMS/DOS/Advanced Civilization/
EXTRAIDO	emu/dos/African Raiders.zip	emu/ROMS/DOS/African Raiders/	juego de DOS descomprimido para la consola (seguro)
CREADO		emu/ROMS/DOS/African Raiders.conf	lanzador de dosbox_svn (seguro: LOADER.EXE)
MOVIDO	emu/dos/African Raiders.zip	emu/ORIGINALES/DOS/African Raiders.zip	original del juego, catalogado; la copia descomprimida está en emu/ROMS/DOS/African Raiders/
EXTRAIDO	emu/dos/After Burner.zip	emu/ROMS/DOS/After Burner/	juego de DOS descomprimido para la consola (seguro)
CREADO		emu/ROMS/DOS/After Burner.conf	lanzador de dosbox_svn (seguro: AB.EXE)
MOVIDO	emu/dos/After Burner.zip	emu/ORIGINALES/DOS/After Burner.zip	original del juego, catalogado; la copia descomprimida está en emu/ROMS/DOS/After Burner/
EXTRAIDO	emu/dos/Agent USA.zip	emu/ROMS/DOS/Agent USA/	juego de DOS descomprimido para la consola (dudoso)
CREADO		emu/ROMS/DOS/Agent USA.conf	lanzador de dosbox_svn (dudoso: agentusa/AGENTUSA.EXE)
MOVIDO	emu/dos/Agent USA.zip	emu/ORIGINALES/DOS/Agent USA.zip	original del juego, catalogado; la copia descomprimida está en emu/ROMS/DOS/Agent USA/
EXTRAIDO	emu/dos/Air Strike USA.zip	emu/ROMS/DOS/Air Strike USA/	juego de DOS descomprimido para la consola (dudoso)
CREADO		emu/ROMS/DOS/Air Strike USA.conf	lanzador de dosbox_svn (dudoso: USA1.EXE)
MOVIDO	emu/dos/Air Strike USA.zip	emu/ORIGINALES/DOS/Air Strike USA.zip	original del juego, catalogado; la copia descomprimida está en emu/ROMS/DOS/Air Strike USA/
EXTRAIDO	emu/dos/Airborne Ranger.zip	emu/ROMS/DOS/Airborne Ranger/	juego de DOS descomprimido para la consola (seguro)
CREADO		emu/ROMS/DOS/Airborne Ranger.conf	lanzador de dosbox_svn (seguro: AR.EXE)
MOVIDO	emu/dos/Airborne Ranger.zip	emu/ORIGINALES/DOS/Airborne Ranger.zip	original del juego, catalogado; la copia descomprimida está en emu/ROMS/DOS/Airborne Ranger/
EXTRAIDO	emu/dos/Airbucks.zip	emu/ROMS/DOS/Airbucks/	juego de DOS descomprimido para la consola (instalar)
CREADO		emu/ROMS/DOS/Airbucks.conf	lanzador de dosbox_svn (instalar: sin ejecutable)
MOVIDO	emu/dos/Airbucks.zip	emu/ORIGINALES/DOS/Airbucks.zip	original del juego, catalogado; la copia descomprimida está en emu/ROMS/DOS/Airbucks/
EXTRAIDO	emu/dos/Al Qadim - The Genie's Curse.zip	emu/ROMS/DOS/Al Qadim - The Genie's Curse/	juego de DOS descomprimido para la consola (dudoso)
CREADO		emu/ROMS/DOS/Al Qadim - The Genie's Curse.conf	lanzador de dosbox_svn (dudoso: Al-Qadim/GENIE.BAT)
MOVIDO	emu/dos/Al Qadim - The Genie's Curse.zip	emu/ORIGINALES/DOS/Al Qadim - The Genie's Curse.zip	original del juego, catalogado; la copia descomprimida está en emu/ROMS/DOS/Al Qadim - The Genie's Curse/
EXTRAIDO	emu/dos/Aladdin.zip	emu/ROMS/DOS/Aladdin/	juego de DOS descomprimido para la consola (seguro)
CREADO		emu/ROMS/DOS/Aladdin.conf	lanzador de dosbox_svn (seguro: ALADDIN.EXE)
MOVIDO	emu/dos/Aladdin.zip	emu/ORIGINALES/DOS/Aladdin.zip	original del juego, catalogado; la copia descomprimida está en emu/ROMS/DOS/Aladdin/
EXTRAIDO	emu/dos/Albion.zip	emu/ROMS/DOS/Albion/	juego de DOS descomprimido para la consola (dudoso)
CREADO		emu/ROMS/DOS/Albion.conf	lanzador de dosbox_svn (dudoso: Albion/ALBION.BAT)
MOVIDO	emu/dos/Albion.zip	emu/ORIGINALES/DOS/Albion.zip	original del juego, catalogado; la copia descomprimida está en emu/ROMS/DOS/Albion/
EXTRAIDO	emu/dos/Alcatraz.zip	emu/ROMS/DOS/Alcatraz/	juego de DOS descomprimido para la consola (seguro)
CREADO		emu/ROMS/DOS/Alcatraz.conf	lanzador de dosbox_svn (seguro: alcatraz/alcatraz.exe)
MOVIDO	emu/dos/Alcatraz.zip	emu/ORIGINALES/DOS/Alcatraz.zip	original del juego, catalogado; la copia descomprimida está en emu/ROMS/DOS/Alcatraz/
EXTRAIDO	emu/dos/Aleshar - World of Ice.zip	emu/ROMS/DOS/Aleshar - World of Ice/	juego de DOS descomprimido para la consola (seguro)
CREADO		emu/ROMS/DOS/Aleshar - World of Ice.conf	lanzador de dosbox_svn (seguro: aleshar/ALESHAR.EXE)
MOVIDO	emu/dos/Aleshar - World of Ice.zip	emu/ORIGINALES/DOS/Aleshar - World of Ice.zip	original del juego, catalogado; la copia descomprimida está en emu/ROMS/DOS/Aleshar - World of Ice/
EXTRAIDO	emu/dos/Alex Higgin's World Snooker.zip	emu/ROMS/DOS/Alex Higgin's World Snooker/	juego de DOS descomprimido para la consola (seguro)
CREADO		emu/ROMS/DOS/Alex Higgin's World Snooker.conf	lanzador de dosbox_svn (seguro: ahws/SNOOKER.EXE)
MOVIDO	emu/dos/Alex Higgin's World Snooker.zip	emu/ORIGINALES/DOS/Alex Higgin's World Snooker.zip	original del juego, catalogado; la copia descomprimida está en emu/ROMS/DOS/Alex Higgin's World Snooker/
EXTRAIDO	emu/dos/Aliants - The desperate battle for Earth.zip	emu/ROMS/DOS/Aliants - The desperate battle for Earth/	juego de DOS descomprimido para la consola (seguro)
CREADO		emu/ROMS/DOS/Aliants - The desperate battle for Earth.conf	lanzador de dosbox_svn (seguro: aliants/GO.BAT)
MOVIDO	emu/dos/Aliants - The desperate battle for Earth.zip	emu/ORIGINALES/DOS/Aliants - The desperate battle for Earth.zip	original del juego, catalogado; la copia descomprimida está en emu/ROMS/DOS/Aliants - The desperate battle for Earth/
EXTRAIDO	emu/dos/Alien Breed.zip	emu/ROMS/DOS/Alien Breed/	juego de DOS descomprimido para la consola (seguro)
CREADO		emu/ROMS/DOS/Alien Breed.conf	lanzador de dosbox_svn (seguro: alien/ALIEN.EXE)
MOVIDO	emu/dos/Alien Breed.zip	emu/ORIGINALES/DOS/Alien Breed.zip	original del juego, catalogado; la copia descomprimida está en emu/ROMS/DOS/Alien Breed/
EXTRAIDO	emu/dos/Alien Carnage - Halloween Harry.zip	emu/ROMS/DOS/Alien Carnage - Halloween Harry/	juego de DOS descomprimido para la consola (seguro)
CREADO		emu/ROMS/DOS/Alien Carnage - Halloween Harry.conf	lanzador de dosbox_svn (seguro: harry/CARNAGE.EXE)
MOVIDO	emu/dos/Alien Carnage - Halloween Harry.zip	emu/ORIGINALES/DOS/Alien Carnage - Halloween Harry.zip	original del juego, catalogado; la copia descomprimida está en emu/ROMS/DOS/Alien Carnage - Halloween Harry/
EXTRAIDO	emu/dos/Alien Incident.zip	emu/ROMS/DOS/Alien Incident/	juego de DOS descomprimido para la consola (dudoso)
CREADO		emu/ROMS/DOS/Alien Incident.conf	lanzador de dosbox_svn (dudoso: GAME.EXE)
MOVIDO	emu/dos/Alien Incident.zip	emu/ORIGINALES/DOS/Alien Incident.zip	original del juego, catalogado; la copia descomprimida está en emu/ROMS/DOS/Alien Incident/
EXTRAIDO	emu/dos/Alien Rampage.zip	emu/ROMS/DOS/Alien Rampage/	juego de DOS descomprimido para la consola (instalar)
CREADO		emu/ROMS/DOS/Alien Rampage.conf	lanzador de dosbox_svn (instalar: sin ejecutable)
MOVIDO	emu/dos/Alien Rampage.zip	emu/ORIGINALES/DOS/Alien Rampage.zip	original del juego, catalogado; la copia descomprimida está en emu/ROMS/DOS/Alien Rampage/
EXTRAIDO	emu/dos/Alien Syndrome.zip	emu/ROMS/DOS/Alien Syndrome/	juego de DOS descomprimido para la consola (seguro)
CREADO		emu/ROMS/DOS/Alien Syndrome.conf	lanzador de dosbox_svn (seguro: ALIEN.EXE)
MOVIDO	emu/dos/Alien Syndrome.zip	emu/ORIGINALES/DOS/Alien Syndrome.zip	original del juego, catalogado; la copia descomprimida está en emu/ROMS/DOS/Alien Syndrome/
EXTRAIDO	emu/dos/Alien Trilogy.zip	emu/ROMS/DOS/Alien Trilogy/	juego de DOS descomprimido para la consola (seguro)
CREADO		emu/ROMS/DOS/Alien Trilogy.conf	lanzador de dosbox_svn (seguro: TRILOGY.EXE)
MOVIDO	emu/dos/Alien Trilogy.zip	emu/ORIGINALES/DOS/Alien Trilogy.zip	original del juego, catalogado; la copia descomprimida está en emu/ROMS/DOS/Alien Trilogy/
EXTRAIDO	emu/dos/All dogs go to Heaven.zip	emu/ROMS/DOS/All dogs go to Heaven/	juego de DOS descomprimido para la consola (dudoso)
CREADO		emu/ROMS/DOS/All dogs go to Heaven.conf	lanzador de dosbox_svn (dudoso: Dogs/DOGSC.BAT)
MOVIDO	emu/dos/All dogs go to Heaven.zip	emu/ORIGINALES/DOS/All dogs go to Heaven.zip	original del juego, catalogado; la copia descomprimida está en emu/ROMS/DOS/All dogs go to Heaven/
EXTRAIDO	emu/dos/Alley Cat.zip	emu/ROMS/DOS/Alley Cat/	juego de DOS descomprimido para la consola (seguro)
CREADO		emu/ROMS/DOS/Alley Cat.conf	lanzador de dosbox_svn (seguro: CAT.EXE)
MOVIDO	emu/dos/Alley Cat.zip	emu/ORIGINALES/DOS/Alley Cat.zip	original del juego, catalogado; la copia descomprimida está en emu/ROMS/DOS/Alley Cat/
EXTRAIDO	emu/dos/Alone in the Dark 2.zip	emu/ROMS/DOS/Alone in the Dark 2/	juego de DOS descomprimido para la consola (dudoso)
CREADO		emu/ROMS/DOS/Alone in the Dark 2.conf	lanzador de dosbox_svn (dudoso: aitd2.bat)
MOVIDO	emu/dos/Alone in the Dark 2.zip	emu/ORIGINALES/DOS/Alone in the Dark 2.zip	original del juego, catalogado; la copia descomprimida está en emu/ROMS/DOS/Alone in the Dark 2/
EXTRAIDO	emu/dos/Alone in the Dark.zip	emu/ROMS/DOS/Alone in the Dark/	juego de DOS descomprimido para la consola (seguro)
CREADO		emu/ROMS/DOS/Alone in the Dark.conf	lanzador de dosbox_svn (seguro: alone/ALONECRK.COM)
MOVIDO	emu/dos/Alone in the Dark.zip	emu/ORIGINALES/DOS/Alone in the Dark.zip	original del juego, catalogado; la copia descomprimida está en emu/ROMS/DOS/Alone in the Dark/
EXTRAIDO	emu/dos/Alter Ego - Female.zip	emu/ROMS/DOS/Alter Ego - Female/	juego de DOS descomprimido para la consola (dudoso)
CREADO		emu/ROMS/DOS/Alter Ego - Female.conf	lanzador de dosbox_svn (dudoso: ALTEREGO.BAT)
MOVIDO	emu/dos/Alter Ego - Female.zip	emu/ORIGINALES/DOS/Alter Ego - Female.zip	original del juego, catalogado; la copia descomprimida está en emu/ROMS/DOS/Alter Ego - Female/
EXTRAIDO	emu/dos/Alter Ego - Male.zip	emu/ROMS/DOS/Alter Ego - Male/	juego de DOS descomprimido para la consola (seguro)
CREADO		emu/ROMS/DOS/Alter Ego - Male.conf	lanzador de dosbox_svn (seguro: ALTEREGO.BAT)
MOVIDO	emu/dos/Alter Ego - Male.zip	emu/ORIGINALES/DOS/Alter Ego - Male.zip	original del juego, catalogado; la copia descomprimida está en emu/ROMS/DOS/Alter Ego - Male/
EXTRAIDO	emu/dos/Altered Beast.zip	emu/ROMS/DOS/Altered Beast/	juego de DOS descomprimido para la consola (dudoso)
CREADO		emu/ROMS/DOS/Altered Beast.conf	lanzador de dosbox_svn (dudoso: BEAST.BAT)
MOVIDO	emu/dos/Altered Beast.zip	emu/ORIGINALES/DOS/Altered Beast.zip	original del juego, catalogado; la copia descomprimida está en emu/ROMS/DOS/Altered Beast/
EXTRAIDO	emu/dos/Altered Destiny.zip	emu/ROMS/DOS/Altered Destiny/	juego de DOS descomprimido para la consola (seguro)
CREADO		emu/ROMS/DOS/Altered Destiny.conf	lanzador de dosbox_svn (seguro: AD.BAT)
MOVIDO	emu/dos/Altered Destiny.zip	emu/ORIGINALES/DOS/Altered Destiny.zip	original del juego, catalogado; la copia descomprimida está en emu/ROMS/DOS/Altered Destiny/
EXTRAIDO	emu/dos/Alternate Reality - The City.zip	emu/ROMS/DOS/Alternate Reality - The City/	juego de DOS descomprimido para la consola (seguro)
CREADO		emu/ROMS/DOS/Alternate Reality - The City.conf	lanzador de dosbox_svn (seguro: altern/CITY.EXE)
MOVIDO	emu/dos/Alternate Reality - The City.zip	emu/ORIGINALES/DOS/Alternate Reality - The City.zip	original del juego, catalogado; la copia descomprimida está en emu/ROMS/DOS/Alternate Reality - The City/
EXTRAIDO	emu/dos/Amazing Learning Games With Rayman.zip	emu/ROMS/DOS/Amazing Learning Games With Rayman/	juego de DOS descomprimido para la consola (dudoso)
CREADO		emu/ROMS/DOS/Amazing Learning Games With Rayman.conf	lanzador de dosbox_svn (dudoso: RAYEDU/RAYDEMO.EXE)
MOVIDO	emu/dos/Amazing Learning Games With Rayman.zip	emu/ORIGINALES/DOS/Amazing Learning Games With Rayman.zip	original del juego, catalogado; la copia descomprimida está en emu/ROMS/DOS/Amazing Learning Games With Rayman/
EXTRAIDO	emu/dos/Amazon - Guardians of Eden.zip	emu/ROMS/DOS/Amazon - Guardians of Eden/	juego de DOS descomprimido para la consola (seguro)
CREADO		emu/ROMS/DOS/Amazon - Guardians of Eden.conf	lanzador de dosbox_svn (seguro: amazong/AMAZON.EXE)
MOVIDO	emu/dos/Amazon - Guardians of Eden.zip	emu/ORIGINALES/DOS/Amazon - Guardians of Eden.zip	original del juego, catalogado; la copia descomprimida está en emu/ROMS/DOS/Amazon - Guardians of Eden/
EXTRAIDO	emu/dos/Amazon.zip	emu/ROMS/DOS/Amazon/	juego de DOS descomprimido para la consola (seguro)
CREADO		emu/ROMS/DOS/Amazon.conf	lanzador de dosbox_svn (seguro: AMZ.EXE)
MOVIDO	emu/dos/Amazon.zip	emu/ORIGINALES/DOS/Amazon.zip	original del juego, catalogado; la copia descomprimida está en emu/ROMS/DOS/Amazon/
EXTRAIDO	emu/dos/American Gladiators.zip	emu/ROMS/DOS/American Gladiators/	juego de DOS descomprimido para la consola (seguro)
CREADO		emu/ROMS/DOS/American Gladiators.conf	lanzador de dosbox_svn (seguro: Glad/GLAD.EXE)
MOVIDO	emu/dos/American Gladiators.zip	emu/ORIGINALES/DOS/American Gladiators.zip	original del juego, catalogado; la copia descomprimida está en emu/ROMS/DOS/American Gladiators/
EXTRAIDO	emu/dos/Amnesia.zip	emu/ROMS/DOS/Amnesia/	juego de DOS descomprimido para la consola (seguro)
CREADO		emu/ROMS/DOS/Amnesia.conf	lanzador de dosbox_svn (seguro: AMNESIA.COM)
MOVIDO	emu/dos/Amnesia.zip	emu/ORIGINALES/DOS/Amnesia.zip	original del juego, catalogado; la copia descomprimida está en emu/ROMS/DOS/Amnesia/
EXTRAIDO	emu/dos/Amulets and Armor.zip	emu/ROMS/DOS/Amulets and Armor/	juego de DOS descomprimido para la consola (dudoso)
CREADO		emu/ROMS/DOS/Amulets and Armor.conf	lanzador de dosbox_svn (dudoso: AA.BAT)
MOVIDO	emu/dos/Amulets and Armor.zip	emu/ORIGINALES/DOS/Amulets and Armor.zip	original del juego, catalogado; la copia descomprimida está en emu/ROMS/DOS/Amulets and Armor/
EXTRAIDO	emu/dos/An American Tail - Fievel goes West.zip	emu/ROMS/DOS/An American Tail - Fievel goes West/	juego de DOS descomprimido para la consola (dudoso)
CREADO		emu/ROMS/DOS/An American Tail - Fievel goes West.conf	lanzador de dosbox_svn (dudoso: fievel/AMTAIL.EXE)
MOVIDO	emu/dos/An American Tail - Fievel goes West.zip	emu/ORIGINALES/DOS/An American Tail - Fievel goes West.zip	original del juego, catalogado; la copia descomprimida está en emu/ROMS/DOS/An American Tail - Fievel goes West/
EXTRAIDO	emu/dos/Ancient Domains of Mystery.zip	emu/ROMS/DOS/Ancient Domains of Mystery/	juego de DOS descomprimido para la consola (seguro)
CREADO		emu/ROMS/DOS/Ancient Domains of Mystery.conf	lanzador de dosbox_svn (seguro: ADOM/ADOM.EXE)
MOVIDO	emu/dos/Ancient Domains of Mystery.zip	emu/ORIGINALES/DOS/Ancient Domains of Mystery.zip	original del juego, catalogado; la copia descomprimida está en emu/ROMS/DOS/Ancient Domains of Mystery/
EXTRAIDO	emu/dos/Ancients II - Approaching Evil.zip	emu/ROMS/DOS/Ancients II - Approaching Evil/	juego de DOS descomprimido para la consola (seguro)
CREADO		emu/ROMS/DOS/Ancients II - Approaching Evil.conf	lanzador de dosbox_svn (seguro: Go.exe)
MOVIDO	emu/dos/Ancients II - Approaching Evil.zip	emu/ORIGINALES/DOS/Ancients II - Approaching Evil.zip	original del juego, catalogado; la copia descomprimida está en emu/ROMS/DOS/Ancients II - Approaching Evil/
EXTRAIDO	emu/dos/Annals of Rome.zip	emu/ROMS/DOS/Annals of Rome/	juego de DOS descomprimido para la consola (seguro)
CREADO		emu/ROMS/DOS/Annals of Rome.conf	lanzador de dosbox_svn (seguro: AR.BAT)
MOVIDO	emu/dos/Annals of Rome.zip	emu/ORIGINALES/DOS/Annals of Rome.zip	original del juego, catalogado; la copia descomprimida está en emu/ROMS/DOS/Annals of Rome/
EXTRAIDO	emu/dos/Another World.zip	emu/ROMS/DOS/Another World/	juego de DOS descomprimido para la consola (seguro)
CREADO		emu/ROMS/DOS/Another World.conf	lanzador de dosbox_svn (seguro: World.exe)
MOVIDO	emu/dos/Another World.zip	emu/ORIGINALES/DOS/Another World.zip	original del juego, catalogado; la copia descomprimida está en emu/ROMS/DOS/Another World/
EXTRAIDO	emu/dos/Anvil of Dawn.zip	emu/ROMS/DOS/Anvil of Dawn/	juego de DOS descomprimido para la consola (seguro)
CREADO		emu/ROMS/DOS/Anvil of Dawn.conf	lanzador de dosbox_svn (seguro: Anvil/Anvil.exe)
MOVIDO	emu/dos/Anvil of Dawn.zip	emu/ORIGINALES/DOS/Anvil of Dawn.zip	original del juego, catalogado; la copia descomprimida está en emu/ROMS/DOS/Anvil of Dawn/
EXTRAIDO	emu/dos/Apache Strike.zip	emu/ROMS/DOS/Apache Strike/	juego de DOS descomprimido para la consola (seguro)
CREADO		emu/ROMS/DOS/Apache Strike.conf	lanzador de dosbox_svn (seguro: APACHE.EXE)
MOVIDO	emu/dos/Apache Strike.zip	emu/ORIGINALES/DOS/Apache Strike.zip	original del juego, catalogado; la copia descomprimida está en emu/ROMS/DOS/Apache Strike/
EXTRAIDO	emu/dos/Apollo 18 - Mission to the Moon.zip	emu/ROMS/DOS/Apollo 18 - Mission to the Moon/	juego de DOS descomprimido para la consola (dudoso)
CREADO		emu/ROMS/DOS/Apollo 18 - Mission to the Moon.conf	lanzador de dosbox_svn (dudoso: apollo18/apollo.exe)
MOVIDO	emu/dos/Apollo 18 - Mission to the Moon.zip	emu/ORIGINALES/DOS/Apollo 18 - Mission to the Moon.zip	original del juego, catalogado; la copia descomprimida está en emu/ROMS/DOS/Apollo 18 - Mission to the Moon/
EXTRAIDO	emu/dos/Apple Panic.zip	emu/ROMS/DOS/Apple Panic/	juego de DOS descomprimido para la consola (seguro)
CREADO		emu/ROMS/DOS/Apple Panic.conf	lanzador de dosbox_svn (seguro: applep/PANIC.EXE)
MOVIDO	emu/dos/Apple Panic.zip	emu/ORIGINALES/DOS/Apple Panic.zip	original del juego, catalogado; la copia descomprimida está en emu/ROMS/DOS/Apple Panic/
EXTRAIDO	emu/dos/Arcade Trivia.zip	emu/ROMS/DOS/Arcade Trivia/	juego de DOS descomprimido para la consola (seguro)
CREADO		emu/ROMS/DOS/Arcade Trivia.conf	lanzador de dosbox_svn (seguro: trivia/TRIVIA.EXE)
MOVIDO	emu/dos/Arcade Trivia.zip	emu/ORIGINALES/DOS/Arcade Trivia.zip	original del juego, catalogado; la copia descomprimida está en emu/ROMS/DOS/Arcade Trivia/
EXTRAIDO	emu/dos/Arcade Volleyball.zip	emu/ROMS/DOS/Arcade Volleyball/	juego de DOS descomprimido para la consola (seguro)
CREADO		emu/ROMS/DOS/Arcade Volleyball.conf	lanzador de dosbox_svn (seguro: AV.EXE)
MOVIDO	emu/dos/Arcade Volleyball.zip	emu/ORIGINALES/DOS/Arcade Volleyball.zip	original del juego, catalogado; la copia descomprimida está en emu/ROMS/DOS/Arcade Volleyball/
EXTRAIDO	emu/dos/Archer MacLean's Pool.zip	emu/ROMS/DOS/Archer MacLean's Pool/	juego de DOS descomprimido para la consola (dudoso)
CREADO		emu/ROMS/DOS/Archer MacLean's Pool.conf	lanzador de dosbox_svn (dudoso: archer/POOL.EXE)
MOVIDO	emu/dos/Archer MacLean's Pool.zip	emu/ORIGINALES/DOS/Archer MacLean's Pool.zip	original del juego, catalogado; la copia descomprimida está en emu/ROMS/DOS/Archer MacLean's Pool/
EXTRAIDO	emu/dos/Archipelagos.zip	emu/ROMS/DOS/Archipelagos/	juego de DOS descomprimido para la consola (seguro)
CREADO		emu/ROMS/DOS/Archipelagos.conf	lanzador de dosbox_svn (seguro: archi.exe)
MOVIDO	emu/dos/Archipelagos.zip	emu/ORIGINALES/DOS/Archipelagos.zip	original del juego, catalogado; la copia descomprimida está en emu/ROMS/DOS/Archipelagos/
EXTRAIDO	emu/dos/Archon Ultra.zip	emu/ROMS/DOS/Archon Ultra/	juego de DOS descomprimido para la consola (dudoso)
CREADO		emu/ROMS/DOS/Archon Ultra.conf	lanzador de dosbox_svn (dudoso: ARCHON.EXE)
MOVIDO	emu/dos/Archon Ultra.zip	emu/ORIGINALES/DOS/Archon Ultra.zip	original del juego, catalogado; la copia descomprimida está en emu/ROMS/DOS/Archon Ultra/
EXTRAIDO	emu/dos/Archon.zip	emu/ROMS/DOS/Archon/	juego de DOS descomprimido para la consola (seguro)
CREADO		emu/ROMS/DOS/Archon.conf	lanzador de dosbox_svn (seguro: ARCHON.COM)
MOVIDO	emu/dos/Archon.zip	emu/ORIGINALES/DOS/Archon.zip	original del juego, catalogado; la copia descomprimida está en emu/ROMS/DOS/Archon/
EXTRAIDO	emu/dos/Arctic Adventure.zip	emu/ROMS/DOS/Arctic Adventure/	juego de DOS descomprimido para la consola (dudoso)
CREADO		emu/ROMS/DOS/Arctic Adventure.conf	lanzador de dosbox_svn (dudoso: AA1.EXE)
MOVIDO	emu/dos/Arctic Adventure.zip	emu/ORIGINALES/DOS/Arctic Adventure.zip	original del juego, catalogado; la copia descomprimida está en emu/ROMS/DOS/Arctic Adventure/
EXTRAIDO	emu/dos/Arctic Fox.zip	emu/ROMS/DOS/Arctic Fox/	juego de DOS descomprimido para la consola (dudoso)
CREADO		emu/ROMS/DOS/Arctic Fox.conf	lanzador de dosbox_svn (dudoso: AFOX.BAT)
MOVIDO	emu/dos/Arctic Fox.zip	emu/ORIGINALES/DOS/Arctic Fox.zip	original del juego, catalogado; la copia descomprimida está en emu/ROMS/DOS/Arctic Fox/
EXTRAIDO	emu/dos/Arkanoid 2 - Revenge of Doh.zip	emu/ROMS/DOS/Arkanoid 2 - Revenge of Doh/	juego de DOS descomprimido para la consola (dudoso)
CREADO		emu/ROMS/DOS/Arkanoid 2 - Revenge of Doh.conf	lanzador de dosbox_svn (dudoso: arka2/ARKANO.EXE)
MOVIDO	emu/dos/Arkanoid 2 - Revenge of Doh.zip	emu/ORIGINALES/DOS/Arkanoid 2 - Revenge of Doh.zip	original del juego, catalogado; la copia descomprimida está en emu/ROMS/DOS/Arkanoid 2 - Revenge of Doh/
EXTRAIDO	emu/dos/Arkanoid.zip	emu/ROMS/DOS/Arkanoid/	juego de DOS descomprimido para la consola (seguro)
CREADO		emu/ROMS/DOS/Arkanoid.conf	lanzador de dosbox_svn (seguro: ARKANOID.COM)
MOVIDO	emu/dos/Arkanoid.zip	emu/ORIGINALES/DOS/Arkanoid.zip	original del juego, catalogado; la copia descomprimida está en emu/ROMS/DOS/Arkanoid/
EXTRAIDO	emu/dos/Armaeth - The Lost Kingdom.zip	emu/ROMS/DOS/Armaeth - The Lost Kingdom/	juego de DOS descomprimido para la consola (seguro)
CREADO		emu/ROMS/DOS/Armaeth - The Lost Kingdom.conf	lanzador de dosbox_svn (seguro: ARMAETH.BAT)
MOVIDO	emu/dos/Armaeth - The Lost Kingdom.zip	emu/ORIGINALES/DOS/Armaeth - The Lost Kingdom.zip	original del juego, catalogado; la copia descomprimida está en emu/ROMS/DOS/Armaeth - The Lost Kingdom/
EXTRAIDO	emu/dos/Armor Alley.zip	emu/ROMS/DOS/Armor Alley/	juego de DOS descomprimido para la consola (seguro)
CREADO		emu/ROMS/DOS/Armor Alley.conf	lanzador de dosbox_svn (seguro: AA.EXE)
MOVIDO	emu/dos/Armor Alley.zip	emu/ORIGINALES/DOS/Armor Alley.zip	original del juego, catalogado; la copia descomprimida está en emu/ROMS/DOS/Armor Alley/
EXTRAIDO	emu/dos/Arthur - The Quest for Excalibur.zip	emu/ROMS/DOS/Arthur - The Quest for Excalibur/	juego de DOS descomprimido para la consola (seguro)
CREADO		emu/ROMS/DOS/Arthur - The Quest for Excalibur.conf	lanzador de dosbox_svn (seguro: Arthur/ARTHUR.BAT)
MOVIDO	emu/dos/Arthur - The Quest for Excalibur.zip	emu/ORIGINALES/DOS/Arthur - The Quest for Excalibur.zip	original del juego, catalogado; la copia descomprimida está en emu/ROMS/DOS/Arthur - The Quest for Excalibur/
EXTRAIDO	emu/dos/Artura.zip	emu/ROMS/DOS/Artura/	juego de DOS descomprimido para la consola (seguro)
CREADO		emu/ROMS/DOS/Artura.conf	lanzador de dosbox_svn (seguro: ARTURA.EXE)
MOVIDO	emu/dos/Artura.zip	emu/ORIGINALES/DOS/Artura.zip	original del juego, catalogado; la copia descomprimida está en emu/ROMS/DOS/Artura/
EXTRAIDO	emu/dos/Ascendancy.zip	emu/ROMS/DOS/Ascendancy/	juego de DOS descomprimido para la consola (seguro)
CREADO		emu/ROMS/DOS/Ascendancy.conf	lanzador de dosbox_svn (seguro: ASCEND.EXE)
MOVIDO	emu/dos/Ascendancy.zip	emu/ORIGINALES/DOS/Ascendancy.zip	original del juego, catalogado; la copia descomprimida está en emu/ROMS/DOS/Ascendancy/
EXTRAIDO	emu/dos/Ashes of Empire.zip	emu/ROMS/DOS/Ashes of Empire/	juego de DOS descomprimido para la consola (dudoso)
CREADO		emu/ROMS/DOS/Ashes of Empire.conf	lanzador de dosbox_svn (dudoso: Ashes/ASHES.BAT)
MOVIDO	emu/dos/Ashes of Empire.zip	emu/ORIGINALES/DOS/Ashes of Empire.zip	original del juego, catalogado; la copia descomprimida está en emu/ROMS/DOS/Ashes of Empire/
EXTRAIDO	emu/dos/Asterix - Operation Getafix.zip	emu/ROMS/DOS/Asterix - Operation Getafix/	juego de DOS descomprimido para la consola (seguro)
CREADO		emu/ROMS/DOS/Asterix - Operation Getafix.conf	lanzador de dosbox_svn (seguro: LOADER.EXE)
MOVIDO	emu/dos/Asterix - Operation Getafix.zip	emu/ORIGINALES/DOS/Asterix - Operation Getafix.zip	original del juego, catalogado; la copia descomprimida está en emu/ROMS/DOS/Asterix - Operation Getafix/
EXTRAIDO	emu/dos/Atomino.zip	emu/ROMS/DOS/Atomino/	juego de DOS descomprimido para la consola (dudoso)
CREADO		emu/ROMS/DOS/Atomino.conf	lanzador de dosbox_svn (dudoso: ATOMINO.EXE)
MOVIDO	emu/dos/Atomino.zip	emu/ORIGINALES/DOS/Atomino.zip	original del juego, catalogado; la copia descomprimida está en emu/ROMS/DOS/Atomino/
EXTRAIDO	emu/dos/Atomix.zip	emu/ROMS/DOS/Atomix/	juego de DOS descomprimido para la consola (seguro)
CREADO		emu/ROMS/DOS/Atomix.conf	lanzador de dosbox_svn (seguro: GAME.EXE)
MOVIDO	emu/dos/Atomix.zip	emu/ORIGINALES/DOS/Atomix.zip	original del juego, catalogado; la copia descomprimida está en emu/ROMS/DOS/Atomix/
EXTRAIDO	emu/dos/Auto Duel.zip	emu/ROMS/DOS/Auto Duel/	juego de DOS descomprimido para la consola (seguro)
CREADO		emu/ROMS/DOS/Auto Duel.conf	lanzador de dosbox_svn (seguro: autoduel/Autoduel.exe)
MOVIDO	emu/dos/Auto Duel.zip	emu/ORIGINALES/DOS/Auto Duel.zip	original del juego, catalogado; la copia descomprimida está en emu/ROMS/DOS/Auto Duel/
EXTRAIDO	emu/dos/Avish.zip	emu/ROMS/DOS/Avish/	juego de DOS descomprimido para la consola (seguro)
CREADO		emu/ROMS/DOS/Avish.conf	lanzador de dosbox_svn (seguro: Avish/GAME.EXE)
MOVIDO	emu/dos/Avish.zip	emu/ORIGINALES/DOS/Avish.zip	original del juego, catalogado; la copia descomprimida está en emu/ROMS/DOS/Avish/
EXTRAIDO	emu/dos/Avoid the Noid.zip	emu/ROMS/DOS/Avoid the Noid/	juego de DOS descomprimido para la consola (seguro)
CREADO		emu/ROMS/DOS/Avoid the Noid.conf	lanzador de dosbox_svn (seguro: NOID.EXE)
MOVIDO	emu/dos/Avoid the Noid.zip	emu/ORIGINALES/DOS/Avoid the Noid.zip	original del juego, catalogado; la copia descomprimida está en emu/ROMS/DOS/Avoid the Noid/
EXTRAIDO	emu/dos/Awesome Earl.zip	emu/ROMS/DOS/Awesome Earl/	juego de DOS descomprimido para la consola (seguro)
CREADO		emu/ROMS/DOS/Awesome Earl.conf	lanzador de dosbox_svn (seguro: AWESOME.EXE)
MOVIDO	emu/dos/Awesome Earl.zip	emu/ORIGINALES/DOS/Awesome Earl.zip	original del juego, catalogado; la copia descomprimida está en emu/ROMS/DOS/Awesome Earl/
EXTRAIDO	emu/dos/B-24.zip	emu/ROMS/DOS/B-24/	juego de DOS descomprimido para la consola (seguro)
CREADO		emu/ROMS/DOS/B-24.conf	lanzador de dosbox_svn (seguro: B24.BAT)
MOVIDO	emu/dos/B-24.zip	emu/ORIGINALES/DOS/B-24.zip	original del juego, catalogado; la copia descomprimida está en emu/ROMS/DOS/B-24/
EXTRAIDO	emu/dos/B.A.T..zip	emu/ROMS/DOS/B.A.T/	juego de DOS descomprimido para la consola (seguro)
CREADO		emu/ROMS/DOS/B.A.T.conf	lanzador de dosbox_svn (seguro: BAT.EXE)
MOVIDO	emu/dos/B.A.T..zip	emu/ORIGINALES/DOS/B.A.T..zip	original del juego, catalogado; la copia descomprimida está en emu/ROMS/DOS/B.A.T/
EXTRAIDO	emu/dos/BC Racers.zip	emu/ROMS/DOS/BC Racers/	juego de DOS descomprimido para la consola (seguro)
CREADO		emu/ROMS/DOS/BC Racers.conf	lanzador de dosbox_svn (seguro: bcracers/BCRACERS.EXE)
MOVIDO	emu/dos/BC Racers.zip	emu/ORIGINALES/DOS/BC Racers.zip	original del juego, catalogado; la copia descomprimida está en emu/ROMS/DOS/BC Racers/
EXTRAIDO	emu/dos/BC's Quest for Tires.zip	emu/ROMS/DOS/BC's Quest for Tires/	juego de DOS descomprimido para la consola (seguro)
CREADO		emu/ROMS/DOS/BC's Quest for Tires.conf	lanzador de dosbox_svn (seguro: bc.com)
MOVIDO	emu/dos/BC's Quest for Tires.zip	emu/ORIGINALES/DOS/BC's Quest for Tires.zip	original del juego, catalogado; la copia descomprimida está en emu/ROMS/DOS/BC's Quest for Tires/
EXTRAIDO	emu/dos/BLOOD.zip	emu/ROMS/DOS/BLOOD/	juego de DOS descomprimido para la consola (seguro)
CREADO		emu/ROMS/DOS/BLOOD.conf	lanzador de dosbox_svn (seguro: BLOOD.EXE)
MOVIDO	emu/dos/BLOOD.zip	emu/ORIGINALES/DOS/BLOOD.zip	original del juego, catalogado; la copia descomprimida está en emu/ROMS/DOS/BLOOD/
EXTRAIDO	emu/dos/Baal.zip	emu/ROMS/DOS/Baal/	juego de DOS descomprimido para la consola (dudoso)
CREADO		emu/ROMS/DOS/Baal.conf	lanzador de dosbox_svn (dudoso: baal/BAAL.EXE)
MOVIDO	emu/dos/Baal.zip	emu/ORIGINALES/DOS/Baal.zip	original del juego, catalogado; la copia descomprimida está en emu/ROMS/DOS/Baal/
EXTRAIDO	emu/dos/Baby Jo in Going Home.zip	emu/ROMS/DOS/Baby Jo in Going Home/	juego de DOS descomprimido para la consola (seguro)
CREADO		emu/ROMS/DOS/Baby Jo in Going Home.conf	lanzador de dosbox_svn (seguro: babyjo/BABY.EXE)
MOVIDO	emu/dos/Baby Jo in Going Home.zip	emu/ORIGINALES/DOS/Baby Jo in Going Home.zip	original del juego, catalogado; la copia descomprimida está en emu/ROMS/DOS/Baby Jo in Going Home/
EXTRAIDO	emu/dos/Back to the Future II.zip	emu/ROMS/DOS/Back to the Future II/	juego de DOS descomprimido para la consola (seguro)
CREADO		emu/ROMS/DOS/Back to the Future II.conf	lanzador de dosbox_svn (seguro: backto2/RUN.BAT)
MOVIDO	emu/dos/Back to the Future II.zip	emu/ORIGINALES/DOS/Back to the Future II.zip	original del juego, catalogado; la copia descomprimida está en emu/ROMS/DOS/Back to the Future II/
EXTRAIDO	emu/dos/Back to the Future III.zip	emu/ROMS/DOS/Back to the Future III/	juego de DOS descomprimido para la consola (dudoso)
CREADO		emu/ROMS/DOS/Back to the Future III.conf	lanzador de dosbox_svn (dudoso: future/BF.BAT)
MOVIDO	emu/dos/Back to the Future III.zip	emu/ORIGINALES/DOS/Back to the Future III.zip	original del juego, catalogado; la copia descomprimida está en emu/ROMS/DOS/Back to the Future III/
EXTRAIDO	emu/dos/Bactron.zip	emu/ROMS/DOS/Bactron/	juego de DOS descomprimido para la consola (seguro)
CREADO		emu/ROMS/DOS/Bactron.conf	lanzador de dosbox_svn (seguro: bactron.exe)
MOVIDO	emu/dos/Bactron.zip	emu/ORIGINALES/DOS/Bactron.zip	original del juego, catalogado; la copia descomprimida está en emu/ROMS/DOS/Bactron/
EXTRAIDO	emu/dos/Bad Blood.zip	emu/ROMS/DOS/Bad Blood/	juego de DOS descomprimido para la consola (dudoso)
CREADO		emu/ROMS/DOS/Bad Blood.conf	lanzador de dosbox_svn (dudoso: badblood/BADB.EXE)
MOVIDO	emu/dos/Bad Blood.zip	emu/ORIGINALES/DOS/Bad Blood.zip	original del juego, catalogado; la copia descomprimida está en emu/ROMS/DOS/Bad Blood/
EXTRAIDO	emu/dos/Bad Dudes.zip	emu/ROMS/DOS/Bad Dudes/	juego de DOS descomprimido para la consola (seguro)
CREADO		emu/ROMS/DOS/Bad Dudes.conf	lanzador de dosbox_svn (seguro: baddudes/DUDES.COM)
MOVIDO	emu/dos/Bad Dudes.zip	emu/ORIGINALES/DOS/Bad Dudes.zip	original del juego, catalogado; la copia descomprimida está en emu/ROMS/DOS/Bad Dudes/
EXTRAIDO	emu/dos/Bad Street Brawler.zip	emu/ROMS/DOS/Bad Street Brawler/	juego de DOS descomprimido para la consola (dudoso)
CREADO		emu/ROMS/DOS/Bad Street Brawler.conf	lanzador de dosbox_svn (dudoso: BR.EXE)
MOVIDO	emu/dos/Bad Street Brawler.zip	emu/ORIGINALES/DOS/Bad Street Brawler.zip	original del juego, catalogado; la copia descomprimida está en emu/ROMS/DOS/Bad Street Brawler/
EXTRAIDO	emu/dos/Ballyhoo.zip	emu/ROMS/DOS/Ballyhoo/	juego de DOS descomprimido para la consola (seguro)
CREADO		emu/ROMS/DOS/Ballyhoo.conf	lanzador de dosbox_svn (seguro: ballyhoo/BALLYHOO.BAT)
MOVIDO	emu/dos/Ballyhoo.zip	emu/ORIGINALES/DOS/Ballyhoo.zip	original del juego, catalogado; la copia descomprimida está en emu/ROMS/DOS/Ballyhoo/
EXTRAIDO	emu/dos/Barbarian.zip	emu/ROMS/DOS/Barbarian/	juego de DOS descomprimido para la consola (seguro)
CREADO		emu/ROMS/DOS/Barbarian.conf	lanzador de dosbox_svn (seguro: BARB.EXE)
MOVIDO	emu/dos/Barbarian.zip	emu/ORIGINALES/DOS/Barbarian.zip	original del juego, catalogado; la copia descomprimida está en emu/ROMS/DOS/Barbarian/
EXTRAIDO	emu/dos/Bard's Tale - Construction Set.zip	emu/ROMS/DOS/Bard's Tale - Construction Set/	juego de DOS descomprimido para la consola (seguro)
CREADO		emu/ROMS/DOS/Bard's Tale - Construction Set.conf	lanzador de dosbox_svn (seguro: BARDGAME.EXE)
MOVIDO	emu/dos/Bard's Tale - Construction Set.zip	emu/ORIGINALES/DOS/Bard's Tale - Construction Set.zip	original del juego, catalogado; la copia descomprimida está en emu/ROMS/DOS/Bard's Tale - Construction Set/
EXTRAIDO	emu/dos/Bard's Tale III - Thief of Fate.zip	emu/ROMS/DOS/Bard's Tale III - Thief of Fate/	juego de DOS descomprimido para la consola (seguro)
CREADO		emu/ROMS/DOS/Bard's Tale III - Thief of Fate.conf	lanzador de dosbox_svn (seguro: THIEF.EXE)
MOVIDO	emu/dos/Bard's Tale III - Thief of Fate.zip	emu/ORIGINALES/DOS/Bard's Tale III - Thief of Fate.zip	original del juego, catalogado; la copia descomprimida está en emu/ROMS/DOS/Bard's Tale III - Thief of Fate/
EXTRAIDO	emu/dos/Bard's Tale.zip	emu/ROMS/DOS/Bard's Tale/	juego de DOS descomprimido para la consola (seguro)
CREADO		emu/ROMS/DOS/Bard's Tale.conf	lanzador de dosbox_svn (seguro: BARD.EXE)
MOVIDO	emu/dos/Bard's Tale.zip	emu/ORIGINALES/DOS/Bard's Tale.zip	original del juego, catalogado; la copia descomprimida está en emu/ROMS/DOS/Bard's Tale/
EXTRAIDO	emu/dos/Bargames.zip	emu/ROMS/DOS/Bargames/	juego de DOS descomprimido para la consola (seguro)
CREADO		emu/ROMS/DOS/Bargames.conf	lanzador de dosbox_svn (seguro: BG.EXE)
MOVIDO	emu/dos/Bargames.zip	emu/ORIGINALES/DOS/Bargames.zip	original del juego, catalogado; la copia descomprimida está en emu/ROMS/DOS/Bargames/
EXTRAIDO	emu/dos/Batman - The Caped Crusader.zip	emu/ROMS/DOS/Batman - The Caped Crusader/	juego de DOS descomprimido para la consola (dudoso)
CREADO		emu/ROMS/DOS/Batman - The Caped Crusader.conf	lanzador de dosbox_svn (dudoso: batmanc/JOKER.EXE)
MOVIDO	emu/dos/Batman - The Caped Crusader.zip	emu/ORIGINALES/DOS/Batman - The Caped Crusader.zip	original del juego, catalogado; la copia descomprimida está en emu/ROMS/DOS/Batman - The Caped Crusader/
EXTRAIDO	emu/dos/Batman - The Movie.zip	emu/ROMS/DOS/Batman - The Movie/	juego de DOS descomprimido para la consola (seguro)
CREADO		emu/ROMS/DOS/Batman - The Movie.conf	lanzador de dosbox_svn (seguro: BATMAN.EXE)
MOVIDO	emu/dos/Batman - The Movie.zip	emu/ORIGINALES/DOS/Batman - The Movie.zip	original del juego, catalogado; la copia descomprimida está en emu/ROMS/DOS/Batman - The Movie/
EXTRAIDO	emu/dos/Batman Forever.zip	emu/ROMS/DOS/Batman Forever/	juego de DOS descomprimido para la consola (seguro)
CREADO		emu/ROMS/DOS/Batman Forever.conf	lanzador de dosbox_svn (seguro: batmanf/BATMAN.EXE)
MOVIDO	emu/dos/Batman Forever.zip	emu/ORIGINALES/DOS/Batman Forever.zip	original del juego, catalogado; la copia descomprimida está en emu/ROMS/DOS/Batman Forever/
EXTRAIDO	emu/dos/Battle Bugs.zip	emu/ROMS/DOS/Battle Bugs/	juego de DOS descomprimido para la consola (seguro)
CREADO		emu/ROMS/DOS/Battle Bugs.conf	lanzador de dosbox_svn (seguro: BUGS.EXE)
MOVIDO	emu/dos/Battle Bugs.zip	emu/ORIGINALES/DOS/Battle Bugs.zip	original del juego, catalogado; la copia descomprimida está en emu/ROMS/DOS/Battle Bugs/
EXTRAIDO	emu/dos/Battle Chess (for Windows).zip	emu/ROMS/DOS/Battle Chess (for Windows)/	juego de DOS descomprimido para la consola (seguro)
CREADO		emu/ROMS/DOS/Battle Chess (for Windows).conf	lanzador de dosbox_svn (seguro: chess/CHESS.EXE)
MOVIDO	emu/dos/Battle Chess (for Windows).zip	emu/ORIGINALES/DOS/Battle Chess (for Windows).zip	original del juego, catalogado; la copia descomprimida está en emu/ROMS/DOS/Battle Chess (for Windows)/
EXTRAIDO	emu/dos/Battle Zone.zip	emu/ROMS/DOS/Battle Zone/	juego de DOS descomprimido para la consola (seguro)
CREADO		emu/ROMS/DOS/Battle Zone.conf	lanzador de dosbox_svn (seguro: BZ.COM)
MOVIDO	emu/dos/Battle Zone.zip	emu/ORIGINALES/DOS/Battle Zone.zip	original del juego, catalogado; la copia descomprimida está en emu/ROMS/DOS/Battle Zone/
EXTRAIDO	emu/dos/Battle of Antietam.zip	emu/ROMS/DOS/Battle of Antietam/	juego de DOS descomprimido para la consola (seguro)
CREADO		emu/ROMS/DOS/Battle of Antietam.conf	lanzador de dosbox_svn (seguro: START.EXE)
MOVIDO	emu/dos/Battle of Antietam.zip	emu/ORIGINALES/DOS/Battle of Antietam.zip	original del juego, catalogado; la copia descomprimida está en emu/ROMS/DOS/Battle of Antietam/
EXTRAIDO	emu/dos/BattleTech - The Crescent Hawks Inception.zip	emu/ROMS/DOS/BattleTech - The Crescent Hawks Inception/	juego de DOS descomprimido para la consola (dudoso)
CREADO		emu/ROMS/DOS/BattleTech - The Crescent Hawks Inception.conf	lanzador de dosbox_svn (dudoso: BTECH.EXE)
MOVIDO	emu/dos/BattleTech - The Crescent Hawks Inception.zip	emu/ORIGINALES/DOS/BattleTech - The Crescent Hawks Inception.zip	original del juego, catalogado; la copia descomprimida está en emu/ROMS/DOS/BattleTech - The Crescent Hawks Inception/
EXTRAIDO	emu/dos/BattleTech - The Crescent Hawks Revenge.zip	emu/ROMS/DOS/BattleTech - The Crescent Hawks Revenge/	juego de DOS descomprimido para la consola (seguro)
CREADO		emu/ROMS/DOS/BattleTech - The Crescent Hawks Revenge.conf	lanzador de dosbox_svn (seguro: Revenge/REVENGE.EXE)
MOVIDO	emu/dos/BattleTech - The Crescent Hawks Revenge.zip	emu/ORIGINALES/DOS/BattleTech - The Crescent Hawks Revenge.zip	original del juego, catalogado; la copia descomprimida está en emu/ROMS/DOS/BattleTech - The Crescent Hawks Revenge/
EXTRAIDO	emu/dos/Battlehawks 1942.zip	emu/ROMS/DOS/Battlehawks 1942/	juego de DOS descomprimido para la consola (seguro)
CREADO		emu/ROMS/DOS/Battlehawks 1942.conf	lanzador de dosbox_svn (seguro: BH.EXE)
MOVIDO	emu/dos/Battlehawks 1942.zip	emu/ORIGINALES/DOS/Battlehawks 1942.zip	original del juego, catalogado; la copia descomprimida está en emu/ROMS/DOS/Battlehawks 1942/
EXTRAIDO	emu/dos/Beats Of Rage.zip	emu/ROMS/DOS/Beats Of Rage/	juego de DOS descomprimido para la consola (seguro)
CREADO		emu/ROMS/DOS/Beats Of Rage.conf	lanzador de dosbox_svn (seguro: BOR/bor.exe)
MOVIDO	emu/dos/Beats Of Rage.zip	emu/ORIGINALES/DOS/Beats Of Rage.zip	original del juego, catalogado; la copia descomprimida está en emu/ROMS/DOS/Beats Of Rage/
EXTRAIDO	emu/dos/Bedlam.zip	emu/ROMS/DOS/Bedlam/	juego de DOS descomprimido para la consola (seguro)
CREADO		emu/ROMS/DOS/Bedlam.conf	lanzador de dosbox_svn (seguro: bedlam/BEDLAM.EXE)
MOVIDO	emu/dos/Bedlam.zip	emu/ORIGINALES/DOS/Bedlam.zip	original del juego, catalogado; la copia descomprimida está en emu/ROMS/DOS/Bedlam/
EXTRAIDO	emu/dos/Below the Root.zip	emu/ROMS/DOS/Below the Root/	juego de DOS descomprimido para la consola (seguro)
CREADO		emu/ROMS/DOS/Below the Root.conf	lanzador de dosbox_svn (seguro: btroot/LOADER.COM)
MOVIDO	emu/dos/Below the Root.zip	emu/ORIGINALES/DOS/Below the Root.zip	original del juego, catalogado; la copia descomprimida está en emu/ROMS/DOS/Below the Root/
EXTRAIDO	emu/dos/Berlin 1948.zip	emu/ROMS/DOS/Berlin 1948/	juego de DOS descomprimido para la consola (seguro)
CREADO		emu/ROMS/DOS/Berlin 1948.conf	lanzador de dosbox_svn (seguro: berlin/BERLIN.BAT)
MOVIDO	emu/dos/Berlin 1948.zip	emu/ORIGINALES/DOS/Berlin 1948.zip	original del juego, catalogado; la copia descomprimida está en emu/ROMS/DOS/Berlin 1948/
EXTRAIDO	emu/dos/Beyond Zork - The Coconut of Quendor.zip	emu/ROMS/DOS/Beyond Zork - The Coconut of Quendor/	juego de DOS descomprimido para la consola (dudoso)
CREADO		emu/ROMS/DOS/Beyond Zork - The Coconut of Quendor.conf	lanzador de dosbox_svn (dudoso: bz/Bzork.bat)
MOVIDO	emu/dos/Beyond Zork - The Coconut of Quendor.zip	emu/ORIGINALES/DOS/Beyond Zork - The Coconut of Quendor.zip	original del juego, catalogado; la copia descomprimida está en emu/ROMS/DOS/Beyond Zork - The Coconut of Quendor/
EXTRAIDO	emu/dos/Beyond the Black Hole.zip	emu/ROMS/DOS/Beyond the Black Hole/	juego de DOS descomprimido para la consola (seguro)
CREADO		emu/ROMS/DOS/Beyond the Black Hole.conf	lanzador de dosbox_svn (seguro: BH.EXE)
MOVIDO	emu/dos/Beyond the Black Hole.zip	emu/ORIGINALES/DOS/Beyond the Black Hole.zip	original del juego, catalogado; la copia descomprimida está en emu/ROMS/DOS/Beyond the Black Hole/
EXTRAIDO	emu/dos/Big Business.zip	emu/ROMS/DOS/Big Business/	juego de DOS descomprimido para la consola (dudoso)
CREADO		emu/ROMS/DOS/Big Business.conf	lanzador de dosbox_svn (dudoso: bigbiz/BB.BAT)
MOVIDO	emu/dos/Big Business.zip	emu/ORIGINALES/DOS/Big Business.zip	original del juego, catalogado; la copia descomprimida está en emu/ROMS/DOS/Big Business/
EXTRAIDO	emu/dos/Big Top.zip	emu/ROMS/DOS/Big Top/	juego de DOS descomprimido para la consola (seguro)
CREADO		emu/ROMS/DOS/Big Top.conf	lanzador de dosbox_svn (seguro: bigtop/START.COM)
MOVIDO	emu/dos/Big Top.zip	emu/ORIGINALES/DOS/Big Top.zip	original del juego, catalogado; la copia descomprimida está en emu/ROMS/DOS/Big Top/
EXTRAIDO	emu/dos/Bill & Ted's Excellent Adventure.zip	emu/ROMS/DOS/Bill & Ted's Excellent Adventure/	juego de DOS descomprimido para la consola (seguro)
CREADO		emu/ROMS/DOS/Bill & Ted's Excellent Adventure.conf	lanzador de dosbox_svn (seguro: billnted/BT.EXE)
MOVIDO	emu/dos/Bill & Ted's Excellent Adventure.zip	emu/ORIGINALES/DOS/Bill & Ted's Excellent Adventure.zip	original del juego, catalogado; la copia descomprimida está en emu/ROMS/DOS/Bill & Ted's Excellent Adventure/
EXTRAIDO	emu/dos/Bio Menace.zip	emu/ROMS/DOS/Bio Menace/	juego de DOS descomprimido para la consola (dudoso)
CREADO		emu/ROMS/DOS/Bio Menace.conf	lanzador de dosbox_svn (dudoso: BMENACE1.EXE)
MOVIDO	emu/dos/Bio Menace.zip	emu/ORIGINALES/DOS/Bio Menace.zip	original del juego, catalogado; la copia descomprimida está en emu/ROMS/DOS/Bio Menace/
EXTRAIDO	emu/dos/Bioforge.zip	emu/ROMS/DOS/Bioforge/	juego de DOS descomprimido para la consola (seguro)
CREADO		emu/ROMS/DOS/Bioforge.conf	lanzador de dosbox_svn (seguro: Bioforge/BIOFORGE.EXE)
MOVIDO	emu/dos/Bioforge.zip	emu/ORIGINALES/DOS/Bioforge.zip	original del juego, catalogado; la copia descomprimida está en emu/ROMS/DOS/Bioforge/
EXTRAIDO	emu/dos/Bionic Commando.zip	emu/ROMS/DOS/Bionic Commando/	juego de DOS descomprimido para la consola (seguro)
CREADO		emu/ROMS/DOS/Bionic Commando.conf	lanzador de dosbox_svn (seguro: BION.EXE)
MOVIDO	emu/dos/Bionic Commando.zip	emu/ORIGINALES/DOS/Bionic Commando.zip	original del juego, catalogado; la copia descomprimida está en emu/ROMS/DOS/Bionic Commando/
EXTRAIDO	emu/dos/Birds of Prey.zip	emu/ROMS/DOS/Birds of Prey/	juego de DOS descomprimido para la consola (dudoso)
CREADO		emu/ROMS/DOS/Birds of Prey.conf	lanzador de dosbox_svn (dudoso: birdprey/BIRDS.EXE)
MOVIDO	emu/dos/Birds of Prey.zip	emu/ORIGINALES/DOS/Birds of Prey.zip	original del juego, catalogado; la copia descomprimida está en emu/ROMS/DOS/Birds of Prey/
EXTRAIDO	emu/dos/Black Monday.zip	emu/ROMS/DOS/Black Monday/	juego de DOS descomprimido para la consola (seguro)
CREADO		emu/ROMS/DOS/Black Monday.conf	lanzador de dosbox_svn (seguro: blackmon/GAME.BAT)
MOVIDO	emu/dos/Black Monday.zip	emu/ORIGINALES/DOS/Black Monday.zip	original del juego, catalogado; la copia descomprimida está en emu/ROMS/DOS/Black Monday/
EXTRAIDO	emu/dos/Black Sect.zip	emu/ROMS/DOS/Black Sect/	juego de DOS descomprimido para la consola (dudoso)
CREADO		emu/ROMS/DOS/Black Sect.conf	lanzador de dosbox_svn (dudoso: SECTE.EXE)
MOVIDO	emu/dos/Black Sect.zip	emu/ORIGINALES/DOS/Black Sect.zip	original del juego, catalogado; la copia descomprimida está en emu/ROMS/DOS/Black Sect/
EXTRAIDO	emu/dos/Blackthorne.zip	emu/ROMS/DOS/Blackthorne/	juego de DOS descomprimido para la consola (seguro)
CREADO		emu/ROMS/DOS/Blackthorne.conf	lanzador de dosbox_svn (seguro: BLACK.EXE)
MOVIDO	emu/dos/Blackthorne.zip	emu/ORIGINALES/DOS/Blackthorne.zip	original del juego, catalogado; la copia descomprimida está en emu/ROMS/DOS/Blackthorne/
EXTRAIDO	emu/dos/Blades of Steel.zip	emu/ROMS/DOS/Blades of Steel/	juego de DOS descomprimido para la consola (seguro)
CREADO		emu/ROMS/DOS/Blades of Steel.conf	lanzador de dosbox_svn (seguro: Blades/PLAY.EXE)
MOVIDO	emu/dos/Blades of Steel.zip	emu/ORIGINALES/DOS/Blades of Steel.zip	original del juego, catalogado; la copia descomprimida está en emu/ROMS/DOS/Blades of Steel/
EXTRAIDO	emu/dos/Blockout.zip	emu/ROMS/DOS/Blockout/	juego de DOS descomprimido para la consola (seguro)
CREADO		emu/ROMS/DOS/Blockout.conf	lanzador de dosbox_svn (seguro: BL.EXE)
MOVIDO	emu/dos/Blockout.zip	emu/ORIGINALES/DOS/Blockout.zip	original del juego, catalogado; la copia descomprimida está en emu/ROMS/DOS/Blockout/
EXTRAIDO	emu/dos/Blood Bowl.zip	emu/ROMS/DOS/Blood Bowl/	juego de DOS descomprimido para la consola (seguro)
CREADO		emu/ROMS/DOS/Blood Bowl.conf	lanzador de dosbox_svn (seguro: Blood/BB.EXE)
MOVIDO	emu/dos/Blood Bowl.zip	emu/ORIGINALES/DOS/Blood Bowl.zip	original del juego, catalogado; la copia descomprimida está en emu/ROMS/DOS/Blood Bowl/
EXTRAIDO	emu/dos/Bloodwych.zip	emu/ROMS/DOS/Bloodwych/	juego de DOS descomprimido para la consola (seguro)
CREADO		emu/ROMS/DOS/Bloodwych.conf	lanzador de dosbox_svn (seguro: GO.BAT)
MOVIDO	emu/dos/Bloodwych.zip	emu/ORIGINALES/DOS/Bloodwych.zip	original del juego, catalogado; la copia descomprimida está en emu/ROMS/DOS/Bloodwych/
EXTRAIDO	emu/dos/Blue Max - Aces of the Great War.zip	emu/ROMS/DOS/Blue Max - Aces of the Great War/	juego de DOS descomprimido para la consola (seguro)
CREADO		emu/ROMS/DOS/Blue Max - Aces of the Great War.conf	lanzador de dosbox_svn (seguro: bluemax/BLUEMAX.EXE)
MOVIDO	emu/dos/Blue Max - Aces of the Great War.zip	emu/ORIGINALES/DOS/Blue Max - Aces of the Great War.zip	original del juego, catalogado; la copia descomprimida está en emu/ROMS/DOS/Blue Max - Aces of the Great War/
EXTRAIDO	emu/dos/Blues Brothers 2.zip	emu/ROMS/DOS/Blues Brothers 2/	juego de DOS descomprimido para la consola (dudoso)
CREADO		emu/ROMS/DOS/Blues Brothers 2.conf	lanzador de dosbox_svn (dudoso: blues.bat)
MOVIDO	emu/dos/Blues Brothers 2.zip	emu/ORIGINALES/DOS/Blues Brothers 2.zip	original del juego, catalogado; la copia descomprimida está en emu/ROMS/DOS/Blues Brothers 2/
EXTRAIDO	emu/dos/Bobby Fischer teaches Chess.zip	emu/ROMS/DOS/Bobby Fischer teaches Chess/	juego de DOS descomprimido para la consola (dudoso)
CREADO		emu/ROMS/DOS/Bobby Fischer teaches Chess.conf	lanzador de dosbox_svn (dudoso: bftc/BFTC.EXE)
MOVIDO	emu/dos/Bobby Fischer teaches Chess.zip	emu/ORIGINALES/DOS/Bobby Fischer teaches Chess.zip	original del juego, catalogado; la copia descomprimida está en emu/ROMS/DOS/Bobby Fischer teaches Chess/
EXTRAIDO	emu/dos/Body Blows.zip	emu/ROMS/DOS/Body Blows/	juego de DOS descomprimido para la consola (seguro)
CREADO		emu/ROMS/DOS/Body Blows.conf	lanzador de dosbox_svn (seguro: bodyblow/BB.EXE)
MOVIDO	emu/dos/Body Blows.zip	emu/ORIGINALES/DOS/Body Blows.zip	original del juego, catalogado; la copia descomprimida está en emu/ROMS/DOS/Body Blows/
EXTRAIDO	emu/dos/Bombuzal.zip	emu/ROMS/DOS/Bombuzal/	juego de DOS descomprimido para la consola (seguro)
CREADO		emu/ROMS/DOS/Bombuzal.conf	lanzador de dosbox_svn (seguro: bombuzal/BOMBUZAL.EXE)
MOVIDO	emu/dos/Bombuzal.zip	emu/ORIGINALES/DOS/Bombuzal.zip	original del juego, catalogado; la copia descomprimida está en emu/ROMS/DOS/Bombuzal/
EXTRAIDO	emu/dos/Border Zone.zip	emu/ROMS/DOS/Border Zone/	juego de DOS descomprimido para la consola (seguro)
CREADO		emu/ROMS/DOS/Border Zone.conf	lanzador de dosbox_svn (seguro: borderzo/BORDERZO.EXE)
MOVIDO	emu/dos/Border Zone.zip	emu/ORIGINALES/DOS/Border Zone.zip	original del juego, catalogado; la copia descomprimida está en emu/ROMS/DOS/Border Zone/
EXTRAIDO	emu/dos/Boulder Dash II.zip	emu/ROMS/DOS/Boulder Dash II/	juego de DOS descomprimido para la consola (seguro)
CREADO		emu/ROMS/DOS/Boulder Dash II.conf	lanzador de dosbox_svn (seguro: Boulder_Dash_2.exe)
MOVIDO	emu/dos/Boulder Dash II.zip	emu/ORIGINALES/DOS/Boulder Dash II.zip	original del juego, catalogado; la copia descomprimida está en emu/ROMS/DOS/Boulder Dash II/
EXTRAIDO	emu/dos/Boulder Dash [Remake].zip	emu/ROMS/DOS/Boulder Dash [Remake]/	juego de DOS descomprimido para la consola (seguro)
CREADO		emu/ROMS/DOS/Boulder Dash [Remake].conf	lanzador de dosbox_svn (seguro: DASH.EXE)
MOVIDO	emu/dos/Boulder Dash [Remake].zip	emu/ORIGINALES/DOS/Boulder Dash [Remake].zip	original del juego, catalogado; la copia descomprimida está en emu/ROMS/DOS/Boulder Dash [Remake]/
EXTRAIDO	emu/dos/Bram Stoker's Dracula.zip	emu/ROMS/DOS/Bram Stoker's Dracula/	juego de DOS descomprimido para la consola (seguro)
CREADO		emu/ROMS/DOS/Bram Stoker's Dracula.conf	lanzador de dosbox_svn (seguro: DRAC.EXE)
MOVIDO	emu/dos/Bram Stoker's Dracula.zip	emu/ORIGINALES/DOS/Bram Stoker's Dracula.zip	original del juego, catalogado; la copia descomprimida está en emu/ROMS/DOS/Bram Stoker's Dracula/
EXTRAIDO	emu/dos/Breach.zip	emu/ROMS/DOS/Breach/	juego de DOS descomprimido para la consola (seguro)
CREADO		emu/ROMS/DOS/Breach.conf	lanzador de dosbox_svn (seguro: BREACH.EXE)
MOVIDO	emu/dos/Breach.zip	emu/ORIGINALES/DOS/Breach.zip	original del juego, catalogado; la copia descomprimida está en emu/ROMS/DOS/Breach/
EXTRAIDO	emu/dos/Breakers.zip	emu/ROMS/DOS/Breakers/	juego de DOS descomprimido para la consola (dudoso)
CREADO		emu/ROMS/DOS/Breakers.conf	lanzador de dosbox_svn (dudoso: Breakers.bat)
MOVIDO	emu/dos/Breakers.zip	emu/ORIGINALES/DOS/Breakers.zip	original del juego, catalogado; la copia descomprimida está en emu/ROMS/DOS/Breakers/
EXTRAIDO	emu/dos/Brett Hull Hockey '95.zip	emu/ROMS/DOS/Brett Hull Hockey '95/	juego de DOS descomprimido para la consola (instalar)
CREADO		emu/ROMS/DOS/Brett Hull Hockey '95.conf	lanzador de dosbox_svn (instalar: sin ejecutable)
MOVIDO	emu/dos/Brett Hull Hockey '95.zip	emu/ORIGINALES/DOS/Brett Hull Hockey '95.zip	original del juego, catalogado; la copia descomprimida está en emu/ROMS/DOS/Brett Hull Hockey '95/
EXTRAIDO	emu/dos/Brimstone.zip	emu/ROMS/DOS/Brimstone/	juego de DOS descomprimido para la consola (dudoso)
CREADO		emu/ROMS/DOS/Brimstone.conf	lanzador de dosbox_svn (dudoso: Go.exe)
MOVIDO	emu/dos/Brimstone.zip	emu/ORIGINALES/DOS/Brimstone.zip	original del juego, catalogado; la copia descomprimida está en emu/ROMS/DOS/Brimstone/
EXTRAIDO	emu/dos/Brix.zip	emu/ROMS/DOS/Brix/	juego de DOS descomprimido para la consola (seguro)
CREADO		emu/ROMS/DOS/Brix.conf	lanzador de dosbox_svn (seguro: brix/BRIX.EXE)
MOVIDO	emu/dos/Brix.zip	emu/ORIGINALES/DOS/Brix.zip	original del juego, catalogado; la copia descomprimida está en emu/ROMS/DOS/Brix/
EXTRAIDO	emu/dos/Brutal Sports Football.zip	emu/ROMS/DOS/Brutal Sports Football/	juego de DOS descomprimido para la consola (seguro)
CREADO		emu/ROMS/DOS/Brutal Sports Football.conf	lanzador de dosbox_svn (seguro: bsfball/BRUTAL.BAT)
MOVIDO	emu/dos/Brutal Sports Football.zip	emu/ORIGINALES/DOS/Brutal Sports Football.zip	original del juego, catalogado; la copia descomprimida está en emu/ROMS/DOS/Brutal Sports Football/
EXTRAIDO	emu/dos/Bubble Bobble.zip	emu/ROMS/DOS/Bubble Bobble/	juego de DOS descomprimido para la consola (seguro)
CREADO		emu/ROMS/DOS/Bubble Bobble.conf	lanzador de dosbox_svn (seguro: BUBBLE.EXE)
MOVIDO	emu/dos/Bubble Bobble.zip	emu/ORIGINALES/DOS/Bubble Bobble.zip	original del juego, catalogado; la copia descomprimida está en emu/ROMS/DOS/Bubble Bobble/
EXTRAIDO	emu/dos/Bubble Ghost.zip	emu/ROMS/DOS/Bubble Ghost/	juego de DOS descomprimido para la consola (seguro)
CREADO		emu/ROMS/DOS/Bubble Ghost.conf	lanzador de dosbox_svn (seguro: BUBBLE.EXE)
MOVIDO	emu/dos/Bubble Ghost.zip	emu/ORIGINALES/DOS/Bubble Ghost.zip	original del juego, catalogado; la copia descomprimida está en emu/ROMS/DOS/Bubble Ghost/
EXTRAIDO	emu/dos/Bully's Sporting Darts.zip	emu/ROMS/DOS/Bully's Sporting Darts/	juego de DOS descomprimido para la consola (seguro)
CREADO		emu/ROMS/DOS/Bully's Sporting Darts.conf	lanzador de dosbox_svn (seguro: BULLY.EXE)
MOVIDO	emu/dos/Bully's Sporting Darts.zip	emu/ORIGINALES/DOS/Bully's Sporting Darts.zip	original del juego, catalogado; la copia descomprimida está en emu/ROMS/DOS/Bully's Sporting Darts/
EXTRAIDO	emu/dos/Bumpy's Arcade Fantasy.zip	emu/ROMS/DOS/Bumpy's Arcade Fantasy/	juego de DOS descomprimido para la consola (seguro)
CREADO		emu/ROMS/DOS/Bumpy's Arcade Fantasy.conf	lanzador de dosbox_svn (seguro: BUMPY.EXE)
MOVIDO	emu/dos/Bumpy's Arcade Fantasy.zip	emu/ORIGINALES/DOS/Bumpy's Arcade Fantasy.zip	original del juego, catalogado; la copia descomprimida está en emu/ROMS/DOS/Bumpy's Arcade Fantasy/
EXTRAIDO	emu/dos/Bumpy.zip	emu/ROMS/DOS/Bumpy/	juego de DOS descomprimido para la consola (seguro)
CREADO		emu/ROMS/DOS/Bumpy.conf	lanzador de dosbox_svn (seguro: Bumpy.exe)
MOVIDO	emu/dos/Bumpy.zip	emu/ORIGINALES/DOS/Bumpy.zip	original del juego, catalogado; la copia descomprimida está en emu/ROMS/DOS/Bumpy/
EXTRAIDO	emu/dos/Bundesliga Manager Professional.zip	emu/ROMS/DOS/Bundesliga Manager Professional/	juego de DOS descomprimido para la consola (seguro)
CREADO		emu/ROMS/DOS/Bundesliga Manager Professional.conf	lanzador de dosbox_svn (seguro: BMP.EXE)
MOVIDO	emu/dos/Bundesliga Manager Professional.zip	emu/ORIGINALES/DOS/Bundesliga Manager Professional.zip	original del juego, catalogado; la copia descomprimida está en emu/ROMS/DOS/Bundesliga Manager Professional/
EXTRAIDO	emu/dos/Bureau 13.zip	emu/ROMS/DOS/Bureau 13/	juego de DOS descomprimido para la consola (seguro)
CREADO		emu/ROMS/DOS/Bureau 13.conf	lanzador de dosbox_svn (seguro: b13/B13.COM)
MOVIDO	emu/dos/Bureau 13.zip	emu/ORIGINALES/DOS/Bureau 13.zip	original del juego, catalogado; la copia descomprimida está en emu/ROMS/DOS/Bureau 13/
EXTRAIDO	emu/dos/Burger Time.zip	emu/ROMS/DOS/Burger Time/	juego de DOS descomprimido para la consola (seguro)
CREADO		emu/ROMS/DOS/Burger Time.conf	lanzador de dosbox_svn (seguro: burgertime.exe)
MOVIDO	emu/dos/Burger Time.zip	emu/ORIGINALES/DOS/Burger Time.zip	original del juego, catalogado; la copia descomprimida está en emu/ROMS/DOS/Burger Time/
EXTRAIDO	emu/dos/Bush Buck - Global Treasure Hunter.zip	emu/ROMS/DOS/Bush Buck - Global Treasure Hunter/	juego de DOS descomprimido para la consola (seguro)
CREADO		emu/ROMS/DOS/Bush Buck - Global Treasure Hunter.conf	lanzador de dosbox_svn (seguro: BBGTH/bushbuck.exe)
MOVIDO	emu/dos/Bush Buck - Global Treasure Hunter.zip	emu/ORIGINALES/DOS/Bush Buck - Global Treasure Hunter.zip	original del juego, catalogado; la copia descomprimida está en emu/ROMS/DOS/Bush Buck - Global Treasure Hunter/
EXTRAIDO	emu/dos/CDRAKE.zip	emu/ROMS/DOS/CDRAKE/	juego de DOS descomprimido para la consola (seguro)
CREADO		emu/ROMS/DOS/CDRAKE.conf	lanzador de dosbox_svn (seguro: DRAKE.EXE)
MOVIDO	emu/dos/CDRAKE.zip	emu/ORIGINALES/DOS/CDRAKE.zip	original del juego, catalogado; la copia descomprimida está en emu/ROMS/DOS/CDRAKE/
EXTRAIDO	emu/dos/Cabal.zip	emu/ROMS/DOS/Cabal/	juego de DOS descomprimido para la consola (seguro)
CREADO		emu/ROMS/DOS/Cabal.conf	lanzador de dosbox_svn (seguro: cabal/CABAL.EXE)
MOVIDO	emu/dos/Cabal.zip	emu/ORIGINALES/DOS/Cabal.zip	original del juego, catalogado; la copia descomprimida está en emu/ROMS/DOS/Cabal/
EXTRAIDO	emu/dos/Cadaver.zip	emu/ROMS/DOS/Cadaver/	juego de DOS descomprimido para la consola (dudoso)
CREADO		emu/ROMS/DOS/Cadaver.conf	lanzador de dosbox_svn (dudoso: RUNME.BAT)
MOVIDO	emu/dos/Cadaver.zip	emu/ORIGINALES/DOS/Cadaver.zip	original del juego, catalogado; la copia descomprimida está en emu/ROMS/DOS/Cadaver/
EXTRAIDO	emu/dos/Caesar's Palace.zip	emu/ROMS/DOS/Caesar's Palace/	juego de DOS descomprimido para la consola (seguro)
CREADO		emu/ROMS/DOS/Caesar's Palace.conf	lanzador de dosbox_svn (seguro: cp.exe)
MOVIDO	emu/dos/Caesar's Palace.zip	emu/ORIGINALES/DOS/Caesar's Palace.zip	original del juego, catalogado; la copia descomprimida está en emu/ROMS/DOS/Caesar's Palace/
EXTRAIDO	emu/dos/Caesar.zip	emu/ROMS/DOS/Caesar/	juego de DOS descomprimido para la consola (seguro)
CREADO		emu/ROMS/DOS/Caesar.conf	lanzador de dosbox_svn (seguro: caesar/CAESAR.BAT)
MOVIDO	emu/dos/Caesar.zip	emu/ORIGINALES/DOS/Caesar.zip	original del juego, catalogado; la copia descomprimida está en emu/ROMS/DOS/Caesar/
EXTRAIDO	emu/dos/California Games 2.zip	emu/ROMS/DOS/California Games 2/	juego de DOS descomprimido para la consola (seguro)
CREADO		emu/ROMS/DOS/California Games 2.conf	lanzador de dosbox_svn (seguro: CGII.EXE)
MOVIDO	emu/dos/California Games 2.zip	emu/ORIGINALES/DOS/California Games 2.zip	original del juego, catalogado; la copia descomprimida está en emu/ROMS/DOS/California Games 2/
EXTRAIDO	emu/dos/California Games.zip	emu/ROMS/DOS/California Games/	juego de DOS descomprimido para la consola (dudoso)
CREADO		emu/ROMS/DOS/California Games.conf	lanzador de dosbox_svn (dudoso: CALGAMES.EXE)
MOVIDO	emu/dos/California Games.zip	emu/ORIGINALES/DOS/California Games.zip	original del juego, catalogado; la copia descomprimida está en emu/ROMS/DOS/California Games/
EXTRAIDO	emu/dos/Cannon Fodder 2.zip	emu/ROMS/DOS/Cannon Fodder 2/	juego de DOS descomprimido para la consola (seguro)
CREADO		emu/ROMS/DOS/Cannon Fodder 2.conf	lanzador de dosbox_svn (seguro: CANNON.EXE)
MOVIDO	emu/dos/Cannon Fodder 2.zip	emu/ORIGINALES/DOS/Cannon Fodder 2.zip	original del juego, catalogado; la copia descomprimida está en emu/ROMS/DOS/Cannon Fodder 2/
EXTRAIDO	emu/dos/Cannon Fodder.zip	emu/ROMS/DOS/Cannon Fodder/	juego de DOS descomprimido para la consola (dudoso)
CREADO		emu/ROMS/DOS/Cannon Fodder.conf	lanzador de dosbox_svn (dudoso: cannonf/CF_ENG.EXE)
MOVIDO	emu/dos/Cannon Fodder.zip	emu/ORIGINALES/DOS/Cannon Fodder.zip	original del juego, catalogado; la copia descomprimida está en emu/ROMS/DOS/Cannon Fodder/
EXTRAIDO	emu/dos/Capone.zip	emu/ROMS/DOS/Capone/	juego de DOS descomprimido para la consola (seguro)
CREADO		emu/ROMS/DOS/Capone.conf	lanzador de dosbox_svn (seguro: capone/capone.exe)
MOVIDO	emu/dos/Capone.zip	emu/ORIGINALES/DOS/Capone.zip	original del juego, catalogado; la copia descomprimida está en emu/ROMS/DOS/Capone/
EXTRAIDO	emu/dos/Captain Blood.zip	emu/ROMS/DOS/Captain Blood/	juego de DOS descomprimido para la consola (seguro)
CREADO		emu/ROMS/DOS/Captain Blood.conf	lanzador de dosbox_svn (seguro: BLOOD.COM)
MOVIDO	emu/dos/Captain Blood.zip	emu/ORIGINALES/DOS/Captain Blood.zip	original del juego, catalogado; la copia descomprimida está en emu/ROMS/DOS/Captain Blood/
EXTRAIDO	emu/dos/Captain Dynamo.zip	emu/ROMS/DOS/Captain Dynamo/	juego de DOS descomprimido para la consola (dudoso)
CREADO		emu/ROMS/DOS/Captain Dynamo.conf	lanzador de dosbox_svn (dudoso: cdynamo/DYNAMO.COM)
MOVIDO	emu/dos/Captain Dynamo.zip	emu/ORIGINALES/DOS/Captain Dynamo.zip	original del juego, catalogado; la copia descomprimida está en emu/ROMS/DOS/Captain Dynamo/
EXTRAIDO	emu/dos/Captive.zip	emu/ROMS/DOS/Captive/	juego de DOS descomprimido para la consola (seguro)
CREADO		emu/ROMS/DOS/Captive.conf	lanzador de dosbox_svn (seguro: captive/CAPTIVE.BAT)
MOVIDO	emu/dos/Captive.zip	emu/ORIGINALES/DOS/Captive.zip	original del juego, catalogado; la copia descomprimida está en emu/ROMS/DOS/Captive/
EXTRAIDO	emu/dos/Car & Driver.zip	emu/ROMS/DOS/Car & Driver/	juego de DOS descomprimido para la consola (dudoso)
CREADO		emu/ROMS/DOS/Car & Driver.conf	lanzador de dosbox_svn (dudoso: car/C&D.EXE)
MOVIDO	emu/dos/Car & Driver.zip	emu/ORIGINALES/DOS/Car & Driver.zip	original del juego, catalogado; la copia descomprimida está en emu/ROMS/DOS/Car & Driver/
EXTRAIDO	emu/dos/Card Sharks.zip	emu/ROMS/DOS/Card Sharks/	juego de DOS descomprimido para la consola (seguro)
CREADO		emu/ROMS/DOS/Card Sharks.conf	lanzador de dosbox_svn (seguro: Cards.exe)
MOVIDO	emu/dos/Card Sharks.zip	emu/ORIGINALES/DOS/Card Sharks.zip	original del juego, catalogado; la copia descomprimida está en emu/ROMS/DOS/Card Sharks/
EXTRAIDO	emu/dos/Carmageddon.zip	emu/ROMS/DOS/Carmageddon/	juego de DOS descomprimido para la consola (seguro)
CREADO		emu/ROMS/DOS/Carmageddon.conf	lanzador de dosbox_svn (seguro: CARMDEMO.BAT)
MOVIDO	emu/dos/Carmageddon.zip	emu/ORIGINALES/DOS/Carmageddon.zip	original del juego, catalogado; la copia descomprimida está en emu/ROMS/DOS/Carmageddon/
EXTRAIDO	emu/dos/Carrier Command.zip	emu/ROMS/DOS/Carrier Command/	juego de DOS descomprimido para la consola (seguro)
CREADO		emu/ROMS/DOS/Carrier Command.conf	lanzador de dosbox_svn (seguro: CARRIER.EXE)
MOVIDO	emu/dos/Carrier Command.zip	emu/ORIGINALES/DOS/Carrier Command.zip	original del juego, catalogado; la copia descomprimida está en emu/ROMS/DOS/Carrier Command/
EXTRAIDO	emu/dos/Casino Games.zip	emu/ROMS/DOS/Casino Games/	juego de DOS descomprimido para la consola (seguro)
CREADO		emu/ROMS/DOS/Casino Games.conf	lanzador de dosbox_svn (seguro: casgames/Runme.bat)
MOVIDO	emu/dos/Casino Games.zip	emu/ORIGINALES/DOS/Casino Games.zip	original del juego, catalogado; la copia descomprimida está en emu/ROMS/DOS/Casino Games/
EXTRAIDO	emu/dos/Casino Master.zip	emu/ROMS/DOS/Casino Master/	juego de DOS descomprimido para la consola (seguro)
CREADO		emu/ROMS/DOS/Casino Master.conf	lanzador de dosbox_svn (seguro: CASINO.EXE)
MOVIDO	emu/dos/Casino Master.zip	emu/ORIGINALES/DOS/Casino Master.zip	original del juego, catalogado; la copia descomprimida está en emu/ROMS/DOS/Casino Master/
EXTRAIDO	emu/dos/Castle Wolfenstein.zip	emu/ROMS/DOS/Castle Wolfenstein/	juego de DOS descomprimido para la consola (seguro)
CREADO		emu/ROMS/DOS/Castle Wolfenstein.conf	lanzador de dosbox_svn (seguro: CW.EXE)
MOVIDO	emu/dos/Castle Wolfenstein.zip	emu/ORIGINALES/DOS/Castle Wolfenstein.zip	original del juego, catalogado; la copia descomprimida está en emu/ROMS/DOS/Castle Wolfenstein/
EXTRAIDO	emu/dos/Castle of Dr. Brain.zip	emu/ROMS/SCUMMVM/Castle of Dr. Brain/	juego de DOS descomprimido para la consola (scummvm)
CREADO		emu/ROMS/SCUMMVM/Castle of Dr. Brain/drbrain/Castle of Dr. Brain.scummvm	lanzador de ScummVM (id castlebrain)
MOVIDO	emu/dos/Castle of Dr. Brain.zip	emu/ORIGINALES/DOS/Castle of Dr. Brain.zip	original del juego, catalogado; la copia descomprimida está en emu/ROMS/SCUMMVM/Castle of Dr. Brain/
EXTRAIDO	emu/dos/Castles.zip	emu/ROMS/DOS/Castles/	juego de DOS descomprimido para la consola (seguro)
CREADO		emu/ROMS/DOS/Castles.conf	lanzador de dosbox_svn (seguro: castles/CASTLES.BAT)
MOVIDO	emu/dos/Castles.zip	emu/ORIGINALES/DOS/Castles.zip	original del juego, catalogado; la copia descomprimida está en emu/ROMS/DOS/Castles/
EXTRAIDO	emu/dos/Castlevania.zip	emu/ROMS/DOS/Castlevania/	juego de DOS descomprimido para la consola (seguro)
CREADO		emu/ROMS/DOS/Castlevania.conf	lanzador de dosbox_svn (seguro: CASTLEVA/CASTLE.EXE)
MOVIDO	emu/dos/Castlevania.zip	emu/ORIGINALES/DOS/Castlevania.zip	original del juego, catalogado; la copia descomprimida está en emu/ROMS/DOS/Castlevania/
EXTRAIDO	emu/dos/Centurion - Defender of Rome.zip	emu/ROMS/DOS/Centurion - Defender of Rome/	juego de DOS descomprimido para la consola (dudoso)
CREADO		emu/ROMS/DOS/Centurion - Defender of Rome.conf	lanzador de dosbox_svn (dudoso: RUNME.BAT)
MOVIDO	emu/dos/Centurion - Defender of Rome.zip	emu/ORIGINALES/DOS/Centurion - Defender of Rome.zip	original del juego, catalogado; la copia descomprimida está en emu/ROMS/DOS/Centurion - Defender of Rome/
EXTRAIDO	emu/dos/Champion of the Raj.zip	emu/ROMS/DOS/Champion of the Raj/	juego de DOS descomprimido para la consola (seguro)
CREADO		emu/ROMS/DOS/Champion of the Raj.conf	lanzador de dosbox_svn (seguro: RAJ.BAT)
MOVIDO	emu/dos/Champion of the Raj.zip	emu/ORIGINALES/DOS/Champion of the Raj.zip	original del juego, catalogado; la copia descomprimida está en emu/ROMS/DOS/Champion of the Raj/
EXTRAIDO	emu/dos/Champions of Krynn.zip	emu/ROMS/DOS/Champions of Krynn/	juego de DOS descomprimido para la consola (seguro)
CREADO		emu/ROMS/DOS/Champions of Krynn.conf	lanzador de dosbox_svn (seguro: START.EXE)
MOVIDO	emu/dos/Champions of Krynn.zip	emu/ORIGINALES/DOS/Champions of Krynn.zip	original del juego, catalogado; la copia descomprimida está en emu/ROMS/DOS/Champions of Krynn/
EXTRAIDO	emu/dos/Championship Lode Runner.zip	emu/ROMS/DOS/Championship Lode Runner/	juego de DOS descomprimido para la consola (disquete)
CREADO		emu/ROMS/DOS/Championship Lode Runner.conf	lanzador de dosbox_svn (disquete: chlode/CHLODE.IMG)
MOVIDO	emu/dos/Championship Lode Runner.zip	emu/ORIGINALES/DOS/Championship Lode Runner.zip	original del juego, catalogado; la copia descomprimida está en emu/ROMS/DOS/Championship Lode Runner/
EXTRAIDO	emu/dos/Charlie Chaplin.zip	emu/ROMS/DOS/Charlie Chaplin/	juego de DOS descomprimido para la consola (seguro)
CREADO		emu/ROMS/DOS/Charlie Chaplin.conf	lanzador de dosbox_svn (seguro: Charlie/CHAPLIN.EXE)
MOVIDO	emu/dos/Charlie Chaplin.zip	emu/ORIGINALES/DOS/Charlie Chaplin.zip	original del juego, catalogado; la copia descomprimida está en emu/ROMS/DOS/Charlie Chaplin/
EXTRAIDO	emu/dos/Chasm The Rift.zip	emu/ROMS/DOS/Chasm The Rift/	juego de DOS descomprimido para la consola (seguro)
CREADO		emu/ROMS/DOS/Chasm The Rift.conf	lanzador de dosbox_svn (seguro: CHASM.EXE)
MOVIDO	emu/dos/Chasm The Rift.zip	emu/ORIGINALES/DOS/Chasm The Rift.zip	original del juego, catalogado; la copia descomprimida está en emu/ROMS/DOS/Chasm The Rift/
EXTRAIDO	emu/dos/Chessmaster 2000.zip	emu/ROMS/DOS/Chessmaster 2000/	juego de DOS descomprimido para la consola (dudoso)
CREADO		emu/ROMS/DOS/Chessmaster 2000.conf	lanzador de dosbox_svn (dudoso: CM.EXE)
MOVIDO	emu/dos/Chessmaster 2000.zip	emu/ORIGINALES/DOS/Chessmaster 2000.zip	original del juego, catalogado; la copia descomprimida está en emu/ROMS/DOS/Chessmaster 2000/
EXTRAIDO	emu/dos/Chip's Challenge.zip	emu/ROMS/DOS/Chip's Challenge/	juego de DOS descomprimido para la consola (seguro)
CREADO		emu/ROMS/DOS/Chip's Challenge.conf	lanzador de dosbox_svn (seguro: chips/CHIPS.EXE)
MOVIDO	emu/dos/Chip's Challenge.zip	emu/ORIGINALES/DOS/Chip's Challenge.zip	original del juego, catalogado; la copia descomprimida está en emu/ROMS/DOS/Chip's Challenge/
EXTRAIDO	emu/dos/Chopper Commando.zip	emu/ROMS/DOS/Chopper Commando/	juego de DOS descomprimido para la consola (seguro)
CREADO		emu/ROMS/DOS/Chopper Commando.conf	lanzador de dosbox_svn (seguro: CHOPPER2.EXE)
MOVIDO	emu/dos/Chopper Commando.zip	emu/ORIGINALES/DOS/Chopper Commando.zip	original del juego, catalogado; la copia descomprimida está en emu/ROMS/DOS/Chopper Commando/
EXTRAIDO	emu/dos/Civilization.zip	emu/ROMS/DOS/Civilization/	juego de DOS descomprimido para la consola (dudoso)
CREADO		emu/ROMS/DOS/Civilization.conf	lanzador de dosbox_svn (dudoso: civ/CIV.EXE)
MOVIDO	emu/dos/Civilization.zip	emu/ORIGINALES/DOS/Civilization.zip	original del juego, catalogado; la copia descomprimida está en emu/ROMS/DOS/Civilization/
EXTRAIDO	emu/dos/Classic Concentration.zip	emu/ROMS/DOS/Classic Concentration/	juego de DOS descomprimido para la consola (seguro)
CREADO		emu/ROMS/DOS/Classic Concentration.conf	lanzador de dosbox_svn (seguro: CLASSIC.EXE)
MOVIDO	emu/dos/Classic Concentration.zip	emu/ORIGINALES/DOS/Classic Concentration.zip	original del juego, catalogado; la copia descomprimida está en emu/ROMS/DOS/Classic Concentration/
EXTRAIDO	emu/dos/Cloud Kingdoms.zip	emu/ROMS/DOS/Cloud Kingdoms/	juego de DOS descomprimido para la consola (dudoso)
CREADO		emu/ROMS/DOS/Cloud Kingdoms.conf	lanzador de dosbox_svn (dudoso: CKEGA.EXE)
MOVIDO	emu/dos/Cloud Kingdoms.zip	emu/ORIGINALES/DOS/Cloud Kingdoms.zip	original del juego, catalogado; la copia descomprimida está en emu/ROMS/DOS/Cloud Kingdoms/
EXTRAIDO	emu/dos/Clue - Master Detective.zip	emu/ROMS/DOS/Clue - Master Detective/	juego de DOS descomprimido para la consola (seguro)
CREADO		emu/ROMS/DOS/Clue - Master Detective.conf	lanzador de dosbox_svn (seguro: CLUE.EXE)
MOVIDO	emu/dos/Clue - Master Detective.zip	emu/ORIGINALES/DOS/Clue - Master Detective.zip	original del juego, catalogado; la copia descomprimida está en emu/ROMS/DOS/Clue - Master Detective/
EXTRAIDO	emu/dos/Codename - Iceman.zip	emu/ROMS/SCUMMVM/Codename - Iceman/	juego de DOS descomprimido para la consola (scummvm)
CREADO		emu/ROMS/SCUMMVM/Codename - Iceman/ICE/Codename - Iceman.scummvm	lanzador de ScummVM (id iceman)
MOVIDO	emu/dos/Codename - Iceman.zip	emu/ORIGINALES/DOS/Codename - Iceman.zip	original del juego, catalogado; la copia descomprimida está en emu/ROMS/SCUMMVM/Codename - Iceman/
EXTRAIDO	emu/dos/Colonization.zip	emu/ROMS/DOS/Colonization/	juego de DOS descomprimido para la consola (instalar)
CREADO		emu/ROMS/DOS/Colonization.conf	lanzador de dosbox_svn (instalar: sin ejecutable)
MOVIDO	emu/dos/Colonization.zip	emu/ORIGINALES/DOS/Colonization.zip	original del juego, catalogado; la copia descomprimida está en emu/ROMS/DOS/Colonization/
EXTRAIDO	emu/dos/Colorado.zip	emu/ROMS/DOS/Colorado/	juego de DOS descomprimido para la consola (seguro)
CREADO		emu/ROMS/DOS/Colorado.conf	lanzador de dosbox_svn (seguro: COLORADO.EXE)
MOVIDO	emu/dos/Colorado.zip	emu/ORIGINALES/DOS/Colorado.zip	original del juego, catalogado; la copia descomprimida está en emu/ROMS/DOS/Colorado/
EXTRAIDO	emu/dos/Command HQ.zip	emu/ROMS/DOS/Command HQ/	juego de DOS descomprimido para la consola (seguro)
CREADO		emu/ROMS/DOS/Command HQ.conf	lanzador de dosbox_svn (seguro: CHQ.EXE)
MOVIDO	emu/dos/Command HQ.zip	emu/ORIGINALES/DOS/Command HQ.zip	original del juego, catalogado; la copia descomprimida está en emu/ROMS/DOS/Command HQ/
EXTRAIDO	emu/dos/Commander Keen - Keen Dreams.zip	emu/ROMS/DOS/Commander Keen - Keen Dreams/	juego de DOS descomprimido para la consola (seguro)
CREADO		emu/ROMS/DOS/Commander Keen - Keen Dreams.conf	lanzador de dosbox_svn (seguro: keend/START.EXE)
MOVIDO	emu/dos/Commander Keen - Keen Dreams.zip	emu/ORIGINALES/DOS/Commander Keen - Keen Dreams.zip	original del juego, catalogado; la copia descomprimida está en emu/ROMS/DOS/Commander Keen - Keen Dreams/
EXTRAIDO	emu/dos/Commander Keen 1 - Marooned on Mars.zip	emu/ROMS/DOS/Commander Keen 1 - Marooned on Mars/	juego de DOS descomprimido para la consola (seguro)
CREADO		emu/ROMS/DOS/Commander Keen 1 - Marooned on Mars.conf	lanzador de dosbox_svn (seguro: KEEN1/KEEN1.EXE)
MOVIDO	emu/dos/Commander Keen 1 - Marooned on Mars.zip	emu/ORIGINALES/DOS/Commander Keen 1 - Marooned on Mars.zip	original del juego, catalogado; la copia descomprimida está en emu/ROMS/DOS/Commander Keen 1 - Marooned on Mars/
EXTRAIDO	emu/dos/Commander Keen 4 - Secret of the Oracle.zip	emu/ROMS/DOS/Commander Keen 4 - Secret of the Oracle/	juego de DOS descomprimido para la consola (seguro)
CREADO		emu/ROMS/DOS/Commander Keen 4 - Secret of the Oracle.conf	lanzador de dosbox_svn (seguro: keen4/KEEN4E.EXE)
MOVIDO	emu/dos/Commander Keen 4 - Secret of the Oracle.zip	emu/ORIGINALES/DOS/Commander Keen 4 - Secret of the Oracle.zip	original del juego, catalogado; la copia descomprimida está en emu/ROMS/DOS/Commander Keen 4 - Secret of the Oracle/
EXTRAIDO	emu/dos/Commander Keen 6 - Aliens ate my Baby Sitter.zip	emu/ROMS/DOS/Commander Keen 6 - Aliens ate my Baby Sitter/	juego de DOS descomprimido para la consola (seguro)
CREADO		emu/ROMS/DOS/Commander Keen 6 - Aliens ate my Baby Sitter.conf	lanzador de dosbox_svn (seguro: KEEN6C.EXE)
MOVIDO	emu/dos/Commander Keen 6 - Aliens ate my Baby Sitter.zip	emu/ORIGINALES/DOS/Commander Keen 6 - Aliens ate my Baby Sitter.zip	original del juego, catalogado; la copia descomprimida está en emu/ROMS/DOS/Commander Keen 6 - Aliens ate my Baby Sitter/
EXTRAIDO	emu/dos/Commando.zip	emu/ROMS/DOS/Commando/	juego de DOS descomprimido para la consola (seguro)
CREADO		emu/ROMS/DOS/Commando.conf	lanzador de dosbox_svn (seguro: COMMANDO.EXE)
MOVIDO	emu/dos/Commando.zip	emu/ORIGINALES/DOS/Commando.zip	original del juego, catalogado; la copia descomprimida está en emu/ROMS/DOS/Commando/
EXTRAIDO	emu/dos/Companions of Xanth.zip	emu/ROMS/DOS/Companions of Xanth/	juego de DOS descomprimido para la consola (seguro)
CREADO		emu/ROMS/DOS/Companions of Xanth.conf	lanzador de dosbox_svn (seguro: coxanth/XANTH.EXE)
MOVIDO	emu/dos/Companions of Xanth.zip	emu/ORIGINALES/DOS/Companions of Xanth.zip	original del juego, catalogado; la copia descomprimida está en emu/ROMS/DOS/Companions of Xanth/
EXTRAIDO	emu/dos/Conan the Cimmerian.zip	emu/ROMS/DOS/Conan the Cimmerian/	juego de DOS descomprimido para la consola (dudoso)
CREADO		emu/ROMS/DOS/Conan the Cimmerian.conf	lanzador de dosbox_svn (dudoso: conan/CONAN.EXE)
MOVIDO	emu/dos/Conan the Cimmerian.zip	emu/ORIGINALES/DOS/Conan the Cimmerian.zip	original del juego, catalogado; la copia descomprimida está en emu/ROMS/DOS/Conan the Cimmerian/
EXTRAIDO	emu/dos/Conflict in Vietnam.zip	emu/ROMS/DOS/Conflict in Vietnam/	juego de DOS descomprimido para la consola (seguro)
CREADO		emu/ROMS/DOS/Conflict in Vietnam.conf	lanzador de dosbox_svn (seguro: vietnam/Vietnam.com)
MOVIDO	emu/dos/Conflict in Vietnam.zip	emu/ORIGINALES/DOS/Conflict in Vietnam.zip	original del juego, catalogado; la copia descomprimida está en emu/ROMS/DOS/Conflict in Vietnam/
EXTRAIDO	emu/dos/Conqueror.zip	emu/ROMS/DOS/Conqueror/	juego de DOS descomprimido para la consola (dudoso)
CREADO		emu/ROMS/DOS/Conqueror.conf	lanzador de dosbox_svn (dudoso: TANKS.BAT)
MOVIDO	emu/dos/Conqueror.zip	emu/ORIGINALES/DOS/Conqueror.zip	original del juego, catalogado; la copia descomprimida está en emu/ROMS/DOS/Conqueror/
EXTRAIDO	emu/dos/Conquests of the Longbow - The Legend of Robin Hood.zip	emu/ROMS/SCUMMVM/Conquests of the Longbow - The Legend of Robin Hood/	juego de DOS descomprimido para la consola (scummvm)
CREADO		emu/ROMS/SCUMMVM/Conquests of the Longbow - The Legend of Robin Hood/longbow/Conquests of the Longbow - The Legend of Robin Hood.scummvm	lanzador de ScummVM (id longbow)
MOVIDO	emu/dos/Conquests of the Longbow - The Legend of Robin Hood.zip	emu/ORIGINALES/DOS/Conquests of the Longbow - The Legend of Robin Hood.zip	original del juego, catalogado; la copia descomprimida está en emu/ROMS/SCUMMVM/Conquests of the Longbow - The Legend of Robin Hood/
EXTRAIDO	emu/dos/Constructor.zip	emu/ROMS/DOS/Constructor/	juego de DOS descomprimido para la consola (seguro)
CREADO		emu/ROMS/DOS/Constructor.conf	lanzador de dosbox_svn (seguro: GAME.EXE)
MOVIDO	emu/dos/Constructor.zip	emu/ORIGINALES/DOS/Constructor.zip	original del juego, catalogado; la copia descomprimida está en emu/ROMS/DOS/Constructor/
EXTRAIDO	emu/dos/Contraption Zack.zip	emu/ROMS/DOS/Contraption Zack/	juego de DOS descomprimido para la consola (seguro)
CREADO		emu/ROMS/DOS/Contraption Zack.conf	lanzador de dosbox_svn (seguro: zack/ZACK.EXE)
MOVIDO	emu/dos/Contraption Zack.zip	emu/ORIGINALES/DOS/Contraption Zack.zip	original del juego, catalogado; la copia descomprimida está en emu/ROMS/DOS/Contraption Zack/
EXTRAIDO	emu/dos/Cool Croc Twins.zip	emu/ROMS/DOS/Cool Croc Twins/	juego de DOS descomprimido para la consola (dudoso)
CREADO		emu/ROMS/DOS/Cool Croc Twins.conf	lanzador de dosbox_svn (dudoso: croc/COOL.EXE)
MOVIDO	emu/dos/Cool Croc Twins.zip	emu/ORIGINALES/DOS/Cool Croc Twins.zip	original del juego, catalogado; la copia descomprimida está en emu/ROMS/DOS/Cool Croc Twins/
EXTRAIDO	emu/dos/Cool Spot.zip	emu/ROMS/DOS/Cool Spot/	juego de DOS descomprimido para la consola (seguro)
CREADO		emu/ROMS/DOS/Cool Spot.conf	lanzador de dosbox_svn (seguro: SPOT.EXE)
MOVIDO	emu/dos/Cool Spot.zip	emu/ORIGINALES/DOS/Cool Spot.zip	original del juego, catalogado; la copia descomprimida está en emu/ROMS/DOS/Cool Spot/
EXTRAIDO	emu/dos/Corporate Raider.zip	emu/ROMS/DOS/Corporate Raider/	juego de DOS descomprimido para la consola (seguro)
CREADO		emu/ROMS/DOS/Corporate Raider.conf	lanzador de dosbox_svn (seguro: corpraid/RAIDER.EXE)
MOVIDO	emu/dos/Corporate Raider.zip	emu/ORIGINALES/DOS/Corporate Raider.zip	original del juego, catalogado; la copia descomprimida está en emu/ROMS/DOS/Corporate Raider/
EXTRAIDO	emu/dos/Corporation.zip	emu/ROMS/DOS/Corporation/	juego de DOS descomprimido para la consola (seguro)
CREADO		emu/ROMS/DOS/Corporation.conf	lanzador de dosbox_svn (seguro: CORP.EXE)
MOVIDO	emu/dos/Corporation.zip	emu/ORIGINALES/DOS/Corporation.zip	original del juego, catalogado; la copia descomprimida está en emu/ROMS/DOS/Corporation/
EXTRAIDO	emu/dos/Cosmic Crusader.zip	emu/ROMS/DOS/Cosmic Crusader/	juego de DOS descomprimido para la consola (seguro)
CREADO		emu/ROMS/DOS/Cosmic Crusader.conf	lanzador de dosbox_svn (seguro: Cosmic Crusader.exe)
MOVIDO	emu/dos/Cosmic Crusader.zip	emu/ORIGINALES/DOS/Cosmic Crusader.zip	original del juego, catalogado; la copia descomprimida está en emu/ROMS/DOS/Cosmic Crusader/
EXTRAIDO	emu/dos/Countdown.zip	emu/ROMS/DOS/Countdown/	juego de DOS descomprimido para la consola (seguro)
CREADO		emu/ROMS/DOS/Countdown.conf	lanzador de dosbox_svn (seguro: count/COUNT.EXE)
MOVIDO	emu/dos/Countdown.zip	emu/ORIGINALES/DOS/Countdown.zip	original del juego, catalogado; la copia descomprimida está en emu/ROMS/DOS/Countdown/
EXTRAIDO	emu/dos/Covert Action.zip	emu/ROMS/DOS/Covert Action/	juego de DOS descomprimido para la consola (dudoso)
CREADO		emu/ROMS/DOS/Covert Action.conf	lanzador de dosbox_svn (dudoso: COVERT.BAT)
MOVIDO	emu/dos/Covert Action.zip	emu/ORIGINALES/DOS/Covert Action.zip	original del juego, catalogado; la copia descomprimida está en emu/ROMS/DOS/Covert Action/
EXTRAIDO	emu/dos/Crazy Cars II.zip	emu/ROMS/DOS/Crazy Cars II/	juego de DOS descomprimido para la consola (seguro)
CREADO		emu/ROMS/DOS/Crazy Cars II.conf	lanzador de dosbox_svn (seguro: CRAZYCA2/RUNME.BAT)
MOVIDO	emu/dos/Crazy Cars II.zip	emu/ORIGINALES/DOS/Crazy Cars II.zip	original del juego, catalogado; la copia descomprimida está en emu/ROMS/DOS/Crazy Cars II/
EXTRAIDO	emu/dos/Crazy Cars.zip	emu/ROMS/DOS/Crazy Cars/	juego de DOS descomprimido para la consola (seguro)
CREADO		emu/ROMS/DOS/Crazy Cars.conf	lanzador de dosbox_svn (seguro: RUNME.BAT)
MOVIDO	emu/dos/Crazy Cars.zip	emu/ORIGINALES/DOS/Crazy Cars.zip	original del juego, catalogado; la copia descomprimida está en emu/ROMS/DOS/Crazy Cars/
EXTRAIDO	emu/dos/Creepers.zip	emu/ROMS/DOS/Creepers/	juego de DOS descomprimido para la consola (dudoso)
CREADO		emu/ROMS/DOS/Creepers.conf	lanzador de dosbox_svn (dudoso: CREEPERS.EXE)
MOVIDO	emu/dos/Creepers.zip	emu/ORIGINALES/DOS/Creepers.zip	original del juego, catalogado; la copia descomprimida está en emu/ROMS/DOS/Creepers/
EXTRAIDO	emu/dos/Crime Time.zip	emu/ROMS/DOS/Crime Time/	juego de DOS descomprimido para la consola (seguro)
CREADO		emu/ROMS/DOS/Crime Time.conf	lanzador de dosbox_svn (seguro: ctime/CRIME.BAT)
MOVIDO	emu/dos/Crime Time.zip	emu/ORIGINALES/DOS/Crime Time.zip	original del juego, catalogado; la copia descomprimida está en emu/ROMS/DOS/Crime Time/
EXTRAIDO	emu/dos/Crime Wave.zip	emu/ROMS/DOS/Crime Wave/	juego de DOS descomprimido para la consola (seguro)
CREADO		emu/ROMS/DOS/Crime Wave.conf	lanzador de dosbox_svn (seguro: crime/Cw.exe)
MOVIDO	emu/dos/Crime Wave.zip	emu/ORIGINALES/DOS/Crime Wave.zip	original del juego, catalogado; la copia descomprimida está en emu/ROMS/DOS/Crime Wave/
EXTRAIDO	emu/dos/Crossbow.zip	emu/ROMS/DOS/Crossbow/	juego de DOS descomprimido para la consola (seguro)
CREADO		emu/ROMS/DOS/Crossbow.conf	lanzador de dosbox_svn (seguro: RUNME.BAT)
MOVIDO	emu/dos/Crossbow.zip	emu/ORIGINALES/DOS/Crossbow.zip	original del juego, catalogado; la copia descomprimida está en emu/ROMS/DOS/Crossbow/
EXTRAIDO	emu/dos/Crossfire.zip	emu/ROMS/DOS/Crossfire/	juego de DOS descomprimido para la consola (seguro)
CREADO		emu/ROMS/DOS/Crossfire.conf	lanzador de dosbox_svn (seguro: CrossFire.com)
MOVIDO	emu/dos/Crossfire.zip	emu/ORIGINALES/DOS/Crossfire.zip	original del juego, catalogado; la copia descomprimida está en emu/ROMS/DOS/Crossfire/
EXTRAIDO	emu/dos/Cruise for a Corpse.zip	emu/ROMS/DOS/Cruise for a Corpse/	juego de DOS descomprimido para la consola (seguro)
CREADO		emu/ROMS/DOS/Cruise for a Corpse.conf	lanzador de dosbox_svn (seguro: cfac/CRUISE.EXE)
MOVIDO	emu/dos/Cruise for a Corpse.zip	emu/ORIGINALES/DOS/Cruise for a Corpse.zip	original del juego, catalogado; la copia descomprimida está en emu/ROMS/DOS/Cruise for a Corpse/
EXTRAIDO	emu/dos/Crusade in Europe.zip	emu/ROMS/DOS/Crusade in Europe/	juego de DOS descomprimido para la consola (seguro)
CREADO		emu/ROMS/DOS/Crusade in Europe.conf	lanzador de dosbox_svn (seguro: crusade/CRUSADE.COM)
MOVIDO	emu/dos/Crusade in Europe.zip	emu/ORIGINALES/DOS/Crusade in Europe.zip	original del juego, catalogado; la copia descomprimida está en emu/ROMS/DOS/Crusade in Europe/
EXTRAIDO	emu/dos/Crystals of Arborea.zip	emu/ROMS/DOS/Crystals of Arborea/	juego de DOS descomprimido para la consola (seguro)
CREADO		emu/ROMS/DOS/Crystals of Arborea.conf	lanzador de dosbox_svn (seguro: Crystals/START.EXE)
MOVIDO	emu/dos/Crystals of Arborea.zip	emu/ORIGINALES/DOS/Crystals of Arborea.zip	original del juego, catalogado; la copia descomprimida está en emu/ROMS/DOS/Crystals of Arborea/
EXTRAIDO	emu/dos/Curse of Enchantia.zip	emu/ROMS/DOS/Curse of Enchantia/	juego de DOS descomprimido para la consola (seguro)
CREADO		emu/ROMS/DOS/Curse of Enchantia.conf	lanzador de dosbox_svn (seguro: curseoe/CURSE.EXE)
MOVIDO	emu/dos/Curse of Enchantia.zip	emu/ORIGINALES/DOS/Curse of Enchantia.zip	original del juego, catalogado; la copia descomprimida está en emu/ROMS/DOS/Curse of Enchantia/
EXTRAIDO	emu/dos/Curse of the Azure Bonds.zip	emu/ROMS/DOS/Curse of the Azure Bonds/	juego de DOS descomprimido para la consola (seguro)
CREADO		emu/ROMS/DOS/Curse of the Azure Bonds.conf	lanzador de dosbox_svn (seguro: START.EXE)
MOVIDO	emu/dos/Curse of the Azure Bonds.zip	emu/ORIGINALES/DOS/Curse of the Azure Bonds.zip	original del juego, catalogado; la copia descomprimida está en emu/ROMS/DOS/Curse of the Azure Bonds/
EXTRAIDO	emu/dos/CyClones.zip	emu/ROMS/DOS/CyClones/	juego de DOS descomprimido para la consola (dudoso)
CREADO		emu/ROMS/DOS/CyClones.conf	lanzador de dosbox_svn (dudoso: cyclones/CYCLONE.EXE)
MOVIDO	emu/dos/CyClones.zip	emu/ORIGINALES/DOS/CyClones.zip	original del juego, catalogado; la copia descomprimida está en emu/ROMS/DOS/CyClones/
EXTRAIDO	emu/dos/Cyber Empires.zip	emu/ROMS/DOS/Cyber Empires/	juego de DOS descomprimido para la consola (dudoso)
CREADO		emu/ROMS/DOS/Cyber Empires.conf	lanzador de dosbox_svn (dudoso: cyber/runme.bat)
MOVIDO	emu/dos/Cyber Empires.zip	emu/ORIGINALES/DOS/Cyber Empires.zip	original del juego, catalogado; la copia descomprimida está en emu/ROMS/DOS/Cyber Empires/
EXTRAIDO	emu/dos/CyberRace.zip	emu/ROMS/DOS/CyberRace/	juego de DOS descomprimido para la consola (dudoso)
CREADO		emu/ROMS/DOS/CyberRace.conf	lanzador de dosbox_svn (dudoso: CyberRac/cr.bat)
MOVIDO	emu/dos/CyberRace.zip	emu/ORIGINALES/DOS/CyberRace.zip	original del juego, catalogado; la copia descomprimida está en emu/ROMS/DOS/CyberRace/
EXTRAIDO	emu/dos/Cyborg.zip	emu/ROMS/DOS/Cyborg/	juego de DOS descomprimido para la consola (seguro)
CREADO		emu/ROMS/DOS/Cyborg.conf	lanzador de dosbox_svn (seguro: cyborg/START.COM)
MOVIDO	emu/dos/Cyborg.zip	emu/ORIGINALES/DOS/Cyborg.zip	original del juego, catalogado; la copia descomprimida está en emu/ROMS/DOS/Cyborg/
EXTRAIDO	emu/dos/D-Generation.zip	emu/ROMS/DOS/D-Generation/	juego de DOS descomprimido para la consola (dudoso)
CREADO		emu/ROMS/DOS/D-Generation.conf	lanzador de dosbox_svn (dudoso: dgen/DGEN.EXE)
MOVIDO	emu/dos/D-Generation.zip	emu/ORIGINALES/DOS/D-Generation.zip	original del juego, catalogado; la copia descomprimida está en emu/ROMS/DOS/D-Generation/
EXTRAIDO	emu/dos/DJ Puff's Volcanic Capers.zip	emu/ROMS/DOS/DJ Puff's Volcanic Capers/	juego de DOS descomprimido para la consola (seguro)
CREADO		emu/ROMS/DOS/DJ Puff's Volcanic Capers.conf	lanzador de dosbox_svn (seguro: dj.exe)
MOVIDO	emu/dos/DJ Puff's Volcanic Capers.zip	emu/ORIGINALES/DOS/DJ Puff's Volcanic Capers.zip	original del juego, catalogado; la copia descomprimida está en emu/ROMS/DOS/DJ Puff's Volcanic Capers/
EXTRAIDO	emu/dos/Daemonsgate.zip	emu/ROMS/DOS/Daemonsgate/	juego de DOS descomprimido para la consola (dudoso)
CREADO		emu/ROMS/DOS/Daemonsgate.conf	lanzador de dosbox_svn (dudoso: DGINST.EXE)
MOVIDO	emu/dos/Daemonsgate.zip	emu/ORIGINALES/DOS/Daemonsgate.zip	original del juego, catalogado; la copia descomprimida está en emu/ROMS/DOS/Daemonsgate/
EXTRAIDO	emu/dos/Dalek Attack.zip	emu/ROMS/DOS/Dalek Attack/	juego de DOS descomprimido para la consola (dudoso)
CREADO		emu/ROMS/DOS/Dalek Attack.conf	lanzador de dosbox_svn (dudoso: Dalek/Drw.exe)
MOVIDO	emu/dos/Dalek Attack.zip	emu/ORIGINALES/DOS/Dalek Attack.zip	original del juego, catalogado; la copia descomprimida está en emu/ROMS/DOS/Dalek Attack/
EXTRAIDO	emu/dos/Dangerous Dave.zip	emu/ROMS/DOS/Dangerous Dave/	juego de DOS descomprimido para la consola (seguro)
CREADO		emu/ROMS/DOS/Dangerous Dave.conf	lanzador de dosbox_svn (seguro: DAVE.EXE)
MOVIDO	emu/dos/Dangerous Dave.zip	emu/ORIGINALES/DOS/Dangerous Dave.zip	original del juego, catalogado; la copia descomprimida está en emu/ROMS/DOS/Dangerous Dave/
EXTRAIDO	emu/dos/Dark Castle.zip	emu/ROMS/DOS/Dark Castle/	juego de DOS descomprimido para la consola (dudoso)
CREADO		emu/ROMS/DOS/Dark Castle.conf	lanzador de dosbox_svn (dudoso: DC.EXE)
MOVIDO	emu/dos/Dark Castle.zip	emu/ORIGINALES/DOS/Dark Castle.zip	original del juego, catalogado; la copia descomprimida está en emu/ROMS/DOS/Dark Castle/
EXTRAIDO	emu/dos/Dark Seed II.zip	emu/ROMS/DOS/Dark Seed II/	juego de DOS descomprimido para la consola (seguro)
CREADO		emu/ROMS/DOS/Dark Seed II.conf	lanzador de dosbox_svn (seguro: DARKSEED/DARK0001.EXE)
MOVIDO	emu/dos/Dark Seed II.zip	emu/ORIGINALES/DOS/Dark Seed II.zip	original del juego, catalogado; la copia descomprimida está en emu/ROMS/DOS/Dark Seed II/
EXTRAIDO	emu/dos/Dark Seed.zip	emu/ROMS/DOS/Dark Seed/	juego de DOS descomprimido para la consola (dudoso)
CREADO		emu/ROMS/DOS/Dark Seed.conf	lanzador de dosbox_svn (dudoso: darkseed/DS.BAT)
MOVIDO	emu/dos/Dark Seed.zip	emu/ORIGINALES/DOS/Dark Seed.zip	original del juego, catalogado; la copia descomprimida está en emu/ROMS/DOS/Dark Seed/
EXTRAIDO	emu/dos/Darklands.zip	emu/ROMS/DOS/Darklands/	juego de DOS descomprimido para la consola (dudoso)
CREADO		emu/ROMS/DOS/Darklands.conf	lanzador de dosbox_svn (dudoso: DARKLAND.EXE)
MOVIDO	emu/dos/Darklands.zip	emu/ORIGINALES/DOS/Darklands.zip	original del juego, catalogado; la copia descomprimida está en emu/ROMS/DOS/Darklands/
EXTRAIDO	emu/dos/Darkspyre.zip	emu/ROMS/DOS/Darkspyre/	juego de DOS descomprimido para la consola (seguro)
CREADO		emu/ROMS/DOS/Darkspyre.conf	lanzador de dosbox_svn (seguro: DARKSPYR.COM)
MOVIDO	emu/dos/Darkspyre.zip	emu/ORIGINALES/DOS/Darkspyre.zip	original del juego, catalogado; la copia descomprimida está en emu/ROMS/DOS/Darkspyre/
EXTRAIDO	emu/dos/Day of the Viper.zip	emu/ROMS/DOS/Day of the Viper/	juego de DOS descomprimido para la consola (seguro)
CREADO		emu/ROMS/DOS/Day of the Viper.conf	lanzador de dosbox_svn (seguro: VIPER.EXE)
MOVIDO	emu/dos/Day of the Viper.zip	emu/ORIGINALES/DOS/Day of the Viper.zip	original del juego, catalogado; la copia descomprimida está en emu/ROMS/DOS/Day of the Viper/
EXTRAIDO	emu/dos/Deadline.zip	emu/ROMS/DOS/Deadline/	juego de DOS descomprimido para la consola (seguro)
CREADO		emu/ROMS/DOS/Deadline.conf	lanzador de dosbox_svn (seguro: deadline/Deadline.bat)
MOVIDO	emu/dos/Deadline.zip	emu/ORIGINALES/DOS/Deadline.zip	original del juego, catalogado; la copia descomprimida está en emu/ROMS/DOS/Deadline/
EXTRAIDO	emu/dos/Death Rally.zip	emu/ROMS/DOS/Death Rally/	juego de DOS descomprimido para la consola (seguro)
CREADO		emu/ROMS/DOS/Death Rally.conf	lanzador de dosbox_svn (seguro: RALLY.EXE)
MOVIDO	emu/dos/Death Rally.zip	emu/ORIGINALES/DOS/Death Rally.zip	original del juego, catalogado; la copia descomprimida está en emu/ROMS/DOS/Death Rally/
EXTRAIDO	emu/dos/Death Sword.zip	emu/ROMS/DOS/Death Sword/	juego de DOS descomprimido para la consola (seguro)
CREADO		emu/ROMS/DOS/Death Sword.conf	lanzador de dosbox_svn (seguro: deathsw/START.COM)
MOVIDO	emu/dos/Death Sword.zip	emu/ORIGINALES/DOS/Death Sword.zip	original del juego, catalogado; la copia descomprimida está en emu/ROMS/DOS/Death Sword/
EXTRAIDO	emu/dos/Deathtrack.zip	emu/ROMS/DOS/Deathtrack/	juego de DOS descomprimido para la consola (seguro)
CREADO		emu/ROMS/DOS/Deathtrack.conf	lanzador de dosbox_svn (seguro: DTRACK.EXE)
MOVIDO	emu/dos/Deathtrack.zip	emu/ORIGINALES/DOS/Deathtrack.zip	original del juego, catalogado; la copia descomprimida está en emu/ROMS/DOS/Deathtrack/
EXTRAIDO	emu/dos/Defender of the Crown.zip	emu/ROMS/DOS/Defender of the Crown/	juego de DOS descomprimido para la consola (dudoso)
CREADO		emu/ROMS/DOS/Defender of the Crown.conf	lanzador de dosbox_svn (dudoso: DOC.EXE)
MOVIDO	emu/dos/Defender of the Crown.zip	emu/ORIGINALES/DOS/Defender of the Crown.zip	original del juego, catalogado; la copia descomprimida está en emu/ROMS/DOS/Defender of the Crown/
EXTRAIDO	emu/dos/Demon Stalker.zip	emu/ROMS/DOS/Demon Stalker/	juego de DOS descomprimido para la consola (dudoso)
CREADO		emu/ROMS/DOS/Demon Stalker.conf	lanzador de dosbox_svn (dudoso: DS.BAT)
MOVIDO	emu/dos/Demon Stalker.zip	emu/ORIGINALES/DOS/Demon Stalker.zip	original del juego, catalogado; la copia descomprimida está en emu/ROMS/DOS/Demon Stalker/
EXTRAIDO	emu/dos/Demon's Forge.zip	emu/ROMS/DOS/Demon's Forge/	juego de DOS descomprimido para la consola (seguro)
CREADO		emu/ROMS/DOS/Demon's Forge.conf	lanzador de dosbox_svn (seguro: dforge/Forge.exe)
MOVIDO	emu/dos/Demon's Forge.zip	emu/ORIGINALES/DOS/Demon's Forge.zip	original del juego, catalogado; la copia descomprimida está en emu/ROMS/DOS/Demon's Forge/
EXTRAIDO	emu/dos/Demons Winter.zip	emu/ROMS/DOS/Demons Winter/	juego de DOS descomprimido para la consola (seguro)
CREADO		emu/ROMS/DOS/Demons Winter.conf	lanzador de dosbox_svn (seguro: DEMON.EXE)
MOVIDO	emu/dos/Demons Winter.zip	emu/ORIGINALES/DOS/Demons Winter.zip	original del juego, catalogado; la copia descomprimida está en emu/ROMS/DOS/Demons Winter/
EXTRAIDO	emu/dos/Descent (Shareware).zip	emu/ROMS/DOS/Descent (Shareware)/	juego de DOS descomprimido para la consola (seguro)
CREADO		emu/ROMS/DOS/Descent (Shareware).conf	lanzador de dosbox_svn (seguro: descent/DESCENT.BAT)
MOVIDO	emu/dos/Descent (Shareware).zip	emu/ORIGINALES/DOS/Descent (Shareware).zip	original del juego, catalogado; la copia descomprimida está en emu/ROMS/DOS/Descent (Shareware)/
EXTRAIDO	emu/dos/Descent 2 (Shareware).zip	emu/ROMS/DOS/Descent 2 (Shareware)/	juego de DOS descomprimido para la consola (dudoso)
CREADO		emu/ROMS/DOS/Descent 2 (Shareware).conf	lanzador de dosbox_svn (dudoso: d2demo/D2.BAT)
MOVIDO	emu/dos/Descent 2 (Shareware).zip	emu/ORIGINALES/DOS/Descent 2 (Shareware).zip	original del juego, catalogado; la copia descomprimida está en emu/ROMS/DOS/Descent 2 (Shareware)/
EXTRAIDO	emu/dos/Desert Rats.zip	emu/ROMS/DOS/Desert Rats/	juego de DOS descomprimido para la consola (seguro)
CREADO		emu/ROMS/DOS/Desert Rats.conf	lanzador de dosbox_svn (seguro: DES.EXE)
MOVIDO	emu/dos/Desert Rats.zip	emu/ORIGINALES/DOS/Desert Rats.zip	original del juego, catalogado; la copia descomprimida está en emu/ROMS/DOS/Desert Rats/
EXTRAIDO	emu/dos/Deus.zip	emu/ROMS/DOS/Deus/	juego de DOS descomprimido para la consola (seguro)
CREADO		emu/ROMS/DOS/Deus.conf	lanzador de dosbox_svn (seguro: start.exe)
MOVIDO	emu/dos/Deus.zip	emu/ORIGINALES/DOS/Deus.zip	original del juego, catalogado; la copia descomprimida está en emu/ROMS/DOS/Deus/
EXTRAIDO	emu/dos/Die Hard.zip	emu/ROMS/DOS/Die Hard/	juego de DOS descomprimido para la consola (seguro)
CREADO		emu/ROMS/DOS/Die Hard.conf	lanzador de dosbox_svn (seguro: diehard/DIE.EXE)
MOVIDO	emu/dos/Die Hard.zip	emu/ORIGINALES/DOS/Die Hard.zip	original del juego, catalogado; la copia descomprimida está en emu/ROMS/DOS/Die Hard/
EXTRAIDO	emu/dos/Dig Dug.zip	emu/ROMS/DOS/Dig Dug/	juego de DOS descomprimido para la consola (seguro)
CREADO		emu/ROMS/DOS/Dig Dug.conf	lanzador de dosbox_svn (seguro: DIGDUG.COM)
MOVIDO	emu/dos/Dig Dug.zip	emu/ORIGINALES/DOS/Dig Dug.zip	original del juego, catalogado; la copia descomprimida está en emu/ROMS/DOS/Dig Dug/
EXTRAIDO	emu/dos/Digger.zip	emu/ROMS/DOS/Digger/	juego de DOS descomprimido para la consola (seguro)
CREADO		emu/ROMS/DOS/Digger.conf	lanzador de dosbox_svn (seguro: DIGGER.COM)
MOVIDO	emu/dos/Digger.zip	emu/ORIGINALES/DOS/Digger.zip	original del juego, catalogado; la copia descomprimida está en emu/ROMS/DOS/Digger/
EXTRAIDO	emu/dos/Dinopark Tycoon.zip	emu/ROMS/DOS/Dinopark Tycoon/	juego de DOS descomprimido para la consola (seguro)
CREADO		emu/ROMS/DOS/Dinopark Tycoon.conf	lanzador de dosbox_svn (seguro: DINOPARK.EXE)
MOVIDO	emu/dos/Dinopark Tycoon.zip	emu/ORIGINALES/DOS/Dinopark Tycoon.zip	original del juego, catalogado; la copia descomprimida está en emu/ROMS/DOS/Dinopark Tycoon/
EXTRAIDO	emu/dos/Dinosaur Safari.zip	emu/ROMS/DOS/Dinosaur Safari/	juego de DOS descomprimido para la consola (seguro)
CREADO		emu/ROMS/DOS/Dinosaur Safari.conf	lanzador de dosbox_svn (seguro: Safari/DS.EXE)
MOVIDO	emu/dos/Dinosaur Safari.zip	emu/ORIGINALES/DOS/Dinosaur Safari.zip	original del juego, catalogado; la copia descomprimida está en emu/ROMS/DOS/Dinosaur Safari/
EXTRAIDO	emu/dos/Disc.zip	emu/ROMS/DOS/Disc/	juego de DOS descomprimido para la consola (dudoso)
CREADO		emu/ROMS/DOS/Disc.conf	lanzador de dosbox_svn (dudoso: disc/DISC.EXE)
MOVIDO	emu/dos/Disc.zip	emu/ORIGINALES/DOS/Disc.zip	original del juego, catalogado; la copia descomprimida está en emu/ROMS/DOS/Disc/
EXTRAIDO	emu/dos/Disciples of Steel.zip	emu/ROMS/DOS/Disciples of Steel/	juego de DOS descomprimido para la consola (dudoso)
CREADO		emu/ROMS/DOS/Disciples of Steel.conf	lanzador de dosbox_svn (dudoso: START.BAT)
MOVIDO	emu/dos/Disciples of Steel.zip	emu/ORIGINALES/DOS/Disciples of Steel.zip	original del juego, catalogado; la copia descomprimida está en emu/ROMS/DOS/Disciples of Steel/
EXTRAIDO	emu/dos/Discworld.zip	emu/ROMS/DOS/Discworld/	juego de DOS descomprimido para la consola (instalar)
CREADO		emu/ROMS/DOS/Discworld.conf	lanzador de dosbox_svn (instalar: sin ejecutable)
MOVIDO	emu/dos/Discworld.zip	emu/ORIGINALES/DOS/Discworld.zip	original del juego, catalogado; la copia descomprimida está en emu/ROMS/DOS/Discworld/
EXTRAIDO	emu/dos/Dive Bomber.zip	emu/ROMS/DOS/Dive Bomber/	juego de DOS descomprimido para la consola (seguro)
CREADO		emu/ROMS/DOS/Dive Bomber.conf	lanzador de dosbox_svn (seguro: DIVEBOMB.COM)
MOVIDO	emu/dos/Dive Bomber.zip	emu/ORIGINALES/DOS/Dive Bomber.zip	original del juego, catalogado; la copia descomprimida está en emu/ROMS/DOS/Dive Bomber/
EXTRAIDO	emu/dos/Dizzy Fantasy.zip	emu/ROMS/DOS/Dizzy Fantasy/	juego de DOS descomprimido para la consola (seguro)
CREADO		emu/ROMS/DOS/Dizzy Fantasy.conf	lanzador de dosbox_svn (seguro: DIZZY.EXE)
MOVIDO	emu/dos/Dizzy Fantasy.zip	emu/ORIGINALES/DOS/Dizzy Fantasy.zip	original del juego, catalogado; la copia descomprimida está en emu/ROMS/DOS/Dizzy Fantasy/
EXTRAIDO	emu/dos/Dizzy Prince Yolk Folk.zip	emu/ROMS/DOS/Dizzy Prince Yolk Folk/	juego de DOS descomprimido para la consola (seguro)
CREADO		emu/ROMS/DOS/Dizzy Prince Yolk Folk.conf	lanzador de dosbox_svn (seguro: FOLK.EXE)
MOVIDO	emu/dos/Dizzy Prince Yolk Folk.zip	emu/ORIGINALES/DOS/Dizzy Prince Yolk Folk.zip	original del juego, catalogado; la copia descomprimida está en emu/ROMS/DOS/Dizzy Prince Yolk Folk/
EXTRAIDO	emu/dos/Dominus.zip	emu/ROMS/DOS/Dominus/	juego de DOS descomprimido para la consola (seguro)
CREADO		emu/ROMS/DOS/Dominus.conf	lanzador de dosbox_svn (seguro: Dominus/LOADER.EXE)
MOVIDO	emu/dos/Dominus.zip	emu/ORIGINALES/DOS/Dominus.zip	original del juego, catalogado; la copia descomprimida está en emu/ROMS/DOS/Dominus/
MOVIDO	emu/dos/Don't go Alone.zip	emu/EXTRAS/DOS-malos/Don't go Alone.zip	no se abre como zip (File is not a zip file)
EXTRAIDO	emu/dos/Donald Duck's Playground.zip	emu/ROMS/SCUMMVM/Donald Duck's Playground/	juego de DOS descomprimido para la consola (scummvm)
CREADO		emu/ROMS/SCUMMVM/Donald Duck's Playground/ddplay/Donald Duck's Playground.scummvm	lanzador de ScummVM (id ddp)
MOVIDO	emu/dos/Donald Duck's Playground.zip	emu/ORIGINALES/DOS/Donald Duck's Playground.zip	original del juego, catalogado; la copia descomprimida está en emu/ROMS/SCUMMVM/Donald Duck's Playground/
EXTRAIDO	emu/dos/Doom (Shareware).zip	emu/ROMS/DOS/Doom (Shareware)/	juego de DOS descomprimido para la consola (instalar)
CREADO		emu/ROMS/DOS/Doom (Shareware).conf	lanzador de dosbox_svn (instalar: sin ejecutable)
MOVIDO	emu/dos/Doom (Shareware).zip	emu/ORIGINALES/DOS/Doom (Shareware).zip	original del juego, catalogado; la copia descomprimida está en emu/ROMS/DOS/Doom (Shareware)/
EXTRAIDO	emu/dos/Double Dragon 2 - The Revenge.zip	emu/ROMS/DOS/Double Dragon 2 - The Revenge/	juego de DOS descomprimido para la consola (seguro)
CREADO		emu/ROMS/DOS/Double Dragon 2 - The Revenge.conf	lanzador de dosbox_svn (seguro: dd2/DRAGON.EXE)
MOVIDO	emu/dos/Double Dragon 2 - The Revenge.zip	emu/ORIGINALES/DOS/Double Dragon 2 - The Revenge.zip	original del juego, catalogado; la copia descomprimida está en emu/ROMS/DOS/Double Dragon 2 - The Revenge/
EXTRAIDO	emu/dos/Double Dragon 3 - The Rosetta Stone.zip	emu/ROMS/DOS/Double Dragon 3 - The Rosetta Stone/	juego de DOS descomprimido para la consola (seguro)
CREADO		emu/ROMS/DOS/Double Dragon 3 - The Rosetta Stone.conf	lanzador de dosbox_svn (seguro: dd3/DD3.EXE)
MOVIDO	emu/dos/Double Dragon 3 - The Rosetta Stone.zip	emu/ORIGINALES/DOS/Double Dragon 3 - The Rosetta Stone.zip	original del juego, catalogado; la copia descomprimida está en emu/ROMS/DOS/Double Dragon 3 - The Rosetta Stone/
EXTRAIDO	emu/dos/Double Dragon.zip	emu/ROMS/DOS/Double Dragon/	juego de DOS descomprimido para la consola (seguro)
CREADO		emu/ROMS/DOS/Double Dragon.conf	lanzador de dosbox_svn (seguro: Ddmain.exe)
MOVIDO	emu/dos/Double Dragon.zip	emu/ORIGINALES/DOS/Double Dragon.zip	original del juego, catalogado; la copia descomprimida está en emu/ROMS/DOS/Double Dragon/
EXTRAIDO	emu/dos/Double Dribble.zip	emu/ROMS/DOS/Double Dribble/	juego de DOS descomprimido para la consola (dudoso)
CREADO		emu/ROMS/DOS/Double Dribble.conf	lanzador de dosbox_svn (dudoso: DDRIBBLE/RUNME.BAT)
MOVIDO	emu/dos/Double Dribble.zip	emu/ORIGINALES/DOS/Double Dribble.zip	original del juego, catalogado; la copia descomprimida está en emu/ROMS/DOS/Double Dribble/
EXTRAIDO	emu/dos/Dragon Strike.zip	emu/ROMS/DOS/Dragon Strike/	juego de DOS descomprimido para la consola (seguro)
CREADO		emu/ROMS/DOS/Dragon Strike.conf	lanzador de dosbox_svn (seguro: DSTRIKE.EXE)
MOVIDO	emu/dos/Dragon Strike.zip	emu/ORIGINALES/DOS/Dragon Strike.zip	original del juego, catalogado; la copia descomprimida está en emu/ROMS/DOS/Dragon Strike/
EXTRAIDO	emu/dos/Dragon Wars.zip	emu/ROMS/DOS/Dragon Wars/	juego de DOS descomprimido para la consola (seguro)
CREADO		emu/ROMS/DOS/Dragon Wars.conf	lanzador de dosbox_svn (seguro: DRAGON.BAT)
MOVIDO	emu/dos/Dragon Wars.zip	emu/ORIGINALES/DOS/Dragon Wars.zip	original del juego, catalogado; la copia descomprimida está en emu/ROMS/DOS/Dragon Wars/
EXTRAIDO	emu/dos/Dragons of Flame.zip	emu/ROMS/DOS/Dragons of Flame/	juego de DOS descomprimido para la consola (dudoso)
CREADO		emu/ROMS/DOS/Dragons of Flame.conf	lanzador de dosbox_svn (dudoso: GAME.EXE)
MOVIDO	emu/dos/Dragons of Flame.zip	emu/ORIGINALES/DOS/Dragons of Flame.zip	original del juego, catalogado; la copia descomprimida está en emu/ROMS/DOS/Dragons of Flame/
EXTRAIDO	emu/dos/Dragonsphere.zip	emu/ROMS/DOS/Dragonsphere/	juego de DOS descomprimido para la consola (seguro)
CREADO		emu/ROMS/DOS/Dragonsphere.conf	lanzador de dosbox_svn (seguro: dragon/DRAGON.BAT)
MOVIDO	emu/dos/Dragonsphere.zip	emu/ORIGINALES/DOS/Dragonsphere.zip	original del juego, catalogado; la copia descomprimida está en emu/ROMS/DOS/Dragonsphere/
EXTRAIDO	emu/dos/Drakkhen.zip	emu/ROMS/DOS/Drakkhen/	juego de DOS descomprimido para la consola (seguro)
CREADO		emu/ROMS/DOS/Drakkhen.conf	lanzador de dosbox_svn (seguro: Drakkhen/DRAKKHEN.COM)
MOVIDO	emu/dos/Drakkhen.zip	emu/ORIGINALES/DOS/Drakkhen.zip	original del juego, catalogado; la copia descomprimida está en emu/ROMS/DOS/Drakkhen/
EXTRAIDO	emu/dos/Dream Zone.zip	emu/ROMS/DOS/Dream Zone/	juego de DOS descomprimido para la consola (dudoso)
CREADO		emu/ROMS/DOS/Dream Zone.conf	lanzador de dosbox_svn (dudoso: DREAM.EXE)
MOVIDO	emu/dos/Dream Zone.zip	emu/ORIGINALES/DOS/Dream Zone.zip	original del juego, catalogado; la copia descomprimida está en emu/ROMS/DOS/Dream Zone/
EXTRAIDO	emu/dos/DreamWeb.zip	emu/ROMS/SCUMMVM/DreamWeb/	juego de DOS descomprimido para la consola (scummvm)
CREADO		emu/ROMS/SCUMMVM/DreamWeb/Dreamweb/DreamWeb.scummvm	lanzador de ScummVM (id dreamweb)
MOVIDO	emu/dos/DreamWeb.zip	emu/ORIGINALES/DOS/DreamWeb.zip	original del juego, catalogado; la copia descomprimida está en emu/ROMS/SCUMMVM/DreamWeb/
EXTRAIDO	emu/dos/Dstroy.zip	emu/ROMS/DOS/Dstroy/	juego de DOS descomprimido para la consola (dudoso)
CREADO		emu/ROMS/DOS/Dstroy.conf	lanzador de dosbox_svn (dudoso: dstroy/DS.EXE)
MOVIDO	emu/dos/Dstroy.zip	emu/ORIGINALES/DOS/Dstroy.zip	original del juego, catalogado; la copia descomprimida está en emu/ROMS/DOS/Dstroy/
EXTRAIDO	emu/dos/Duke Nukem 3D.zip	emu/ROMS/DOS/Duke Nukem 3D/	juego de DOS descomprimido para la consola (dudoso)
CREADO		emu/ROMS/DOS/Duke Nukem 3D.conf	lanzador de dosbox_svn (dudoso: DN3DHELP.EXE)
MOVIDO	emu/dos/Duke Nukem 3D.zip	emu/ORIGINALES/DOS/Duke Nukem 3D.zip	original del juego, catalogado; la copia descomprimida está en emu/ROMS/DOS/Duke Nukem 3D/
EXTRAIDO	emu/dos/Duke Nukem II.zip	emu/ROMS/DOS/Duke Nukem II/	juego de DOS descomprimido para la consola (seguro)
CREADO		emu/ROMS/DOS/Duke Nukem II.conf	lanzador de dosbox_svn (seguro: NUKEM2.EXE)
MOVIDO	emu/dos/Duke Nukem II.zip	emu/ORIGINALES/DOS/Duke Nukem II.zip	original del juego, catalogado; la copia descomprimida está en emu/ROMS/DOS/Duke Nukem II/
EXTRAIDO	emu/dos/Dune.zip	emu/ROMS/DOS/Dune/	juego de DOS descomprimido para la consola (seguro)
CREADO		emu/ROMS/DOS/Dune.conf	lanzador de dosbox_svn (seguro: dune/DUNE.BAT)
MOVIDO	emu/dos/Dune.zip	emu/ORIGINALES/DOS/Dune.zip	original del juego, catalogado; la copia descomprimida está en emu/ROMS/DOS/Dune/
EXTRAIDO	emu/dos/Dungeon Master.zip	emu/ROMS/DOS/Dungeon Master/	juego de DOS descomprimido para la consola (seguro)
CREADO		emu/ROMS/DOS/Dungeon Master.conf	lanzador de dosbox_svn (seguro: dm.exe)
MOVIDO	emu/dos/Dungeon Master.zip	emu/ORIGINALES/DOS/Dungeon Master.zip	original del juego, catalogado; la copia descomprimida está en emu/ROMS/DOS/Dungeon Master/
EXTRAIDO	emu/dos/Dusk of the Gods.zip	emu/ROMS/DOS/Dusk of the Gods/	juego de DOS descomprimido para la consola (seguro)
CREADO		emu/ROMS/DOS/Dusk of the Gods.conf	lanzador de dosbox_svn (seguro: Dusk/DUSK.BAT)
MOVIDO	emu/dos/Dusk of the Gods.zip	emu/ORIGINALES/DOS/Dusk of the Gods.zip	original del juego, catalogado; la copia descomprimida está en emu/ROMS/DOS/Dusk of the Gods/
EXTRAIDO	emu/dos/EGA Trek.zip	emu/ROMS/DOS/EGA Trek/	juego de DOS descomprimido para la consola (seguro)
CREADO		emu/ROMS/DOS/EGA Trek.conf	lanzador de dosbox_svn (seguro: EGATREK.EXE)
MOVIDO	emu/dos/EGA Trek.zip	emu/ORIGINALES/DOS/EGA Trek.zip	original del juego, catalogado; la copia descomprimida está en emu/ROMS/DOS/EGA Trek/
EXTRAIDO	emu/dos/EWJ.zip	emu/ROMS/DOS/EWJ/	juego de DOS descomprimido para la consola (dudoso)
CREADO		emu/ROMS/DOS/EWJ.conf	lanzador de dosbox_svn (dudoso: Ewj.bat)
MOVIDO	emu/dos/EWJ.zip	emu/ORIGINALES/DOS/EWJ.zip	original del juego, catalogado; la copia descomprimida está en emu/ROMS/DOS/EWJ/
EXTRAIDO	emu/dos/Eagle' s Rider.zip	emu/ROMS/DOS/Eagle' s Rider/	juego de DOS descomprimido para la consola (seguro)
CREADO		emu/ROMS/DOS/Eagle' s Rider.conf	lanzador de dosbox_svn (seguro: EAGLE1.EXE)
MOVIDO	emu/dos/Eagle' s Rider.zip	emu/ORIGINALES/DOS/Eagle' s Rider.zip	original del juego, catalogado; la copia descomprimida está en emu/ROMS/DOS/Eagle' s Rider/
EXTRAIDO	emu/dos/Earthrise.zip	emu/ROMS/DOS/Earthrise/	juego de DOS descomprimido para la consola (seguro)
CREADO		emu/ROMS/DOS/Earthrise.conf	lanzador de dosbox_svn (seguro: EARTHRIS.EXE)
MOVIDO	emu/dos/Earthrise.zip	emu/ORIGINALES/DOS/Earthrise.zip	original del juego, catalogado; la copia descomprimida está en emu/ROMS/DOS/Earthrise/
EXTRAIDO	emu/dos/EcoQuest - The Search for Cetus.zip	emu/ROMS/SCUMMVM/EcoQuest - The Search for Cetus/	juego de DOS descomprimido para la consola (scummvm)
CREADO		emu/ROMS/SCUMMVM/EcoQuest - The Search for Cetus/equest/EcoQuest - The Search for Cetus.scummvm	lanzador de ScummVM (id ecoquest)
MOVIDO	emu/dos/EcoQuest - The Search for Cetus.zip	emu/ORIGINALES/DOS/EcoQuest - The Search for Cetus.zip	original del juego, catalogado; la copia descomprimida está en emu/ROMS/SCUMMVM/EcoQuest - The Search for Cetus/
EXTRAIDO	emu/dos/Elite Plus.zip	emu/ROMS/DOS/Elite Plus/	juego de DOS descomprimido para la consola (seguro)
CREADO		emu/ROMS/DOS/Elite Plus.conf	lanzador de dosbox_svn (seguro: elitepl/ELITE.EXE)
MOVIDO	emu/dos/Elite Plus.zip	emu/ORIGINALES/DOS/Elite Plus.zip	original del juego, catalogado; la copia descomprimida está en emu/ROMS/DOS/Elite Plus/
EXTRAIDO	emu/dos/Elite.zip	emu/ROMS/DOS/Elite/	juego de DOS descomprimido para la consola (seguro)
CREADO		emu/ROMS/DOS/Elite.conf	lanzador de dosbox_svn (seguro: ELITE.EXE)
MOVIDO	emu/dos/Elite.zip	emu/ORIGINALES/DOS/Elite.zip	original del juego, catalogado; la copia descomprimida está en emu/ROMS/DOS/Elite/
EXTRAIDO	emu/dos/Empire Soccer.zip	emu/ROMS/DOS/Empire Soccer/	juego de DOS descomprimido para la consola (seguro)
CREADO		emu/ROMS/DOS/Empire Soccer.conf	lanzador de dosbox_svn (seguro: esoccer/SOCCER.EXE)
MOVIDO	emu/dos/Empire Soccer.zip	emu/ORIGINALES/DOS/Empire Soccer.zip	original del juego, catalogado; la copia descomprimida está en emu/ROMS/DOS/Empire Soccer/
EXTRAIDO	emu/dos/Entombed.zip	emu/ROMS/DOS/Entombed/	juego de DOS descomprimido para la consola (instalar)
CREADO		emu/ROMS/DOS/Entombed.conf	lanzador de dosbox_svn (instalar: sin ejecutable)
MOVIDO	emu/dos/Entombed.zip	emu/ORIGINALES/DOS/Entombed.zip	original del juego, catalogado; la copia descomprimida está en emu/ROMS/DOS/Entombed/
EXTRAIDO	emu/dos/Eric the Unready.zip	emu/ROMS/DOS/Eric the Unready/	juego de DOS descomprimido para la consola (seguro)
CREADO		emu/ROMS/DOS/Eric the Unready.conf	lanzador de dosbox_svn (seguro: ERIC.EXE)
MOVIDO	emu/dos/Eric the Unready.zip	emu/ORIGINALES/DOS/Eric the Unready.zip	original del juego, catalogado; la copia descomprimida está en emu/ROMS/DOS/Eric the Unready/
EXTRAIDO	emu/dos/Escape from Hell.zip	emu/ROMS/DOS/Escape from Hell/	juego de DOS descomprimido para la consola (seguro)
CREADO		emu/ROMS/DOS/Escape from Hell.conf	lanzador de dosbox_svn (seguro: escape/ESCAPE.EXE)
MOVIDO	emu/dos/Escape from Hell.zip	emu/ORIGINALES/DOS/Escape from Hell.zip	original del juego, catalogado; la copia descomprimida está en emu/ROMS/DOS/Escape from Hell/
EXTRAIDO	emu/dos/Escape from the Planet of the Robot Monsters.zip	emu/ROMS/DOS/Escape from the Planet of the Robot Monsters/	juego de DOS descomprimido para la consola (seguro)
CREADO		emu/ROMS/DOS/Escape from the Planet of the Robot Monsters.conf	lanzador de dosbox_svn (seguro: escape/X.EXE)
MOVIDO	emu/dos/Escape from the Planet of the Robot Monsters.zip	emu/ORIGINALES/DOS/Escape from the Planet of the Robot Monsters.zip	original del juego, catalogado; la copia descomprimida está en emu/ROMS/DOS/Escape from the Planet of the Robot Monsters/
EXTRAIDO	emu/dos/Essex.zip	emu/ROMS/DOS/Essex/	juego de DOS descomprimido para la consola (dudoso)
CREADO		emu/ROMS/DOS/Essex.conf	lanzador de dosbox_svn (dudoso: Essex.bat)
MOVIDO	emu/dos/Essex.zip	emu/ORIGINALES/DOS/Essex.zip	original del juego, catalogado; la copia descomprimida está en emu/ROMS/DOS/Essex/
EXTRAIDO	emu/dos/Euro Soccer.zip	emu/ROMS/DOS/Euro Soccer/	juego de DOS descomprimido para la consola (dudoso)
CREADO		emu/ROMS/DOS/Euro Soccer.conf	lanzador de dosbox_svn (dudoso: euro.exe)
MOVIDO	emu/dos/Euro Soccer.zip	emu/ORIGINALES/DOS/Euro Soccer.zip	original del juego, catalogado; la copia descomprimida está en emu/ROMS/DOS/Euro Soccer/
EXTRAIDO	emu/dos/Exterminator.zip	emu/ROMS/DOS/Exterminator/	juego de DOS descomprimido para la consola (seguro)
CREADO		emu/ROMS/DOS/Exterminator.conf	lanzador de dosbox_svn (seguro: EXTERM.EXE)
MOVIDO	emu/dos/Exterminator.zip	emu/ORIGINALES/DOS/Exterminator.zip	original del juego, catalogado; la copia descomprimida está en emu/ROMS/DOS/Exterminator/
EXTRAIDO	emu/dos/Eye of Horus.zip	emu/ROMS/DOS/Eye of Horus/	juego de DOS descomprimido para la consola (seguro)
CREADO		emu/ROMS/DOS/Eye of Horus.conf	lanzador de dosbox_svn (seguro: HORUS.EXE)
MOVIDO	emu/dos/Eye of Horus.zip	emu/ORIGINALES/DOS/Eye of Horus.zip	original del juego, catalogado; la copia descomprimida está en emu/ROMS/DOS/Eye of Horus/
EXTRAIDO	emu/dos/Eye of the Beholder II - The Legend of Darkmoon.zip	emu/ROMS/DOS/Eye of the Beholder II - The Legend of Darkmoon/	juego de DOS descomprimido para la consola (seguro)
CREADO		emu/ROMS/DOS/Eye of the Beholder II - The Legend of Darkmoon.conf	lanzador de dosbox_svn (seguro: eye2/START.EXE)
MOVIDO	emu/dos/Eye of the Beholder II - The Legend of Darkmoon.zip	emu/ORIGINALES/DOS/Eye of the Beholder II - The Legend of Darkmoon.zip	original del juego, catalogado; la copia descomprimida está en emu/ROMS/DOS/Eye of the Beholder II - The Legend of Darkmoon/
EXTRAIDO	emu/dos/Eye of the Beholder.zip	emu/ROMS/SCUMMVM/Eye of the Beholder/	juego de DOS descomprimido para la consola (scummvm)
CREADO		emu/ROMS/SCUMMVM/Eye of the Beholder/Eye of the Beholder.scummvm	lanzador de ScummVM (id eob)
MOVIDO	emu/dos/Eye of the Beholder.zip	emu/ORIGINALES/DOS/Eye of the Beholder.zip	original del juego, catalogado; la copia descomprimida está en emu/ROMS/SCUMMVM/Eye of the Beholder/
EXTRAIDO	emu/dos/F-15 Strike Eagle II.zip	emu/ROMS/DOS/F-15 Strike Eagle II/	juego de DOS descomprimido para la consola (dudoso)
CREADO		emu/ROMS/DOS/F-15 Strike Eagle II.conf	lanzador de dosbox_svn (dudoso: START.EXE)
MOVIDO	emu/dos/F-15 Strike Eagle II.zip	emu/ORIGINALES/DOS/F-15 Strike Eagle II.zip	original del juego, catalogado; la copia descomprimida está en emu/ROMS/DOS/F-15 Strike Eagle II/
EXTRAIDO	emu/dos/F-15 Strike Eagle III.zip	emu/ROMS/DOS/F-15 Strike Eagle III/	juego de DOS descomprimido para la consola (dudoso)
CREADO		emu/ROMS/DOS/F-15 Strike Eagle III.conf	lanzador de dosbox_svn (dudoso: F15-3/F15.EXE)
MOVIDO	emu/dos/F-15 Strike Eagle III.zip	emu/ORIGINALES/DOS/F-15 Strike Eagle III.zip	original del juego, catalogado; la copia descomprimida está en emu/ROMS/DOS/F-15 Strike Eagle III/
EXTRAIDO	emu/dos/F-19 - Stealth Fighter.zip	emu/ROMS/DOS/F-19 - Stealth Fighter/	juego de DOS descomprimido para la consola (dudoso)
CREADO		emu/ROMS/DOS/F-19 - Stealth Fighter.conf	lanzador de dosbox_svn (dudoso: F19/START.EXE)
MOVIDO	emu/dos/F-19 - Stealth Fighter.zip	emu/ORIGINALES/DOS/F-19 - Stealth Fighter.zip	original del juego, catalogado; la copia descomprimida está en emu/ROMS/DOS/F-19 - Stealth Fighter/
EXTRAIDO	emu/dos/F-29 Retaliator.zip	emu/ROMS/DOS/F-29 Retaliator/	juego de DOS descomprimido para la consola (seguro)
CREADO		emu/ROMS/DOS/F-29 Retaliator.conf	lanzador de dosbox_svn (seguro: retal/jugar.exe)
MOVIDO	emu/dos/F-29 Retaliator.zip	emu/ORIGINALES/DOS/F-29 Retaliator.zip	original del juego, catalogado; la copia descomprimida está en emu/ROMS/DOS/F-29 Retaliator/
EXTRAIDO	emu/dos/Fable.zip	emu/ROMS/DOS/Fable/	juego de DOS descomprimido para la consola (seguro)
CREADO		emu/ROMS/DOS/Fable.conf	lanzador de dosbox_svn (seguro: Fable/FABLE.EXE)
MOVIDO	emu/dos/Fable.zip	emu/ORIGINALES/DOS/Fable.zip	original del juego, catalogado; la copia descomprimida está en emu/ROMS/DOS/Fable/
EXTRAIDO	emu/dos/Face Off!.zip	emu/ROMS/DOS/Face Off!/	juego de DOS descomprimido para la consola (seguro)
CREADO		emu/ROMS/DOS/Face Off!.conf	lanzador de dosbox_svn (seguro: FACEOFF.EXE)
MOVIDO	emu/dos/Face Off!.zip	emu/ORIGINALES/DOS/Face Off!.zip	original del juego, catalogado; la copia descomprimida está en emu/ROMS/DOS/Face Off!/
EXTRAIDO	emu/dos/Fahrenheit 451.zip	emu/ROMS/DOS/Fahrenheit 451/	juego de DOS descomprimido para la consola (seguro)
CREADO		emu/ROMS/DOS/Fahrenheit 451.conf	lanzador de dosbox_svn (seguro: F451.exe)
MOVIDO	emu/dos/Fahrenheit 451.zip	emu/ORIGINALES/DOS/Fahrenheit 451.zip	original del juego, catalogado; la copia descomprimida está en emu/ROMS/DOS/Fahrenheit 451/
EXTRAIDO	emu/dos/Falcon AT.zip	emu/ROMS/DOS/Falcon AT/	juego de DOS descomprimido para la consola (seguro)
CREADO		emu/ROMS/DOS/Falcon AT.conf	lanzador de dosbox_svn (seguro: F16.EXE)
MOVIDO	emu/dos/Falcon AT.zip	emu/ORIGINALES/DOS/Falcon AT.zip	original del juego, catalogado; la copia descomprimida está en emu/ROMS/DOS/Falcon AT/
EXTRAIDO	emu/dos/Family Feud.zip	emu/ROMS/DOS/Family Feud/	juego de DOS descomprimido para la consola (seguro)
CREADO		emu/ROMS/DOS/Family Feud.conf	lanzador de dosbox_svn (seguro: famfeud/MENU.EXE)
MOVIDO	emu/dos/Family Feud.zip	emu/ORIGINALES/DOS/Family Feud.zip	original del juego, catalogado; la copia descomprimida está en emu/ROMS/DOS/Family Feud/
EXTRAIDO	emu/dos/Fantasy Empires.zip	emu/ROMS/DOS/Fantasy Empires/	juego de DOS descomprimido para la consola (seguro)
CREADO		emu/ROMS/DOS/Fantasy Empires.conf	lanzador de dosbox_svn (seguro: Fantasy/FANTASY.EXE)
MOVIDO	emu/dos/Fantasy Empires.zip	emu/ORIGINALES/DOS/Fantasy Empires.zip	original del juego, catalogado; la copia descomprimida está en emu/ROMS/DOS/Fantasy Empires/
EXTRAIDO	emu/dos/Fantasy General.zip	emu/ROMS/DOS/Fantasy General/	juego de DOS descomprimido para la consola (seguro)
CREADO		emu/ROMS/DOS/Fantasy General.conf	lanzador de dosbox_svn (seguro: fg/FG.BAT)
MOVIDO	emu/dos/Fantasy General.zip	emu/ORIGINALES/DOS/Fantasy General.zip	original del juego, catalogado; la copia descomprimida está en emu/ROMS/DOS/Fantasy General/
EXTRAIDO	emu/dos/Fast Break.zip	emu/ROMS/DOS/Fast Break/	juego de DOS descomprimido para la consola (dudoso)
CREADO		emu/ROMS/DOS/Fast Break.conf	lanzador de dosbox_svn (dudoso: FB.BAT)
MOVIDO	emu/dos/Fast Break.zip	emu/ORIGINALES/DOS/Fast Break.zip	original del juego, catalogado; la copia descomprimida está en emu/ROMS/DOS/Fast Break/
EXTRAIDO	emu/dos/Fatty Bear's Birthday Surprise.zip	emu/ROMS/DOS/Fatty Bear's Birthday Surprise/	juego de DOS descomprimido para la consola (seguro)
CREADO		emu/ROMS/DOS/Fatty Bear's Birthday Surprise.conf	lanzador de dosbox_svn (seguro: FBEAR.EXE)
MOVIDO	emu/dos/Fatty Bear's Birthday Surprise.zip	emu/ORIGINALES/DOS/Fatty Bear's Birthday Surprise.zip	original del juego, catalogado; la copia descomprimida está en emu/ROMS/DOS/Fatty Bear's Birthday Surprise/
EXTRAIDO	emu/dos/Fields of Glory.zip	emu/ROMS/DOS/Fields of Glory/	juego de DOS descomprimido para la consola (instalar)
CREADO		emu/ROMS/DOS/Fields of Glory.conf	lanzador de dosbox_svn (instalar: sin ejecutable)
MOVIDO	emu/dos/Fields of Glory.zip	emu/ORIGINALES/DOS/Fields of Glory.zip	original del juego, catalogado; la copia descomprimida está en emu/ROMS/DOS/Fields of Glory/
EXTRAIDO	emu/dos/Fiendish Freddy's Big Top o' Fun.zip	emu/ROMS/DOS/Fiendish Freddy's Big Top o' Fun/	juego de DOS descomprimido para la consola (seguro)
CREADO		emu/ROMS/DOS/Fiendish Freddy's Big Top o' Fun.conf	lanzador de dosbox_svn (seguro: FREDDY.EXE)
MOVIDO	emu/dos/Fiendish Freddy's Big Top o' Fun.zip	emu/ORIGINALES/DOS/Fiendish Freddy's Big Top o' Fun.zip	original del juego, catalogado; la copia descomprimida está en emu/ROMS/DOS/Fiendish Freddy's Big Top o' Fun/
EXTRAIDO	emu/dos/Fighter Bomber.zip	emu/ROMS/DOS/Fighter Bomber/	juego de DOS descomprimido para la consola (seguro)
CREADO		emu/ROMS/DOS/Fighter Bomber.conf	lanzador de dosbox_svn (seguro: BOMBER.EXE)
MOVIDO	emu/dos/Fighter Bomber.zip	emu/ORIGINALES/DOS/Fighter Bomber.zip	original del juego, catalogado; la copia descomprimida está en emu/ROMS/DOS/Fighter Bomber/
EXTRAIDO	emu/dos/Final Frontier.zip	emu/ROMS/DOS/Final Frontier/	juego de DOS descomprimido para la consola (dudoso)
CREADO		emu/ROMS/DOS/Final Frontier.conf	lanzador de dosbox_svn (dudoso: frontier/FRONTIER.BAT)
MOVIDO	emu/dos/Final Frontier.zip	emu/ORIGINALES/DOS/Final Frontier.zip	original del juego, catalogado; la copia descomprimida está en emu/ROMS/DOS/Final Frontier/
EXTRAIDO	emu/dos/Firepower.zip	emu/ROMS/DOS/Firepower/	juego de DOS descomprimido para la consola (seguro)
CREADO		emu/ROMS/DOS/Firepower.conf	lanzador de dosbox_svn (seguro: FP.EXE)
MOVIDO	emu/dos/Firepower.zip	emu/ORIGINALES/DOS/Firepower.zip	original del juego, catalogado; la copia descomprimida está en emu/ROMS/DOS/Firepower/
EXTRAIDO	emu/dos/First Samurai.zip	emu/ROMS/DOS/First Samurai/	juego de DOS descomprimido para la consola (seguro)
CREADO		emu/ROMS/DOS/First Samurai.conf	lanzador de dosbox_svn (seguro: SAMURAI.COM)
MOVIDO	emu/dos/First Samurai.zip	emu/ORIGINALES/DOS/First Samurai.zip	original del juego, catalogado; la copia descomprimida está en emu/ROMS/DOS/First Samurai/
EXTRAIDO	emu/dos/Fish!.zip	emu/ROMS/DOS/Fish!/	juego de DOS descomprimido para la consola (seguro)
CREADO		emu/ROMS/DOS/Fish!.conf	lanzador de dosbox_svn (seguro: Fish.bat)
MOVIDO	emu/dos/Fish!.zip	emu/ORIGINALES/DOS/Fish!.zip	original del juego, catalogado; la copia descomprimida está en emu/ROMS/DOS/Fish!/
EXTRAIDO	emu/dos/Five-a-Side Indoor Soccer.zip	emu/ROMS/DOS/Five-a-Side Indoor Soccer/	juego de DOS descomprimido para la consola (seguro)
CREADO		emu/ROMS/DOS/Five-a-Side Indoor Soccer.conf	lanzador de dosbox_svn (seguro: 5aside/5aside.com)
MOVIDO	emu/dos/Five-a-Side Indoor Soccer.zip	emu/ORIGINALES/DOS/Five-a-Side Indoor Soccer.zip	original del juego, catalogado; la copia descomprimida está en emu/ROMS/DOS/Five-a-Side Indoor Soccer/
EXTRAIDO	emu/dos/Flashback (CD Version).zip	emu/ROMS/DOS/Flashback (CD Version)/	juego de DOS descomprimido para la consola (seguro)
CREADO		emu/ROMS/DOS/Flashback (CD Version).conf	lanzador de dosbox_svn (seguro: fbcd/Fb.exe)
MOVIDO	emu/dos/Flashback (CD Version).zip	emu/ORIGINALES/DOS/Flashback (CD Version).zip	original del juego, catalogado; la copia descomprimida está en emu/ROMS/DOS/Flashback (CD Version)/
EXTRAIDO	emu/dos/Flashback.zip	emu/ROMS/DOS/Flashback/	juego de DOS descomprimido para la consola (seguro)
CREADO		emu/ROMS/DOS/Flashback.conf	lanzador de dosbox_svn (seguro: flash/FB.EXE)
MOVIDO	emu/dos/Flashback.zip	emu/ORIGINALES/DOS/Flashback.zip	original del juego, catalogado; la copia descomprimida está en emu/ROMS/DOS/Flashback/
EXTRAIDO	emu/dos/Flight of the Amazon Queen.zip	emu/ROMS/SCUMMVM/Flight of the Amazon Queen/	juego de DOS descomprimido para la consola (scummvm)
CREADO		emu/ROMS/SCUMMVM/Flight of the Amazon Queen/Flight of the Amazon Queen.scummvm	lanzador de ScummVM (id queen)
MOVIDO	emu/dos/Flight of the Amazon Queen.zip	emu/ORIGINALES/DOS/Flight of the Amazon Queen.zip	original del juego, catalogado; la copia descomprimida está en emu/ROMS/SCUMMVM/Flight of the Amazon Queen/
EXTRAIDO	emu/dos/Football Limited.zip	emu/ROMS/DOS/Football Limited/	juego de DOS descomprimido para la consola (dudoso)
CREADO		emu/ROMS/DOS/Football Limited.conf	lanzador de dosbox_svn (dudoso: footlimited/footlimited/FLI.EXE)
MOVIDO	emu/dos/Football Limited.zip	emu/ORIGINALES/DOS/Football Limited.zip	original del juego, catalogado; la copia descomprimida está en emu/ROMS/DOS/Football Limited/
EXTRAIDO	emu/dos/Football Manager 3.zip	emu/ROMS/DOS/Football Manager 3/	juego de DOS descomprimido para la consola (dudoso)
CREADO		emu/ROMS/DOS/Football Manager 3.conf	lanzador de dosbox_svn (dudoso: footman3/FM3MM.EXE)
MOVIDO	emu/dos/Football Manager 3.zip	emu/ORIGINALES/DOS/Football Manager 3.zip	original del juego, catalogado; la copia descomprimida está en emu/ROMS/DOS/Football Manager 3/
EXTRAIDO	emu/dos/Freddy Pharkas - Frontier Pharmacist.zip	emu/ROMS/SCUMMVM/Freddy Pharkas - Frontier Pharmacist/	juego de DOS descomprimido para la consola (scummvm)
CREADO		emu/ROMS/SCUMMVM/Freddy Pharkas - Frontier Pharmacist/Freddy Pharkas - Frontier Pharmacist.scummvm	lanzador de ScummVM (id freddypharkas)
MOVIDO	emu/dos/Freddy Pharkas - Frontier Pharmacist.zip	emu/ORIGINALES/DOS/Freddy Pharkas - Frontier Pharmacist.zip	original del juego, catalogado; la copia descomprimida está en emu/ROMS/SCUMMVM/Freddy Pharkas - Frontier Pharmacist/
EXTRAIDO	emu/dos/Frogger.zip	emu/ROMS/DOS/Frogger/	juego de DOS descomprimido para la consola (seguro)
CREADO		emu/ROMS/DOS/Frogger.conf	lanzador de dosbox_svn (seguro: frogger.com)
MOVIDO	emu/dos/Frogger.zip	emu/ORIGINALES/DOS/Frogger.zip	original del juego, catalogado; la copia descomprimida está en emu/ROMS/DOS/Frogger/
EXTRAIDO	emu/dos/Future Wars.zip	emu/ROMS/SCUMMVM/Future Wars/	juego de DOS descomprimido para la consola (scummvm)
CREADO		emu/ROMS/SCUMMVM/Future Wars/Future Wars.scummvm	lanzador de ScummVM (id fw)
MOVIDO	emu/dos/Future Wars.zip	emu/ORIGINALES/DOS/Future Wars.zip	original del juego, catalogado; la copia descomprimida está en emu/ROMS/SCUMMVM/Future Wars/
EXTRAIDO	emu/dos/Fuzzy's world of Miniature Space Golf.zip	emu/ROMS/DOS/Fuzzy's world of Miniature Space Golf/	juego de DOS descomprimido para la consola (instalar)
CREADO		emu/ROMS/DOS/Fuzzy's world of Miniature Space Golf.conf	lanzador de dosbox_svn (instalar: sin ejecutable)
MOVIDO	emu/dos/Fuzzy's world of Miniature Space Golf.zip	emu/ORIGINALES/DOS/Fuzzy's world of Miniature Space Golf.zip	original del juego, catalogado; la copia descomprimida está en emu/ROMS/DOS/Fuzzy's world of Miniature Space Golf/
EXTRAIDO	emu/dos/Galaxian.zip	emu/ROMS/DOS/Galaxian/	juego de DOS descomprimido para la consola (seguro)
CREADO		emu/ROMS/DOS/Galaxian.conf	lanzador de dosbox_svn (seguro: galaxian.exe)
MOVIDO	emu/dos/Galaxian.zip	emu/ORIGINALES/DOS/Galaxian.zip	original del juego, catalogado; la copia descomprimida está en emu/ROMS/DOS/Galaxian/
EXTRAIDO	emu/dos/Gateway 2 - Homeworld.zip	emu/ROMS/DOS/Gateway 2 - Homeworld/	juego de DOS descomprimido para la consola (dudoso)
CREADO		emu/ROMS/DOS/Gateway 2 - Homeworld.conf	lanzador de dosbox_svn (dudoso: HOME.EXE)
MOVIDO	emu/dos/Gateway 2 - Homeworld.zip	emu/ORIGINALES/DOS/Gateway 2 - Homeworld.zip	original del juego, catalogado; la copia descomprimida está en emu/ROMS/DOS/Gateway 2 - Homeworld/
EXTRAIDO	emu/dos/Gateway to the Savage Frontier.zip	emu/ROMS/DOS/Gateway to the Savage Frontier/	juego de DOS descomprimido para la consola (seguro)
CREADO		emu/ROMS/DOS/Gateway to the Savage Frontier.conf	lanzador de dosbox_svn (seguro: START.BAT)
MOVIDO	emu/dos/Gateway to the Savage Frontier.zip	emu/ORIGINALES/DOS/Gateway to the Savage Frontier.zip	original del juego, catalogado; la copia descomprimida está en emu/ROMS/DOS/Gateway to the Savage Frontier/
EXTRAIDO	emu/dos/Gato.zip	emu/ROMS/DOS/Gato/	juego de DOS descomprimido para la consola (seguro)
CREADO		emu/ROMS/DOS/Gato.conf	lanzador de dosbox_svn (seguro: Gato.exe)
MOVIDO	emu/dos/Gato.zip	emu/ORIGINALES/DOS/Gato.zip	original del juego, catalogado; la copia descomprimida está en emu/ROMS/DOS/Gato/
EXTRAIDO	emu/dos/Gauntlet II.zip	emu/ROMS/DOS/Gauntlet II/	juego de DOS descomprimido para la consola (seguro)
CREADO		emu/ROMS/DOS/Gauntlet II.conf	lanzador de dosbox_svn (seguro: gauntlet.exe)
MOVIDO	emu/dos/Gauntlet II.zip	emu/ORIGINALES/DOS/Gauntlet II.zip	original del juego, catalogado; la copia descomprimida está en emu/ROMS/DOS/Gauntlet II/
EXTRAIDO	emu/dos/Gauntlet.zip	emu/ROMS/DOS/Gauntlet/	juego de DOS descomprimido para la consola (seguro)
CREADO		emu/ROMS/DOS/Gauntlet.conf	lanzador de dosbox_svn (seguro: GAUNTLET.EXE)
MOVIDO	emu/dos/Gauntlet.zip	emu/ORIGINALES/DOS/Gauntlet.zip	original del juego, catalogado; la copia descomprimida está en emu/ROMS/DOS/Gauntlet/
EXTRAIDO	emu/dos/Gazza II.zip	emu/ROMS/DOS/Gazza II/	juego de DOS descomprimido para la consola (seguro)
CREADO		emu/ROMS/DOS/Gazza II.conf	lanzador de dosbox_svn (seguro: GAZZA2.EXE)
MOVIDO	emu/dos/Gazza II.zip	emu/ORIGINALES/DOS/Gazza II.zip	original del juego, catalogado; la copia descomprimida está en emu/ROMS/DOS/Gazza II/
EXTRAIDO	emu/dos/Gear Works.zip	emu/ROMS/DOS/Gear Works/	juego de DOS descomprimido para la consola (seguro)
CREADO		emu/ROMS/DOS/Gear Works.conf	lanzador de dosbox_svn (seguro: GEARWORK/GEAR.EXE)
MOVIDO	emu/dos/Gear Works.zip	emu/ORIGINALES/DOS/Gear Works.zip	original del juego, catalogado; la copia descomprimida está en emu/ROMS/DOS/Gear Works/
EXTRAIDO	emu/dos/Gemfire.zip	emu/ROMS/DOS/Gemfire/	juego de DOS descomprimido para la consola (dudoso)
CREADO		emu/ROMS/DOS/Gemfire.conf	lanzador de dosbox_svn (dudoso: gemfire/MAIN.EXE)
MOVIDO	emu/dos/Gemfire.zip	emu/ORIGINALES/DOS/Gemfire.zip	original del juego, catalogado; la copia descomprimida está en emu/ROMS/DOS/Gemfire/
EXTRAIDO	emu/dos/Ghostbusters 2.zip	emu/ROMS/DOS/Ghostbusters 2/	juego de DOS descomprimido para la consola (dudoso)
CREADO		emu/ROMS/DOS/Ghostbusters 2.conf	lanzador de dosbox_svn (dudoso: ghostb2/GB.EXE)
MOVIDO	emu/dos/Ghostbusters 2.zip	emu/ORIGINALES/DOS/Ghostbusters 2.zip	original del juego, catalogado; la copia descomprimida está en emu/ROMS/DOS/Ghostbusters 2/
EXTRAIDO	emu/dos/Ghosts 'n' Goblins.zip	emu/ROMS/DOS/Ghosts 'n' Goblins/	juego de DOS descomprimido para la consola (seguro)
CREADO		emu/ROMS/DOS/Ghosts 'n' Goblins.conf	lanzador de dosbox_svn (seguro: gng/GHOST.EXE)
MOVIDO	emu/dos/Ghosts 'n' Goblins.zip	emu/ORIGINALES/DOS/Ghosts 'n' Goblins.zip	original del juego, catalogado; la copia descomprimida está en emu/ROMS/DOS/Ghosts 'n' Goblins/
EXTRAIDO	emu/dos/Gloriana.zip	emu/ROMS/DOS/Gloriana/	juego de DOS descomprimido para la consola (dudoso)
CREADO		emu/ROMS/DOS/Gloriana.conf	lanzador de dosbox_svn (dudoso: GLORI/GLORIANA.BAT)
MOVIDO	emu/dos/Gloriana.zip	emu/ORIGINALES/DOS/Gloriana.zip	original del juego, catalogado; la copia descomprimida está en emu/ROMS/DOS/Gloriana/
EXTRAIDO	emu/dos/Gobliiins.zip	emu/ROMS/SCUMMVM/Gobliiins/	juego de DOS descomprimido para la consola (scummvm)
CREADO		emu/ROMS/SCUMMVM/Gobliiins/goblins/Gobliiins.scummvm	lanzador de ScummVM (id gob1)
MOVIDO	emu/dos/Gobliiins.zip	emu/ORIGINALES/DOS/Gobliiins.zip	original del juego, catalogado; la copia descomprimida está en emu/ROMS/SCUMMVM/Gobliiins/
EXTRAIDO	emu/dos/Gobliins 2 - The Prince Buffoon.zip	emu/ROMS/SCUMMVM/Gobliins 2 - The Prince Buffoon/	juego de DOS descomprimido para la consola (scummvm)
CREADO		emu/ROMS/SCUMMVM/Gobliins 2 - The Prince Buffoon/goblins2/Gobliins 2 - The Prince Buffoon.scummvm	lanzador de ScummVM (id gob2)
MOVIDO	emu/dos/Gobliins 2 - The Prince Buffoon.zip	emu/ORIGINALES/DOS/Gobliins 2 - The Prince Buffoon.zip	original del juego, catalogado; la copia descomprimida está en emu/ROMS/SCUMMVM/Gobliins 2 - The Prince Buffoon/
EXTRAIDO	emu/dos/Gods.zip	emu/ROMS/DOS/Gods/	juego de DOS descomprimido para la consola (dudoso)
CREADO		emu/ROMS/DOS/Gods.conf	lanzador de dosbox_svn (dudoso: gods/GODS.EXE)
MOVIDO	emu/dos/Gods.zip	emu/ORIGINALES/DOS/Gods.zip	original del juego, catalogado; la copia descomprimida está en emu/ROMS/DOS/Gods/
EXTRAIDO	emu/dos/Gold Rush!.zip	emu/ROMS/SCUMMVM/Gold Rush!/	juego de DOS descomprimido para la consola (scummvm)
CREADO		emu/ROMS/SCUMMVM/Gold Rush!/Gold Rush!.scummvm	lanzador de ScummVM (id goldrush)
MOVIDO	emu/dos/Gold Rush!.zip	emu/ORIGINALES/DOS/Gold Rush!.zip	original del juego, catalogado; la copia descomprimida está en emu/ROMS/SCUMMVM/Gold Rush!/
EXTRAIDO	emu/dos/Golden Axe.zip	emu/ROMS/DOS/Golden Axe/	juego de DOS descomprimido para la consola (dudoso)
CREADO		emu/ROMS/DOS/Golden Axe.conf	lanzador de dosbox_svn (dudoso: RUNME.BAT)
MOVIDO	emu/dos/Golden Axe.zip	emu/ORIGINALES/DOS/Golden Axe.zip	original del juego, catalogado; la copia descomprimida está en emu/ROMS/DOS/Golden Axe/
EXTRAIDO	emu/dos/Goody.zip	emu/ROMS/DOS/Goody/	juego de DOS descomprimido para la consola (seguro)
CREADO		emu/ROMS/DOS/Goody.conf	lanzador de dosbox_svn (seguro: GOODY.EXE)
MOVIDO	emu/dos/Goody.zip	emu/ORIGINALES/DOS/Goody.zip	original del juego, catalogado; la copia descomprimida está en emu/ROMS/DOS/Goody/
EXTRAIDO	emu/dos/Grand Monster Slam.zip	emu/ROMS/DOS/Grand Monster Slam/	juego de DOS descomprimido para la consola (dudoso)
CREADO		emu/ROMS/DOS/Grand Monster Slam.conf	lanzador de dosbox_svn (dudoso: GMS.BAT)
MOVIDO	emu/dos/Grand Monster Slam.zip	emu/ORIGINALES/DOS/Grand Monster Slam.zip	original del juego, catalogado; la copia descomprimida está en emu/ROMS/DOS/Grand Monster Slam/
EXTRAIDO	emu/dos/Grand Prix Circuit.zip	emu/ROMS/DOS/Grand Prix Circuit/	juego de DOS descomprimido para la consola (dudoso)
CREADO		emu/ROMS/DOS/Grand Prix Circuit.conf	lanzador de dosbox_svn (dudoso: GPCGA.EXE)
MOVIDO	emu/dos/Grand Prix Circuit.zip	emu/ORIGINALES/DOS/Grand Prix Circuit.zip	original del juego, catalogado; la copia descomprimida está en emu/ROMS/DOS/Grand Prix Circuit/
EXTRAIDO	emu/dos/Grand Prix Manager 2.zip	emu/ROMS/DOS/Grand Prix Manager 2/	juego de DOS descomprimido para la consola (seguro)
CREADO		emu/ROMS/DOS/Grand Prix Manager 2.conf	lanzador de dosbox_svn (seguro: GPM2.EXE)
MOVIDO	emu/dos/Grand Prix Manager 2.zip	emu/ORIGINALES/DOS/Grand Prix Manager 2.zip	original del juego, catalogado; la copia descomprimida está en emu/ROMS/DOS/Grand Prix Manager 2/
EXTRAIDO	emu/dos/Grand Slam Bridge.zip	emu/ROMS/DOS/Grand Slam Bridge/	juego de DOS descomprimido para la consola (seguro)
CREADO		emu/ROMS/DOS/Grand Slam Bridge.conf	lanzador de dosbox_svn (seguro: CYBRON1.EXE)
MOVIDO	emu/dos/Grand Slam Bridge.zip	emu/ORIGINALES/DOS/Grand Slam Bridge.zip	original del juego, catalogado; la copia descomprimida está en emu/ROMS/DOS/Grand Slam Bridge/
EXTRAIDO	emu/dos/Grand Theft Auto.zip	emu/ROMS/DOS/Grand Theft Auto/	juego de DOS descomprimido para la consola (seguro)
CREADO		emu/ROMS/DOS/Grand Theft Auto.conf	lanzador de dosbox_svn (seguro: GTA1setup.exe)
MOVIDO	emu/dos/Grand Theft Auto.zip	emu/ORIGINALES/DOS/Grand Theft Auto.zip	original del juego, catalogado; la copia descomprimida está en emu/ROMS/DOS/Grand Theft Auto/
EXTRAIDO	emu/dos/Grandmaster Chess.zip	emu/ROMS/DOS/Grandmaster Chess/	juego de DOS descomprimido para la consola (seguro)
CREADO		emu/ROMS/DOS/Grandmaster Chess.conf	lanzador de dosbox_svn (seguro: Chess/CHESS.BAT)
MOVIDO	emu/dos/Grandmaster Chess.zip	emu/ORIGINALES/DOS/Grandmaster Chess.zip	original del juego, catalogado; la copia descomprimida está en emu/ROMS/DOS/Grandmaster Chess/
EXTRAIDO	emu/dos/Gremlins 2.zip	emu/ROMS/DOS/Gremlins 2/	juego de DOS descomprimido para la consola (seguro)
CREADO		emu/ROMS/DOS/Gremlins 2.conf	lanzador de dosbox_svn (seguro: GREMLINS.EXE)
MOVIDO	emu/dos/Gremlins 2.zip	emu/ORIGINALES/DOS/Gremlins 2.zip	original del juego, catalogado; la copia descomprimida está en emu/ROMS/DOS/Gremlins 2/
EXTRAIDO	emu/dos/Gremlins.zip	emu/ROMS/DOS/Gremlins/	juego de DOS descomprimido para la consola (seguro)
CREADO		emu/ROMS/DOS/Gremlins.conf	lanzador de dosbox_svn (seguro: gremlins/GREMLINS.EXE)
MOVIDO	emu/dos/Gremlins.zip	emu/ORIGINALES/DOS/Gremlins.zip	original del juego, catalogado; la copia descomprimida está en emu/ROMS/DOS/Gremlins/
EXTRAIDO	emu/dos/Gunboat.zip	emu/ROMS/DOS/Gunboat/	juego de DOS descomprimido para la consola (dudoso)
CREADO		emu/ROMS/DOS/Gunboat.conf	lanzador de dosbox_svn (dudoso: gunboat/GB.EXE)
MOVIDO	emu/dos/Gunboat.zip	emu/ORIGINALES/DOS/Gunboat.zip	original del juego, catalogado; la copia descomprimida está en emu/ROMS/DOS/Gunboat/
EXTRAIDO	emu/dos/Gunship.zip	emu/ROMS/DOS/Gunship/	juego de DOS descomprimido para la consola (seguro)
CREADO		emu/ROMS/DOS/Gunship.conf	lanzador de dosbox_svn (seguro: START.EXE)
MOVIDO	emu/dos/Gunship.zip	emu/ORIGINALES/DOS/Gunship.zip	original del juego, catalogado; la copia descomprimida está en emu/ROMS/DOS/Gunship/
EXTRAIDO	emu/dos/Guy Spy and the Crystals of Armageddon.zip	emu/ROMS/DOS/Guy Spy and the Crystals of Armageddon/	juego de DOS descomprimido para la consola (seguro)
CREADO		emu/ROMS/DOS/Guy Spy and the Crystals of Armageddon.conf	lanzador de dosbox_svn (seguro: guyspy/GUYSPY.EXE)
MOVIDO	emu/dos/Guy Spy and the Crystals of Armageddon.zip	emu/ORIGINALES/DOS/Guy Spy and the Crystals of Armageddon.zip	original del juego, catalogado; la copia descomprimida está en emu/ROMS/DOS/Guy Spy and the Crystals of Armageddon/
EXTRAIDO	emu/dos/HIND - The Russian Combat Helicopter Simulation.zip	emu/ROMS/DOS/HIND - The Russian Combat Helicopter Simulation/	juego de DOS descomprimido para la consola (seguro)
CREADO		emu/ROMS/DOS/HIND - The Russian Combat Helicopter Simulation.conf	lanzador de dosbox_svn (seguro: Hind.exe)
MOVIDO	emu/dos/HIND - The Russian Combat Helicopter Simulation.zip	emu/ORIGINALES/DOS/HIND - The Russian Combat Helicopter Simulation.zip	original del juego, catalogado; la copia descomprimida está en emu/ROMS/DOS/HIND - The Russian Combat Helicopter Simulation/
EXTRAIDO	emu/dos/Hacker 2 - The Doomsday Papers.zip	emu/ROMS/DOS/Hacker 2 - The Doomsday Papers/	juego de DOS descomprimido para la consola (seguro)
CREADO		emu/ROMS/DOS/Hacker 2 - The Doomsday Papers.conf	lanzador de dosbox_svn (seguro: HACKER2.COM)
MOVIDO	emu/dos/Hacker 2 - The Doomsday Papers.zip	emu/ORIGINALES/DOS/Hacker 2 - The Doomsday Papers.zip	original del juego, catalogado; la copia descomprimida está en emu/ROMS/DOS/Hacker 2 - The Doomsday Papers/
EXTRAIDO	emu/dos/Hacker.zip	emu/ROMS/DOS/Hacker/	juego de DOS descomprimido para la consola (seguro)
CREADO		emu/ROMS/DOS/Hacker.conf	lanzador de dosbox_svn (seguro: HACKER.EXE)
MOVIDO	emu/dos/Hacker.zip	emu/ORIGINALES/DOS/Hacker.zip	original del juego, catalogado; la copia descomprimida está en emu/ROMS/DOS/Hacker/
EXTRAIDO	emu/dos/Hammer Boy.zip	emu/ROMS/DOS/Hammer Boy/	juego de DOS descomprimido para la consola (seguro)
CREADO		emu/ROMS/DOS/Hammer Boy.conf	lanzador de dosbox_svn (seguro: Hammer/DINAMIC.EXE)
MOVIDO	emu/dos/Hammer Boy.zip	emu/ORIGINALES/DOS/Hammer Boy.zip	original del juego, catalogado; la copia descomprimida está en emu/ROMS/DOS/Hammer Boy/
EXTRAIDO	emu/dos/Hammer of the Gods.zip	emu/ROMS/DOS/Hammer of the Gods/	juego de DOS descomprimido para la consola (seguro)
CREADO		emu/ROMS/DOS/Hammer of the Gods.conf	lanzador de dosbox_svn (seguro: HAMMER/HAMMER.BAT)
MOVIDO	emu/dos/Hammer of the Gods.zip	emu/ORIGINALES/DOS/Hammer of the Gods.zip	original del juego, catalogado; la copia descomprimida está en emu/ROMS/DOS/Hammer of the Gods/
EXTRAIDO	emu/dos/Hannibal.zip	emu/ROMS/DOS/Hannibal/	juego de DOS descomprimido para la consola (seguro)
CREADO		emu/ROMS/DOS/Hannibal.conf	lanzador de dosbox_svn (seguro: hannibal/HANNIBAL.EXE)
MOVIDO	emu/dos/Hannibal.zip	emu/ORIGINALES/DOS/Hannibal.zip	original del juego, catalogado; la copia descomprimida está en emu/ROMS/DOS/Hannibal/
EXTRAIDO	emu/dos/Happyland Adventures.zip	emu/ROMS/DOS/Happyland Adventures/	juego de DOS descomprimido para la consola (seguro)
CREADO		emu/ROMS/DOS/Happyland Adventures.conf	lanzador de dosbox_svn (seguro: happy/HAPPY.EXE)
MOVIDO	emu/dos/Happyland Adventures.zip	emu/ORIGINALES/DOS/Happyland Adventures.zip	original del juego, catalogado; la copia descomprimida está en emu/ROMS/DOS/Happyland Adventures/
EXTRAIDO	emu/dos/Hard Hat Mack.zip	emu/ROMS/DOS/Hard Hat Mack/	juego de DOS descomprimido para la consola (seguro)
CREADO		emu/ROMS/DOS/Hard Hat Mack.conf	lanzador de dosbox_svn (seguro: HARDHAT.COM)
MOVIDO	emu/dos/Hard Hat Mack.zip	emu/ORIGINALES/DOS/Hard Hat Mack.zip	original del juego, catalogado; la copia descomprimida está en emu/ROMS/DOS/Hard Hat Mack/
EXTRAIDO	emu/dos/HardBall 3.zip	emu/ROMS/DOS/HardBall 3/	juego de DOS descomprimido para la consola (seguro)
CREADO		emu/ROMS/DOS/HardBall 3.conf	lanzador de dosbox_svn (seguro: HARDBALL.EXE)
MOVIDO	emu/dos/HardBall 3.zip	emu/ORIGINALES/DOS/HardBall 3.zip	original del juego, catalogado; la copia descomprimida está en emu/ROMS/DOS/HardBall 3/
EXTRAIDO	emu/dos/Harrier Jump Jet.zip	emu/ROMS/DOS/Harrier Jump Jet/	juego de DOS descomprimido para la consola (dudoso)
CREADO		emu/ROMS/DOS/Harrier Jump Jet.conf	lanzador de dosbox_svn (dudoso: AV8B/HARRIER.BAT)
MOVIDO	emu/dos/Harrier Jump Jet.zip	emu/ORIGINALES/DOS/Harrier Jump Jet.zip	original del juego, catalogado; la copia descomprimida está en emu/ROMS/DOS/Harrier Jump Jet/
EXTRAIDO	emu/dos/Hat Trick.zip	emu/ROMS/DOS/Hat Trick/	juego de DOS descomprimido para la consola (seguro)
CREADO		emu/ROMS/DOS/Hat Trick.conf	lanzador de dosbox_svn (seguro: hattrick/hat.exe)
MOVIDO	emu/dos/Hat Trick.zip	emu/ORIGINALES/DOS/Hat Trick.zip	original del juego, catalogado; la copia descomprimida está en emu/ROMS/DOS/Hat Trick/
EXTRAIDO	emu/dos/Heart of China.zip	emu/ROMS/DOS/Heart of China/	juego de DOS descomprimido para la consola (seguro)
CREADO		emu/ROMS/DOS/Heart of China.conf	lanzador de dosbox_svn (seguro: heartoc/HOC.EXE)
MOVIDO	emu/dos/Heart of China.zip	emu/ORIGINALES/DOS/Heart of China.zip	original del juego, catalogado; la copia descomprimida está en emu/ROMS/DOS/Heart of China/
EXTRAIDO	emu/dos/Heavy Barrel.zip	emu/ROMS/DOS/Heavy Barrel/	juego de DOS descomprimido para la consola (dudoso)
CREADO		emu/ROMS/DOS/Heavy Barrel.conf	lanzador de dosbox_svn (dudoso: HB.EXE)
MOVIDO	emu/dos/Heavy Barrel.zip	emu/ORIGINALES/DOS/Heavy Barrel.zip	original del juego, catalogado; la copia descomprimida está en emu/ROMS/DOS/Heavy Barrel/
EXTRAIDO	emu/dos/Heimdall 2 - Into the Hall of Worlds.zip	emu/ROMS/DOS/Heimdall 2 - Into the Hall of Worlds/	juego de DOS descomprimido para la consola (seguro)
CREADO		emu/ROMS/DOS/Heimdall 2 - Into the Hall of Worlds.conf	lanzador de dosbox_svn (seguro: heim2/START.BAT)
MOVIDO	emu/dos/Heimdall 2 - Into the Hall of Worlds.zip	emu/ORIGINALES/DOS/Heimdall 2 - Into the Hall of Worlds.zip	original del juego, catalogado; la copia descomprimida está en emu/ROMS/DOS/Heimdall 2 - Into the Hall of Worlds/
EXTRAIDO	emu/dos/Heimdall.zip	emu/ROMS/DOS/Heimdall/	juego de DOS descomprimido para la consola (dudoso)
CREADO		emu/ROMS/DOS/Heimdall.conf	lanzador de dosbox_svn (dudoso: heimdall/HEIMDALL.EXE)
MOVIDO	emu/dos/Heimdall.zip	emu/ORIGINALES/DOS/Heimdall.zip	original del juego, catalogado; la copia descomprimida está en emu/ROMS/DOS/Heimdall/
EXTRAIDO	emu/dos/Heirs to the Throne.zip	emu/ROMS/DOS/Heirs to the Throne/	juego de DOS descomprimido para la consola (dudoso)
CREADO		emu/ROMS/DOS/Heirs to the Throne.conf	lanzador de dosbox_svn (dudoso: Heirs/START.EXE)
MOVIDO	emu/dos/Heirs to the Throne.zip	emu/ORIGINALES/DOS/Heirs to the Throne.zip	original del juego, catalogado; la copia descomprimida está en emu/ROMS/DOS/Heirs to the Throne/
EXTRAIDO	emu/dos/Hero Quest.zip	emu/ROMS/DOS/Hero Quest/	juego de DOS descomprimido para la consola (dudoso)
CREADO		emu/ROMS/DOS/Hero Quest.conf	lanzador de dosbox_svn (dudoso: HERO.EXE)
MOVIDO	emu/dos/Hero Quest.zip	emu/ORIGINALES/DOS/Hero Quest.zip	original del juego, catalogado; la copia descomprimida está en emu/ROMS/DOS/Hero Quest/
EXTRAIDO	emu/dos/Heroes of Might and Magic.zip	emu/ROMS/DOS/Heroes of Might and Magic/	juego de DOS descomprimido para la consola (seguro)
CREADO		emu/ROMS/DOS/Heroes of Might and Magic.conf	lanzador de dosbox_svn (seguro: HEROES/HEROES.EXE)
MOVIDO	emu/dos/Heroes of Might and Magic.zip	emu/ORIGINALES/DOS/Heroes of Might and Magic.zip	original del juego, catalogado; la copia descomprimida está en emu/ROMS/DOS/Heroes of Might and Magic/
EXTRAIDO	emu/dos/Heroes of the Lance.zip	emu/ROMS/DOS/Heroes of the Lance/	juego de DOS descomprimido para la consola (seguro)
CREADO		emu/ROMS/DOS/Heroes of the Lance.conf	lanzador de dosbox_svn (seguro: hotlance.exe)
MOVIDO	emu/dos/Heroes of the Lance.zip	emu/ORIGINALES/DOS/Heroes of the Lance.zip	original del juego, catalogado; la copia descomprimida está en emu/ROMS/DOS/Heroes of the Lance/
EXTRAIDO	emu/dos/Hexx - Heresy of The Wizard.zip	emu/ROMS/DOS/Hexx - Heresy of The Wizard/	juego de DOS descomprimido para la consola (seguro)
CREADO		emu/ROMS/DOS/Hexx - Heresy of The Wizard.conf	lanzador de dosbox_svn (seguro: hexx/HEXX.BAT)
MOVIDO	emu/dos/Hexx - Heresy of The Wizard.zip	emu/ORIGINALES/DOS/Hexx - Heresy of The Wizard.zip	original del juego, catalogado; la copia descomprimida está en emu/ROMS/DOS/Hexx - Heresy of The Wizard/
EXTRAIDO	emu/dos/Hexxagon.zip	emu/ROMS/DOS/Hexxagon/	juego de DOS descomprimido para la consola (seguro)
CREADO		emu/ROMS/DOS/Hexxagon.conf	lanzador de dosbox_svn (seguro: Hexx.exe)
MOVIDO	emu/dos/Hexxagon.zip	emu/ORIGINALES/DOS/Hexxagon.zip	original del juego, catalogado; la copia descomprimida está en emu/ROMS/DOS/Hexxagon/
EXTRAIDO	emu/dos/Hidden Agenda.zip	emu/ROMS/DOS/Hidden Agenda/	juego de DOS descomprimido para la consola (seguro)
CREADO		emu/ROMS/DOS/Hidden Agenda.conf	lanzador de dosbox_svn (seguro: agenda/AGENDA.COM)
MOVIDO	emu/dos/Hidden Agenda.zip	emu/ORIGINALES/DOS/Hidden Agenda.zip	original del juego, catalogado; la copia descomprimida está en emu/ROMS/DOS/Hidden Agenda/
EXTRAIDO	emu/dos/High Seas Trader.zip	emu/ROMS/DOS/High Seas Trader/	juego de DOS descomprimido para la consola (seguro)
CREADO		emu/ROMS/DOS/High Seas Trader.conf	lanzador de dosbox_svn (seguro: HIGHSEAS/HST.EXE)
MOVIDO	emu/dos/High Seas Trader.zip	emu/ORIGINALES/DOS/High Seas Trader.zip	original del juego, catalogado; la copia descomprimida está en emu/ROMS/DOS/High Seas Trader/
EXTRAIDO	emu/dos/Highway Hunter.zip	emu/ROMS/DOS/Highway Hunter/	juego de DOS descomprimido para la consola (seguro)
CREADO		emu/ROMS/DOS/Highway Hunter.conf	lanzador de dosbox_svn (seguro: hhunter/START.EXE)
MOVIDO	emu/dos/Highway Hunter.zip	emu/ORIGINALES/DOS/Highway Hunter.zip	original del juego, catalogado; la copia descomprimida está en emu/ROMS/DOS/Highway Hunter/
EXTRAIDO	emu/dos/Hill Street Blues.zip	emu/ROMS/DOS/Hill Street Blues/	juego de DOS descomprimido para la consola (dudoso)
CREADO		emu/ROMS/DOS/Hill Street Blues.conf	lanzador de dosbox_svn (dudoso: HSB.BAT)
MOVIDO	emu/dos/Hill Street Blues.zip	emu/ORIGINALES/DOS/Hill Street Blues.zip	original del juego, catalogado; la copia descomprimida está en emu/ROMS/DOS/Hill Street Blues/
EXTRAIDO	emu/dos/Hocus Pocus.zip	emu/ROMS/DOS/Hocus Pocus/	juego de DOS descomprimido para la consola (dudoso)
CREADO		emu/ROMS/DOS/Hocus Pocus.conf	lanzador de dosbox_svn (dudoso: HOCUS.EXE)
MOVIDO	emu/dos/Hocus Pocus.zip	emu/ORIGINALES/DOS/Hocus Pocus.zip	original del juego, catalogado; la copia descomprimida está en emu/ROMS/DOS/Hocus Pocus/
EXTRAIDO	emu/dos/Hollywood Squares.zip	emu/ROMS/DOS/Hollywood Squares/	juego de DOS descomprimido para la consola (seguro)
CREADO		emu/ROMS/DOS/Hollywood Squares.conf	lanzador de dosbox_svn (seguro: FUN.EXE)
MOVIDO	emu/dos/Hollywood Squares.zip	emu/ORIGINALES/DOS/Hollywood Squares.zip	original del juego, catalogado; la copia descomprimida está en emu/ROMS/DOS/Hollywood Squares/
EXTRAIDO	emu/dos/Home Alone 2 - Lost in New York.zip	emu/ROMS/DOS/Home Alone 2 - Lost in New York/	juego de DOS descomprimido para la consola (dudoso)
CREADO		emu/ROMS/DOS/Home Alone 2 - Lost in New York.conf	lanzador de dosbox_svn (dudoso: ha2/HA2.EXE)
MOVIDO	emu/dos/Home Alone 2 - Lost in New York.zip	emu/ORIGINALES/DOS/Home Alone 2 - Lost in New York.zip	original del juego, catalogado; la copia descomprimida está en emu/ROMS/DOS/Home Alone 2 - Lost in New York/
EXTRAIDO	emu/dos/Home Alone.zip	emu/ROMS/DOS/Home Alone/	juego de DOS descomprimido para la consola (dudoso)
CREADO		emu/ROMS/DOS/Home Alone.conf	lanzador de dosbox_svn (dudoso: HA.EXE)
MOVIDO	emu/dos/Home Alone.zip	emu/ORIGINALES/DOS/Home Alone.zip	original del juego, catalogado; la copia descomprimida está en emu/ROMS/DOS/Home Alone/
EXTRAIDO	emu/dos/Hook.zip	emu/ROMS/DOS/Hook/	juego de DOS descomprimido para la consola (seguro)
CREADO		emu/ROMS/DOS/Hook.conf	lanzador de dosbox_svn (seguro: HOOK.EXE)
MOVIDO	emu/dos/Hook.zip	emu/ORIGINALES/DOS/Hook.zip	original del juego, catalogado; la copia descomprimida está en emu/ROMS/DOS/Hook/
EXTRAIDO	emu/dos/Horror Zombies from the Crypt.zip	emu/ROMS/DOS/Horror Zombies from the Crypt/	juego de DOS descomprimido para la consola (dudoso)
CREADO		emu/ROMS/DOS/Horror Zombies from the Crypt.conf	lanzador de dosbox_svn (dudoso: horror/HZVGA.EXE)
MOVIDO	emu/dos/Horror Zombies from the Crypt.zip	emu/ORIGINALES/DOS/Horror Zombies from the Crypt.zip	original del juego, catalogado; la copia descomprimida está en emu/ROMS/DOS/Horror Zombies from the Crypt/
EXTRAIDO	emu/dos/Hostages.zip	emu/ROMS/DOS/Hostages/	juego de DOS descomprimido para la consola (seguro)
CREADO		emu/ROMS/DOS/Hostages.conf	lanzador de dosbox_svn (seguro: hostage/HOSTAGE.COM)
MOVIDO	emu/dos/Hostages.zip	emu/ORIGINALES/DOS/Hostages.zip	original del juego, catalogado; la copia descomprimida está en emu/ROMS/DOS/Hostages/
EXTRAIDO	emu/dos/Icon - The Quest for the Ring.zip	emu/ROMS/DOS/Icon - The Quest for the Ring/	juego de DOS descomprimido para la consola (seguro)
CREADO		emu/ROMS/DOS/Icon - The Quest for the Ring.conf	lanzador de dosbox_svn (seguro: icon/Icon.exe)
MOVIDO	emu/dos/Icon - The Quest for the Ring.zip	emu/ORIGINALES/DOS/Icon - The Quest for the Ring.zip	original del juego, catalogado; la copia descomprimida está en emu/ROMS/DOS/Icon - The Quest for the Ring/
EXTRAIDO	emu/dos/Ikari Warriors.zip	emu/ROMS/DOS/Ikari Warriors/	juego de DOS descomprimido para la consola (seguro)
CREADO		emu/ROMS/DOS/Ikari Warriors.conf	lanzador de dosbox_svn (seguro: ikariw/IKARI.COM)
MOVIDO	emu/dos/Ikari Warriors.zip	emu/ORIGINALES/DOS/Ikari Warriors.zip	original del juego, catalogado; la copia descomprimida está en emu/ROMS/DOS/Ikari Warriors/
EXTRAIDO	emu/dos/Impact!.zip	emu/ROMS/DOS/Impact!/	juego de DOS descomprimido para la consola (dudoso)
CREADO		emu/ROMS/DOS/Impact!.conf	lanzador de dosbox_svn (dudoso: IMPACTE.EXE)
MOVIDO	emu/dos/Impact!.zip	emu/ORIGINALES/DOS/Impact!.zip	original del juego, catalogado; la copia descomprimida está en emu/ROMS/DOS/Impact!/
EXTRAIDO	emu/dos/Impossible Mission 2.zip	emu/ROMS/DOS/Impossible Mission 2/	juego de DOS descomprimido para la consola (dudoso)
CREADO		emu/ROMS/DOS/Impossible Mission 2.conf	lanzador de dosbox_svn (dudoso: IM2_TAN.EXE)
MOVIDO	emu/dos/Impossible Mission 2.zip	emu/ORIGINALES/DOS/Impossible Mission 2.zip	original del juego, catalogado; la copia descomprimida está en emu/ROMS/DOS/Impossible Mission 2/
EXTRAIDO	emu/dos/In search of Dr. Riptide.zip	emu/ROMS/DOS/In search of Dr. Riptide/	juego de DOS descomprimido para la consola (seguro)
CREADO		emu/ROMS/DOS/In search of Dr. Riptide.conf	lanzador de dosbox_svn (seguro: RIPTIDE.EXE)
MOVIDO	emu/dos/In search of Dr. Riptide.zip	emu/ORIGINALES/DOS/In search of Dr. Riptide.zip	original del juego, catalogado; la copia descomprimida está en emu/ROMS/DOS/In search of Dr. Riptide/
EXTRAIDO	emu/dos/Incunabula.zip	emu/ROMS/DOS/Incunabula/	juego de DOS descomprimido para la consola (dudoso)
CREADO		emu/ROMS/DOS/Incunabula.conf	lanzador de dosbox_svn (dudoso: SCRIBE.EXE)
MOVIDO	emu/dos/Incunabula.zip	emu/ORIGINALES/DOS/Incunabula.zip	original del juego, catalogado; la copia descomprimida está en emu/ROMS/DOS/Incunabula/
EXTRAIDO	emu/dos/Indiana Jones and the Last Crusade.zip	emu/ROMS/DOS/Indiana Jones and the Last Crusade/	juego de DOS descomprimido para la consola (seguro)
CREADO		emu/ROMS/DOS/Indiana Jones and the Last Crusade.conf	lanzador de dosbox_svn (seguro: indy3act/INDY.COM)
MOVIDO	emu/dos/Indiana Jones and the Last Crusade.zip	emu/ORIGINALES/DOS/Indiana Jones and the Last Crusade.zip	original del juego, catalogado; la copia descomprimida está en emu/ROMS/DOS/Indiana Jones and the Last Crusade/
EXTRAIDO	emu/dos/Indiana Jones and the Temple of Doom.zip	emu/ROMS/DOS/Indiana Jones and the Temple of Doom/	juego de DOS descomprimido para la consola (seguro)
CREADO		emu/ROMS/DOS/Indiana Jones and the Temple of Doom.conf	lanzador de dosbox_svn (seguro: INDY.EXE)
MOVIDO	emu/dos/Indiana Jones and the Temple of Doom.zip	emu/ORIGINALES/DOS/Indiana Jones and the Temple of Doom.zip	original del juego, catalogado; la copia descomprimida está en emu/ROMS/DOS/Indiana Jones and the Temple of Doom/
EXTRAIDO	emu/dos/Indiana Jones in Revenge of the Ancients.zip	emu/ROMS/DOS/Indiana Jones in Revenge of the Ancients/	juego de DOS descomprimido para la consola (seguro)
CREADO		emu/ROMS/DOS/Indiana Jones in Revenge of the Ancients.conf	lanzador de dosbox_svn (seguro: START.BAT)
MOVIDO	emu/dos/Indiana Jones in Revenge of the Ancients.zip	emu/ORIGINALES/DOS/Indiana Jones in Revenge of the Ancients.zip	original del juego, catalogado; la copia descomprimida está en emu/ROMS/DOS/Indiana Jones in Revenge of the Ancients/
EXTRAIDO	emu/dos/Indianapolis 500.zip	emu/ROMS/DOS/Indianapolis 500/	juego de DOS descomprimido para la consola (seguro)
CREADO		emu/ROMS/DOS/Indianapolis 500.conf	lanzador de dosbox_svn (seguro: RUNME.BAT)
MOVIDO	emu/dos/Indianapolis 500.zip	emu/ORIGINALES/DOS/Indianapolis 500.zip	original del juego, catalogado; la copia descomprimida está en emu/ROMS/DOS/Indianapolis 500/
MOVIDO	emu/dos/Indoor Sports.zip	emu/EXTRAS/DOS-malos/Indoor Sports.zip	no se abre como zip (File is not a zip file)
EXTRAIDO	emu/dos/Infestation.zip	emu/ROMS/DOS/Infestation/	juego de DOS descomprimido para la consola (seguro)
CREADO		emu/ROMS/DOS/Infestation.conf	lanzador de dosbox_svn (seguro: INFEST.COM)
MOVIDO	emu/dos/Infestation.zip	emu/ORIGINALES/DOS/Infestation.zip	original del juego, catalogado; la copia descomprimida está en emu/ROMS/DOS/Infestation/
EXTRAIDO	emu/dos/Infidel.zip	emu/ROMS/DOS/Infidel/	juego de DOS descomprimido para la consola (seguro)
CREADO		emu/ROMS/DOS/Infidel.conf	lanzador de dosbox_svn (seguro: infidel/INFIDEL.BAT)
MOVIDO	emu/dos/Infidel.zip	emu/ORIGINALES/DOS/Infidel.zip	original del juego, catalogado; la copia descomprimida está en emu/ROMS/DOS/Infidel/
EXTRAIDO	emu/dos/Infiltrator 2.zip	emu/ROMS/DOS/Infiltrator 2/	juego de DOS descomprimido para la consola (dudoso)
CREADO		emu/ROMS/DOS/Infiltrator 2.conf	lanzador de dosbox_svn (dudoso: IGROUND.EXE)
MOVIDO	emu/dos/Infiltrator 2.zip	emu/ORIGINALES/DOS/Infiltrator 2.zip	original del juego, catalogado; la copia descomprimida está en emu/ROMS/DOS/Infiltrator 2/
EXTRAIDO	emu/dos/Infiltrator.zip	emu/ROMS/DOS/Infiltrator/	juego de DOS descomprimido para la consola (dudoso)
CREADO		emu/ROMS/DOS/Infiltrator.conf	lanzador de dosbox_svn (dudoso: IGROUND.EXE)
MOVIDO	emu/dos/Infiltrator.zip	emu/ORIGINALES/DOS/Infiltrator.zip	original del juego, catalogado; la copia descomprimida está en emu/ROMS/DOS/Infiltrator/
EXTRAIDO	emu/dos/Inner Worlds.zip	emu/ROMS/DOS/Inner Worlds/	juego de DOS descomprimido para la consola (seguro)
CREADO		emu/ROMS/DOS/Inner Worlds.conf	lanzador de dosbox_svn (seguro: IW.EXE)
MOVIDO	emu/dos/Inner Worlds.zip	emu/ORIGINALES/DOS/Inner Worlds.zip	original del juego, catalogado; la copia descomprimida está en emu/ROMS/DOS/Inner Worlds/
EXTRAIDO	emu/dos/Innocent Until Caught.zip	emu/ROMS/DOS/Innocent Until Caught/	juego de DOS descomprimido para la consola (dudoso)
CREADO		emu/ROMS/DOS/Innocent Until Caught.conf	lanzador de dosbox_svn (dudoso: IUC/INNOCENT.EXE)
MOVIDO	emu/dos/Innocent Until Caught.zip	emu/ORIGINALES/DOS/Innocent Until Caught.zip	original del juego, catalogado; la copia descomprimida está en emu/ROMS/DOS/Innocent Until Caught/
EXTRAIDO	emu/dos/Inspector Gadget.zip	emu/ROMS/DOS/Inspector Gadget/	juego de DOS descomprimido para la consola (seguro)
CREADO		emu/ROMS/DOS/Inspector Gadget.conf	lanzador de dosbox_svn (seguro: igadget/GADGET.EXE)
MOVIDO	emu/dos/Inspector Gadget.zip	emu/ORIGINALES/DOS/Inspector Gadget.zip	original del juego, catalogado; la copia descomprimida está en emu/ROMS/DOS/Inspector Gadget/
EXTRAIDO	emu/dos/International Athletics.zip	emu/ROMS/DOS/International Athletics/	juego de DOS descomprimido para la consola (seguro)
CREADO		emu/ROMS/DOS/International Athletics.conf	lanzador de dosbox_svn (seguro: athlet/ATHLETIC.COM)
MOVIDO	emu/dos/International Athletics.zip	emu/ORIGINALES/DOS/International Athletics.zip	original del juego, catalogado; la copia descomprimida está en emu/ROMS/DOS/International Athletics/
EXTRAIDO	emu/dos/International Soccer.zip	emu/ROMS/DOS/International Soccer/	juego de DOS descomprimido para la consola (seguro)
CREADO		emu/ROMS/DOS/International Soccer.conf	lanzador de dosbox_svn (seguro: isoccer/IS.EXE)
MOVIDO	emu/dos/International Soccer.zip	emu/ORIGINALES/DOS/International Soccer.zip	original del juego, catalogado; la copia descomprimida está en emu/ROMS/DOS/International Soccer/
EXTRAIDO	emu/dos/International Sports Challenge.zip	emu/ROMS/DOS/International Sports Challenge/	juego de DOS descomprimido para la consola (dudoso)
CREADO		emu/ROMS/DOS/International Sports Challenge.conf	lanzador de dosbox_svn (dudoso: isc/CHALL.EXE)
MOVIDO	emu/dos/International Sports Challenge.zip	emu/ORIGINALES/DOS/International Sports Challenge.zip	original del juego, catalogado; la copia descomprimida está en emu/ROMS/DOS/International Sports Challenge/
EXTRAIDO	emu/dos/Interphase.zip	emu/ROMS/DOS/Interphase/	juego de DOS descomprimido para la consola (seguro)
CREADO		emu/ROMS/DOS/Interphase.conf	lanzador de dosbox_svn (seguro: INTERPHS.EXE)
MOVIDO	emu/dos/Interphase.zip	emu/ORIGINALES/DOS/Interphase.zip	original del juego, catalogado; la copia descomprimida está en emu/ROMS/DOS/Interphase/
EXTRAIDO	emu/dos/Into the Eagle's Nest.zip	emu/ROMS/DOS/Into the Eagle's Nest/	juego de DOS descomprimido para la consola (seguro)
CREADO		emu/ROMS/DOS/Into the Eagle's Nest.conf	lanzador de dosbox_svn (seguro: Eagle.exe)
MOVIDO	emu/dos/Into the Eagle's Nest.zip	emu/ORIGINALES/DOS/Into the Eagle's Nest.zip	original del juego, catalogado; la copia descomprimida está en emu/ROMS/DOS/Into the Eagle's Nest/
EXTRAIDO	emu/dos/Iron Cross.zip	emu/ROMS/DOS/Iron Cross/	juego de DOS descomprimido para la consola (seguro)
CREADO		emu/ROMS/DOS/Iron Cross.conf	lanzador de dosbox_svn (seguro: IC/IC.EXE)
MOVIDO	emu/dos/Iron Cross.zip	emu/ORIGINALES/DOS/Iron Cross.zip	original del juego, catalogado; la copia descomprimida está en emu/ROMS/DOS/Iron Cross/
EXTRAIDO	emu/dos/Iron Lord.zip	emu/ROMS/DOS/Iron Lord/	juego de DOS descomprimido para la consola (seguro)
CREADO		emu/ROMS/DOS/Iron Lord.conf	lanzador de dosbox_svn (seguro: IronLord/IRONLORD.EXE)
MOVIDO	emu/dos/Iron Lord.zip	emu/ORIGINALES/DOS/Iron Lord.zip	original del juego, catalogado; la copia descomprimida está en emu/ROMS/DOS/Iron Lord/
EXTRAIDO	emu/dos/Ishar 2 - Messengers of Doom.zip	emu/ROMS/DOS/Ishar 2 - Messengers of Doom/	juego de DOS descomprimido para la consola (seguro)
CREADO		emu/ROMS/DOS/Ishar 2 - Messengers of Doom.conf	lanzador de dosbox_svn (seguro: START.EXE)
MOVIDO	emu/dos/Ishar 2 - Messengers of Doom.zip	emu/ORIGINALES/DOS/Ishar 2 - Messengers of Doom.zip	original del juego, catalogado; la copia descomprimida está en emu/ROMS/DOS/Ishar 2 - Messengers of Doom/
EXTRAIDO	emu/dos/Ishar 3 - The seven gates of Infinity.zip	emu/ROMS/DOS/Ishar 3 - The seven gates of Infinity/	juego de DOS descomprimido para la consola (seguro)
CREADO		emu/ROMS/DOS/Ishar 3 - The seven gates of Infinity.conf	lanzador de dosbox_svn (seguro: START.EXE)
MOVIDO	emu/dos/Ishar 3 - The seven gates of Infinity.zip	emu/ORIGINALES/DOS/Ishar 3 - The seven gates of Infinity.zip	original del juego, catalogado; la copia descomprimida está en emu/ROMS/DOS/Ishar 3 - The seven gates of Infinity/
EXTRAIDO	emu/dos/Isle of the Dead.zip	emu/ROMS/DOS/Isle of the Dead/	juego de DOS descomprimido para la consola (dudoso)
CREADO		emu/ROMS/DOS/Isle of the Dead.conf	lanzador de dosbox_svn (dudoso: IOD/IOD.BAT)
MOVIDO	emu/dos/Isle of the Dead.zip	emu/ORIGINALES/DOS/Isle of the Dead.zip	original del juego, catalogado; la copia descomprimida está en emu/ROMS/DOS/Isle of the Dead/
EXTRAIDO	emu/dos/It came from the Desert.zip	emu/ROMS/DOS/It came from the Desert/	juego de DOS descomprimido para la consola (seguro)
CREADO		emu/ROMS/DOS/It came from the Desert.conf	lanzador de dosbox_svn (seguro: DESERT.BAT)
MOVIDO	emu/dos/It came from the Desert.zip	emu/ORIGINALES/DOS/It came from the Desert.zip	original del juego, catalogado; la copia descomprimida está en emu/ROMS/DOS/It came from the Desert/
EXTRAIDO	emu/dos/Iznogoud.zip	emu/ROMS/DOS/Iznogoud/	juego de DOS descomprimido para la consola (dudoso)
CREADO		emu/ROMS/DOS/Iznogoud.conf	lanzador de dosbox_svn (dudoso: IZN1FHER.EXE)
MOVIDO	emu/dos/Iznogoud.zip	emu/ORIGINALES/DOS/Iznogoud.zip	original del juego, catalogado; la copia descomprimida está en emu/ROMS/DOS/Iznogoud/
EXTRAIDO	emu/dos/J-Bird.zip	emu/ROMS/DOS/J-Bird/	juego de DOS descomprimido para la consola (seguro)
CREADO		emu/ROMS/DOS/J-Bird.conf	lanzador de dosbox_svn (seguro: JBIRD.EXE)
MOVIDO	emu/dos/J-Bird.zip	emu/ORIGINALES/DOS/J-Bird.zip	original del juego, catalogado; la copia descomprimida está en emu/ROMS/DOS/J-Bird/
EXTRAIDO	emu/dos/Jack the Ripper.zip	emu/ROMS/DOS/Jack the Ripper/	juego de DOS descomprimido para la consola (seguro)
CREADO		emu/ROMS/DOS/Jack the Ripper.conf	lanzador de dosbox_svn (seguro: jtripper/JACK.BAT)
MOVIDO	emu/dos/Jack the Ripper.zip	emu/ORIGINALES/DOS/Jack the Ripper.zip	original del juego, catalogado; la copia descomprimida está en emu/ROMS/DOS/Jack the Ripper/
EXTRAIDO	emu/dos/Jagged Alliance.zip	emu/ROMS/DOS/Jagged Alliance/	juego de DOS descomprimido para la consola (dudoso)
CREADO		emu/ROMS/DOS/Jagged Alliance.conf	lanzador de dosbox_svn (dudoso: JA.EXE)
MOVIDO	emu/dos/Jagged Alliance.zip	emu/ORIGINALES/DOS/Jagged Alliance.zip	original del juego, catalogado; la copia descomprimida está en emu/ROMS/DOS/Jagged Alliance/
EXTRAIDO	emu/dos/Jazz Jackrabbit Holiday Hare.zip	emu/ROMS/DOS/Jazz Jackrabbit Holiday Hare/	juego de DOS descomprimido para la consola (seguro)
CREADO		emu/ROMS/DOS/Jazz Jackrabbit Holiday Hare.conf	lanzador de dosbox_svn (seguro: JAZZ.EXE)
MOVIDO	emu/dos/Jazz Jackrabbit Holiday Hare.zip	emu/ORIGINALES/DOS/Jazz Jackrabbit Holiday Hare.zip	original del juego, catalogado; la copia descomprimida está en emu/ROMS/DOS/Jazz Jackrabbit Holiday Hare/
EXTRAIDO	emu/dos/Jazz Jackrabbit.dosz	emu/ROMS/DOS/Jazz Jackrabbit/	juego de DOS descomprimido para la consola (seguro)
CREADO		emu/ROMS/DOS/Jazz Jackrabbit.conf	lanzador de dosbox_svn (seguro: JAZZ.EXE)
MOVIDO	emu/dos/Jazz Jackrabbit.dosz	emu/ORIGINALES/DOS/Jazz Jackrabbit.dosz	original del juego, catalogado; la copia descomprimida está en emu/ROMS/DOS/Jazz Jackrabbit/
EXTRAIDO	emu/dos/Jeopardy!.zip	emu/ROMS/DOS/Jeopardy!/	juego de DOS descomprimido para la consola (seguro)
CREADO		emu/ROMS/DOS/Jeopardy!.conf	lanzador de dosbox_svn (seguro: MENU.EXE)
MOVIDO	emu/dos/Jeopardy!.zip	emu/ORIGINALES/DOS/Jeopardy!.zip	original del juego, catalogado; la copia descomprimida está en emu/ROMS/DOS/Jeopardy!/
EXTRAIDO	emu/dos/Jet.zip	emu/ROMS/DOS/Jet/	juego de DOS descomprimido para la consola (seguro)
CREADO		emu/ROMS/DOS/Jet.conf	lanzador de dosbox_svn (seguro: JET.COM)
MOVIDO	emu/dos/Jet.zip	emu/ORIGINALES/DOS/Jet.zip	original del juego, catalogado; la copia descomprimida está en emu/ROMS/DOS/Jet/
EXTRAIDO	emu/dos/Jewels of Darkness (Trilogy).zip	emu/ROMS/DOS/Jewels of Darkness (Trilogy)/	juego de DOS descomprimido para la consola (dudoso)
CREADO		emu/ROMS/DOS/Jewels of Darkness (Trilogy).conf	lanzador de dosbox_svn (dudoso: AINT.EXE)
MOVIDO	emu/dos/Jewels of Darkness (Trilogy).zip	emu/ORIGINALES/DOS/Jewels of Darkness (Trilogy).zip	original del juego, catalogado; la copia descomprimida está en emu/ROMS/DOS/Jewels of Darkness (Trilogy)/
EXTRAIDO	emu/dos/Jimmy Connor's Pro Tennis Tour.zip	emu/ROMS/DOS/Jimmy Connor's Pro Tennis Tour/	juego de DOS descomprimido para la consola (seguro)
CREADO		emu/ROMS/DOS/Jimmy Connor's Pro Tennis Tour.conf	lanzador de dosbox_svn (seguro: PTT2.EXE)
MOVIDO	emu/dos/Jimmy Connor's Pro Tennis Tour.zip	emu/ORIGINALES/DOS/Jimmy Connor's Pro Tennis Tour.zip	original del juego, catalogado; la copia descomprimida está en emu/ROMS/DOS/Jimmy Connor's Pro Tennis Tour/
MOVIDO	emu/dos/Jimmy White's Whirlwind Snooker.zip	emu/EXTRAS/DOS-malos/Jimmy White's Whirlwind Snooker.zip	no se abre como zip (File is not a zip file)
EXTRAIDO	emu/dos/Jinxter.zip	emu/ROMS/DOS/Jinxter/	juego de DOS descomprimido para la consola (seguro)
CREADO		emu/ROMS/DOS/Jinxter.conf	lanzador de dosbox_svn (seguro: jinxter/JINXTER.BAT)
MOVIDO	emu/dos/Jinxter.zip	emu/ORIGINALES/DOS/Jinxter.zip	original del juego, catalogado; la copia descomprimida está en emu/ROMS/DOS/Jinxter/
EXTRAIDO	emu/dos/Joe & Mac Caveman Ninja.zip	emu/ROMS/DOS/Joe & Mac Caveman Ninja/	juego de DOS descomprimido para la consola (seguro)
CREADO		emu/ROMS/DOS/Joe & Mac Caveman Ninja.conf	lanzador de dosbox_svn (seguro: CAVEMAN.EXE)
MOVIDO	emu/dos/Joe & Mac Caveman Ninja.zip	emu/ORIGINALES/DOS/Joe & Mac Caveman Ninja.zip	original del juego, catalogado; la copia descomprimida está en emu/ROMS/DOS/Joe & Mac Caveman Ninja/
EXTRAIDO	emu/dos/Jones in the Fast Lane.zip	emu/ROMS/SCUMMVM/Jones in the Fast Lane/	juego de DOS descomprimido para la consola (scummvm)
CREADO		emu/ROMS/SCUMMVM/Jones in the Fast Lane/jones/Jones in the Fast Lane.scummvm	lanzador de ScummVM (id jones)
MOVIDO	emu/dos/Jones in the Fast Lane.zip	emu/ORIGINALES/DOS/Jones in the Fast Lane.zip	original del juego, catalogado; la copia descomprimida está en emu/ROMS/SCUMMVM/Jones in the Fast Lane/
EXTRAIDO	emu/dos/Jonny Quest - Curse of the Mayan Warriors.zip	emu/ROMS/DOS/Jonny Quest - Curse of the Mayan Warriors/	juego de DOS descomprimido para la consola (seguro)
CREADO		emu/ROMS/DOS/Jonny Quest - Curse of the Mayan Warriors.conf	lanzador de dosbox_svn (seguro: JQUEST/JONNY.BAT)
MOVIDO	emu/dos/Jonny Quest - Curse of the Mayan Warriors.zip	emu/ORIGINALES/DOS/Jonny Quest - Curse of the Mayan Warriors.zip	original del juego, catalogado; la copia descomprimida está en emu/ROMS/DOS/Jonny Quest - Curse of the Mayan Warriors/
EXTRAIDO	emu/dos/Joust.zip	emu/ROMS/DOS/Joust/	juego de DOS descomprimido para la consola (seguro)
CREADO		emu/ROMS/DOS/Joust.conf	lanzador de dosbox_svn (seguro: joust/JOUST.COM)
MOVIDO	emu/dos/Joust.zip	emu/ORIGINALES/DOS/Joust.zip	original del juego, catalogado; la copia descomprimida está en emu/ROMS/DOS/Joust/
EXTRAIDO	emu/dos/Jumpman.zip	emu/ROMS/DOS/Jumpman/	juego de DOS descomprimido para la consola (seguro)
CREADO		emu/ROMS/DOS/Jumpman.conf	lanzador de dosbox_svn (seguro: JUMPMAN.COM)
MOVIDO	emu/dos/Jumpman.zip	emu/ORIGINALES/DOS/Jumpman.zip	original del juego, catalogado; la copia descomprimida está en emu/ROMS/DOS/Jumpman/
EXTRAIDO	emu/dos/Jungle Strike.zip	emu/ROMS/DOS/Jungle Strike/	juego de DOS descomprimido para la consola (seguro)
CREADO		emu/ROMS/DOS/Jungle Strike.conf	lanzador de dosbox_svn (seguro: jungle/JUNGLE.EXE)
MOVIDO	emu/dos/Jungle Strike.zip	emu/ORIGINALES/DOS/Jungle Strike.zip	original del juego, catalogado; la copia descomprimida está en emu/ROMS/DOS/Jungle Strike/
EXTRAIDO	emu/dos/Jurassic Park.zip	emu/ROMS/DOS/Jurassic Park/	juego de DOS descomprimido para la consola (dudoso)
CREADO		emu/ROMS/DOS/Jurassic Park.conf	lanzador de dosbox_svn (dudoso: jp/JP.EXE)
MOVIDO	emu/dos/Jurassic Park.zip	emu/ORIGINALES/DOS/Jurassic Park.zip	original del juego, catalogado; la copia descomprimida está en emu/ROMS/DOS/Jurassic Park/
EXTRAIDO	emu/dos/KGB.zip	emu/ROMS/DOS/KGB/	juego de DOS descomprimido para la consola (seguro)
CREADO		emu/ROMS/DOS/KGB.conf	lanzador de dosbox_svn (seguro: KGB/KGB.BAT)
MOVIDO	emu/dos/KGB.zip	emu/ORIGINALES/DOS/KGB.zip	original del juego, catalogado; la copia descomprimida está en emu/ROMS/DOS/KGB/
EXTRAIDO	emu/dos/Kampfgruppe.zip	emu/ROMS/DOS/Kampfgruppe/	juego de DOS descomprimido para la consola (seguro)
CREADO		emu/ROMS/DOS/Kampfgruppe.conf	lanzador de dosbox_svn (seguro: START.EXE)
MOVIDO	emu/dos/Kampfgruppe.zip	emu/ORIGINALES/DOS/Kampfgruppe.zip	original del juego, catalogado; la copia descomprimida está en emu/ROMS/DOS/Kampfgruppe/
EXTRAIDO	emu/dos/Karateka.zip	emu/ROMS/DOS/Karateka/	juego de DOS descomprimido para la consola (seguro)
CREADO		emu/ROMS/DOS/Karateka.conf	lanzador de dosbox_svn (seguro: KARATEKA.EXE)
MOVIDO	emu/dos/Karateka.zip	emu/ORIGINALES/DOS/Karateka.zip	original del juego, catalogado; la copia descomprimida está en emu/ROMS/DOS/Karateka/
EXTRAIDO	emu/dos/Karnov.zip	emu/ROMS/DOS/Karnov/	juego de DOS descomprimido para la consola (seguro)
CREADO		emu/ROMS/DOS/Karnov.conf	lanzador de dosbox_svn (seguro: KARNOV.EXE)
MOVIDO	emu/dos/Karnov.zip	emu/ORIGINALES/DOS/Karnov.zip	original del juego, catalogado; la copia descomprimida está en emu/ROMS/DOS/Karnov/
EXTRAIDO	emu/dos/Ken's Labyrinth.zip	emu/ROMS/DOS/Ken's Labyrinth/	juego de DOS descomprimido para la consola (seguro)
CREADO		emu/ROMS/DOS/Ken's Labyrinth.conf	lanzador de dosbox_svn (seguro: KEN.EXE)
MOVIDO	emu/dos/Ken's Labyrinth.zip	emu/ORIGINALES/DOS/Ken's Labyrinth.zip	original del juego, catalogado; la copia descomprimida está en emu/ROMS/DOS/Ken's Labyrinth/
EXTRAIDO	emu/dos/Kick Off 2.zip	emu/ROMS/DOS/Kick Off 2/	juego de DOS descomprimido para la consola (seguro)
CREADO		emu/ROMS/DOS/Kick Off 2.conf	lanzador de dosbox_svn (seguro: kickoff2/RUNME.BAT)
MOVIDO	emu/dos/Kick Off 2.zip	emu/ORIGINALES/DOS/Kick Off 2.zip	original del juego, catalogado; la copia descomprimida está en emu/ROMS/DOS/Kick Off 2/
EXTRAIDO	emu/dos/Kick Off 3 - European Challenge.zip	emu/ROMS/DOS/Kick Off 3 - European Challenge/	juego de DOS descomprimido para la consola (dudoso)
CREADO		emu/ROMS/DOS/Kick Off 3 - European Challenge.conf	lanzador de dosbox_svn (dudoso: kick.exe)
MOVIDO	emu/dos/Kick Off 3 - European Challenge.zip	emu/ORIGINALES/DOS/Kick Off 3 - European Challenge.zip	original del juego, catalogado; la copia descomprimida está en emu/ROMS/DOS/Kick Off 3 - European Challenge/
EXTRAIDO	emu/dos/King's Bounty.zip	emu/ROMS/DOS/King's Bounty/	juego de DOS descomprimido para la consola (seguro)
CREADO		emu/ROMS/DOS/King's Bounty.conf	lanzador de dosbox_svn (seguro: KB.EXE)
MOVIDO	emu/dos/King's Bounty.zip	emu/ORIGINALES/DOS/King's Bounty.zip	original del juego, catalogado; la copia descomprimida está en emu/ROMS/DOS/King's Bounty/
EXTRAIDO	emu/dos/King's Quest 2 - Romancing the Throne.zip	emu/ROMS/SCUMMVM/King's Quest 2 - Romancing the Throne/	juego de DOS descomprimido para la consola (scummvm)
CREADO		emu/ROMS/SCUMMVM/King's Quest 2 - Romancing the Throne/King's Quest 2 - Romancing the Throne.scummvm	lanzador de ScummVM (id kq2)
MOVIDO	emu/dos/King's Quest 2 - Romancing the Throne.zip	emu/ORIGINALES/DOS/King's Quest 2 - Romancing the Throne.zip	original del juego, catalogado; la copia descomprimida está en emu/ROMS/SCUMMVM/King's Quest 2 - Romancing the Throne/
EXTRAIDO	emu/dos/King's Quest 3 - To Heir is Human.zip	emu/ROMS/SCUMMVM/King's Quest 3 - To Heir is Human/	juego de DOS descomprimido para la consola (scummvm)
CREADO		emu/ROMS/SCUMMVM/King's Quest 3 - To Heir is Human/King's Quest 3 - To Heir is Human.scummvm	lanzador de ScummVM (id kq3)
MOVIDO	emu/dos/King's Quest 3 - To Heir is Human.zip	emu/ORIGINALES/DOS/King's Quest 3 - To Heir is Human.zip	original del juego, catalogado; la copia descomprimida está en emu/ROMS/SCUMMVM/King's Quest 3 - To Heir is Human/
EXTRAIDO	emu/dos/King's Quest 4 - The Perils of Rosella.zip	emu/ROMS/SCUMMVM/King's Quest 4 - The Perils of Rosella/	juego de DOS descomprimido para la consola (scummvm)
CREADO		emu/ROMS/SCUMMVM/King's Quest 4 - The Perils of Rosella/King's Quest 4 - The Perils of Rosella.scummvm	lanzador de ScummVM (id kq4sci)
MOVIDO	emu/dos/King's Quest 4 - The Perils of Rosella.zip	emu/ORIGINALES/DOS/King's Quest 4 - The Perils of Rosella.zip	original del juego, catalogado; la copia descomprimida está en emu/ROMS/SCUMMVM/King's Quest 4 - The Perils of Rosella/
EXTRAIDO	emu/dos/King's Quest 5 - Absence makes the heart go Yonder.zip	emu/ROMS/SCUMMVM/King's Quest 5 - Absence makes the heart go Yonder/	juego de DOS descomprimido para la consola (scummvm)
CREADO		emu/ROMS/SCUMMVM/King's Quest 5 - Absence makes the heart go Yonder/kq5/King's Quest 5 - Absence makes the heart go Yonder.scummvm	lanzador de ScummVM (id kq5)
MOVIDO	emu/dos/King's Quest 5 - Absence makes the heart go Yonder.zip	emu/ORIGINALES/DOS/King's Quest 5 - Absence makes the heart go Yonder.zip	original del juego, catalogado; la copia descomprimida está en emu/ROMS/SCUMMVM/King's Quest 5 - Absence makes the heart go Yonder/
EXTRAIDO	emu/dos/King's Quest 6 - Heir today, Gone tomorrow.zip	emu/ROMS/SCUMMVM/King's Quest 6 - Heir today, Gone tomorrow/	juego de DOS descomprimido para la consola (scummvm)
CREADO		emu/ROMS/SCUMMVM/King's Quest 6 - Heir today, Gone tomorrow/kq6/King's Quest 6 - Heir today, Gone tomorrow.scummvm	lanzador de ScummVM (id kq6)
MOVIDO	emu/dos/King's Quest 6 - Heir today, Gone tomorrow.zip	emu/ORIGINALES/DOS/King's Quest 6 - Heir today, Gone tomorrow.zip	original del juego, catalogado; la copia descomprimida está en emu/ROMS/SCUMMVM/King's Quest 6 - Heir today, Gone tomorrow/
EXTRAIDO	emu/dos/Kingdom of Hamil.zip	emu/ROMS/DOS/Kingdom of Hamil/	juego de DOS descomprimido para la consola (seguro)
CREADO		emu/ROMS/DOS/Kingdom of Hamil.conf	lanzador de dosbox_svn (seguro: hamil/Hamil.com)
MOVIDO	emu/dos/Kingdom of Hamil.zip	emu/ORIGINALES/DOS/Kingdom of Hamil.zip	original del juego, catalogado; la copia descomprimida está en emu/ROMS/DOS/Kingdom of Hamil/
EXTRAIDO	emu/dos/Kingdoms of Germany.zip	emu/ROMS/DOS/Kingdoms of Germany/	juego de DOS descomprimido para la consola (dudoso)
CREADO		emu/ROMS/DOS/Kingdoms of Germany.conf	lanzador de dosbox_svn (dudoso: kingoger/START.BAT)
MOVIDO	emu/dos/Kingdoms of Germany.zip	emu/ORIGINALES/DOS/Kingdoms of Germany.zip	original del juego, catalogado; la copia descomprimida está en emu/ROMS/DOS/Kingdoms of Germany/
EXTRAIDO	emu/dos/Kings Table - The Legend of Ragnarok.zip	emu/ROMS/DOS/Kings Table - The Legend of Ragnarok/	juego de DOS descomprimido para la consola (dudoso)
CREADO		emu/ROMS/DOS/Kings Table - The Legend of Ragnarok.conf	lanzador de dosbox_svn (dudoso: KtLoR/GAME.EXE)
MOVIDO	emu/dos/Kings Table - The Legend of Ragnarok.zip	emu/ORIGINALES/DOS/Kings Table - The Legend of Ragnarok.zip	original del juego, catalogado; la copia descomprimida está en emu/ROMS/DOS/Kings Table - The Legend of Ragnarok/
EXTRAIDO	emu/dos/Kings of the Beach.zip	emu/ROMS/DOS/Kings of the Beach/	juego de DOS descomprimido para la consola (seguro)
CREADO		emu/ROMS/DOS/Kings of the Beach.conf	lanzador de dosbox_svn (seguro: RUNME.BAT)
MOVIDO	emu/dos/Kings of the Beach.zip	emu/ORIGINALES/DOS/Kings of the Beach.zip	original del juego, catalogado; la copia descomprimida está en emu/ROMS/DOS/Kings of the Beach/
EXTRAIDO	emu/dos/Klax.zip	emu/ROMS/DOS/Klax/	juego de DOS descomprimido para la consola (seguro)
CREADO		emu/ROMS/DOS/Klax.conf	lanzador de dosbox_svn (seguro: KLAX.EXE)
MOVIDO	emu/dos/Klax.zip	emu/ORIGINALES/DOS/Klax.zip	original del juego, catalogado; la copia descomprimida está en emu/ROMS/DOS/Klax/
EXTRAIDO	emu/dos/Knight Games.zip	emu/ROMS/DOS/Knight Games/	juego de DOS descomprimido para la consola (seguro)
CREADO		emu/ROMS/DOS/Knight Games.conf	lanzador de dosbox_svn (seguro: KG/KG.EXE)
MOVIDO	emu/dos/Knight Games.zip	emu/ORIGINALES/DOS/Knight Games.zip	original del juego, catalogado; la copia descomprimida está en emu/ROMS/DOS/Knight Games/
EXTRAIDO	emu/dos/Knights of the Sky.zip	emu/ROMS/DOS/Knights of the Sky/	juego de DOS descomprimido para la consola (dudoso)
CREADO		emu/ROMS/DOS/Knights of the Sky.conf	lanzador de dosbox_svn (dudoso: kots/START.BAT)
MOVIDO	emu/dos/Knights of the Sky.zip	emu/ORIGINALES/DOS/Knights of the Sky.zip	original del juego, catalogado; la copia descomprimida está en emu/ROMS/DOS/Knights of the Sky/
EXTRAIDO	emu/dos/Krymini.zip	emu/ROMS/DOS/Krymini/	juego de DOS descomprimido para la consola (seguro)
CREADO		emu/ROMS/DOS/Krymini.conf	lanzador de dosbox_svn (seguro: krymini/Krymini.exe)
MOVIDO	emu/dos/Krymini.zip	emu/ORIGINALES/DOS/Krymini.zip	original del juego, catalogado; la copia descomprimida está en emu/ROMS/DOS/Krymini/
EXTRAIDO	emu/dos/Krypton Egg.zip	emu/ROMS/DOS/Krypton Egg/	juego de DOS descomprimido para la consola (seguro)
CREADO		emu/ROMS/DOS/Krypton Egg.conf	lanzador de dosbox_svn (seguro: krypton/KE.EXE)
MOVIDO	emu/dos/Krypton Egg.zip	emu/ORIGINALES/DOS/Krypton Egg.zip	original del juego, catalogado; la copia descomprimida está en emu/ROMS/DOS/Krypton Egg/
MOVIDO	emu/dos/L.A. Crackdown.zip	emu/EXTRAS/DOS-malos/L.A. Crackdown.zip	no se abre como zip (File is not a zip file)
EXTRAIDO	emu/dos/Lamborghini - American Challenge.zip	emu/ROMS/DOS/Lamborghini - American Challenge/	juego de DOS descomprimido para la consola (seguro)
CREADO		emu/ROMS/DOS/Lamborghini - American Challenge.conf	lanzador de dosbox_svn (seguro: LAC.EXE)
MOVIDO	emu/dos/Lamborghini - American Challenge.zip	emu/ORIGINALES/DOS/Lamborghini - American Challenge.zip	original del juego, catalogado; la copia descomprimida está en emu/ROMS/DOS/Lamborghini - American Challenge/
EXTRAIDO	emu/dos/Lancelot.zip	emu/ROMS/DOS/Lancelot/	juego de DOS descomprimido para la consola (seguro)
CREADO		emu/ROMS/DOS/Lancelot.conf	lanzador de dosbox_svn (seguro: MENU.EXE)
MOVIDO	emu/dos/Lancelot.zip	emu/ORIGINALES/DOS/Lancelot.zip	original del juego, catalogado; la copia descomprimida está en emu/ROMS/DOS/Lancelot/
EXTRAIDO	emu/dos/Lands of Lore - The Throne of Chaos.zip	emu/ROMS/DOS/Lands of Lore - The Throne of Chaos/	juego de DOS descomprimido para la consola (seguro)
CREADO		emu/ROMS/DOS/Lands of Lore - The Throne of Chaos.conf	lanzador de dosbox_svn (seguro: lolore/LANDS.EXE)
MOVIDO	emu/dos/Lands of Lore - The Throne of Chaos.zip	emu/ORIGINALES/DOS/Lands of Lore - The Throne of Chaos.zip	original del juego, catalogado; la copia descomprimida está en emu/ROMS/DOS/Lands of Lore - The Throne of Chaos/
EXTRAIDO	emu/dos/Laser Squad.zip	emu/ROMS/DOS/Laser Squad/	juego de DOS descomprimido para la consola (dudoso)
CREADO		emu/ROMS/DOS/Laser Squad.conf	lanzador de dosbox_svn (dudoso: lsquad/LSQDBCC.EXE)
MOVIDO	emu/dos/Laser Squad.zip	emu/ORIGINALES/DOS/Laser Squad.zip	original del juego, catalogado; la copia descomprimida está en emu/ROMS/DOS/Laser Squad/
EXTRAIDO	emu/dos/Laura Bow - The Colonel's Bequest.zip	emu/ROMS/SCUMMVM/Laura Bow - The Colonel's Bequest/	juego de DOS descomprimido para la consola (scummvm)
CREADO		emu/ROMS/SCUMMVM/Laura Bow - The Colonel's Bequest/laurabow/Laura Bow - The Colonel's Bequest.scummvm	lanzador de ScummVM (id laurabow)
MOVIDO	emu/dos/Laura Bow - The Colonel's Bequest.zip	emu/ORIGINALES/DOS/Laura Bow - The Colonel's Bequest.zip	original del juego, catalogado; la copia descomprimida está en emu/ROMS/SCUMMVM/Laura Bow - The Colonel's Bequest/
EXTRAIDO	emu/dos/Legend of Djel.zip	emu/ROMS/DOS/Legend of Djel/	juego de DOS descomprimido para la consola (seguro)
CREADO		emu/ROMS/DOS/Legend of Djel.conf	lanzador de dosbox_svn (seguro: DJEL.BAT)
MOVIDO	emu/dos/Legend of Djel.zip	emu/ORIGINALES/DOS/Legend of Djel.zip	original del juego, catalogado; la copia descomprimida está en emu/ROMS/DOS/Legend of Djel/
EXTRAIDO	emu/dos/Legend of Faerghail.zip	emu/ROMS/DOS/Legend of Faerghail/	juego de DOS descomprimido para la consola (seguro)
CREADO		emu/ROMS/DOS/Legend of Faerghail.conf	lanzador de dosbox_svn (seguro: lof/START.BAT)
MOVIDO	emu/dos/Legend of Faerghail.zip	emu/ORIGINALES/DOS/Legend of Faerghail.zip	original del juego, catalogado; la copia descomprimida está en emu/ROMS/DOS/Legend of Faerghail/
EXTRAIDO	emu/dos/Legend of the Sword.zip	emu/ROMS/DOS/Legend of the Sword/	juego de DOS descomprimido para la consola (dudoso)
CREADO		emu/ROMS/DOS/Legend of the Sword.conf	lanzador de dosbox_svn (dudoso: LEGEND.EXE)
MOVIDO	emu/dos/Legend of the Sword.zip	emu/ORIGINALES/DOS/Legend of the Sword.zip	original del juego, catalogado; la copia descomprimida está en emu/ROMS/DOS/Legend of the Sword/
EXTRAIDO	emu/dos/Legends of Valour.zip	emu/ROMS/DOS/Legends of Valour/	juego de DOS descomprimido para la consola (seguro)
CREADO		emu/ROMS/DOS/Legends of Valour.conf	lanzador de dosbox_svn (seguro: RUN.EXE)
MOVIDO	emu/dos/Legends of Valour.zip	emu/ORIGINALES/DOS/Legends of Valour.zip	original del juego, catalogado; la copia descomprimida está en emu/ROMS/DOS/Legends of Valour/
EXTRAIDO	emu/dos/Legends.zip	emu/ROMS/DOS/Legends/	juego de DOS descomprimido para la consola (seguro)
CREADO		emu/ROMS/DOS/Legends.conf	lanzador de dosbox_svn (seguro: LEGENDS.EXE)
MOVIDO	emu/dos/Legends.zip	emu/ORIGINALES/DOS/Legends.zip	original del juego, catalogado; la copia descomprimida está en emu/ROMS/DOS/Legends/
EXTRAIDO	emu/dos/Leisure Suit Larry - in the Land of the Lounge Lizards.zip	emu/ROMS/SCUMMVM/Leisure Suit Larry - in the Land of the Lounge Lizards/	juego de DOS descomprimido para la consola (scummvm)
CREADO		emu/ROMS/SCUMMVM/Leisure Suit Larry - in the Land of the Lounge Lizards/lsl1/Leisure Suit Larry - in the Land of the Lounge Lizards.scummvm	lanzador de ScummVM (id lsl1)
MOVIDO	emu/dos/Leisure Suit Larry - in the Land of the Lounge Lizards.zip	emu/ORIGINALES/DOS/Leisure Suit Larry - in the Land of the Lounge Lizards.zip	original del juego, catalogado; la copia descomprimida está en emu/ROMS/SCUMMVM/Leisure Suit Larry - in the Land of the Lounge Lizards/
EXTRAIDO	emu/dos/Leisure Suit Larry 2.zip	emu/ROMS/SCUMMVM/Leisure Suit Larry 2/	juego de DOS descomprimido para la consola (scummvm)
CREADO		emu/ROMS/SCUMMVM/Leisure Suit Larry 2/Leisure Suit Larry 2.scummvm	lanzador de ScummVM (id lsl2)
MOVIDO	emu/dos/Leisure Suit Larry 2.zip	emu/ORIGINALES/DOS/Leisure Suit Larry 2.zip	original del juego, catalogado; la copia descomprimida está en emu/ROMS/SCUMMVM/Leisure Suit Larry 2/
EXTRAIDO	emu/dos/Leisure Suit Larry 3 - Passionate Patti in Pursuit of the Pulsating Pectorals.zip	emu/ROMS/SCUMMVM/Leisure Suit Larry 3 - Passionate Patti in Pursuit of the Pulsating Pectorals/	juego de DOS descomprimido para la consola (scummvm)
CREADO		emu/ROMS/SCUMMVM/Leisure Suit Larry 3 - Passionate Patti in Pursuit of the Pulsating Pectorals/Leisure Suit Larry 3 - Passionate Patti in Pursuit of the Pulsating Pectorals.scummvm	lanzador de ScummVM (id lsl3)
MOVIDO	emu/dos/Leisure Suit Larry 3 - Passionate Patti in Pursuit of the Pulsating Pectorals.zip	emu/ORIGINALES/DOS/Leisure Suit Larry 3 - Passionate Patti in Pursuit of the Pulsating Pectorals.zip	original del juego, catalogado; la copia descomprimida está en emu/ROMS/SCUMMVM/Leisure Suit Larry 3 - Passionate Patti in Pursuit of the Pulsating Pectorals/
EXTRAIDO	emu/dos/Lemmings.zip	emu/ROMS/DOS/Lemmings/	juego de DOS descomprimido para la consola (seguro)
CREADO		emu/ROMS/DOS/Lemmings.conf	lanzador de dosbox_svn (seguro: LEMMINGS.BAT)
MOVIDO	emu/dos/Lemmings.zip	emu/ORIGINALES/DOS/Lemmings.zip	original del juego, catalogado; la copia descomprimida está en emu/ROMS/DOS/Lemmings/
EXTRAIDO	emu/dos/Les Manley in search for the King.zip	emu/ROMS/DOS/Les Manley in search for the King/	juego de DOS descomprimido para la consola (seguro)
CREADO		emu/ROMS/DOS/Les Manley in search for the King.conf	lanzador de dosbox_svn (seguro: LESMAN/KING.BAT)
MOVIDO	emu/dos/Les Manley in search for the King.zip	emu/ORIGINALES/DOS/Les Manley in search for the King.zip	original del juego, catalogado; la copia descomprimida está en emu/ROMS/DOS/Les Manley in search for the King/
EXTRAIDO	emu/dos/Life & Death 2 - The Brain.zip	emu/ROMS/DOS/Life & Death 2 - The Brain/	juego de DOS descomprimido para la consola (dudoso)
CREADO		emu/ROMS/DOS/Life & Death 2 - The Brain.conf	lanzador de dosbox_svn (dudoso: lad2/LD2.EXE)
MOVIDO	emu/dos/Life & Death 2 - The Brain.zip	emu/ORIGINALES/DOS/Life & Death 2 - The Brain.zip	original del juego, catalogado; la copia descomprimida está en emu/ROMS/DOS/Life & Death 2 - The Brain/
EXTRAIDO	emu/dos/Life & Death.zip	emu/ROMS/DOS/Life & Death/	juego de DOS descomprimido para la consola (seguro)
CREADO		emu/ROMS/DOS/Life & Death.conf	lanzador de dosbox_svn (seguro: L&D.EXE)
MOVIDO	emu/dos/Life & Death.zip	emu/ORIGINALES/DOS/Life & Death.zip	original del juego, catalogado; la copia descomprimida está en emu/ROMS/DOS/Life & Death/
EXTRAIDO	emu/dos/Links 386 Pro.zip	emu/ROMS/DOS/Links 386 Pro/	juego de DOS descomprimido para la consola (seguro)
CREADO		emu/ROMS/DOS/Links 386 Pro.conf	lanzador de dosbox_svn (seguro: links386/LINKS386.EXE)
MOVIDO	emu/dos/Links 386 Pro.zip	emu/ORIGINALES/DOS/Links 386 Pro.zip	original del juego, catalogado; la copia descomprimida está en emu/ROMS/DOS/Links 386 Pro/
EXTRAIDO	emu/dos/Lion.zip	emu/ROMS/DOS/Lion/	juego de DOS descomprimido para la consola (seguro)
CREADO		emu/ROMS/DOS/Lion.conf	lanzador de dosbox_svn (seguro: LION/LION.EXE)
MOVIDO	emu/dos/Lion.zip	emu/ORIGINALES/DOS/Lion.zip	original del juego, catalogado; la copia descomprimida está en emu/ROMS/DOS/Lion/
EXTRAIDO	emu/dos/Litil Divil.zip	emu/ROMS/DOS/Litil Divil/	juego de DOS descomprimido para la consola (instalar)
CREADO		emu/ROMS/DOS/Litil Divil.conf	lanzador de dosbox_svn (instalar: sin ejecutable)
MOVIDO	emu/dos/Litil Divil.zip	emu/ORIGINALES/DOS/Litil Divil.zip	original del juego, catalogado; la copia descomprimida está en emu/ROMS/DOS/Litil Divil/
EXTRAIDO	emu/dos/Little Big Adventure.zip	emu/ROMS/DOS/Little Big Adventure/	juego de DOS descomprimido para la consola (seguro)
CREADO		emu/ROMS/DOS/Little Big Adventure.conf	lanzador de dosbox_svn (seguro: lba/RELENT.EXE)
MOVIDO	emu/dos/Little Big Adventure.zip	emu/ORIGINALES/DOS/Little Big Adventure.zip	original del juego, catalogado; la copia descomprimida está en emu/ROMS/DOS/Little Big Adventure/
MOVIDO	emu/dos/Liverpool.zip	emu/EXTRAS/DOS-malos/Liverpool.zip	no se abre como zip (File is not a zip file)
EXTRAIDO	emu/dos/Livingstone, I Presume.zip	emu/ROMS/DOS/Livingstone, I Presume/	juego de DOS descomprimido para la consola (seguro)
CREADO		emu/ROMS/DOS/Livingstone, I Presume.conf	lanzador de dosbox_svn (seguro: LIVING.COM)
MOVIDO	emu/dos/Livingstone, I Presume.zip	emu/ORIGINALES/DOS/Livingstone, I Presume.zip	original del juego, catalogado; la copia descomprimida está en emu/ROMS/DOS/Livingstone, I Presume/
EXTRAIDO	emu/dos/Lock-On.zip	emu/ROMS/DOS/Lock-On/	juego de DOS descomprimido para la consola (seguro)
CREADO		emu/ROMS/DOS/Lock-On.conf	lanzador de dosbox_svn (seguro: lockon/LOCKON.COM)
MOVIDO	emu/dos/Lock-On.zip	emu/ORIGINALES/DOS/Lock-On.zip	original del juego, catalogado; la copia descomprimida está en emu/ROMS/DOS/Lock-On/
EXTRAIDO	emu/dos/Locomotion.zip	emu/ROMS/DOS/Locomotion/	juego de DOS descomprimido para la consola (dudoso)
CREADO		emu/ROMS/DOS/Locomotion.conf	lanzador de dosbox_svn (dudoso: GAME.EXE)
MOVIDO	emu/dos/Locomotion.zip	emu/ORIGINALES/DOS/Locomotion.zip	original del juego, catalogado; la copia descomprimida está en emu/ROMS/DOS/Locomotion/
EXTRAIDO	emu/dos/Lode Runner.zip	emu/ROMS/DOS/Lode Runner/	juego de DOS descomprimido para la consola (dudoso)
CREADO		emu/ROMS/DOS/Lode Runner.conf	lanzador de dosbox_svn (dudoso: lrslow/LR.COM)
MOVIDO	emu/dos/Lode Runner.zip	emu/ORIGINALES/DOS/Lode Runner.zip	original del juego, catalogado; la copia descomprimida está en emu/ROMS/DOS/Lode Runner/
EXTRAIDO	emu/dos/Lombard RAC Rally.zip	emu/ROMS/DOS/Lombard RAC Rally/	juego de DOS descomprimido para la consola (dudoso)
CREADO		emu/ROMS/DOS/Lombard RAC Rally.conf	lanzador de dosbox_svn (dudoso: lombard/Rrega.exe)
MOVIDO	emu/dos/Lombard RAC Rally.zip	emu/ORIGINALES/DOS/Lombard RAC Rally.zip	original del juego, catalogado; la copia descomprimida está en emu/ROMS/DOS/Lombard RAC Rally/
EXTRAIDO	emu/dos/Loom.zip	emu/ROMS/SCUMMVM/Loom/	juego de DOS descomprimido para la consola (scummvm)
CREADO		emu/ROMS/SCUMMVM/Loom/Loom.scummvm	lanzador de ScummVM (id loom)
MOVIDO	emu/dos/Loom.zip	emu/ORIGINALES/DOS/Loom.zip	original del juego, catalogado; la copia descomprimida está en emu/ROMS/SCUMMVM/Loom/
EXTRAIDO	emu/dos/Lords of Conquest.zip	emu/ROMS/DOS/Lords of Conquest/	juego de DOS descomprimido para la consola (seguro)
CREADO		emu/ROMS/DOS/Lords of Conquest.conf	lanzador de dosbox_svn (seguro: LOC.EXE)
MOVIDO	emu/dos/Lords of Conquest.zip	emu/ORIGINALES/DOS/Lords of Conquest.zip	original del juego, catalogado; la copia descomprimida está en emu/ROMS/DOS/Lords of Conquest/
EXTRAIDO	emu/dos/Lords of the Realm.zip	emu/ROMS/DOS/Lords of the Realm/	juego de DOS descomprimido para la consola (seguro)
CREADO		emu/ROMS/DOS/Lords of the Realm.conf	lanzador de dosbox_svn (seguro: Lords/LORDS.EXE)
MOVIDO	emu/dos/Lords of the Realm.zip	emu/ORIGINALES/DOS/Lords of the Realm.zip	original del juego, catalogado; la copia descomprimida está en emu/ROMS/DOS/Lords of the Realm/
EXTRAIDO	emu/dos/Lowblow.zip	emu/ROMS/DOS/Lowblow/	juego de DOS descomprimido para la consola (seguro)
CREADO		emu/ROMS/DOS/Lowblow.conf	lanzador de dosbox_svn (seguro: lowblow/START.BAT)
MOVIDO	emu/dos/Lowblow.zip	emu/ORIGINALES/DOS/Lowblow.zip	original del juego, catalogado; la copia descomprimida está en emu/ROMS/DOS/Lowblow/
EXTRAIDO	emu/dos/Lure of the Temptress.zip	emu/ROMS/SCUMMVM/Lure of the Temptress/	juego de DOS descomprimido para la consola (scummvm)
CREADO		emu/ROMS/SCUMMVM/Lure of the Temptress/Lure of the Temptress.scummvm	lanzador de ScummVM (id lure)
MOVIDO	emu/dos/Lure of the Temptress.zip	emu/ORIGINALES/DOS/Lure of the Temptress.zip	original del juego, catalogado; la copia descomprimida está en emu/ROMS/SCUMMVM/Lure of the Temptress/
EXTRAIDO	emu/dos/MDK.zip	emu/ROMS/DOS/MDK/	juego de DOS descomprimido para la consola (seguro)
CREADO		emu/ROMS/DOS/MDK.conf	lanzador de dosbox_svn (seguro: mdk/MDK.EXE)
MOVIDO	emu/dos/MDK.zip	emu/ORIGINALES/DOS/MDK.zip	original del juego, catalogado; la copia descomprimida está en emu/ROMS/DOS/MDK/
EXTRAIDO	emu/dos/Mad Show.zip	emu/ROMS/DOS/Mad Show/	juego de DOS descomprimido para la consola (seguro)
CREADO		emu/ROMS/DOS/Mad Show.conf	lanzador de dosbox_svn (seguro: madshow/MAD.EXE)
MOVIDO	emu/dos/Mad Show.zip	emu/ORIGINALES/DOS/Mad Show.zip	original del juego, catalogado; la copia descomprimida está en emu/ROMS/DOS/Mad Show/
EXTRAIDO	emu/dos/Mad TV.zip	emu/ROMS/DOS/Mad TV/	juego de DOS descomprimido para la consola (seguro)
CREADO		emu/ROMS/DOS/Mad TV.conf	lanzador de dosbox_svn (seguro: MTV.EXE)
MOVIDO	emu/dos/Mad TV.zip	emu/ORIGINALES/DOS/Mad TV.zip	original del juego, catalogado; la copia descomprimida está en emu/ROMS/DOS/Mad TV/
EXTRAIDO	emu/dos/Magic Carpet.zip	emu/ROMS/DOS/Magic Carpet/	juego de DOS descomprimido para la consola (seguro)
CREADO		emu/ROMS/DOS/Magic Carpet.conf	lanzador de dosbox_svn (seguro: mcarpet/CARPET.EXE)
MOVIDO	emu/dos/Magic Carpet.zip	emu/ORIGINALES/DOS/Magic Carpet.zip	original del juego, catalogado; la copia descomprimida está en emu/ROMS/DOS/Magic Carpet/
EXTRAIDO	emu/dos/Magic Pockets.zip	emu/ROMS/DOS/Magic Pockets/	juego de DOS descomprimido para la consola (dudoso)
CREADO		emu/ROMS/DOS/Magic Pockets.conf	lanzador de dosbox_svn (dudoso: magicpo/START.BAT)
MOVIDO	emu/dos/Magic Pockets.zip	emu/ORIGINALES/DOS/Magic Pockets.zip	original del juego, catalogado; la copia descomprimida está en emu/ROMS/DOS/Magic Pockets/
EXTRAIDO	emu/dos/Magicland Dizzy.zip	emu/ROMS/DOS/Magicland Dizzy/	juego de DOS descomprimido para la consola (seguro)
CREADO		emu/ROMS/DOS/Magicland Dizzy.conf	lanzador de dosbox_svn (seguro: MAGIC.EXE)
MOVIDO	emu/dos/Magicland Dizzy.zip	emu/ORIGINALES/DOS/Magicland Dizzy.zip	original del juego, catalogado; la copia descomprimida está en emu/ROMS/DOS/Magicland Dizzy/
EXTRAIDO	emu/dos/Manchester United - The Double.zip	emu/ROMS/DOS/Manchester United - The Double/	juego de DOS descomprimido para la consola (seguro)
CREADO		emu/ROMS/DOS/Manchester United - The Double.conf	lanzador de dosbox_svn (seguro: GO.EXE)
MOVIDO	emu/dos/Manchester United - The Double.zip	emu/ORIGINALES/DOS/Manchester United - The Double.zip	original del juego, catalogado; la copia descomprimida está en emu/ROMS/DOS/Manchester United - The Double/
EXTRAIDO	emu/dos/Manhunter - New York.zip	emu/ROMS/SCUMMVM/Manhunter - New York/	juego de DOS descomprimido para la consola (scummvm)
CREADO		emu/ROMS/SCUMMVM/Manhunter - New York/Manhunter - New York.scummvm	lanzador de ScummVM (id mh1)
MOVIDO	emu/dos/Manhunter - New York.zip	emu/ORIGINALES/DOS/Manhunter - New York.zip	original del juego, catalogado; la copia descomprimida está en emu/ROMS/SCUMMVM/Manhunter - New York/
EXTRAIDO	emu/dos/Manic Miner.zip	emu/ROMS/DOS/Manic Miner/	juego de DOS descomprimido para la consola (seguro)
CREADO		emu/ROMS/DOS/Manic Miner.conf	lanzador de dosbox_svn (seguro: MANIC.EXE)
MOVIDO	emu/dos/Manic Miner.zip	emu/ORIGINALES/DOS/Manic Miner.zip	original del juego, catalogado; la copia descomprimida está en emu/ROMS/DOS/Manic Miner/
EXTRAIDO	emu/dos/Marble Madness.zip	emu/ROMS/DOS/Marble Madness/	juego de DOS descomprimido para la consola (seguro)
CREADO		emu/ROMS/DOS/Marble Madness.conf	lanzador de dosbox_svn (seguro: Marble.com)
MOVIDO	emu/dos/Marble Madness.zip	emu/ORIGINALES/DOS/Marble Madness.zip	original del juego, catalogado; la copia descomprimida está en emu/ROMS/DOS/Marble Madness/
EXTRAIDO	emu/dos/Mario & Luigi.zip	emu/ROMS/DOS/Mario & Luigi/	juego de DOS descomprimido para la consola (seguro)
CREADO		emu/ROMS/DOS/Mario & Luigi.conf	lanzador de dosbox_svn (seguro: MARIO.EXE)
MOVIDO	emu/dos/Mario & Luigi.zip	emu/ORIGINALES/DOS/Mario & Luigi.zip	original del juego, catalogado; la copia descomprimida está en emu/ROMS/DOS/Mario & Luigi/
EXTRAIDO	emu/dos/Mario teaches Typing.zip	emu/ROMS/DOS/Mario teaches Typing/	juego de DOS descomprimido para la consola (seguro)
CREADO		emu/ROMS/DOS/Mario teaches Typing.conf	lanzador de dosbox_svn (seguro: MARIO/MARIO.EXE)
MOVIDO	emu/dos/Mario teaches Typing.zip	emu/ORIGINALES/DOS/Mario teaches Typing.zip	original del juego, catalogado; la copia descomprimida está en emu/ROMS/DOS/Mario teaches Typing/
EXTRAIDO	emu/dos/Martian Memorandum.zip	emu/ROMS/DOS/Martian Memorandum/	juego de DOS descomprimido para la consola (seguro)
CREADO		emu/ROMS/DOS/Martian Memorandum.conf	lanzador de dosbox_svn (seguro: MARS/MM.EXE)
MOVIDO	emu/dos/Martian Memorandum.zip	emu/ORIGINALES/DOS/Martian Memorandum.zip	original del juego, catalogado; la copia descomprimida está en emu/ROMS/DOS/Martian Memorandum/
EXTRAIDO	emu/dos/Master of Magic.zip	emu/ROMS/DOS/Master of Magic/	juego de DOS descomprimido para la consola (seguro)
CREADO		emu/ROMS/DOS/Master of Magic.conf	lanzador de dosbox_svn (seguro: MAGIC.EXE)
MOVIDO	emu/dos/Master of Magic.zip	emu/ORIGINALES/DOS/Master of Magic.zip	original del juego, catalogado; la copia descomprimida está en emu/ROMS/DOS/Master of Magic/
EXTRAIDO	emu/dos/Master of Orion.zip	emu/ROMS/DOS/Master of Orion/	juego de DOS descomprimido para la consola (seguro)
CREADO		emu/ROMS/DOS/Master of Orion.conf	lanzador de dosbox_svn (seguro: ORION.EXE)
MOVIDO	emu/dos/Master of Orion.zip	emu/ORIGINALES/DOS/Master of Orion.zip	original del juego, catalogado; la copia descomprimida está en emu/ROMS/DOS/Master of Orion/
EXTRAIDO	emu/dos/Maupiti Island.zip	emu/ROMS/DOS/Maupiti Island/	juego de DOS descomprimido para la consola (dudoso)
CREADO		emu/ROMS/DOS/Maupiti Island.conf	lanzador de dosbox_svn (dudoso: MAUPAN.EXE)
MOVIDO	emu/dos/Maupiti Island.zip	emu/ORIGINALES/DOS/Maupiti Island.zip	original del juego, catalogado; la copia descomprimida está en emu/ROMS/DOS/Maupiti Island/
EXTRAIDO	emu/dos/Mean 18.zip	emu/ROMS/DOS/Mean 18/	juego de DOS descomprimido para la consola (dudoso)
CREADO		emu/ROMS/DOS/Mean 18.conf	lanzador de dosbox_svn (dudoso: ARCH.EXE)
MOVIDO	emu/dos/Mean 18.zip	emu/ORIGINALES/DOS/Mean 18.zip	original del juego, catalogado; la copia descomprimida está en emu/ROMS/DOS/Mean 18/
EXTRAIDO	emu/dos/Mean Streets.zip	emu/ROMS/DOS/Mean Streets/	juego de DOS descomprimido para la consola (seguro)
CREADO		emu/ROMS/DOS/Mean Streets.conf	lanzador de dosbox_svn (seguro: mstreets/HINSTALL.BAT)
MOVIDO	emu/dos/Mean Streets.zip	emu/ORIGINALES/DOS/Mean Streets.zip	original del juego, catalogado; la copia descomprimida está en emu/ROMS/DOS/Mean Streets/
EXTRAIDO	emu/dos/Mechwarrior.zip	emu/ROMS/DOS/Mechwarrior/	juego de DOS descomprimido para la consola (dudoso)
CREADO		emu/ROMS/DOS/Mechwarrior.conf	lanzador de dosbox_svn (dudoso: mw.exe)
MOVIDO	emu/dos/Mechwarrior.zip	emu/ORIGINALES/DOS/Mechwarrior.zip	original del juego, catalogado; la copia descomprimida está en emu/ROMS/DOS/Mechwarrior/
EXTRAIDO	emu/dos/Mega Lo Mania.zip	emu/ROMS/DOS/Mega Lo Mania/	juego de DOS descomprimido para la consola (seguro)
CREADO		emu/ROMS/DOS/Mega Lo Mania.conf	lanzador de dosbox_svn (seguro: MEGA.EXE)
MOVIDO	emu/dos/Mega Lo Mania.zip	emu/ORIGINALES/DOS/Mega Lo Mania.zip	original del juego, catalogado; la copia descomprimida está en emu/ROMS/DOS/Mega Lo Mania/
EXTRAIDO	emu/dos/Mega Man X.zip	emu/ROMS/DOS/Mega Man X/	juego de DOS descomprimido para la consola (seguro)
CREADO		emu/ROMS/DOS/Mega Man X.conf	lanzador de dosbox_svn (seguro: MMXDEMO.EXE)
MOVIDO	emu/dos/Mega Man X.zip	emu/ORIGINALES/DOS/Mega Man X.zip	original del juego, catalogado; la copia descomprimida está en emu/ROMS/DOS/Mega Man X/
EXTRAIDO	emu/dos/Mega Man.zip	emu/ROMS/DOS/Mega Man/	juego de DOS descomprimido para la consola (seguro)
CREADO		emu/ROMS/DOS/Mega Man.conf	lanzador de dosbox_svn (seguro: MM.EXE)
MOVIDO	emu/dos/Mega Man.zip	emu/ORIGINALES/DOS/Mega Man.zip	original del juego, catalogado; la copia descomprimida está en emu/ROMS/DOS/Mega Man/
EXTRAIDO	emu/dos/MegaTraveller 2 - Quest for the Ancients.zip	emu/ROMS/DOS/MegaTraveller 2 - Quest for the Ancients/	juego de DOS descomprimido para la consola (dudoso)
CREADO		emu/ROMS/DOS/MegaTraveller 2 - Quest for the Ancients.conf	lanzador de dosbox_svn (dudoso: MT2/OLD.COM)
MOVIDO	emu/dos/MegaTraveller 2 - Quest for the Ancients.zip	emu/ORIGINALES/DOS/MegaTraveller 2 - Quest for the Ancients.zip	original del juego, catalogado; la copia descomprimida está en emu/ROMS/DOS/MegaTraveller 2 - Quest for the Ancients/
EXTRAIDO	emu/dos/Merchant Prince.zip	emu/ROMS/DOS/Merchant Prince/	juego de DOS descomprimido para la consola (seguro)
CREADO		emu/ROMS/DOS/Merchant Prince.conf	lanzador de dosbox_svn (seguro: MTPrince/PRINCE.EXE)
MOVIDO	emu/dos/Merchant Prince.zip	emu/ORIGINALES/DOS/Merchant Prince.zip	original del juego, catalogado; la copia descomprimida está en emu/ROMS/DOS/Merchant Prince/
MOVIDO	emu/dos/Metal Gear.zip	emu/EXTRAS/DOS-malos/Metal Gear.zip	CRC incorrecta dentro del zip
EXTRAIDO	emu/dos/Metal Mutant.zip	emu/ROMS/DOS/Metal Mutant/	juego de DOS descomprimido para la consola (seguro)
CREADO		emu/ROMS/DOS/Metal Mutant.conf	lanzador de dosbox_svn (seguro: METAL.EXE)
MOVIDO	emu/dos/Metal Mutant.zip	emu/ORIGINALES/DOS/Metal Mutant.zip	original del juego, catalogado; la copia descomprimida está en emu/ROMS/DOS/Metal Mutant/
EXTRAIDO	emu/dos/Metropolis.zip	emu/ROMS/DOS/Metropolis/	juego de DOS descomprimido para la consola (seguro)
CREADO		emu/ROMS/DOS/Metropolis.conf	lanzador de dosbox_svn (seguro: START.BAT)
MOVIDO	emu/dos/Metropolis.zip	emu/ORIGINALES/DOS/Metropolis.zip	original del juego, catalogado; la copia descomprimida está en emu/ROMS/DOS/Metropolis/
EXTRAIDO	emu/dos/Michael Jordan in Flight.zip	emu/ROMS/DOS/Michael Jordan in Flight/	juego de DOS descomprimido para la consola (dudoso)
CREADO		emu/ROMS/DOS/Michael Jordan in Flight.conf	lanzador de dosbox_svn (dudoso: jordan/BB.BAT)
MOVIDO	emu/dos/Michael Jordan in Flight.zip	emu/ORIGINALES/DOS/Michael Jordan in Flight.zip	original del juego, catalogado; la copia descomprimida está en emu/ROMS/DOS/Michael Jordan in Flight/
EXTRAIDO	emu/dos/Mickey's Space Adventure.zip	emu/ROMS/DOS/Mickey's Space Adventure/	juego de DOS descomprimido para la consola (seguro)
CREADO		emu/ROMS/DOS/Mickey's Space Adventure.conf	lanzador de dosbox_svn (seguro: disk 1/MICKEY.EXE)
MOVIDO	emu/dos/Mickey's Space Adventure.zip	emu/ORIGINALES/DOS/Mickey's Space Adventure.zip	original del juego, catalogado; la copia descomprimida está en emu/ROMS/DOS/Mickey's Space Adventure/
EXTRAIDO	emu/dos/Micro Machines 2 - Turbo Tournament.zip	emu/ROMS/DOS/Micro Machines 2 - Turbo Tournament/	juego de DOS descomprimido para la consola (dudoso)
CREADO		emu/ROMS/DOS/Micro Machines 2 - Turbo Tournament.conf	lanzador de dosbox_svn (dudoso: mm2/MM2.BAT)
MOVIDO	emu/dos/Micro Machines 2 - Turbo Tournament.zip	emu/ORIGINALES/DOS/Micro Machines 2 - Turbo Tournament.zip	original del juego, catalogado; la copia descomprimida está en emu/ROMS/DOS/Micro Machines 2 - Turbo Tournament/
EXTRAIDO	emu/dos/Micro Machines.zip	emu/ROMS/DOS/Micro Machines/	juego de DOS descomprimido para la consola (dudoso)
CREADO		emu/ROMS/DOS/Micro Machines.conf	lanzador de dosbox_svn (dudoso: MICRO.EXE)
MOVIDO	emu/dos/Micro Machines.zip	emu/ORIGINALES/DOS/Micro Machines.zip	original del juego, catalogado; la copia descomprimida está en emu/ROMS/DOS/Micro Machines/
EXTRAIDO	emu/dos/Microprose Soccer.zip	emu/ROMS/DOS/Microprose Soccer/	juego de DOS descomprimido para la consola (seguro)
CREADO		emu/ROMS/DOS/Microprose Soccer.conf	lanzador de dosbox_svn (seguro: soccer.com)
MOVIDO	emu/dos/Microprose Soccer.zip	emu/ORIGINALES/DOS/Microprose Soccer.zip	original del juego, catalogado; la copia descomprimida está en emu/ROMS/DOS/Microprose Soccer/
MOVIDO	emu/dos/Microsoft Arcade.zip	emu/EXTRAS/DOS-otros/Microsoft Arcade.zip	instalador de Windows 3.x: DOSBox no lo ejecuta sin Windows
EXTRAIDO	emu/dos/Microsoft Space Simulator.zip	emu/ROMS/DOS/Microsoft Space Simulator/	juego de DOS descomprimido para la consola (seguro)
CREADO		emu/ROMS/DOS/Microsoft Space Simulator.conf	lanzador de dosbox_svn (seguro: msspace/SPACESIM.EXE)
MOVIDO	emu/dos/Microsoft Space Simulator.zip	emu/ORIGINALES/DOS/Microsoft Space Simulator.zip	original del juego, catalogado; la copia descomprimida está en emu/ROMS/DOS/Microsoft Space Simulator/
EXTRAIDO	emu/dos/Midwinter.zip	emu/ROMS/DOS/Midwinter/	juego de DOS descomprimido para la consola (seguro)
CREADO		emu/ROMS/DOS/Midwinter.conf	lanzador de dosbox_svn (seguro: MIDWINTR.EXE)
MOVIDO	emu/dos/Midwinter.zip	emu/ORIGINALES/DOS/Midwinter.zip	original del juego, catalogado; la copia descomprimida está en emu/ROMS/DOS/Midwinter/
EXTRAIDO	emu/dos/Mighty BombJack.zip	emu/ROMS/DOS/Mighty BombJack/	juego de DOS descomprimido para la consola (seguro)
CREADO		emu/ROMS/DOS/Mighty BombJack.conf	lanzador de dosbox_svn (seguro: MBJ.EXE)
MOVIDO	emu/dos/Mighty BombJack.zip	emu/ORIGINALES/DOS/Mighty BombJack.zip	original del juego, catalogado; la copia descomprimida está en emu/ROMS/DOS/Mighty BombJack/
EXTRAIDO	emu/dos/Millennium - Return to Earth.zip	emu/ROMS/DOS/Millennium - Return to Earth/	juego de DOS descomprimido para la consola (seguro)
CREADO		emu/ROMS/DOS/Millennium - Return to Earth.conf	lanzador de dosbox_svn (seguro: mill.bat)
MOVIDO	emu/dos/Millennium - Return to Earth.zip	emu/ORIGINALES/DOS/Millennium - Return to Earth.zip	original del juego, catalogado; la copia descomprimida está en emu/ROMS/DOS/Millennium - Return to Earth/
EXTRAIDO	emu/dos/Mindbender.zip	emu/ROMS/DOS/Mindbender/	juego de DOS descomprimido para la consola (seguro)
CREADO		emu/ROMS/DOS/Mindbender.conf	lanzador de dosbox_svn (seguro: mindbend/MIND.BAT)
MOVIDO	emu/dos/Mindbender.zip	emu/ORIGINALES/DOS/Mindbender.zip	original del juego, catalogado; la copia descomprimida está en emu/ROMS/DOS/Mindbender/
EXTRAIDO	emu/dos/Mindshadow.zip	emu/ROMS/DOS/Mindshadow/	juego de DOS descomprimido para la consola (seguro)
CREADO		emu/ROMS/DOS/Mindshadow.conf	lanzador de dosbox_svn (seguro: MIND.EXE)
MOVIDO	emu/dos/Mindshadow.zip	emu/ORIGINALES/DOS/Mindshadow.zip	original del juego, catalogado; la copia descomprimida está en emu/ROMS/DOS/Mindshadow/
EXTRAIDO	emu/dos/Mindwheel.zip	emu/ROMS/DOS/Mindwheel/	juego de DOS descomprimido para la consola (seguro)
CREADO		emu/ROMS/DOS/Mindwheel.conf	lanzador de dosbox_svn (seguro: Go.exe)
MOVIDO	emu/dos/Mindwheel.zip	emu/ORIGINALES/DOS/Mindwheel.zip	original del juego, catalogado; la copia descomprimida está en emu/ROMS/DOS/Mindwheel/
EXTRAIDO	emu/dos/Mine Shaft.zip	emu/ROMS/DOS/Mine Shaft/	juego de DOS descomprimido para la consola (seguro)
CREADO		emu/ROMS/DOS/Mine Shaft.conf	lanzador de dosbox_svn (seguro: mshaft/MINESHAF.EXE)
MOVIDO	emu/dos/Mine Shaft.zip	emu/ORIGINALES/DOS/Mine Shaft.zip	original del juego, catalogado; la copia descomprimida está en emu/ROMS/DOS/Mine Shaft/
EXTRAIDO	emu/dos/Miner 2049er.zip	emu/ROMS/DOS/Miner 2049er/	juego de DOS descomprimido para la consola (seguro)
CREADO		emu/ROMS/DOS/Miner 2049er.conf	lanzador de dosbox_svn (seguro: miner/MINER.EXE)
MOVIDO	emu/dos/Miner 2049er.zip	emu/ORIGINALES/DOS/Miner 2049er.zip	original del juego, catalogado; la copia descomprimida está en emu/ROMS/DOS/Miner 2049er/
EXTRAIDO	emu/dos/Mini Putt.zip	emu/ROMS/DOS/Mini Putt/	juego de DOS descomprimido para la consola (seguro)
CREADO		emu/ROMS/DOS/Mini Putt.conf	lanzador de dosbox_svn (seguro: MiniPutt/MP.EXE)
MOVIDO	emu/dos/Mini Putt.zip	emu/ORIGINALES/DOS/Mini Putt.zip	original del juego, catalogado; la copia descomprimida está en emu/ROMS/DOS/Mini Putt/
EXTRAIDO	emu/dos/Mixed up Mother Goose.zip	emu/ROMS/SCUMMVM/Mixed up Mother Goose/	juego de DOS descomprimido para la consola (scummvm)
CREADO		emu/ROMS/SCUMMVM/Mixed up Mother Goose/Mixed up Mother Goose.scummvm	lanzador de ScummVM (id mixedup)
MOVIDO	emu/dos/Mixed up Mother Goose.zip	emu/ORIGINALES/DOS/Mixed up Mother Goose.zip	original del juego, catalogado; la copia descomprimida está en emu/ROMS/SCUMMVM/Mixed up Mother Goose/
EXTRAIDO	emu/dos/Mixed-Up Fairy Tales.zip	emu/ROMS/SCUMMVM/Mixed-Up Fairy Tales/	juego de DOS descomprimido para la consola (scummvm)
CREADO		emu/ROMS/SCUMMVM/Mixed-Up Fairy Tales/muft/Mixed-Up Fairy Tales.scummvm	lanzador de ScummVM (id fairytales)
MOVIDO	emu/dos/Mixed-Up Fairy Tales.zip	emu/ORIGINALES/DOS/Mixed-Up Fairy Tales.zip	original del juego, catalogado; la copia descomprimida está en emu/ROMS/SCUMMVM/Mixed-Up Fairy Tales/
EXTRAIDO	emu/dos/Monopoly Deluxe.zip	emu/ROMS/DOS/Monopoly Deluxe/	juego de DOS descomprimido para la consola (seguro)
CREADO		emu/ROMS/DOS/Monopoly Deluxe.conf	lanzador de dosbox_svn (seguro: MONOPOLY.BAT)
MOVIDO	emu/dos/Monopoly Deluxe.zip	emu/ORIGINALES/DOS/Monopoly Deluxe.zip	original del juego, catalogado; la copia descomprimida está en emu/ROMS/DOS/Monopoly Deluxe/
EXTRAIDO	emu/dos/Monopoly.zip	emu/ROMS/DOS/Monopoly/	juego de DOS descomprimido para la consola (seguro)
CREADO		emu/ROMS/DOS/Monopoly.conf	lanzador de dosbox_svn (seguro: monopoly/MONOPOLY.COM)
MOVIDO	emu/dos/Monopoly.zip	emu/ORIGINALES/DOS/Monopoly.zip	original del juego, catalogado; la copia descomprimida está en emu/ROMS/DOS/Monopoly/
EXTRAIDO	emu/dos/Monster Math.zip	emu/ROMS/DOS/Monster Math/	juego de DOS descomprimido para la consola (seguro)
CREADO		emu/ROMS/DOS/Monster Math.conf	lanzador de dosbox_svn (seguro: monster/Runme.bat)
MOVIDO	emu/dos/Monster Math.zip	emu/ORIGINALES/DOS/Monster Math.zip	original del juego, catalogado; la copia descomprimida está en emu/ROMS/DOS/Monster Math/
EXTRAIDO	emu/dos/Montezuma's Return.zip	emu/ROMS/DOS/Montezuma's Return/	juego de DOS descomprimido para la consola (seguro)
CREADO		emu/ROMS/DOS/Montezuma's Return.conf	lanzador de dosbox_svn (seguro: MONTE.EXE)
MOVIDO	emu/dos/Montezuma's Return.zip	emu/ORIGINALES/DOS/Montezuma's Return.zip	original del juego, catalogado; la copia descomprimida está en emu/ROMS/DOS/Montezuma's Return/
EXTRAIDO	emu/dos/Montezuma's Revenge.zip	emu/ROMS/DOS/Montezuma's Revenge/	juego de DOS descomprimido para la consola (seguro)
CREADO		emu/ROMS/DOS/Montezuma's Revenge.conf	lanzador de dosbox_svn (seguro: MontezumasRevenge.com)
MOVIDO	emu/dos/Montezuma's Revenge.zip	emu/ORIGINALES/DOS/Montezuma's Revenge.zip	original del juego, catalogado; la copia descomprimida está en emu/ROMS/DOS/Montezuma's Revenge/
EXTRAIDO	emu/dos/Monty Python's Flying Circus.zip	emu/ROMS/DOS/Monty Python's Flying Circus/	juego de DOS descomprimido para la consola (seguro)
CREADO		emu/ROMS/DOS/Monty Python's Flying Circus.conf	lanzador de dosbox_svn (seguro: Pega.exe)
MOVIDO	emu/dos/Monty Python's Flying Circus.zip	emu/ORIGINALES/DOS/Monty Python's Flying Circus.zip	original del juego, catalogado; la copia descomprimida está en emu/ROMS/DOS/Monty Python's Flying Circus/
EXTRAIDO	emu/dos/Moon Patrol.zip	emu/ROMS/DOS/Moon Patrol/	juego de DOS descomprimido para la consola (seguro)
CREADO		emu/ROMS/DOS/Moon Patrol.conf	lanzador de dosbox_svn (seguro: mpatrol/PATROL.COM)
MOVIDO	emu/dos/Moon Patrol.zip	emu/ORIGINALES/DOS/Moon Patrol.zip	original del juego, catalogado; la copia descomprimida está en emu/ROMS/DOS/Moon Patrol/
EXTRAIDO	emu/dos/Moonbase.zip	emu/ROMS/DOS/Moonbase/	juego de DOS descomprimido para la consola (seguro)
CREADO		emu/ROMS/DOS/Moonbase.conf	lanzador de dosbox_svn (seguro: MOONBASE.EXE)
MOVIDO	emu/dos/Moonbase.zip	emu/ORIGINALES/DOS/Moonbase.zip	original del juego, catalogado; la copia descomprimida está en emu/ROMS/DOS/Moonbase/
EXTRAIDO	emu/dos/Moonstone - A hard days Knight.zip	emu/ROMS/DOS/Moonstone - A hard days Knight/	juego de DOS descomprimido para la consola (dudoso)
CREADO		emu/ROMS/DOS/Moonstone - A hard days Knight.conf	lanzador de dosbox_svn (dudoso: mstone/MAIN.EXE)
MOVIDO	emu/dos/Moonstone - A hard days Knight.zip	emu/ORIGINALES/DOS/Moonstone - A hard days Knight.zip	original del juego, catalogado; la copia descomprimida está en emu/ROMS/DOS/Moonstone - A hard days Knight/
EXTRAIDO	emu/dos/Mortal Kombat 2.zip	emu/ROMS/DOS/Mortal Kombat 2/	juego de DOS descomprimido para la consola (seguro)
CREADO		emu/ROMS/DOS/Mortal Kombat 2.conf	lanzador de dosbox_svn (seguro: MKII.EXE)
MOVIDO	emu/dos/Mortal Kombat 2.zip	emu/ORIGINALES/DOS/Mortal Kombat 2.zip	original del juego, catalogado; la copia descomprimida está en emu/ROMS/DOS/Mortal Kombat 2/
EXTRAIDO	emu/dos/Mortal Kombat 3.zip	emu/ROMS/DOS/Mortal Kombat 3/	juego de DOS descomprimido para la consola (seguro)
CREADO		emu/ROMS/DOS/Mortal Kombat 3.conf	lanzador de dosbox_svn (seguro: MK3.EXE)
MOVIDO	emu/dos/Mortal Kombat 3.zip	emu/ORIGINALES/DOS/Mortal Kombat 3.zip	original del juego, catalogado; la copia descomprimida está en emu/ROMS/DOS/Mortal Kombat 3/
EXTRAIDO	emu/dos/Mortal Kombat.zip	emu/ROMS/DOS/Mortal Kombat/	juego de DOS descomprimido para la consola (seguro)
CREADO		emu/ROMS/DOS/Mortal Kombat.conf	lanzador de dosbox_svn (seguro: MK.EXE)
MOVIDO	emu/dos/Mortal Kombat.zip	emu/ORIGINALES/DOS/Mortal Kombat.zip	original del juego, catalogado; la copia descomprimida está en emu/ROMS/DOS/Mortal Kombat/
EXTRAIDO	emu/dos/Ms. Pac-Man.zip	emu/ROMS/DOS/Ms. Pac-Man/	juego de DOS descomprimido para la consola (seguro)
CREADO		emu/ROMS/DOS/Ms. Pac-Man.conf	lanzador de dosbox_svn (seguro: MSPACMAN.COM)
MOVIDO	emu/dos/Ms. Pac-Man.zip	emu/ORIGINALES/DOS/Ms. Pac-Man.zip	original del juego, catalogado; la copia descomprimida está en emu/ROMS/DOS/Ms. Pac-Man/
EXTRAIDO	emu/dos/Murder on the Atlantic.zip	emu/ROMS/DOS/Murder on the Atlantic/	juego de DOS descomprimido para la consola (seguro)
CREADO		emu/ROMS/DOS/Murder on the Atlantic.conf	lanzador de dosbox_svn (seguro: MURDER.EXE)
MOVIDO	emu/dos/Murder on the Atlantic.zip	emu/ORIGINALES/DOS/Murder on the Atlantic.zip	original del juego, catalogado; la copia descomprimida está en emu/ROMS/DOS/Murder on the Atlantic/
EXTRAIDO	emu/dos/Murder on the Zinderneuf.zip	emu/ROMS/DOS/Murder on the Zinderneuf/	juego de DOS descomprimido para la consola (seguro)
CREADO		emu/ROMS/DOS/Murder on the Zinderneuf.conf	lanzador de dosbox_svn (seguro: zind/MURDER.COM)
MOVIDO	emu/dos/Murder on the Zinderneuf.zip	emu/ORIGINALES/DOS/Murder on the Zinderneuf.zip	original del juego, catalogado; la copia descomprimida está en emu/ROMS/DOS/Murder on the Zinderneuf/
EXTRAIDO	emu/dos/Murders in Venice.zip	emu/ROMS/DOS/Murders in Venice/	juego de DOS descomprimido para la consola (dudoso)
CREADO		emu/ROMS/DOS/Murders in Venice.conf	lanzador de dosbox_svn (dudoso: venice/VENISE.EXE)
MOVIDO	emu/dos/Murders in Venice.zip	emu/ORIGINALES/DOS/Murders in Venice.zip	original del juego, catalogado; la copia descomprimida está en emu/ROMS/DOS/Murders in Venice/
EXTRAIDO	emu/dos/Museum Madness.zip	emu/ROMS/DOS/Museum Madness/	juego de DOS descomprimido para la consola (seguro)
CREADO		emu/ROMS/DOS/Museum Madness.conf	lanzador de dosbox_svn (seguro: mmadness/MUSEUM.COM)
MOVIDO	emu/dos/Museum Madness.zip	emu/ORIGINALES/DOS/Museum Madness.zip	original del juego, catalogado; la copia descomprimida está en emu/ROMS/DOS/Museum Madness/
EXTRAIDO	emu/dos/Mystery at the Museums.zip	emu/ROMS/DOS/Mystery at the Museums/	juego de DOS descomprimido para la consola (seguro)
CREADO		emu/ROMS/DOS/Mystery at the Museums.conf	lanzador de dosbox_svn (seguro: MYSTERY/MYSTERY.BAT)
MOVIDO	emu/dos/Mystery at the Museums.zip	emu/ORIGINALES/DOS/Mystery at the Museums.zip	original del juego, catalogado; la copia descomprimida está en emu/ROMS/DOS/Mystery at the Museums/
EXTRAIDO	emu/dos/Narco Police.zip	emu/ROMS/DOS/Narco Police/	juego de DOS descomprimido para la consola (seguro)
CREADO		emu/ROMS/DOS/Narco Police.conf	lanzador de dosbox_svn (seguro: Npolice.exe)
MOVIDO	emu/dos/Narco Police.zip	emu/ORIGINALES/DOS/Narco Police.zip	original del juego, catalogado; la copia descomprimida está en emu/ROMS/DOS/Narco Police/
EXTRAIDO	emu/dos/Nebulus.zip	emu/ROMS/DOS/Nebulus/	juego de DOS descomprimido para la consola (seguro)
CREADO		emu/ROMS/DOS/Nebulus.conf	lanzador de dosbox_svn (seguro: nebulus/NEBEGA.EXE)
MOVIDO	emu/dos/Nebulus.zip	emu/ORIGINALES/DOS/Nebulus.zip	original del juego, catalogado; la copia descomprimida está en emu/ROMS/DOS/Nebulus/
EXTRAIDO	emu/dos/Nectaris.zip	emu/ROMS/DOS/Nectaris/	juego de DOS descomprimido para la consola (seguro)
CREADO		emu/ROMS/DOS/Nectaris.conf	lanzador de dosbox_svn (seguro: Nectaris/start.bat)
MOVIDO	emu/dos/Nectaris.zip	emu/ORIGINALES/DOS/Nectaris.zip	original del juego, catalogado; la copia descomprimida está en emu/ROMS/DOS/Nectaris/
EXTRAIDO	emu/dos/Network Q RAC Rally Championship.zip	emu/ROMS/DOS/Network Q RAC Rally Championship/	juego de DOS descomprimido para la consola (seguro)
CREADO		emu/ROMS/DOS/Network Q RAC Rally Championship.conf	lanzador de dosbox_svn (seguro: RALLY.EXE)
MOVIDO	emu/dos/Network Q RAC Rally Championship.zip	emu/ORIGINALES/DOS/Network Q RAC Rally Championship.zip	original del juego, catalogado; la copia descomprimida está en emu/ROMS/DOS/Network Q RAC Rally Championship/
EXTRAIDO	emu/dos/Neuromancer.zip	emu/ROMS/DOS/Neuromancer/	juego de DOS descomprimido para la consola (seguro)
CREADO		emu/ROMS/DOS/Neuromancer.conf	lanzador de dosbox_svn (seguro: neuro.exe)
MOVIDO	emu/dos/Neuromancer.zip	emu/ORIGINALES/DOS/Neuromancer.zip	original del juego, catalogado; la copia descomprimida está en emu/ROMS/DOS/Neuromancer/
EXTRAIDO	emu/dos/Nicky Boom.zip	emu/ROMS/DOS/Nicky Boom/	juego de DOS descomprimido para la consola (seguro)
CREADO		emu/ROMS/DOS/Nicky Boom.conf	lanzador de dosbox_svn (seguro: NICKY.EXE)
MOVIDO	emu/dos/Nicky Boom.zip	emu/ORIGINALES/DOS/Nicky Boom.zip	original del juego, catalogado; la copia descomprimida está en emu/ROMS/DOS/Nicky Boom/
EXTRAIDO	emu/dos/Night Hunter.zip	emu/ROMS/DOS/Night Hunter/	juego de DOS descomprimido para la consola (seguro)
CREADO		emu/ROMS/DOS/Night Hunter.conf	lanzador de dosbox_svn (seguro: NIGHT.EXE)
MOVIDO	emu/dos/Night Hunter.zip	emu/ORIGINALES/DOS/Night Hunter.zip	original del juego, catalogado; la copia descomprimida está en emu/ROMS/DOS/Night Hunter/
EXTRAIDO	emu/dos/Night Mission Pinball.zip	emu/ROMS/DOS/Night Mission Pinball/	juego de DOS descomprimido para la consola (seguro)
CREADO		emu/ROMS/DOS/Night Mission Pinball.conf	lanzador de dosbox_svn (seguro: nmpinball.exe)
MOVIDO	emu/dos/Night Mission Pinball.zip	emu/ORIGINALES/DOS/Night Mission Pinball.zip	original del juego, catalogado; la copia descomprimida está en emu/ROMS/DOS/Night Mission Pinball/
EXTRAIDO	emu/dos/Ninja Rabbits.zip	emu/ROMS/DOS/Ninja Rabbits/	juego de DOS descomprimido para la consola (dudoso)
CREADO		emu/ROMS/DOS/Ninja Rabbits.conf	lanzador de dosbox_svn (dudoso: nrabbits/JOY.BAT)
MOVIDO	emu/dos/Ninja Rabbits.zip	emu/ORIGINALES/DOS/Ninja Rabbits.zip	original del juego, catalogado; la copia descomprimida está en emu/ROMS/DOS/Ninja Rabbits/
EXTRAIDO	emu/dos/Ninja.zip	emu/ROMS/DOS/Ninja/	juego de DOS descomprimido para la consola (seguro)
CREADO		emu/ROMS/DOS/Ninja.conf	lanzador de dosbox_svn (seguro: ninja/Ninja.bat)
MOVIDO	emu/dos/Ninja.zip	emu/ORIGINALES/DOS/Ninja.zip	original del juego, catalogado; la copia descomprimida está en emu/ROMS/DOS/Ninja/
EXTRAIDO	emu/dos/Nippon Safes, Inc..zip	emu/ROMS/DOS/Nippon Safes, Inc/	juego de DOS descomprimido para la consola (seguro)
CREADO		emu/ROMS/DOS/Nippon Safes, Inc.conf	lanzador de dosbox_svn (seguro: Nippon/Nippon.BAT)
MOVIDO	emu/dos/Nippon Safes, Inc..zip	emu/ORIGINALES/DOS/Nippon Safes, Inc..zip	original del juego, catalogado; la copia descomprimida está en emu/ROMS/DOS/Nippon Safes, Inc/
EXTRAIDO	emu/dos/Nobunagas Ambition II.zip	emu/ROMS/DOS/Nobunagas Ambition II/	juego de DOS descomprimido para la consola (dudoso)
CREADO		emu/ROMS/DOS/Nobunagas Ambition II.conf	lanzador de dosbox_svn (dudoso: nobu2/MAIN.EXE)
MOVIDO	emu/dos/Nobunagas Ambition II.zip	emu/ORIGINALES/DOS/Nobunagas Ambition II.zip	original del juego, catalogado; la copia descomprimida está en emu/ROMS/DOS/Nobunagas Ambition II/
EXTRAIDO	emu/dos/Nobunagas Ambition.zip	emu/ROMS/DOS/Nobunagas Ambition/	juego de DOS descomprimido para la consola (dudoso)
CREADO		emu/ROMS/DOS/Nobunagas Ambition.conf	lanzador de dosbox_svn (dudoso: nobu1/PLAY.BAT)
MOVIDO	emu/dos/Nobunagas Ambition.zip	emu/ORIGINALES/DOS/Nobunagas Ambition.zip	original del juego, catalogado; la copia descomprimida está en emu/ROMS/DOS/Nobunagas Ambition/
EXTRAIDO	emu/dos/North & South.zip	emu/ROMS/DOS/North & South/	juego de DOS descomprimido para la consola (seguro)
CREADO		emu/ROMS/DOS/North & South.conf	lanzador de dosbox_svn (seguro: TATOU.COM)
MOVIDO	emu/dos/North & South.zip	emu/ORIGINALES/DOS/North & South.zip	original del juego, catalogado; la copia descomprimida está en emu/ROMS/DOS/North & South/
EXTRAIDO	emu/dos/Nova 9 - Return of Gir Draxon.zip	emu/ROMS/DOS/Nova 9 - Return of Gir Draxon/	juego de DOS descomprimido para la consola (seguro)
CREADO		emu/ROMS/DOS/Nova 9 - Return of Gir Draxon.conf	lanzador de dosbox_svn (seguro: nova9/NOVA.EXE)
MOVIDO	emu/dos/Nova 9 - Return of Gir Draxon.zip	emu/ORIGINALES/DOS/Nova 9 - Return of Gir Draxon.zip	original del juego, catalogado; la copia descomprimida está en emu/ROMS/DOS/Nova 9 - Return of Gir Draxon/
EXTRAIDO	emu/dos/Novatron.zip	emu/ROMS/DOS/Novatron/	juego de DOS descomprimido para la consola (seguro)
CREADO		emu/ROMS/DOS/Novatron.conf	lanzador de dosbox_svn (seguro: NOVATRON.EXE)
MOVIDO	emu/dos/Novatron.zip	emu/ORIGINALES/DOS/Novatron.zip	original del juego, catalogado; la copia descomprimida está en emu/ROMS/DOS/Novatron/
EXTRAIDO	emu/dos/Number Munchers.zip	emu/ROMS/DOS/Number Munchers/	juego de DOS descomprimido para la consola (seguro)
CREADO		emu/ROMS/DOS/Number Munchers.conf	lanzador de dosbox_svn (seguro: numberm/NM.EXE)
MOVIDO	emu/dos/Number Munchers.zip	emu/ORIGINALES/DOS/Number Munchers.zip	original del juego, catalogado; la copia descomprimida está en emu/ROMS/DOS/Number Munchers/
EXTRAIDO	emu/dos/Obitus.zip	emu/ROMS/DOS/Obitus/	juego de DOS descomprimido para la consola (seguro)
CREADO		emu/ROMS/DOS/Obitus.conf	lanzador de dosbox_svn (seguro: Obitus/OBITUS.EXE)
MOVIDO	emu/dos/Obitus.zip	emu/ORIGINALES/DOS/Obitus.zip	original del juego, catalogado; la copia descomprimida está en emu/ROMS/DOS/Obitus/
EXTRAIDO	emu/dos/Obliterator.zip	emu/ROMS/DOS/Obliterator/	juego de DOS descomprimido para la consola (seguro)
CREADO		emu/ROMS/DOS/Obliterator.conf	lanzador de dosbox_svn (seguro: obliter/Oblit.exe)
MOVIDO	emu/dos/Obliterator.zip	emu/ORIGINALES/DOS/Obliterator.zip	original del juego, catalogado; la copia descomprimida está en emu/ROMS/DOS/Obliterator/
EXTRAIDO	emu/dos/Ocean Ranger.zip	emu/ROMS/DOS/Ocean Ranger/	juego de DOS descomprimido para la consola (dudoso)
CREADO		emu/ROMS/DOS/Ocean Ranger.conf	lanzador de dosbox_svn (dudoso: oranger/OCEAN.EXE)
MOVIDO	emu/dos/Ocean Ranger.zip	emu/ORIGINALES/DOS/Ocean Ranger.zip	original del juego, catalogado; la copia descomprimida está en emu/ROMS/DOS/Ocean Ranger/
EXTRAIDO	emu/dos/Offensive.zip	emu/ROMS/DOS/Offensive/	juego de DOS descomprimido para la consola (seguro)
CREADO		emu/ROMS/DOS/Offensive.conf	lanzador de dosbox_svn (seguro: START.BAT)
MOVIDO	emu/dos/Offensive.zip	emu/ORIGINALES/DOS/Offensive.zip	original del juego, catalogado; la copia descomprimida está en emu/ROMS/DOS/Offensive/
EXTRAIDO	emu/dos/Oh No, More Lemmings.zip	emu/ROMS/DOS/Oh No, More Lemmings/	juego de DOS descomprimido para la consola (seguro)
CREADO		emu/ROMS/DOS/Oh No, More Lemmings.conf	lanzador de dosbox_svn (seguro: ohnolem/LEMMINGS.BAT)
MOVIDO	emu/dos/Oh No, More Lemmings.zip	emu/ORIGINALES/DOS/Oh No, More Lemmings.zip	original del juego, catalogado; la copia descomprimida está en emu/ROMS/DOS/Oh No, More Lemmings/
EXTRAIDO	emu/dos/Oligopoly.zip	emu/ROMS/DOS/Oligopoly/	juego de DOS descomprimido para la consola (seguro)
CREADO		emu/ROMS/DOS/Oligopoly.conf	lanzador de dosbox_svn (seguro: olig/OLIG.EXE)
MOVIDO	emu/dos/Oligopoly.zip	emu/ORIGINALES/DOS/Oligopoly.zip	original del juego, catalogado; la copia descomprimida está en emu/ROMS/DOS/Oligopoly/
EXTRAIDO	emu/dos/Omnicron Conspiracy.zip	emu/ROMS/DOS/Omnicron Conspiracy/	juego de DOS descomprimido para la consola (dudoso)
CREADO		emu/ROMS/DOS/Omnicron Conspiracy.conf	lanzador de dosbox_svn (dudoso: OMNICRON.EXE)
MOVIDO	emu/dos/Omnicron Conspiracy.zip	emu/ORIGINALES/DOS/Omnicron Conspiracy.zip	original del juego, catalogado; la copia descomprimida está en emu/ROMS/DOS/Omnicron Conspiracy/
EXTRAIDO	emu/dos/On the Ball - World Cup Edition.zip	emu/ROMS/DOS/On the Ball - World Cup Edition/	juego de DOS descomprimido para la consola (dudoso)
CREADO		emu/ROMS/DOS/On the Ball - World Cup Edition.conf	lanzador de dosbox_svn (dudoso: ANSTWCE.EXE)
MOVIDO	emu/dos/On the Ball - World Cup Edition.zip	emu/ORIGINALES/DOS/On the Ball - World Cup Edition.zip	original del juego, catalogado; la copia descomprimida está en emu/ROMS/DOS/On the Ball - World Cup Edition/
EXTRAIDO	emu/dos/One Must Fall 2097.zip	emu/ROMS/DOS/One Must Fall 2097/	juego de DOS descomprimido para la consola (seguro)
CREADO		emu/ROMS/DOS/One Must Fall 2097.conf	lanzador de dosbox_svn (seguro: omf2097/OMF/OMF21.EXE)
MOVIDO	emu/dos/One Must Fall 2097.zip	emu/ORIGINALES/DOS/One Must Fall 2097.zip	original del juego, catalogado; la copia descomprimida está en emu/ROMS/DOS/One Must Fall 2097/
EXTRAIDO	emu/dos/One Step Beyond.zip	emu/ROMS/DOS/One Step Beyond/	juego de DOS descomprimido para la consola (seguro)
CREADO		emu/ROMS/DOS/One Step Beyond.conf	lanzador de dosbox_svn (seguro: ONESTEP.EXE)
MOVIDO	emu/dos/One Step Beyond.zip	emu/ORIGINALES/DOS/One Step Beyond.zip	original del juego, catalogado; la copia descomprimida está en emu/ROMS/DOS/One Step Beyond/
EXTRAIDO	emu/dos/Oo-Topos.zip	emu/ROMS/DOS/Oo-Topos/	juego de DOS descomprimido para la consola (dudoso)
CREADO		emu/ROMS/DOS/Oo-Topos.conf	lanzador de dosbox_svn (dudoso: NOVEL.EXE)
MOVIDO	emu/dos/Oo-Topos.zip	emu/ORIGINALES/DOS/Oo-Topos.zip	original del juego, catalogado; la copia descomprimida está en emu/ROMS/DOS/Oo-Topos/
EXTRAIDO	emu/dos/Operation Europe - Path to Victory 1939-45.zip	emu/ROMS/DOS/Operation Europe - Path to Victory 1939-45/	juego de DOS descomprimido para la consola (dudoso)
CREADO		emu/ROMS/DOS/Operation Europe - Path to Victory 1939-45.conf	lanzador de dosbox_svn (dudoso: europe/MAIN.EXE)
MOVIDO	emu/dos/Operation Europe - Path to Victory 1939-45.zip	emu/ORIGINALES/DOS/Operation Europe - Path to Victory 1939-45.zip	original del juego, catalogado; la copia descomprimida está en emu/ROMS/DOS/Operation Europe - Path to Victory 1939-45/
EXTRAIDO	emu/dos/Operation Frog.zip	emu/ROMS/DOS/Operation Frog/	juego de DOS descomprimido para la consola (seguro)
CREADO		emu/ROMS/DOS/Operation Frog.conf	lanzador de dosbox_svn (seguro: OpFrog/OPFROG.EXE)
MOVIDO	emu/dos/Operation Frog.zip	emu/ORIGINALES/DOS/Operation Frog.zip	original del juego, catalogado; la copia descomprimida está en emu/ROMS/DOS/Operation Frog/
EXTRAIDO	emu/dos/Operation Stealth.zip	emu/ROMS/DOS/Operation Stealth/	juego de DOS descomprimido para la consola (seguro)
CREADO		emu/ROMS/DOS/Operation Stealth.conf	lanzador de dosbox_svn (seguro: ostealth/STEALTH.BAT)
MOVIDO	emu/dos/Operation Stealth.zip	emu/ORIGINALES/DOS/Operation Stealth.zip	original del juego, catalogado; la copia descomprimida está en emu/ROMS/DOS/Operation Stealth/
EXTRAIDO	emu/dos/Operation Wolf.zip	emu/ROMS/DOS/Operation Wolf/	juego de DOS descomprimido para la consola (dudoso)
CREADO		emu/ROMS/DOS/Operation Wolf.conf	lanzador de dosbox_svn (dudoso: START.BAT)
MOVIDO	emu/dos/Operation Wolf.zip	emu/ORIGINALES/DOS/Operation Wolf.zip	original del juego, catalogado; la copia descomprimida está en emu/ROMS/DOS/Operation Wolf/
EXTRAIDO	emu/dos/Origamo.zip	emu/ROMS/DOS/Origamo/	juego de DOS descomprimido para la consola (seguro)
CREADO		emu/ROMS/DOS/Origamo.conf	lanzador de dosbox_svn (seguro: origamo/ORIGAMO.EXE)
MOVIDO	emu/dos/Origamo.zip	emu/ORIGINALES/DOS/Origamo.zip	original del juego, catalogado; la copia descomprimida está en emu/ROMS/DOS/Origamo/
EXTRAIDO	emu/dos/Oscar.zip	emu/ROMS/DOS/Oscar/	juego de DOS descomprimido para la consola (seguro)
CREADO		emu/ROMS/DOS/Oscar.conf	lanzador de dosbox_svn (seguro: OSCAR.EXE)
MOVIDO	emu/dos/Oscar.zip	emu/ORIGINALES/DOS/Oscar.zip	original del juego, catalogado; la copia descomprimida está en emu/ROMS/DOS/Oscar/
EXTRAIDO	emu/dos/Outrun.zip	emu/ROMS/DOS/Outrun/	juego de DOS descomprimido para la consola (seguro)
CREADO		emu/ROMS/DOS/Outrun.conf	lanzador de dosbox_svn (seguro: OUTRUN.EXE)
MOVIDO	emu/dos/Outrun.zip	emu/ORIGINALES/DOS/Outrun.zip	original del juego, catalogado; la copia descomprimida está en emu/ROMS/DOS/Outrun/
EXTRAIDO	emu/dos/Overkill.zip	emu/ROMS/DOS/Overkill/	juego de DOS descomprimido para la consola (seguro)
CREADO		emu/ROMS/DOS/Overkill.conf	lanzador de dosbox_svn (seguro: OVERKILL/OVERKILL.EXE)
MOVIDO	emu/dos/Overkill.zip	emu/ORIGINALES/DOS/Overkill.zip	original del juego, catalogado; la copia descomprimida está en emu/ROMS/DOS/Overkill/
EXTRAIDO	emu/dos/P.H.M. Pegasus.zip	emu/ROMS/DOS/P.H.M. Pegasus/	juego de DOS descomprimido para la consola (dudoso)
CREADO		emu/ROMS/DOS/P.H.M. Pegasus.conf	lanzador de dosbox_svn (dudoso: PHM.BAT)
MOVIDO	emu/dos/P.H.M. Pegasus.zip	emu/ORIGINALES/DOS/P.H.M. Pegasus.zip	original del juego, catalogado; la copia descomprimida está en emu/ROMS/DOS/P.H.M. Pegasus/
EXTRAIDO	emu/dos/PC-Man.zip	emu/ROMS/DOS/PC-Man/	juego de DOS descomprimido para la consola (dudoso)
CREADO		emu/ROMS/DOS/PC-Man.conf	lanzador de dosbox_svn (dudoso: Pcman (Greg Kuperberg).v1.1982.com)
MOVIDO	emu/dos/PC-Man.zip	emu/ORIGINALES/DOS/PC-Man.zip	original del juego, catalogado; la copia descomprimida está en emu/ROMS/DOS/PC-Man/
EXTRAIDO	emu/dos/Pac PC.zip	emu/ROMS/DOS/Pac PC/	juego de DOS descomprimido para la consola (seguro)
CREADO		emu/ROMS/DOS/Pac PC.conf	lanzador de dosbox_svn (seguro: PACPC2.EXE)
MOVIDO	emu/dos/Pac PC.zip	emu/ORIGINALES/DOS/Pac PC.zip	original del juego, catalogado; la copia descomprimida está en emu/ROMS/DOS/Pac PC/
EXTRAIDO	emu/dos/Pac-in-Time (1994).dosz	emu/ROMS/DOS/Pac-in-Time (1994)/	juego de DOS descomprimido para la consola (seguro)
CREADO		emu/ROMS/DOS/Pac-in-Time (1994).conf	lanzador de dosbox_svn (seguro: PAC.EXE)
MOVIDO	emu/dos/Pac-in-Time (1994).dosz	emu/ORIGINALES/DOS/Pac-in-Time (1994).dosz	original del juego, catalogado; la copia descomprimida está en emu/ROMS/DOS/Pac-in-Time (1994)/
EXTRAIDO	emu/dos/Pang.zip	emu/ROMS/DOS/Pang/	juego de DOS descomprimido para la consola (seguro)
CREADO		emu/ROMS/DOS/Pang.conf	lanzador de dosbox_svn (seguro: pang/PANG.EXE)
MOVIDO	emu/dos/Pang.zip	emu/ORIGINALES/DOS/Pang.zip	original del juego, catalogado; la copia descomprimida está en emu/ROMS/DOS/Pang/
EXTRAIDO	emu/dos/Panza Kick Boxing.zip	emu/ROMS/DOS/Panza Kick Boxing/	juego de DOS descomprimido para la consola (seguro)
CREADO		emu/ROMS/DOS/Panza Kick Boxing.conf	lanzador de dosbox_svn (seguro: KICK.EXE)
MOVIDO	emu/dos/Panza Kick Boxing.zip	emu/ORIGINALES/DOS/Panza Kick Boxing.zip	original del juego, catalogado; la copia descomprimida está en emu/ROMS/DOS/Panza Kick Boxing/
EXTRAIDO	emu/dos/Panzer General.zip	emu/ROMS/DOS/Panzer General/	juego de DOS descomprimido para la consola (dudoso)
CREADO		emu/ROMS/DOS/Panzer General.conf	lanzador de dosbox_svn (dudoso: panzerg/PG.BAT)
MOVIDO	emu/dos/Panzer General.zip	emu/ORIGINALES/DOS/Panzer General.zip	original del juego, catalogado; la copia descomprimida está en emu/ROMS/DOS/Panzer General/
EXTRAIDO	emu/dos/Paperboy 2.zip	emu/ROMS/DOS/Paperboy 2/	juego de DOS descomprimido para la consola (seguro)
CREADO		emu/ROMS/DOS/Paperboy 2.conf	lanzador de dosbox_svn (seguro: game.exe)
MOVIDO	emu/dos/Paperboy 2.zip	emu/ORIGINALES/DOS/Paperboy 2.zip	original del juego, catalogado; la copia descomprimida está en emu/ROMS/DOS/Paperboy 2/
EXTRAIDO	emu/dos/Paperboy.zip	emu/ROMS/DOS/Paperboy/	juego de DOS descomprimido para la consola (dudoso)
CREADO		emu/ROMS/DOS/Paperboy.conf	lanzador de dosbox_svn (dudoso: PAPERBOY.EXE)
MOVIDO	emu/dos/Paperboy.zip	emu/ORIGINALES/DOS/Paperboy.zip	original del juego, catalogado; la copia descomprimida está en emu/ROMS/DOS/Paperboy/
EXTRAIDO	emu/dos/Paratrooper.zip	emu/ROMS/DOS/Paratrooper/	juego de DOS descomprimido para la consola (seguro)
CREADO		emu/ROMS/DOS/Paratrooper.conf	lanzador de dosbox_svn (seguro: ptrooper.com)
MOVIDO	emu/dos/Paratrooper.zip	emu/ORIGINALES/DOS/Paratrooper.zip	original del juego, catalogado; la copia descomprimida está en emu/ROMS/DOS/Paratrooper/
EXTRAIDO	emu/dos/Patton vs. Rommel.zip	emu/ROMS/DOS/Patton vs. Rommel/	juego de DOS descomprimido para la consola (seguro)
CREADO		emu/ROMS/DOS/Patton vs. Rommel.conf	lanzador de dosbox_svn (seguro: PVRMAIN.COM)
MOVIDO	emu/dos/Patton vs. Rommel.zip	emu/ORIGINALES/DOS/Patton vs. Rommel.zip	original del juego, catalogado; la copia descomprimida está en emu/ROMS/DOS/Patton vs. Rommel/
EXTRAIDO	emu/dos/Pepper's Adventures in Time.zip	emu/ROMS/SCUMMVM/Pepper's Adventures in Time/	juego de DOS descomprimido para la consola (scummvm)
CREADO		emu/ROMS/SCUMMVM/Pepper's Adventures in Time/pepper/Pepper's Adventures in Time.scummvm	lanzador de ScummVM (id pepper)
MOVIDO	emu/dos/Pepper's Adventures in Time.zip	emu/ORIGINALES/DOS/Pepper's Adventures in Time.zip	original del juego, catalogado; la copia descomprimida está en emu/ROMS/SCUMMVM/Pepper's Adventures in Time/
EXTRAIDO	emu/dos/Personal Nightmare.zip	emu/ROMS/DOS/Personal Nightmare/	juego de DOS descomprimido para la consola (seguro)
CREADO		emu/ROMS/DOS/Personal Nightmare.conf	lanzador de dosbox_svn (seguro: Pn.bat)
MOVIDO	emu/dos/Personal Nightmare.zip	emu/ORIGINALES/DOS/Personal Nightmare.zip	original del juego, catalogado; la copia descomprimida está en emu/ROMS/DOS/Personal Nightmare/
EXTRAIDO	emu/dos/Phantasie.zip	emu/ROMS/DOS/Phantasie/	juego de DOS descomprimido para la consola (seguro)
CREADO		emu/ROMS/DOS/Phantasie.conf	lanzador de dosbox_svn (seguro: PHANTASI.EXE)
MOVIDO	emu/dos/Phantasie.zip	emu/ORIGINALES/DOS/Phantasie.zip	original del juego, catalogado; la copia descomprimida está en emu/ROMS/DOS/Phantasie/
EXTRAIDO	emu/dos/Pick 'n' Pile.zip	emu/ROMS/DOS/Pick 'n' Pile/	juego de DOS descomprimido para la consola (seguro)
CREADO		emu/ROMS/DOS/Pick 'n' Pile.conf	lanzador de dosbox_svn (seguro: pickpile/EGAVGA.EXE)
MOVIDO	emu/dos/Pick 'n' Pile.zip	emu/ORIGINALES/DOS/Pick 'n' Pile.zip	original del juego, catalogado; la copia descomprimida está en emu/ROMS/DOS/Pick 'n' Pile/
EXTRAIDO	emu/dos/Pinball Dreams 2.zip	emu/ROMS/DOS/Pinball Dreams 2/	juego de DOS descomprimido para la consola (seguro)
CREADO		emu/ROMS/DOS/Pinball Dreams 2.conf	lanzador de dosbox_svn (seguro: pdreams2/PD2.EXE)
MOVIDO	emu/dos/Pinball Dreams 2.zip	emu/ORIGINALES/DOS/Pinball Dreams 2.zip	original del juego, catalogado; la copia descomprimida está en emu/ROMS/DOS/Pinball Dreams 2/
EXTRAIDO	emu/dos/Pinball Dreams.zip	emu/ROMS/DOS/Pinball Dreams/	juego de DOS descomprimido para la consola (seguro)
CREADO		emu/ROMS/DOS/Pinball Dreams.conf	lanzador de dosbox_svn (seguro: pinball/PD.EXE)
MOVIDO	emu/dos/Pinball Dreams.zip	emu/ORIGINALES/DOS/Pinball Dreams.zip	original del juego, catalogado; la copia descomprimida está en emu/ROMS/DOS/Pinball Dreams/
EXTRAIDO	emu/dos/Pinball Fantasies.zip	emu/ROMS/DOS/Pinball Fantasies/	juego de DOS descomprimido para la consola (seguro)
CREADO		emu/ROMS/DOS/Pinball Fantasies.conf	lanzador de dosbox_svn (seguro: pinball/PINBALL.EXE)
MOVIDO	emu/dos/Pinball Fantasies.zip	emu/ORIGINALES/DOS/Pinball Fantasies.zip	original del juego, catalogado; la copia descomprimida está en emu/ROMS/DOS/Pinball Fantasies/
EXTRAIDO	emu/dos/Pinball Illusions.zip	emu/ROMS/DOS/Pinball Illusions/	juego de DOS descomprimido para la consola (dudoso)
CREADO		emu/ROMS/DOS/Pinball Illusions.conf	lanzador de dosbox_svn (dudoso: Illusion/start.bat)
MOVIDO	emu/dos/Pinball Illusions.zip	emu/ORIGINALES/DOS/Pinball Illusions.zip	original del juego, catalogado; la copia descomprimida está en emu/ROMS/DOS/Pinball Illusions/
EXTRAIDO	emu/dos/Pinball World.zip	emu/ROMS/DOS/Pinball World/	juego de DOS descomprimido para la consola (dudoso)
CREADO		emu/ROMS/DOS/Pinball World.conf	lanzador de dosbox_svn (dudoso: PBW/PWPCGAME.EXE)
MOVIDO	emu/dos/Pinball World.zip	emu/ORIGINALES/DOS/Pinball World.zip	original del juego, catalogado; la copia descomprimida está en emu/ROMS/DOS/Pinball World/
EXTRAIDO	emu/dos/Pipe Dream.zip	emu/ROMS/DOS/Pipe Dream/	juego de DOS descomprimido para la consola (seguro)
CREADO		emu/ROMS/DOS/Pipe Dream.conf	lanzador de dosbox_svn (seguro: PIPE.EXE)
MOVIDO	emu/dos/Pipe Dream.zip	emu/ORIGINALES/DOS/Pipe Dream.zip	original del juego, catalogado; la copia descomprimida está en emu/ROMS/DOS/Pipe Dream/
EXTRAIDO	emu/dos/Pipes.zip	emu/ROMS/DOS/Pipes/	juego de DOS descomprimido para la consola (seguro)
CREADO		emu/ROMS/DOS/Pipes.conf	lanzador de dosbox_svn (seguro: pipes.com)
MOVIDO	emu/dos/Pipes.zip	emu/ORIGINALES/DOS/Pipes.zip	original del juego, catalogado; la copia descomprimida está en emu/ROMS/DOS/Pipes/
EXTRAIDO	emu/dos/Piranha.zip	emu/ROMS/DOS/Piranha/	juego de DOS descomprimido para la consola (seguro)
CREADO		emu/ROMS/DOS/Piranha.conf	lanzador de dosbox_svn (seguro: piranha/START.BAT)
MOVIDO	emu/dos/Piranha.zip	emu/ORIGINALES/DOS/Piranha.zip	original del juego, catalogado; la copia descomprimida está en emu/ROMS/DOS/Piranha/
EXTRAIDO	emu/dos/Pirates of the Barbary Coast.zip	emu/ROMS/DOS/Pirates of the Barbary Coast/	juego de DOS descomprimido para la consola (seguro)
CREADO		emu/ROMS/DOS/Pirates of the Barbary Coast.conf	lanzador de dosbox_svn (seguro: pirates/GAME.BAT)
MOVIDO	emu/dos/Pirates of the Barbary Coast.zip	emu/ORIGINALES/DOS/Pirates of the Barbary Coast.zip	original del juego, catalogado; la copia descomprimida está en emu/ROMS/DOS/Pirates of the Barbary Coast/
EXTRAIDO	emu/dos/Pirates! Gold.zip	emu/ROMS/DOS/Pirates! Gold/	juego de DOS descomprimido para la consola (dudoso)
CREADO		emu/ROMS/DOS/Pirates! Gold.conf	lanzador de dosbox_svn (dudoso: PGJUKE.EXE)
MOVIDO	emu/dos/Pirates! Gold.zip	emu/ORIGINALES/DOS/Pirates! Gold.zip	original del juego, catalogado; la copia descomprimida está en emu/ROMS/DOS/Pirates! Gold/
EXTRAIDO	emu/dos/Pitstop 2.zip	emu/ROMS/DOS/Pitstop 2/	juego de DOS descomprimido para la consola (seguro)
CREADO		emu/ROMS/DOS/Pitstop 2.conf	lanzador de dosbox_svn (seguro: pitstop2.exe)
MOVIDO	emu/dos/Pitstop 2.zip	emu/ORIGINALES/DOS/Pitstop 2.zip	original del juego, catalogado; la copia descomprimida está en emu/ROMS/DOS/Pitstop 2/
EXTRAIDO	emu/dos/Pizza Tycoon.zip	emu/ROMS/DOS/Pizza Tycoon/	juego de DOS descomprimido para la consola (dudoso)
CREADO		emu/ROMS/DOS/Pizza Tycoon.conf	lanzador de dosbox_svn (dudoso: PT.EXE)
MOVIDO	emu/dos/Pizza Tycoon.zip	emu/ORIGINALES/DOS/Pizza Tycoon.zip	original del juego, catalogado; la copia descomprimida está en emu/ROMS/DOS/Pizza Tycoon/
EXTRAIDO	emu/dos/Plan 9 from Outer Space.zip	emu/ROMS/DOS/Plan 9 from Outer Space/	juego de DOS descomprimido para la consola (seguro)
CREADO		emu/ROMS/DOS/Plan 9 from Outer Space.conf	lanzador de dosbox_svn (seguro: plan9/PLAN9.EXE)
MOVIDO	emu/dos/Plan 9 from Outer Space.zip	emu/ORIGINALES/DOS/Plan 9 from Outer Space.zip	original del juego, catalogado; la copia descomprimida está en emu/ROMS/DOS/Plan 9 from Outer Space/
EXTRAIDO	emu/dos/Planetfall.zip	emu/ROMS/DOS/Planetfall/	juego de DOS descomprimido para la consola (seguro)
CREADO		emu/ROMS/DOS/Planetfall.conf	lanzador de dosbox_svn (seguro: PLANETF.BAT)
MOVIDO	emu/dos/Planetfall.zip	emu/ORIGINALES/DOS/Planetfall.zip	original del juego, catalogado; la copia descomprimida está en emu/ROMS/DOS/Planetfall/
EXTRAIDO	emu/dos/Platoon.zip	emu/ROMS/DOS/Platoon/	juego de DOS descomprimido para la consola (seguro)
CREADO		emu/ROMS/DOS/Platoon.conf	lanzador de dosbox_svn (seguro: platoon/PLATOON.EXE)
MOVIDO	emu/dos/Platoon.zip	emu/ORIGINALES/DOS/Platoon.zip	original del juego, catalogado; la copia descomprimida está en emu/ROMS/DOS/Platoon/
EXTRAIDO	emu/dos/Player Manager 2.zip	emu/ROMS/DOS/Player Manager 2/	juego de DOS descomprimido para la consola (seguro)
CREADO		emu/ROMS/DOS/Player Manager 2.conf	lanzador de dosbox_svn (seguro: PM2.BAT)
MOVIDO	emu/dos/Player Manager 2.zip	emu/ORIGINALES/DOS/Player Manager 2.zip	original del juego, catalogado; la copia descomprimida está en emu/ROMS/DOS/Player Manager 2/
EXTRAIDO	emu/dos/Pole Position II.zip	emu/ROMS/DOS/Pole Position II/	juego de DOS descomprimido para la consola (seguro)
CREADO		emu/ROMS/DOS/Pole Position II.conf	lanzador de dosbox_svn (seguro: pole2/POLE2.EXE)
MOVIDO	emu/dos/Pole Position II.zip	emu/ORIGINALES/DOS/Pole Position II.zip	original del juego, catalogado; la copia descomprimida está en emu/ROMS/DOS/Pole Position II/
EXTRAIDO	emu/dos/Pole Position.zip	emu/ROMS/DOS/Pole Position/	juego de DOS descomprimido para la consola (seguro)
CREADO		emu/ROMS/DOS/Pole Position.conf	lanzador de dosbox_svn (seguro: DRIVE.COM)
MOVIDO	emu/dos/Pole Position.zip	emu/ORIGINALES/DOS/Pole Position.zip	original del juego, catalogado; la copia descomprimida está en emu/ROMS/DOS/Pole Position/
EXTRAIDO	emu/dos/Police Quest 2 - The Vengeance.zip	emu/ROMS/SCUMMVM/Police Quest 2 - The Vengeance/	juego de DOS descomprimido para la consola (scummvm)
CREADO		emu/ROMS/SCUMMVM/Police Quest 2 - The Vengeance/pq2/Police Quest 2 - The Vengeance.scummvm	lanzador de ScummVM (id pq2)
MOVIDO	emu/dos/Police Quest 2 - The Vengeance.zip	emu/ORIGINALES/DOS/Police Quest 2 - The Vengeance.zip	original del juego, catalogado; la copia descomprimida está en emu/ROMS/SCUMMVM/Police Quest 2 - The Vengeance/
EXTRAIDO	emu/dos/Police Quest 3 - The Kindred.zip	emu/ROMS/SCUMMVM/Police Quest 3 - The Kindred/	juego de DOS descomprimido para la consola (scummvm)
CREADO		emu/ROMS/SCUMMVM/Police Quest 3 - The Kindred/p3/Police Quest 3 - The Kindred.scummvm	lanzador de ScummVM (id pq3)
MOVIDO	emu/dos/Police Quest 3 - The Kindred.zip	emu/ORIGINALES/DOS/Police Quest 3 - The Kindred.zip	original del juego, catalogado; la copia descomprimida está en emu/ROMS/SCUMMVM/Police Quest 3 - The Kindred/
EXTRAIDO	emu/dos/Pool of Radiance.zip	emu/ROMS/DOS/Pool of Radiance/	juego de DOS descomprimido para la consola (seguro)
CREADO		emu/ROMS/DOS/Pool of Radiance.conf	lanzador de dosbox_svn (seguro: POOLRAD/START.EXE)
MOVIDO	emu/dos/Pool of Radiance.zip	emu/ORIGINALES/DOS/Pool of Radiance.zip	original del juego, catalogado; la copia descomprimida está en emu/ROMS/DOS/Pool of Radiance/
EXTRAIDO	emu/dos/Popeye 2.zip	emu/ROMS/DOS/Popeye 2/	juego de DOS descomprimido para la consola (seguro)
CREADO		emu/ROMS/DOS/Popeye 2.conf	lanzador de dosbox_svn (seguro: POPEYE.COM)
MOVIDO	emu/dos/Popeye 2.zip	emu/ORIGINALES/DOS/Popeye 2.zip	original del juego, catalogado; la copia descomprimida está en emu/ROMS/DOS/Popeye 2/
EXTRAIDO	emu/dos/Populous.zip	emu/ROMS/DOS/Populous/	juego de DOS descomprimido para la consola (seguro)
CREADO		emu/ROMS/DOS/Populous.conf	lanzador de dosbox_svn (seguro: POPULOUS.EXE)
MOVIDO	emu/dos/Populous.zip	emu/ORIGINALES/DOS/Populous.zip	original del juego, catalogado; la copia descomprimida está en emu/ROMS/DOS/Populous/
EXTRAIDO	emu/dos/Portal.zip	emu/ROMS/DOS/Portal/	juego de DOS descomprimido para la consola (seguro)
CREADO		emu/ROMS/DOS/Portal.conf	lanzador de dosbox_svn (seguro: portal/PORTAL.COM)
MOVIDO	emu/dos/Portal.zip	emu/ORIGINALES/DOS/Portal.zip	original del juego, catalogado; la copia descomprimida está en emu/ROMS/DOS/Portal/
EXTRAIDO	emu/dos/Power Dolls.zip	emu/ROMS/DOS/Power Dolls/	juego de DOS descomprimido para la consola (dudoso)
CREADO		emu/ROMS/DOS/Power Dolls.conf	lanzador de dosbox_svn (dudoso: Pdolls/PD.BAT)
MOVIDO	emu/dos/Power Dolls.zip	emu/ORIGINALES/DOS/Power Dolls.zip	original del juego, catalogado; la copia descomprimida está en emu/ROMS/DOS/Power Dolls/
EXTRAIDO	emu/dos/Power Drive.zip	emu/ROMS/DOS/Power Drive/	juego de DOS descomprimido para la consola (dudoso)
CREADO		emu/ROMS/DOS/Power Drive.conf	lanzador de dosbox_svn (dudoso: PD.BAT)
MOVIDO	emu/dos/Power Drive.zip	emu/ORIGINALES/DOS/Power Drive.zip	original del juego, catalogado; la copia descomprimida está en emu/ROMS/DOS/Power Drive/
EXTRAIDO	emu/dos/Powermonger.zip	emu/ROMS/DOS/Powermonger/	juego de DOS descomprimido para la consola (seguro)
CREADO		emu/ROMS/DOS/Powermonger.conf	lanzador de dosbox_svn (seguro: GAME.EXE)
MOVIDO	emu/dos/Powermonger.zip	emu/ORIGINALES/DOS/Powermonger.zip	original del juego, catalogado; la copia descomprimida está en emu/ROMS/DOS/Powermonger/
EXTRAIDO	emu/dos/Prehistorik 2.zip	emu/ROMS/DOS/Prehistorik 2/	juego de DOS descomprimido para la consola (seguro)
CREADO		emu/ROMS/DOS/Prehistorik 2.conf	lanzador de dosbox_svn (seguro: PRE2.EXE)
MOVIDO	emu/dos/Prehistorik 2.zip	emu/ORIGINALES/DOS/Prehistorik 2.zip	original del juego, catalogado; la copia descomprimida está en emu/ROMS/DOS/Prehistorik 2/
EXTRAIDO	emu/dos/Prehistorik.zip	emu/ROMS/DOS/Prehistorik/	juego de DOS descomprimido para la consola (dudoso)
CREADO		emu/ROMS/DOS/Prehistorik.conf	lanzador de dosbox_svn (dudoso: DP.BAT)
MOVIDO	emu/dos/Prehistorik.zip	emu/ORIGINALES/DOS/Prehistorik.zip	original del juego, catalogado; la copia descomprimida está en emu/ROMS/DOS/Prehistorik/
EXTRAIDO	emu/dos/Prince of Persia.zip	emu/ROMS/DOS/Prince of Persia/	juego de DOS descomprimido para la consola (seguro)
CREADO		emu/ROMS/DOS/Prince of Persia.conf	lanzador de dosbox_svn (seguro: PRINCE.EXE)
MOVIDO	emu/dos/Prince of Persia.zip	emu/ORIGINALES/DOS/Prince of Persia.zip	original del juego, catalogado; la copia descomprimida está en emu/ROMS/DOS/Prince of Persia/
EXTRAIDO	emu/dos/Project Neptune.zip	emu/ROMS/DOS/Project Neptune/	juego de DOS descomprimido para la consola (seguro)
CREADO		emu/ROMS/DOS/Project Neptune.conf	lanzador de dosbox_svn (seguro: NEPTUNE.COM)
MOVIDO	emu/dos/Project Neptune.zip	emu/ORIGINALES/DOS/Project Neptune.zip	original del juego, catalogado; la copia descomprimida está en emu/ROMS/DOS/Project Neptune/
EXTRAIDO	emu/dos/Project Space Station.zip	emu/ROMS/DOS/Project Space Station/	juego de DOS descomprimido para la consola (seguro)
CREADO		emu/ROMS/DOS/Project Space Station.conf	lanzador de dosbox_svn (seguro: STATION.COM)
MOVIDO	emu/dos/Project Space Station.zip	emu/ORIGINALES/DOS/Project Space Station.zip	original del juego, catalogado; la copia descomprimida está en emu/ROMS/DOS/Project Space Station/
EXTRAIDO	emu/dos/Prophecy 1 - The Viking Child.zip	emu/ROMS/DOS/Prophecy 1 - The Viking Child/	juego de DOS descomprimido para la consola (seguro)
CREADO		emu/ROMS/DOS/Prophecy 1 - The Viking Child.conf	lanzador de dosbox_svn (seguro: VC.EXE)
MOVIDO	emu/dos/Prophecy 1 - The Viking Child.zip	emu/ORIGINALES/DOS/Prophecy 1 - The Viking Child.zip	original del juego, catalogado; la copia descomprimida está en emu/ROMS/DOS/Prophecy 1 - The Viking Child/
EXTRAIDO	emu/dos/Psycho Pinball.zip	emu/ROMS/DOS/Psycho Pinball/	juego de DOS descomprimido para la consola (seguro)
CREADO		emu/ROMS/DOS/Psycho Pinball.conf	lanzador de dosbox_svn (seguro: psychop/psycho.bat)
MOVIDO	emu/dos/Psycho Pinball.zip	emu/ORIGINALES/DOS/Psycho Pinball.zip	original del juego, catalogado; la copia descomprimida está en emu/ROMS/DOS/Psycho Pinball/
EXTRAIDO	emu/dos/Purple Saturn Day.zip	emu/ROMS/DOS/Purple Saturn Day/	juego de DOS descomprimido para la consola (dudoso)
CREADO		emu/ROMS/DOS/Purple Saturn Day.conf	lanzador de dosbox_svn (dudoso: psd/PURPLE.EXE)
MOVIDO	emu/dos/Purple Saturn Day.zip	emu/ORIGINALES/DOS/Purple Saturn Day.zip	original del juego, catalogado; la copia descomprimida está en emu/ROMS/DOS/Purple Saturn Day/
EXTRAIDO	emu/dos/Pushover.zip	emu/ROMS/DOS/Pushover/	juego de DOS descomprimido para la consola (seguro)
CREADO		emu/ROMS/DOS/Pushover.conf	lanzador de dosbox_svn (seguro: pushover/PUSH.EXE)
MOVIDO	emu/dos/Pushover.zip	emu/ORIGINALES/DOS/Pushover.zip	original del juego, catalogado; la copia descomprimida está en emu/ROMS/DOS/Pushover/
EXTRAIDO	emu/dos/Qix.zip	emu/ROMS/DOS/Qix/	juego de DOS descomprimido para la consola (seguro)
CREADO		emu/ROMS/DOS/Qix.conf	lanzador de dosbox_svn (seguro: QIX.COM)
MOVIDO	emu/dos/Qix.zip	emu/ORIGINALES/DOS/Qix.zip	original del juego, catalogado; la copia descomprimida está en emu/ROMS/DOS/Qix/
EXTRAIDO	emu/dos/Quadralien.zip	emu/ROMS/DOS/Quadralien/	juego de DOS descomprimido para la consola (dudoso)
CREADO		emu/ROMS/DOS/Quadralien.conf	lanzador de dosbox_svn (dudoso: quad/START.BAT)
MOVIDO	emu/dos/Quadralien.zip	emu/ORIGINALES/DOS/Quadralien.zip	original del juego, catalogado; la copia descomprimida está en emu/ROMS/DOS/Quadralien/
EXTRAIDO	emu/dos/Quadrel.zip	emu/ROMS/DOS/Quadrel/	juego de DOS descomprimido para la consola (seguro)
CREADO		emu/ROMS/DOS/Quadrel.conf	lanzador de dosbox_svn (seguro: quadrel/QUADREL.EXE)
MOVIDO	emu/dos/Quadrel.zip	emu/ORIGINALES/DOS/Quadrel.zip	original del juego, catalogado; la copia descomprimida está en emu/ROMS/DOS/Quadrel/
EXTRAIDO	emu/dos/Quake.zip	emu/ROMS/DOS/Quake/	juego de DOS descomprimido para la consola (seguro)
CREADO		emu/ROMS/DOS/Quake.conf	lanzador de dosbox_svn (seguro: QUAKE.EXE)
MOVIDO	emu/dos/Quake.zip	emu/ORIGINALES/DOS/Quake.zip	original del juego, catalogado; la copia descomprimida está en emu/ROMS/DOS/Quake/
EXTRAIDO	emu/dos/Quarantine.zip	emu/ROMS/DOS/Quarantine/	juego de DOS descomprimido para la consola (seguro)
CREADO		emu/ROMS/DOS/Quarantine.conf	lanzador de dosbox_svn (seguro: Q.EXE)
MOVIDO	emu/dos/Quarantine.zip	emu/ORIGINALES/DOS/Quarantine.zip	original del juego, catalogado; la copia descomprimida está en emu/ROMS/DOS/Quarantine/
EXTRAIDO	emu/dos/Quest for Glory II - Trial By Fire.zip	emu/ROMS/SCUMMVM/Quest for Glory II - Trial By Fire/	juego de DOS descomprimido para la consola (scummvm)
CREADO		emu/ROMS/SCUMMVM/Quest for Glory II - Trial By Fire/Quest for Glory II - Trial By Fire.scummvm	lanzador de ScummVM (id qfg2)
MOVIDO	emu/dos/Quest for Glory II - Trial By Fire.zip	emu/ORIGINALES/DOS/Quest for Glory II - Trial By Fire.zip	original del juego, catalogado; la copia descomprimida está en emu/ROMS/SCUMMVM/Quest for Glory II - Trial By Fire/
EXTRAIDO	emu/dos/Quest for Glory III - Wages of War.zip	emu/ROMS/SCUMMVM/Quest for Glory III - Wages of War/	juego de DOS descomprimido para la consola (scummvm)
CREADO		emu/ROMS/SCUMMVM/Quest for Glory III - Wages of War/qfg3/Quest for Glory III - Wages of War.scummvm	lanzador de ScummVM (id qfg3)
MOVIDO	emu/dos/Quest for Glory III - Wages of War.zip	emu/ORIGINALES/DOS/Quest for Glory III - Wages of War.zip	original del juego, catalogado; la copia descomprimida está en emu/ROMS/SCUMMVM/Quest for Glory III - Wages of War/
EXTRAIDO	emu/dos/Rack 'em.zip	emu/ROMS/DOS/Rack 'em/	juego de DOS descomprimido para la consola (seguro)
CREADO		emu/ROMS/DOS/Rack 'em.conf	lanzador de dosbox_svn (seguro: RUNME.BAT)
MOVIDO	emu/dos/Rack 'em.zip	emu/ORIGINALES/DOS/Rack 'em.zip	original del juego, catalogado; la copia descomprimida está en emu/ROMS/DOS/Rack 'em/
EXTRAIDO	emu/dos/Rad Warrior.zip	emu/ROMS/DOS/Rad Warrior/	juego de DOS descomprimido para la consola (seguro)
CREADO		emu/ROMS/DOS/Rad Warrior.conf	lanzador de dosbox_svn (seguro: radwarrior.exe)
MOVIDO	emu/dos/Rad Warrior.zip	emu/ORIGINALES/DOS/Rad Warrior.zip	original del juego, catalogado; la copia descomprimida está en emu/ROMS/DOS/Rad Warrior/
EXTRAIDO	emu/dos/Rags to Riches - The Financial Market Simulation.zip	emu/ROMS/DOS/Rags to Riches - The Financial Market Simulation/	juego de DOS descomprimido para la consola (dudoso)
CREADO		emu/ROMS/DOS/Rags to Riches - The Financial Market Simulation.conf	lanzador de dosbox_svn (dudoso: rags/RAGS.EXE)
MOVIDO	emu/dos/Rags to Riches - The Financial Market Simulation.zip	emu/ORIGINALES/DOS/Rags to Riches - The Financial Market Simulation.zip	original del juego, catalogado; la copia descomprimida está en emu/ROMS/DOS/Rags to Riches - The Financial Market Simulation/
EXTRAIDO	emu/dos/Raiden.zip	emu/ROMS/DOS/Raiden/	juego de DOS descomprimido para la consola (seguro)
CREADO		emu/ROMS/DOS/Raiden.conf	lanzador de dosbox_svn (seguro: raiden/RAIDEN.EXE)
MOVIDO	emu/dos/Raiden.zip	emu/ORIGINALES/DOS/Raiden.zip	original del juego, catalogado; la copia descomprimida está en emu/ROMS/DOS/Raiden/
EXTRAIDO	emu/dos/Rambo III.zip	emu/ROMS/DOS/Rambo III/	juego de DOS descomprimido para la consola (dudoso)
CREADO		emu/ROMS/DOS/Rambo III.conf	lanzador de dosbox_svn (dudoso: rambo3/RAMBO.EXE)
MOVIDO	emu/dos/Rambo III.zip	emu/ORIGINALES/DOS/Rambo III.zip	original del juego, catalogado; la copia descomprimida está en emu/ROMS/DOS/Rambo III/
EXTRAIDO	emu/dos/Rampage.zip	emu/ROMS/DOS/Rampage/	juego de DOS descomprimido para la consola (seguro)
CREADO		emu/ROMS/DOS/Rampage.conf	lanzador de dosbox_svn (seguro: RAMPAGE.EXE)
MOVIDO	emu/dos/Rampage.zip	emu/ORIGINALES/DOS/Rampage.zip	original del juego, catalogado; la copia descomprimida está en emu/ROMS/DOS/Rampage/
EXTRAIDO	emu/dos/Rampart.zip	emu/ROMS/DOS/Rampart/	juego de DOS descomprimido para la consola (seguro)
CREADO		emu/ROMS/DOS/Rampart.conf	lanzador de dosbox_svn (seguro: RAMPART.EXE)
MOVIDO	emu/dos/Rampart.zip	emu/ORIGINALES/DOS/Rampart.zip	original del juego, catalogado; la copia descomprimida está en emu/ROMS/DOS/Rampart/
EXTRAIDO	emu/dos/Rastan.zip	emu/ROMS/DOS/Rastan/	juego de DOS descomprimido para la consola (dudoso)
CREADO		emu/ROMS/DOS/Rastan.conf	lanzador de dosbox_svn (dudoso: RASTAN.BAT)
MOVIDO	emu/dos/Rastan.zip	emu/ORIGINALES/DOS/Rastan.zip	original del juego, catalogado; la copia descomprimida está en emu/ROMS/DOS/Rastan/
EXTRAIDO	emu/dos/Realms of Arkania - 2. Star Trail.zip	emu/ROMS/DOS/Realms of Arkania - 2. Star Trail/	juego de DOS descomprimido para la consola (seguro)
CREADO		emu/ROMS/DOS/Realms of Arkania - 2. Star Trail.conf	lanzador de dosbox_svn (seguro: roast/STAR.EXE)
MOVIDO	emu/dos/Realms of Arkania - 2. Star Trail.zip	emu/ORIGINALES/DOS/Realms of Arkania - 2. Star Trail.zip	original del juego, catalogado; la copia descomprimida está en emu/ROMS/DOS/Realms of Arkania - 2. Star Trail/
EXTRAIDO	emu/dos/Realms of the Haunting.zip	emu/ROMS/DOS/Realms of the Haunting/	juego de DOS descomprimido para la consola (seguro)
CREADO		emu/ROMS/DOS/Realms of the Haunting.conf	lanzador de dosbox_svn (seguro: RotH/Realms.bat)
MOVIDO	emu/dos/Realms of the Haunting.zip	emu/ORIGINALES/DOS/Realms of the Haunting.zip	original del juego, catalogado; la copia descomprimida está en emu/ROMS/DOS/Realms of the Haunting/
EXTRAIDO	emu/dos/Realms.zip	emu/ROMS/DOS/Realms/	juego de DOS descomprimido para la consola (seguro)
CREADO		emu/ROMS/DOS/Realms.conf	lanzador de dosbox_svn (seguro: realms/REALMS.EXE)
MOVIDO	emu/dos/Realms.zip	emu/ORIGINALES/DOS/Realms.zip	original del juego, catalogado; la copia descomprimida está en emu/ROMS/DOS/Realms/
EXTRAIDO	emu/dos/Red Baron [1990].zip	emu/ROMS/DOS/Red Baron [1990]/	juego de DOS descomprimido para la consola (seguro)
CREADO		emu/ROMS/DOS/Red Baron [1990].conf	lanzador de dosbox_svn (seguro: BARON.COM)
MOVIDO	emu/dos/Red Baron [1990].zip	emu/ORIGINALES/DOS/Red Baron [1990].zip	original del juego, catalogado; la copia descomprimida está en emu/ROMS/DOS/Red Baron [1990]/
EXTRAIDO	emu/dos/Red Lightning.zip	emu/ROMS/DOS/Red Lightning/	juego de DOS descomprimido para la consola (seguro)
CREADO		emu/ROMS/DOS/Red Lightning.conf	lanzador de dosbox_svn (seguro: RL.EXE)
MOVIDO	emu/dos/Red Lightning.zip	emu/ORIGINALES/DOS/Red Lightning.zip	original del juego, catalogado; la copia descomprimida está en emu/ROMS/DOS/Red Lightning/
EXTRAIDO	emu/dos/Red Storm Rising.zip	emu/ROMS/DOS/Red Storm Rising/	juego de DOS descomprimido para la consola (seguro)
CREADO		emu/ROMS/DOS/Red Storm Rising.conf	lanzador de dosbox_svn (seguro: rsr/Redstorm.com)
MOVIDO	emu/dos/Red Storm Rising.zip	emu/ORIGINALES/DOS/Red Storm Rising.zip	original del juego, catalogado; la copia descomprimida está en emu/ROMS/DOS/Red Storm Rising/
EXTRAIDO	emu/dos/Remote Control.zip	emu/ROMS/DOS/Remote Control/	juego de DOS descomprimido para la consola (seguro)
CREADO		emu/ROMS/DOS/Remote Control.conf	lanzador de dosbox_svn (seguro: remcon/Rc.exe)
MOVIDO	emu/dos/Remote Control.zip	emu/ORIGINALES/DOS/Remote Control.zip	original del juego, catalogado; la copia descomprimida está en emu/ROMS/DOS/Remote Control/
EXTRAIDO	emu/dos/Rendez-Vous with Rama.zip	emu/ROMS/DOS/Rendez-Vous with Rama/	juego de DOS descomprimido para la consola (dudoso)
CREADO		emu/ROMS/DOS/Rendez-Vous with Rama.conf	lanzador de dosbox_svn (dudoso: RDV.EXE)
MOVIDO	emu/dos/Rendez-Vous with Rama.zip	emu/ORIGINALES/DOS/Rendez-Vous with Rama.zip	original del juego, catalogado; la copia descomprimida está en emu/ROMS/DOS/Rendez-Vous with Rama/
EXTRAIDO	emu/dos/Renegade.zip	emu/ROMS/DOS/Renegade/	juego de DOS descomprimido para la consola (dudoso)
CREADO		emu/ROMS/DOS/Renegade.conf	lanzador de dosbox_svn (dudoso: renegade/RENEGADE.EXE)
MOVIDO	emu/dos/Renegade.zip	emu/ORIGINALES/DOS/Renegade.zip	original del juego, catalogado; la copia descomprimida está en emu/ROMS/DOS/Renegade/
EXTRAIDO	emu/dos/Return of the Phantom.zip	emu/ROMS/DOS/Return of the Phantom/	juego de DOS descomprimido para la consola (dudoso)
CREADO		emu/ROMS/DOS/Return of the Phantom.conf	lanzador de dosbox_svn (dudoso: PHANTOM/RETURN.EXE)
MOVIDO	emu/dos/Return of the Phantom.zip	emu/ORIGINALES/DOS/Return of the Phantom.zip	original del juego, catalogado; la copia descomprimida está en emu/ROMS/DOS/Return of the Phantom/
EXTRAIDO	emu/dos/Return to Ringworld.zip	emu/ROMS/DOS/Return to Ringworld/	juego de DOS descomprimido para la consola (seguro)
CREADO		emu/ROMS/DOS/Return to Ringworld.conf	lanzador de dosbox_svn (seguro: Ring2/R2RW.EXE)
MOVIDO	emu/dos/Return to Ringworld.zip	emu/ORIGINALES/DOS/Return to Ringworld.zip	original del juego, catalogado; la copia descomprimida está en emu/ROMS/DOS/Return to Ringworld/
EXTRAIDO	emu/dos/Reunion.zip	emu/ROMS/DOS/Reunion/	juego de DOS descomprimido para la consola (seguro)
CREADO		emu/ROMS/DOS/Reunion.conf	lanzador de dosbox_svn (seguro: start.exe)
MOVIDO	emu/dos/Reunion.zip	emu/ORIGINALES/DOS/Reunion.zip	original del juego, catalogado; la copia descomprimida está en emu/ROMS/DOS/Reunion/
EXTRAIDO	emu/dos/Rex Nebular and the cosmic Gender-Bender.zip	emu/ROMS/DOS/Rex Nebular and the cosmic Gender-Bender/	juego de DOS descomprimido para la consola (dudoso)
CREADO		emu/ROMS/DOS/Rex Nebular and the cosmic Gender-Bender.conf	lanzador de dosbox_svn (dudoso: REX/REX.BAT)
MOVIDO	emu/dos/Rex Nebular and the cosmic Gender-Bender.zip	emu/ORIGINALES/DOS/Rex Nebular and the cosmic Gender-Bender.zip	original del juego, catalogado; la copia descomprimida está en emu/ROMS/DOS/Rex Nebular and the cosmic Gender-Bender/
EXTRAIDO	emu/dos/Rick Dangerous 2.zip	emu/ROMS/DOS/Rick Dangerous 2/	juego de DOS descomprimido para la consola (seguro)
CREADO		emu/ROMS/DOS/Rick Dangerous 2.conf	lanzador de dosbox_svn (seguro: PLAY.BAT)
MOVIDO	emu/dos/Rick Dangerous 2.zip	emu/ORIGINALES/DOS/Rick Dangerous 2.zip	original del juego, catalogado; la copia descomprimida está en emu/ROMS/DOS/Rick Dangerous 2/
EXTRAIDO	emu/dos/Rick Dangerous.zip	emu/ROMS/DOS/Rick Dangerous/	juego de DOS descomprimido para la consola (dudoso)
CREADO		emu/ROMS/DOS/Rick Dangerous.conf	lanzador de dosbox_svn (dudoso: rickd/START.BAT)
MOVIDO	emu/dos/Rick Dangerous.zip	emu/ORIGINALES/DOS/Rick Dangerous.zip	original del juego, catalogado; la copia descomprimida está en emu/ROMS/DOS/Rick Dangerous/
EXTRAIDO	emu/dos/Rings of Medusa.zip	emu/ROMS/DOS/Rings of Medusa/	juego de DOS descomprimido para la consola (seguro)
CREADO		emu/ROMS/DOS/Rings of Medusa.conf	lanzador de dosbox_svn (seguro: ROM.EXE)
MOVIDO	emu/dos/Rings of Medusa.zip	emu/ORIGINALES/DOS/Rings of Medusa.zip	original del juego, catalogado; la copia descomprimida está en emu/ROMS/DOS/Rings of Medusa/
EXTRAIDO	emu/dos/Ringworld - Revenge of the Patriarch.zip	emu/ROMS/DOS/Ringworld - Revenge of the Patriarch/	juego de DOS descomprimido para la consola (seguro)
CREADO		emu/ROMS/DOS/Ringworld - Revenge of the Patriarch.conf	lanzador de dosbox_svn (seguro: Ring/RING.EXE)
MOVIDO	emu/dos/Ringworld - Revenge of the Patriarch.zip	emu/ORIGINALES/DOS/Ringworld - Revenge of the Patriarch.zip	original del juego, catalogado; la copia descomprimida está en emu/ROMS/DOS/Ringworld - Revenge of the Patriarch/
EXTRAIDO	emu/dos/Rise of the Dragon.zip	emu/ROMS/DOS/Rise of the Dragon/	juego de DOS descomprimido para la consola (seguro)
CREADO		emu/ROMS/DOS/Rise of the Dragon.conf	lanzador de dosbox_svn (seguro: riseotd/DRAGON.EXE)
MOVIDO	emu/dos/Rise of the Dragon.zip	emu/ORIGINALES/DOS/Rise of the Dragon.zip	original del juego, catalogado; la copia descomprimida está en emu/ROMS/DOS/Rise of the Dragon/
EXTRAIDO	emu/dos/Risky Woods.zip	emu/ROMS/DOS/Risky Woods/	juego de DOS descomprimido para la consola (dudoso)
CREADO		emu/ROMS/DOS/Risky Woods.conf	lanzador de dosbox_svn (dudoso: RISKY.EXE)
MOVIDO	emu/dos/Risky Woods.zip	emu/ORIGINALES/DOS/Risky Woods.zip	original del juego, catalogado; la copia descomprimida está en emu/ROMS/DOS/Risky Woods/
EXTRAIDO	emu/dos/Roadrunner.zip	emu/ROMS/DOS/Roadrunner/	juego de DOS descomprimido para la consola (seguro)
CREADO		emu/ROMS/DOS/Roadrunner.conf	lanzador de dosbox_svn (seguro: ROAD.EXE)
MOVIDO	emu/dos/Roadrunner.zip	emu/ORIGINALES/DOS/Roadrunner.zip	original del juego, catalogado; la copia descomprimida está en emu/ROMS/DOS/Roadrunner/
EXTRAIDO	emu/dos/Roadwar 2000.zip	emu/ROMS/DOS/Roadwar 2000/	juego de DOS descomprimido para la consola (seguro)
CREADO		emu/ROMS/DOS/Roadwar 2000.conf	lanzador de dosbox_svn (seguro: rw2000/START.EXE)
MOVIDO	emu/dos/Roadwar 2000.zip	emu/ORIGINALES/DOS/Roadwar 2000.zip	original del juego, catalogado; la copia descomprimida está en emu/ROMS/DOS/Roadwar 2000/
EXTRAIDO	emu/dos/Roadwar Europe.zip	emu/ROMS/DOS/Roadwar Europe/	juego de DOS descomprimido para la consola (seguro)
CREADO		emu/ROMS/DOS/Roadwar Europe.conf	lanzador de dosbox_svn (seguro: START.EXE)
MOVIDO	emu/dos/Roadwar Europe.zip	emu/ORIGINALES/DOS/Roadwar Europe.zip	original del juego, catalogado; la copia descomprimida está en emu/ROMS/DOS/Roadwar Europe/
EXTRAIDO	emu/dos/Robinson's Requiem.zip	emu/ROMS/DOS/Robinson's Requiem/	juego de DOS descomprimido para la consola (seguro)
CREADO		emu/ROMS/DOS/Robinson's Requiem.conf	lanzador de dosbox_svn (seguro: Robinson/START.EXE)
MOVIDO	emu/dos/Robinson's Requiem.zip	emu/ORIGINALES/DOS/Robinson's Requiem.zip	original del juego, catalogado; la copia descomprimida está en emu/ROMS/DOS/Robinson's Requiem/
EXTRAIDO	emu/dos/Robocop.zip	emu/ROMS/DOS/Robocop/	juego de DOS descomprimido para la consola (seguro)
CREADO		emu/ROMS/DOS/Robocop.conf	lanzador de dosbox_svn (seguro: robocop.com)
MOVIDO	emu/dos/Robocop.zip	emu/ORIGINALES/DOS/Robocop.zip	original del juego, catalogado; la copia descomprimida está en emu/ROMS/DOS/Robocop/
EXTRAIDO	emu/dos/Robot Rascals.zip	emu/ROMS/DOS/Robot Rascals/	juego de DOS descomprimido para la consola (seguro)
CREADO		emu/ROMS/DOS/Robot Rascals.conf	lanzador de dosbox_svn (seguro: RASCALS.EXE)
MOVIDO	emu/dos/Robot Rascals.zip	emu/ORIGINALES/DOS/Robot Rascals.zip	original del juego, catalogado; la copia descomprimida está en emu/ROMS/DOS/Robot Rascals/
EXTRAIDO	emu/dos/Robotron 2084.zip	emu/ROMS/DOS/Robotron 2084/	juego de DOS descomprimido para la consola (seguro)
CREADO		emu/ROMS/DOS/Robotron 2084.conf	lanzador de dosbox_svn (seguro: robotron/Robotron.exe)
MOVIDO	emu/dos/Robotron 2084.zip	emu/ORIGINALES/DOS/Robotron 2084.zip	original del juego, catalogado; la copia descomprimida está en emu/ROMS/DOS/Robotron 2084/
EXTRAIDO	emu/dos/Rocky's Boots.zip	emu/ROMS/DOS/Rocky's Boots/	juego de DOS descomprimido para la consola (seguro)
CREADO		emu/ROMS/DOS/Rocky's Boots.conf	lanzador de dosbox_svn (seguro: ROCKY'S.BAT)
MOVIDO	emu/dos/Rocky's Boots.zip	emu/ORIGINALES/DOS/Rocky's Boots.zip	original del juego, catalogado; la copia descomprimida está en emu/ROMS/DOS/Rocky's Boots/
EXTRAIDO	emu/dos/Rollercoaster Rumbler.zip	emu/ROMS/DOS/Rollercoaster Rumbler/	juego de DOS descomprimido para la consola (dudoso)
CREADO		emu/ROMS/DOS/Rollercoaster Rumbler.conf	lanzador de dosbox_svn (dudoso: ROLLER.BAT)
MOVIDO	emu/dos/Rollercoaster Rumbler.zip	emu/ORIGINALES/DOS/Rollercoaster Rumbler.zip	original del juego, catalogado; la copia descomprimida está en emu/ROMS/DOS/Rollercoaster Rumbler/
EXTRAIDO	emu/dos/Romance of the Three Kingdoms 2.zip	emu/ROMS/DOS/Romance of the Three Kingdoms 2/	juego de DOS descomprimido para la consola (seguro)
CREADO		emu/ROMS/DOS/Romance of the Three Kingdoms 2.conf	lanzador de dosbox_svn (seguro: romance2/RTK2.COM)
MOVIDO	emu/dos/Romance of the Three Kingdoms 2.zip	emu/ORIGINALES/DOS/Romance of the Three Kingdoms 2.zip	original del juego, catalogado; la copia descomprimida está en emu/ROMS/DOS/Romance of the Three Kingdoms 2/
EXTRAIDO	emu/dos/Romance of the Three Kingdoms.zip	emu/ROMS/DOS/Romance of the Three Kingdoms/	juego de DOS descomprimido para la consola (dudoso)
CREADO		emu/ROMS/DOS/Romance of the Three Kingdoms.conf	lanzador de dosbox_svn (dudoso: romance1/MAIN.EXE)
MOVIDO	emu/dos/Romance of the Three Kingdoms.zip	emu/ORIGINALES/DOS/Romance of the Three Kingdoms.zip	original del juego, catalogado; la copia descomprimida está en emu/ROMS/DOS/Romance of the Three Kingdoms/
EXTRAIDO	emu/dos/Ruckus Poker.zip	emu/ROMS/DOS/Ruckus Poker/	juego de DOS descomprimido para la consola (seguro)
CREADO		emu/ROMS/DOS/Ruckus Poker.conf	lanzador de dosbox_svn (seguro: POKER.EXE)
MOVIDO	emu/dos/Ruckus Poker.zip	emu/ORIGINALES/DOS/Ruckus Poker.zip	original del juego, catalogado; la copia descomprimida está en emu/ROMS/DOS/Ruckus Poker/
EXTRAIDO	emu/dos/Rules of Engagement.zip	emu/ROMS/DOS/Rules of Engagement/	juego de DOS descomprimido para la consola (seguro)
CREADO		emu/ROMS/DOS/Rules of Engagement.conf	lanzador de dosbox_svn (seguro: RoE/RULES.COM)
MOVIDO	emu/dos/Rules of Engagement.zip	emu/ORIGINALES/DOS/Rules of Engagement.zip	original del juego, catalogado; la copia descomprimida está en emu/ROMS/DOS/Rules of Engagement/
EXTRAIDO	emu/dos/Rush 'n' Attack.zip	emu/ROMS/DOS/Rush 'n' Attack/	juego de DOS descomprimido para la consola (seguro)
CREADO		emu/ROMS/DOS/Rush 'n' Attack.conf	lanzador de dosbox_svn (seguro: GO.EXE)
MOVIDO	emu/dos/Rush 'n' Attack.zip	emu/ORIGINALES/DOS/Rush 'n' Attack.zip	original del juego, catalogado; la copia descomprimida está en emu/ROMS/DOS/Rush 'n' Attack/
EXTRAIDO	emu/dos/S.C. Out.zip	emu/ROMS/DOS/S.C. Out/	juego de DOS descomprimido para la consola (dudoso)
CREADO		emu/ROMS/DOS/S.C. Out.conf	lanzador de dosbox_svn (dudoso: SCOUT.EXE)
MOVIDO	emu/dos/S.C. Out.zip	emu/ORIGINALES/DOS/S.C. Out.zip	original del juego, catalogado; la copia descomprimida está en emu/ROMS/DOS/S.C. Out/
EXTRAIDO	emu/dos/S.D.I..zip	emu/ROMS/DOS/S.D.I/	juego de DOS descomprimido para la consola (seguro)
CREADO		emu/ROMS/DOS/S.D.I.conf	lanzador de dosbox_svn (seguro: SDI.EXE)
MOVIDO	emu/dos/S.D.I..zip	emu/ORIGINALES/DOS/S.D.I..zip	original del juego, catalogado; la copia descomprimida está en emu/ROMS/DOS/S.D.I/
EXTRAIDO	emu/dos/Sand Storm.zip	emu/ROMS/DOS/Sand Storm/	juego de DOS descomprimido para la consola (seguro)
CREADO		emu/ROMS/DOS/Sand Storm.conf	lanzador de dosbox_svn (seguro: sand.exe)
MOVIDO	emu/dos/Sand Storm.zip	emu/ORIGINALES/DOS/Sand Storm.zip	original del juego, catalogado; la copia descomprimida está en emu/ROMS/DOS/Sand Storm/
EXTRAIDO	emu/dos/Sango Fighter.zip	emu/ROMS/DOS/Sango Fighter/	juego de DOS descomprimido para la consola (seguro)
CREADO		emu/ROMS/DOS/Sango Fighter.conf	lanzador de dosbox_svn (seguro: SANGO.EXE)
MOVIDO	emu/dos/Sango Fighter.zip	emu/ORIGINALES/DOS/Sango Fighter.zip	original del juego, catalogado; la copia descomprimida está en emu/ROMS/DOS/Sango Fighter/
EXTRAIDO	emu/dos/Sarge.zip	emu/ROMS/DOS/Sarge/	juego de DOS descomprimido para la consola (seguro)
CREADO		emu/ROMS/DOS/Sarge.conf	lanzador de dosbox_svn (seguro: SARGE.EXE)
MOVIDO	emu/dos/Sarge.zip	emu/ORIGINALES/DOS/Sarge.zip	original del juego, catalogado; la copia descomprimida está en emu/ROMS/DOS/Sarge/
EXTRAIDO	emu/dos/Scapeghost.zip	emu/ROMS/DOS/Scapeghost/	juego de DOS descomprimido para la consola (seguro)
CREADO		emu/ROMS/DOS/Scapeghost.conf	lanzador de dosbox_svn (seguro: SG/MENU.EXE)
MOVIDO	emu/dos/Scapeghost.zip	emu/ORIGINALES/DOS/Scapeghost.zip	original del juego, catalogado; la copia descomprimida está en emu/ROMS/DOS/Scapeghost/
EXTRAIDO	emu/dos/Sea Dragon.zip	emu/ROMS/DOS/Sea Dragon/	juego de DOS descomprimido para la consola (seguro)
CREADO		emu/ROMS/DOS/Sea Dragon.conf	lanzador de dosbox_svn (seguro: SeaDragon.exe)
MOVIDO	emu/dos/Sea Dragon.zip	emu/ORIGINALES/DOS/Sea Dragon.zip	original del juego, catalogado; la copia descomprimida está en emu/ROMS/DOS/Sea Dragon/
EXTRAIDO	emu/dos/Sea Rogue.zip	emu/ROMS/DOS/Sea Rogue/	juego de DOS descomprimido para la consola (seguro)
CREADO		emu/ROMS/DOS/Sea Rogue.conf	lanzador de dosbox_svn (seguro: ROGUE.BAT)
MOVIDO	emu/dos/Sea Rogue.zip	emu/ORIGINALES/DOS/Sea Rogue.zip	original del juego, catalogado; la copia descomprimida está en emu/ROMS/DOS/Sea Rogue/
EXTRAIDO	emu/dos/Secret of the Silverblades.zip	emu/ROMS/DOS/Secret of the Silverblades/	juego de DOS descomprimido para la consola (seguro)
CREADO		emu/ROMS/DOS/Secret of the Silverblades.conf	lanzador de dosbox_svn (seguro: START.EXE)
MOVIDO	emu/dos/Secret of the Silverblades.zip	emu/ORIGINALES/DOS/Secret of the Silverblades.zip	original del juego, catalogado; la copia descomprimida está en emu/ROMS/DOS/Secret of the Silverblades/
EXTRAIDO	emu/dos/Sensible World of Soccer.zip	emu/ROMS/DOS/Sensible World of Soccer/	juego de DOS descomprimido para la consola (seguro)
CREADO		emu/ROMS/DOS/Sensible World of Soccer.conf	lanzador de dosbox_svn (seguro: SWS.EXE)
MOVIDO	emu/dos/Sensible World of Soccer.zip	emu/ORIGINALES/DOS/Sensible World of Soccer.zip	original del juego, catalogado; la copia descomprimida está en emu/ROMS/DOS/Sensible World of Soccer/
EXTRAIDO	emu/dos/Shadow Knights.zip	emu/ROMS/DOS/Shadow Knights/	juego de DOS descomprimido para la consola (seguro)
CREADO		emu/ROMS/DOS/Shadow Knights.conf	lanzador de dosbox_svn (seguro: SHADOW.EXE)
MOVIDO	emu/dos/Shadow Knights.zip	emu/ORIGINALES/DOS/Shadow Knights.zip	original del juego, catalogado; la copia descomprimida está en emu/ROMS/DOS/Shadow Knights/
EXTRAIDO	emu/dos/Shadow President.zip	emu/ROMS/DOS/Shadow President/	juego de DOS descomprimido para la consola (seguro)
CREADO		emu/ROMS/DOS/Shadow President.conf	lanzador de dosbox_svn (seguro: SHADOW/SHADOW.EXE)
MOVIDO	emu/dos/Shadow President.zip	emu/ORIGINALES/DOS/Shadow President.zip	original del juego, catalogado; la copia descomprimida está en emu/ROMS/DOS/Shadow President/
EXTRAIDO	emu/dos/Shadow Warrior.zip	emu/ROMS/DOS/Shadow Warrior/	juego de DOS descomprimido para la consola (dudoso)
CREADO		emu/ROMS/DOS/Shadow Warrior.conf	lanzador de dosbox_svn (dudoso: SW.EXE)
MOVIDO	emu/dos/Shadow Warrior.zip	emu/ORIGINALES/DOS/Shadow Warrior.zip	original del juego, catalogado; la copia descomprimida está en emu/ROMS/DOS/Shadow Warrior/
EXTRAIDO	emu/dos/Shadowgate.zip	emu/ROMS/DOS/Shadowgate/	juego de DOS descomprimido para la consola (dudoso)
CREADO		emu/ROMS/DOS/Shadowgate.conf	lanzador de dosbox_svn (dudoso: shadowgt/SGATE.EXE)
MOVIDO	emu/dos/Shadowgate.zip	emu/ORIGINALES/DOS/Shadowgate.zip	original del juego, catalogado; la copia descomprimida está en emu/ROMS/DOS/Shadowgate/
EXTRAIDO	emu/dos/Shadows of Mordor.zip	emu/ROMS/DOS/Shadows of Mordor/	juego de DOS descomprimido para la consola (seguro)
CREADO		emu/ROMS/DOS/Shadows of Mordor.conf	lanzador de dosbox_svn (seguro: SOM.EXE)
MOVIDO	emu/dos/Shadows of Mordor.zip	emu/ORIGINALES/DOS/Shadows of Mordor.zip	original del juego, catalogado; la copia descomprimida está en emu/ROMS/DOS/Shadows of Mordor/
EXTRAIDO	emu/dos/Shamus.zip	emu/ROMS/DOS/Shamus/	juego de DOS descomprimido para la consola (seguro)
CREADO		emu/ROMS/DOS/Shamus.conf	lanzador de dosbox_svn (seguro: SHAMUS.COM)
MOVIDO	emu/dos/Shamus.zip	emu/ORIGINALES/DOS/Shamus.zip	original del juego, catalogado; la copia descomprimida está en emu/ROMS/DOS/Shamus/
EXTRAIDO	emu/dos/Sherlock Holmes - Another Bow.zip	emu/ROMS/DOS/Sherlock Holmes - Another Bow/	juego de DOS descomprimido para la consola (seguro)
CREADO		emu/ROMS/DOS/Sherlock Holmes - Another Bow.conf	lanzador de dosbox_svn (seguro: Sherlock/SHERLOCK.COM)
MOVIDO	emu/dos/Sherlock Holmes - Another Bow.zip	emu/ORIGINALES/DOS/Sherlock Holmes - Another Bow.zip	original del juego, catalogado; la copia descomprimida está en emu/ROMS/DOS/Sherlock Holmes - Another Bow/
EXTRAIDO	emu/dos/Sherman M4.zip	emu/ROMS/DOS/Sherman M4/	juego de DOS descomprimido para la consola (seguro)
CREADO		emu/ROMS/DOS/Sherman M4.conf	lanzador de dosbox_svn (seguro: SHERMAN.EXE)
MOVIDO	emu/dos/Sherman M4.zip	emu/ORIGINALES/DOS/Sherman M4.zip	original del juego, catalogado; la copia descomprimida está en emu/ROMS/DOS/Sherman M4/
EXTRAIDO	emu/dos/Shinobi.zip	emu/ROMS/DOS/Shinobi/	juego de DOS descomprimido para la consola (seguro)
CREADO		emu/ROMS/DOS/Shinobi.conf	lanzador de dosbox_svn (seguro: shinobi/SHINOBI.EXE)
MOVIDO	emu/dos/Shinobi.zip	emu/ORIGINALES/DOS/Shinobi.zip	original del juego, catalogado; la copia descomprimida está en emu/ROMS/DOS/Shinobi/
EXTRAIDO	emu/dos/Shogun.zip	emu/ROMS/DOS/Shogun/	juego de DOS descomprimido para la consola (seguro)
CREADO		emu/ROMS/DOS/Shogun.conf	lanzador de dosbox_svn (seguro: shogun/Shogun.bat)
MOVIDO	emu/dos/Shogun.zip	emu/ORIGINALES/DOS/Shogun.zip	original del juego, catalogado; la copia descomprimida está en emu/ROMS/DOS/Shogun/
EXTRAIDO	emu/dos/Shufflepuck Café.zip	emu/ROMS/DOS/Shufflepuck Cafe/	juego de DOS descomprimido para la consola (seguro)
CREADO		emu/ROMS/DOS/Shufflepuck Cafe.conf	lanzador de dosbox_svn (seguro: SHUFFLE.COM)
MOVIDO	emu/dos/Shufflepuck Café.zip	emu/ORIGINALES/DOS/Shufflepuck Café.zip	original del juego, catalogado; la copia descomprimida está en emu/ROMS/DOS/Shufflepuck Cafe/
EXTRAIDO	emu/dos/Siege.zip	emu/ROMS/DOS/Siege/	juego de DOS descomprimido para la consola (seguro)
CREADO		emu/ROMS/DOS/Siege.conf	lanzador de dosbox_svn (seguro: siege/SIEGE.EXE)
MOVIDO	emu/dos/Siege.zip	emu/ORIGINALES/DOS/Siege.zip	original del juego, catalogado; la copia descomprimida está en emu/ROMS/DOS/Siege/
EXTRAIDO	emu/dos/Sierra Championship Boxing.zip	emu/ROMS/DOS/Sierra Championship Boxing/	juego de DOS descomprimido para la consola (seguro)
CREADO		emu/ROMS/DOS/Sierra Championship Boxing.conf	lanzador de dosbox_svn (seguro: scb/KO.EXE)
MOVIDO	emu/dos/Sierra Championship Boxing.zip	emu/ORIGINALES/DOS/Sierra Championship Boxing.zip	original del juego, catalogado; la copia descomprimida está en emu/ROMS/DOS/Sierra Championship Boxing/
EXTRAIDO	emu/dos/Silent Service 2.zip	emu/ROMS/DOS/Silent Service 2/	juego de DOS descomprimido para la consola (dudoso)
CREADO		emu/ROMS/DOS/Silent Service 2.conf	lanzador de dosbox_svn (dudoso: ss2/SS2.EXE)
MOVIDO	emu/dos/Silent Service 2.zip	emu/ORIGINALES/DOS/Silent Service 2.zip	original del juego, catalogado; la copia descomprimida está en emu/ROMS/DOS/Silent Service 2/
EXTRAIDO	emu/dos/Silent Service.zip	emu/ROMS/DOS/Silent Service/	juego de DOS descomprimido para la consola (seguro)
CREADO		emu/ROMS/DOS/Silent Service.conf	lanzador de dosbox_svn (seguro: silentservice.exe)
MOVIDO	emu/dos/Silent Service.zip	emu/ORIGINALES/DOS/Silent Service.zip	original del juego, catalogado; la copia descomprimida está en emu/ROMS/DOS/Silent Service/
EXTRAIDO	emu/dos/Silpheed.zip	emu/ROMS/DOS/Silpheed/	juego de DOS descomprimido para la consola (dudoso)
CREADO		emu/ROMS/DOS/Silpheed.conf	lanzador de dosbox_svn (dudoso: S.EXE)
MOVIDO	emu/dos/Silpheed.zip	emu/ORIGINALES/DOS/Silpheed.zip	original del juego, catalogado; la copia descomprimida está en emu/ROMS/DOS/Silpheed/
EXTRAIDO	emu/dos/Silverball.zip	emu/ROMS/DOS/Silverball/	juego de DOS descomprimido para la consola (seguro)
CREADO		emu/ROMS/DOS/Silverball.conf	lanzador de dosbox_svn (seguro: silverb/SILVER.EXE)
MOVIDO	emu/dos/Silverball.zip	emu/ORIGINALES/DOS/Silverball.zip	original del juego, catalogado; la copia descomprimida está en emu/ROMS/DOS/Silverball/
EXTRAIDO	emu/dos/SimCity 2000.zip	emu/ROMS/DOS/SimCity 2000/	juego de DOS descomprimido para la consola (dudoso)
CREADO		emu/ROMS/DOS/SimCity 2000.conf	lanzador de dosbox_svn (dudoso: simc2000/SC2000.EXE)
MOVIDO	emu/dos/SimCity 2000.zip	emu/ORIGINALES/DOS/SimCity 2000.zip	original del juego, catalogado; la copia descomprimida está en emu/ROMS/DOS/SimCity 2000/
EXTRAIDO	emu/dos/SimCity.zip	emu/ROMS/DOS/SimCity/	juego de DOS descomprimido para la consola (seguro)
CREADO		emu/ROMS/DOS/SimCity.conf	lanzador de dosbox_svn (seguro: simcity/SIMCITY.EXE)
MOVIDO	emu/dos/SimCity.zip	emu/ORIGINALES/DOS/SimCity.zip	original del juego, catalogado; la copia descomprimida está en emu/ROMS/DOS/SimCity/
EXTRAIDO	emu/dos/Sinbad and the Throne of the Falcon.zip	emu/ROMS/DOS/Sinbad and the Throne of the Falcon/	juego de DOS descomprimido para la consola (dudoso)
CREADO		emu/ROMS/DOS/Sinbad and the Throne of the Falcon.conf	lanzador de dosbox_svn (dudoso: SB.EXE)
MOVIDO	emu/dos/Sinbad and the Throne of the Falcon.zip	emu/ORIGINALES/DOS/Sinbad and the Throne of the Falcon.zip	original del juego, catalogado; la copia descomprimida está en emu/ROMS/DOS/Sinbad and the Throne of the Falcon/
EXTRAIDO	emu/dos/Skate or Die.zip	emu/ROMS/DOS/Skate or Die/	juego de DOS descomprimido para la consola (seguro)
CREADO		emu/ROMS/DOS/Skate or Die.conf	lanzador de dosbox_svn (seguro: SKATE.EXE)
MOVIDO	emu/dos/Skate or Die.zip	emu/ORIGINALES/DOS/Skate or Die.zip	original del juego, catalogado; la copia descomprimida está en emu/ROMS/DOS/Skate or Die/
EXTRAIDO	emu/dos/Ski or Die.zip	emu/ROMS/DOS/Ski or Die/	juego de DOS descomprimido para la consola (seguro)
CREADO		emu/ROMS/DOS/Ski or Die.conf	lanzador de dosbox_svn (seguro: skiordie.EXE)
MOVIDO	emu/dos/Ski or Die.zip	emu/ORIGINALES/DOS/Ski or Die.zip	original del juego, catalogado; la copia descomprimida está en emu/ROMS/DOS/Ski or Die/
EXTRAIDO	emu/dos/Sky Shark.zip	emu/ROMS/DOS/Sky Shark/	juego de DOS descomprimido para la consola (seguro)
CREADO		emu/ROMS/DOS/Sky Shark.conf	lanzador de dosbox_svn (seguro: skyshark/SKYSHARK.EXE)
MOVIDO	emu/dos/Sky Shark.zip	emu/ORIGINALES/DOS/Sky Shark.zip	original del juego, catalogado; la copia descomprimida está en emu/ROMS/DOS/Sky Shark/
EXTRAIDO	emu/dos/Skyfox 2 - The Cygnus Conflict.zip	emu/ROMS/DOS/Skyfox 2 - The Cygnus Conflict/	juego de DOS descomprimido para la consola (seguro)
CREADO		emu/ROMS/DOS/Skyfox 2 - The Cygnus Conflict.conf	lanzador de dosbox_svn (seguro: skyfox2/Skyfox16.exe)
MOVIDO	emu/dos/Skyfox 2 - The Cygnus Conflict.zip	emu/ORIGINALES/DOS/Skyfox 2 - The Cygnus Conflict.zip	original del juego, catalogado; la copia descomprimida está en emu/ROMS/DOS/Skyfox 2 - The Cygnus Conflict/
EXTRAIDO	emu/dos/Skyroads.zip	emu/ROMS/DOS/Skyroads/	juego de DOS descomprimido para la consola (seguro)
CREADO		emu/ROMS/DOS/Skyroads.conf	lanzador de dosbox_svn (seguro: SKYROADS.EXE)
MOVIDO	emu/dos/Skyroads.zip	emu/ORIGINALES/DOS/Skyroads.zip	original del juego, catalogado; la copia descomprimida está en emu/ROMS/DOS/Skyroads/
EXTRAIDO	emu/dos/Skyrunner.zip	emu/ROMS/DOS/Skyrunner/	juego de DOS descomprimido para la consola (dudoso)
CREADO		emu/ROMS/DOS/Skyrunner.conf	lanzador de dosbox_svn (dudoso: RUNNER.BAT)
MOVIDO	emu/dos/Skyrunner.zip	emu/ORIGINALES/DOS/Skyrunner.zip	original del juego, catalogado; la copia descomprimida está en emu/ROMS/DOS/Skyrunner/
EXTRAIDO	emu/dos/Sleepwalker.zip	emu/ROMS/DOS/Sleepwalker/	juego de DOS descomprimido para la consola (seguro)
CREADO		emu/ROMS/DOS/Sleepwalker.conf	lanzador de dosbox_svn (seguro: sleep.exe)
MOVIDO	emu/dos/Sleepwalker.zip	emu/ORIGINALES/DOS/Sleepwalker.zip	original del juego, catalogado; la copia descomprimida está en emu/ROMS/DOS/Sleepwalker/
EXTRAIDO	emu/dos/Slipstream 5000.zip	emu/ROMS/DOS/Slipstream 5000/	juego de DOS descomprimido para la consola (dudoso)
CREADO		emu/ROMS/DOS/Slipstream 5000.conf	lanzador de dosbox_svn (dudoso: slip5000/SLIP.BAT)
MOVIDO	emu/dos/Slipstream 5000.zip	emu/ORIGINALES/DOS/Slipstream 5000.zip	original del juego, catalogado; la copia descomprimida está en emu/ROMS/DOS/Slipstream 5000/
EXTRAIDO	emu/dos/Snack Attack 2.zip	emu/ROMS/DOS/Snack Attack 2/	juego de DOS descomprimido para la consola (seguro)
CREADO		emu/ROMS/DOS/Snack Attack 2.conf	lanzador de dosbox_svn (seguro: snacka/SA.EXE)
MOVIDO	emu/dos/Snack Attack 2.zip	emu/ORIGINALES/DOS/Snack Attack 2.zip	original del juego, catalogado; la copia descomprimida está en emu/ROMS/DOS/Snack Attack 2/
EXTRAIDO	emu/dos/Snipes.zip	emu/ROMS/DOS/Snipes/	juego de DOS descomprimido para la consola (seguro)
CREADO		emu/ROMS/DOS/Snipes.conf	lanzador de dosbox_svn (seguro: snipes.com)
MOVIDO	emu/dos/Snipes.zip	emu/ORIGINALES/DOS/Snipes.zip	original del juego, catalogado; la copia descomprimida está en emu/ROMS/DOS/Snipes/
EXTRAIDO	emu/dos/Snoopy.zip	emu/ROMS/DOS/Snoopy/	juego de DOS descomprimido para la consola (seguro)
CREADO		emu/ROMS/DOS/Snoopy.conf	lanzador de dosbox_svn (seguro: SNOOPY.COM)
MOVIDO	emu/dos/Snoopy.zip	emu/ORIGINALES/DOS/Snoopy.zip	original del juego, catalogado; la copia descomprimida está en emu/ROMS/DOS/Snoopy/
EXTRAIDO	emu/dos/Soccer Kid.zip	emu/ROMS/DOS/Soccer Kid/	juego de DOS descomprimido para la consola (seguro)
CREADO		emu/ROMS/DOS/Soccer Kid.conf	lanzador de dosbox_svn (seguro: KID.EXE)
MOVIDO	emu/dos/Soccer Kid.zip	emu/ORIGINALES/DOS/Soccer Kid.zip	original del juego, catalogado; la copia descomprimida está en emu/ROMS/DOS/Soccer Kid/
EXTRAIDO	emu/dos/Sokoban.zip	emu/ROMS/DOS/Sokoban/	juego de DOS descomprimido para la consola (seguro)
CREADO		emu/ROMS/DOS/Sokoban.conf	lanzador de dosbox_svn (seguro: SKB.EXE)
MOVIDO	emu/dos/Sokoban.zip	emu/ORIGINALES/DOS/Sokoban.zip	original del juego, catalogado; la copia descomprimida está en emu/ROMS/DOS/Sokoban/
EXTRAIDO	emu/dos/Solo Flight.zip	emu/ROMS/DOS/Solo Flight/	juego de DOS descomprimido para la consola (seguro)
CREADO		emu/ROMS/DOS/Solo Flight.conf	lanzador de dosbox_svn (seguro: solo/SOLO.COM)
MOVIDO	emu/dos/Solo Flight.zip	emu/ORIGINALES/DOS/Solo Flight.zip	original del juego, catalogado; la copia descomprimida está en emu/ROMS/DOS/Solo Flight/
EXTRAIDO	emu/dos/Solomon's Key.zip	emu/ROMS/DOS/Solomon's Key/	juego de DOS descomprimido para la consola (seguro)
CREADO		emu/ROMS/DOS/Solomon's Key.conf	lanzador de dosbox_svn (seguro: solskey/SOLOMON.EXE)
MOVIDO	emu/dos/Solomon's Key.zip	emu/ORIGINALES/DOS/Solomon's Key.zip	original del juego, catalogado; la copia descomprimida está en emu/ROMS/DOS/Solomon's Key/
EXTRAIDO	emu/dos/Sorcerer Lord.zip	emu/ROMS/DOS/Sorcerer Lord/	juego de DOS descomprimido para la consola (seguro)
CREADO		emu/ROMS/DOS/Sorcerer Lord.conf	lanzador de dosbox_svn (seguro: SOR_LOR.EXE)
MOVIDO	emu/dos/Sorcerer Lord.zip	emu/ORIGINALES/DOS/Sorcerer Lord.zip	original del juego, catalogado; la copia descomprimida está en emu/ROMS/DOS/Sorcerer Lord/
EXTRAIDO	emu/dos/Sorcerian.zip	emu/ROMS/DOS/Sorcerian/	juego de DOS descomprimido para la consola (dudoso)
CREADO		emu/ROMS/DOS/Sorcerian.conf	lanzador de dosbox_svn (dudoso: SIERRA.EXE)
MOVIDO	emu/dos/Sorcerian.zip	emu/ORIGINALES/DOS/Sorcerian.zip	original del juego, catalogado; la copia descomprimida está en emu/ROMS/DOS/Sorcerian/
EXTRAIDO	emu/dos/Space Crusade.zip	emu/ROMS/DOS/Space Crusade/	juego de DOS descomprimido para la consola (dudoso)
CREADO		emu/ROMS/DOS/Space Crusade.conf	lanzador de dosbox_svn (dudoso: space/SPACE.EXE)
MOVIDO	emu/dos/Space Crusade.zip	emu/ORIGINALES/DOS/Space Crusade.zip	original del juego, catalogado; la copia descomprimida está en emu/ROMS/DOS/Space Crusade/
EXTRAIDO	emu/dos/Space Harrier.zip	emu/ROMS/DOS/Space Harrier/	juego de DOS descomprimido para la consola (seguro)
CREADO		emu/ROMS/DOS/Space Harrier.conf	lanzador de dosbox_svn (seguro: spacehar/HARRIER.EXE)
MOVIDO	emu/dos/Space Harrier.zip	emu/ORIGINALES/DOS/Space Harrier.zip	original del juego, catalogado; la copia descomprimida está en emu/ROMS/DOS/Space Harrier/
EXTRAIDO	emu/dos/Space Miner.zip	emu/ROMS/DOS/Space Miner/	juego de DOS descomprimido para la consola (seguro)
CREADO		emu/ROMS/DOS/Space Miner.conf	lanzador de dosbox_svn (seguro: SMINER.EXE)
MOVIDO	emu/dos/Space Miner.zip	emu/ORIGINALES/DOS/Space Miner.zip	original del juego, catalogado; la copia descomprimida está en emu/ROMS/DOS/Space Miner/
EXTRAIDO	emu/dos/Space Quest 2 - Vohaul's Revenge.zip	emu/ROMS/SCUMMVM/Space Quest 2 - Vohaul's Revenge/	juego de DOS descomprimido para la consola (scummvm)
CREADO		emu/ROMS/SCUMMVM/Space Quest 2 - Vohaul's Revenge/Space Quest 2 - Vohaul's Revenge.scummvm	lanzador de ScummVM (id sq2)
MOVIDO	emu/dos/Space Quest 2 - Vohaul's Revenge.zip	emu/ORIGINALES/DOS/Space Quest 2 - Vohaul's Revenge.zip	original del juego, catalogado; la copia descomprimida está en emu/ROMS/SCUMMVM/Space Quest 2 - Vohaul's Revenge/
EXTRAIDO	emu/dos/Space Quest 3 - The Pirates of Pestulon.zip	emu/ROMS/SCUMMVM/Space Quest 3 - The Pirates of Pestulon/	juego de DOS descomprimido para la consola (scummvm)
CREADO		emu/ROMS/SCUMMVM/Space Quest 3 - The Pirates of Pestulon/Space Quest 3 - The Pirates of Pestulon.scummvm	lanzador de ScummVM (id sq3)
MOVIDO	emu/dos/Space Quest 3 - The Pirates of Pestulon.zip	emu/ORIGINALES/DOS/Space Quest 3 - The Pirates of Pestulon.zip	original del juego, catalogado; la copia descomprimida está en emu/ROMS/SCUMMVM/Space Quest 3 - The Pirates of Pestulon/
EXTRAIDO	emu/dos/Space Quest 4 - Roger Wilco and the Time Rippers.zip	emu/ROMS/SCUMMVM/Space Quest 4 - Roger Wilco and the Time Rippers/	juego de DOS descomprimido para la consola (scummvm)
CREADO		emu/ROMS/SCUMMVM/Space Quest 4 - Roger Wilco and the Time Rippers/sq4/Space Quest 4 - Roger Wilco and the Time Rippers.scummvm	lanzador de ScummVM (id sq4)
MOVIDO	emu/dos/Space Quest 4 - Roger Wilco and the Time Rippers.zip	emu/ORIGINALES/DOS/Space Quest 4 - Roger Wilco and the Time Rippers.zip	original del juego, catalogado; la copia descomprimida está en emu/ROMS/SCUMMVM/Space Quest 4 - Roger Wilco and the Time Rippers/
EXTRAIDO	emu/dos/Space Quest 5 - The Next Mutation.zip	emu/ROMS/SCUMMVM/Space Quest 5 - The Next Mutation/	juego de DOS descomprimido para la consola (scummvm)
CREADO		emu/ROMS/SCUMMVM/Space Quest 5 - The Next Mutation/Space Quest 5 - The Next Mutation.scummvm	lanzador de ScummVM (id sq5)
MOVIDO	emu/dos/Space Quest 5 - The Next Mutation.zip	emu/ORIGINALES/DOS/Space Quest 5 - The Next Mutation.zip	original del juego, catalogado; la copia descomprimida está en emu/ROMS/SCUMMVM/Space Quest 5 - The Next Mutation/
EXTRAIDO	emu/dos/Space Rogue.zip	emu/ROMS/DOS/Space Rogue/	juego de DOS descomprimido para la consola (seguro)
CREADO		emu/ROMS/DOS/Space Rogue.conf	lanzador de dosbox_svn (seguro: sr/SR.EXE)
MOVIDO	emu/dos/Space Rogue.zip	emu/ORIGINALES/DOS/Space Rogue.zip	original del juego, catalogado; la copia descomprimida está en emu/ROMS/DOS/Space Rogue/
EXTRAIDO	emu/dos/Space Strike.zip	emu/ROMS/DOS/Space Strike/	juego de DOS descomprimido para la consola (seguro)
CREADO		emu/ROMS/DOS/Space Strike.conf	lanzador de dosbox_svn (seguro: spacestr/SPACESTR.COM)
MOVIDO	emu/dos/Space Strike.zip	emu/ORIGINALES/DOS/Space Strike.zip	original del juego, catalogado; la copia descomprimida está en emu/ROMS/DOS/Space Strike/
EXTRAIDO	emu/dos/Speedball 2 - Brutal Deluxe.zip	emu/ROMS/DOS/Speedball 2 - Brutal Deluxe/	juego de DOS descomprimido para la consola (dudoso)
CREADO		emu/ROMS/DOS/Speedball 2 - Brutal Deluxe.conf	lanzador de dosbox_svn (dudoso: GGS.BAT)
MOVIDO	emu/dos/Speedball 2 - Brutal Deluxe.zip	emu/ORIGINALES/DOS/Speedball 2 - Brutal Deluxe.zip	original del juego, catalogado; la copia descomprimida está en emu/ROMS/DOS/Speedball 2 - Brutal Deluxe/
EXTRAIDO	emu/dos/Speedball.zip	emu/ROMS/DOS/Speedball/	juego de DOS descomprimido para la consola (dudoso)
CREADO		emu/ROMS/DOS/Speedball.conf	lanzador de dosbox_svn (dudoso: SHOW.EXE)
MOVIDO	emu/dos/Speedball.zip	emu/ORIGINALES/DOS/Speedball.zip	original del juego, catalogado; la copia descomprimida está en emu/ROMS/DOS/Speedball/
EXTRAIDO	emu/dos/SpellCraft - Aspects of Valor.zip	emu/ROMS/DOS/SpellCraft - Aspects of Valor/	juego de DOS descomprimido para la consola (seguro)
CREADO		emu/ROMS/DOS/SpellCraft - Aspects of Valor.conf	lanzador de dosbox_svn (seguro: SC.EXE)
MOVIDO	emu/dos/SpellCraft - Aspects of Valor.zip	emu/ORIGINALES/DOS/SpellCraft - Aspects of Valor.zip	original del juego, catalogado; la copia descomprimida está en emu/ROMS/DOS/SpellCraft - Aspects of Valor/
EXTRAIDO	emu/dos/Spellcasting 201 - The Sorcerers Appliance.zip	emu/ROMS/DOS/Spellcasting 201 - The Sorcerers Appliance/	juego de DOS descomprimido para la consola (dudoso)
CREADO		emu/ROMS/DOS/Spellcasting 201 - The Sorcerers Appliance.conf	lanzador de dosbox_svn (dudoso: S201/S201.EXE)
MOVIDO	emu/dos/Spellcasting 201 - The Sorcerers Appliance.zip	emu/ORIGINALES/DOS/Spellcasting 201 - The Sorcerers Appliance.zip	original del juego, catalogado; la copia descomprimida está en emu/ROMS/DOS/Spellcasting 201 - The Sorcerers Appliance/
EXTRAIDO	emu/dos/Spellcasting 301 - Spring Break.zip	emu/ROMS/DOS/Spellcasting 301 - Spring Break/	juego de DOS descomprimido para la consola (dudoso)
CREADO		emu/ROMS/DOS/Spellcasting 301 - Spring Break.conf	lanzador de dosbox_svn (dudoso: S301/S301.EXE)
MOVIDO	emu/dos/Spellcasting 301 - Spring Break.zip	emu/ORIGINALES/DOS/Spellcasting 301 - Spring Break.zip	original del juego, catalogado; la copia descomprimida está en emu/ROMS/DOS/Spellcasting 301 - Spring Break/
EXTRAIDO	emu/dos/Spiderbot.zip	emu/ROMS/DOS/Spiderbot/	juego de DOS descomprimido para la consola (seguro)
CREADO		emu/ROMS/DOS/Spiderbot.conf	lanzador de dosbox_svn (seguro: spiderbt/SPIDERBT.EXE)
MOVIDO	emu/dos/Spiderbot.zip	emu/ORIGINALES/DOS/Spiderbot.zip	original del juego, catalogado; la copia descomprimida está en emu/ROMS/DOS/Spiderbot/
EXTRAIDO	emu/dos/Spirit of Excalibur.zip	emu/ROMS/DOS/Spirit of Excalibur/	juego de DOS descomprimido para la consola (dudoso)
CREADO		emu/ROMS/DOS/Spirit of Excalibur.conf	lanzador de dosbox_svn (dudoso: soe/EXCAL.EXE)
MOVIDO	emu/dos/Spirit of Excalibur.zip	emu/ORIGINALES/DOS/Spirit of Excalibur.zip	original del juego, catalogado; la copia descomprimida está en emu/ROMS/DOS/Spirit of Excalibur/
EXTRAIDO	emu/dos/Sports Spectacular.zip	emu/ROMS/DOS/Sports Spectacular/	juego de DOS descomprimido para la consola (seguro)
CREADO		emu/ROMS/DOS/Sports Spectacular.conf	lanzador de dosbox_svn (seguro: sportspe/GO.BAT)
MOVIDO	emu/dos/Sports Spectacular.zip	emu/ORIGINALES/DOS/Sports Spectacular.zip	original del juego, catalogado; la copia descomprimida está en emu/ROMS/DOS/Sports Spectacular/
EXTRAIDO	emu/dos/Star Control 2.zip	emu/ROMS/DOS/Star Control 2/	juego de DOS descomprimido para la consola (dudoso)
CREADO		emu/ROMS/DOS/Star Control 2.conf	lanzador de dosbox_svn (dudoso: STARCON2.EXE)
MOVIDO	emu/dos/Star Control 2.zip	emu/ORIGINALES/DOS/Star Control 2.zip	original del juego, catalogado; la copia descomprimida está en emu/ROMS/DOS/Star Control 2/
EXTRAIDO	emu/dos/Star Control 3.zip	emu/ROMS/DOS/Star Control 3/	juego de DOS descomprimido para la consola (seguro)
CREADO		emu/ROMS/DOS/Star Control 3.conf	lanzador de dosbox_svn (seguro: STARCON3.part01.exe)
MOVIDO	emu/dos/Star Control 3.zip	emu/ORIGINALES/DOS/Star Control 3.zip	original del juego, catalogado; la copia descomprimida está en emu/ROMS/DOS/Star Control 3/
EXTRAIDO	emu/dos/Star Control.zip	emu/ROMS/DOS/Star Control/	juego de DOS descomprimido para la consola (dudoso)
CREADO		emu/ROMS/DOS/Star Control.conf	lanzador de dosbox_svn (dudoso: starcon.exe)
MOVIDO	emu/dos/Star Control.zip	emu/ORIGINALES/DOS/Star Control.zip	original del juego, catalogado; la copia descomprimida está en emu/ROMS/DOS/Star Control/
EXTRAIDO	emu/dos/Star Legions.zip	emu/ROMS/DOS/Star Legions/	juego de DOS descomprimido para la consola (seguro)
CREADO		emu/ROMS/DOS/Star Legions.conf	lanzador de dosbox_svn (seguro: SL.EXE)
MOVIDO	emu/dos/Star Legions.zip	emu/ORIGINALES/DOS/Star Legions.zip	original del juego, catalogado; la copia descomprimida está en emu/ROMS/DOS/Star Legions/
EXTRAIDO	emu/dos/Star Reach.zip	emu/ROMS/DOS/Star Reach/	juego de DOS descomprimido para la consola (seguro)
CREADO		emu/ROMS/DOS/Star Reach.conf	lanzador de dosbox_svn (seguro: spacefed/STAR.BAT)
MOVIDO	emu/dos/Star Reach.zip	emu/ORIGINALES/DOS/Star Reach.zip	original del juego, catalogado; la copia descomprimida está en emu/ROMS/DOS/Star Reach/
EXTRAIDO	emu/dos/Star Trek - 25th Anniversary.zip	emu/ROMS/DOS/Star Trek - 25th Anniversary/	juego de DOS descomprimido para la consola (seguro)
CREADO		emu/ROMS/DOS/Star Trek - 25th Anniversary.conf	lanzador de dosbox_svn (seguro: STARTREK.EXE)
MOVIDO	emu/dos/Star Trek - 25th Anniversary.zip	emu/ORIGINALES/DOS/Star Trek - 25th Anniversary.zip	original del juego, catalogado; la copia descomprimida está en emu/ROMS/DOS/Star Trek - 25th Anniversary/
EXTRAIDO	emu/dos/Star Trek - The Kobayashi Alternative.zip	emu/ROMS/DOS/Star Trek - The Kobayashi Alternative/	juego de DOS descomprimido para la consola (seguro)
CREADO		emu/ROMS/DOS/Star Trek - The Kobayashi Alternative.conf	lanzador de dosbox_svn (seguro: GO.BAT)
MOVIDO	emu/dos/Star Trek - The Kobayashi Alternative.zip	emu/ORIGINALES/DOS/Star Trek - The Kobayashi Alternative.zip	original del juego, catalogado; la copia descomprimida está en emu/ROMS/DOS/Star Trek - The Kobayashi Alternative/
EXTRAIDO	emu/dos/Star Trek - The Next Generation - The Transinium Challenge.zip	emu/ROMS/DOS/Star Trek - The Next Generation - The Transinium Challenge/	juego de DOS descomprimido para la consola (dudoso)
CREADO		emu/ROMS/DOS/Star Trek - The Next Generation - The Transinium Challenge.conf	lanzador de dosbox_svn (dudoso: STTNG/TRANS.EXE)
MOVIDO	emu/dos/Star Trek - The Next Generation - The Transinium Challenge.zip	emu/ORIGINALES/DOS/Star Trek - The Next Generation - The Transinium Challenge.zip	original del juego, catalogado; la copia descomprimida está en emu/ROMS/DOS/Star Trek - The Next Generation - The Transinium Challenge/
EXTRAIDO	emu/dos/Star Trek - The Promethean Prophecy.zip	emu/ROMS/DOS/Star Trek - The Promethean Prophecy/	juego de DOS descomprimido para la consola (seguro)
CREADO		emu/ROMS/DOS/Star Trek - The Promethean Prophecy.conf	lanzador de dosbox_svn (seguro: Star Trek - The Promethean Prophecy.exe)
MOVIDO	emu/dos/Star Trek - The Promethean Prophecy.zip	emu/ORIGINALES/DOS/Star Trek - The Promethean Prophecy.zip	original del juego, catalogado; la copia descomprimida está en emu/ROMS/DOS/Star Trek - The Promethean Prophecy/
EXTRAIDO	emu/dos/Star Trek - The Rebel Universe.zip	emu/ROMS/DOS/Star Trek - The Rebel Universe/	juego de DOS descomprimido para la consola (seguro)
CREADO		emu/ROMS/DOS/Star Trek - The Rebel Universe.conf	lanzador de dosbox_svn (seguro: Rebel/STARTREK.EXE)
MOVIDO	emu/dos/Star Trek - The Rebel Universe.zip	emu/ORIGINALES/DOS/Star Trek - The Rebel Universe.zip	original del juego, catalogado; la copia descomprimida está en emu/ROMS/DOS/Star Trek - The Rebel Universe/
EXTRAIDO	emu/dos/Star Trek V - The Final Frontier.zip	emu/ROMS/DOS/Star Trek V - The Final Frontier/	juego de DOS descomprimido para la consola (dudoso)
CREADO		emu/ROMS/DOS/Star Trek V - The Final Frontier.conf	lanzador de dosbox_svn (dudoso: ST5.EXE)
MOVIDO	emu/dos/Star Trek V - The Final Frontier.zip	emu/ORIGINALES/DOS/Star Trek V - The Final Frontier.zip	original del juego, catalogado; la copia descomprimida está en emu/ROMS/DOS/Star Trek V - The Final Frontier/
EXTRAIDO	emu/dos/Star Wars Dark Forces.zip	emu/ROMS/DOS/Star Wars Dark Forces/	juego de DOS descomprimido para la consola (dudoso)
CREADO		emu/ROMS/DOS/Star Wars Dark Forces.conf	lanzador de dosbox_svn (dudoso: DF.EXE)
MOVIDO	emu/dos/Star Wars Dark Forces.zip	emu/ORIGINALES/DOS/Star Wars Dark Forces.zip	original del juego, catalogado; la copia descomprimida está en emu/ROMS/DOS/Star Wars Dark Forces/
EXTRAIDO	emu/dos/Star Wars.zip	emu/ROMS/DOS/Star Wars/	juego de DOS descomprimido para la consola (seguro)
CREADO		emu/ROMS/DOS/Star Wars.conf	lanzador de dosbox_svn (seguro: starwars.exe)
MOVIDO	emu/dos/Star Wars.zip	emu/ORIGINALES/DOS/Star Wars.zip	original del juego, catalogado; la copia descomprimida está en emu/ROMS/DOS/Star Wars/
EXTRAIDO	emu/dos/Starflight 2 - Trade Routes of the Cloud Nebula.zip	emu/ROMS/DOS/Starflight 2 - Trade Routes of the Cloud Nebula/	juego de DOS descomprimido para la consola (dudoso)
CREADO		emu/ROMS/DOS/Starflight 2 - Trade Routes of the Cloud Nebula.conf	lanzador de dosbox_svn (dudoso: STAR2B.COM)
MOVIDO	emu/dos/Starflight 2 - Trade Routes of the Cloud Nebula.zip	emu/ORIGINALES/DOS/Starflight 2 - Trade Routes of the Cloud Nebula.zip	original del juego, catalogado; la copia descomprimida está en emu/ROMS/DOS/Starflight 2 - Trade Routes of the Cloud Nebula/
EXTRAIDO	emu/dos/Starflight.zip	emu/ROMS/DOS/Starflight/	juego de DOS descomprimido para la consola (dudoso)
CREADO		emu/ROMS/DOS/Starflight.conf	lanzador de dosbox_svn (dudoso: STARB.COM)
MOVIDO	emu/dos/Starflight.zip	emu/ORIGINALES/DOS/Starflight.zip	original del juego, catalogado; la copia descomprimida está en emu/ROMS/DOS/Starflight/
EXTRAIDO	emu/dos/Stargate.zip	emu/ROMS/DOS/Stargate/	juego de DOS descomprimido para la consola (seguro)
CREADO		emu/ROMS/DOS/Stargate.conf	lanzador de dosbox_svn (seguro: STARGATE.COM)
MOVIDO	emu/dos/Stargate.zip	emu/ORIGINALES/DOS/Stargate.zip	original del juego, catalogado; la copia descomprimida está en emu/ROMS/DOS/Stargate/
EXTRAIDO	emu/dos/Starglider.zip	emu/ROMS/DOS/Starglider/	juego de DOS descomprimido para la consola (seguro)
CREADO		emu/ROMS/DOS/Starglider.conf	lanzador de dosbox_svn (seguro: starglider.exe)
MOVIDO	emu/dos/Starglider.zip	emu/ORIGINALES/DOS/Starglider.zip	original del juego, catalogado; la copia descomprimida está en emu/ROMS/DOS/Starglider/
EXTRAIDO	emu/dos/Starquake.zip	emu/ROMS/DOS/Starquake/	juego de DOS descomprimido para la consola (seguro)
CREADO		emu/ROMS/DOS/Starquake.conf	lanzador de dosbox_svn (seguro: squake/QUAKE_F.EXE)
MOVIDO	emu/dos/Starquake.zip	emu/ORIGINALES/DOS/Starquake.zip	original del juego, catalogado; la copia descomprimida está en emu/ROMS/DOS/Starquake/
EXTRAIDO	emu/dos/Steel Panthers.zip	emu/ROMS/DOS/Steel Panthers/	juego de DOS descomprimido para la consola (dudoso)
CREADO		emu/ROMS/DOS/Steel Panthers.conf	lanzador de dosbox_svn (dudoso: steelpan/START.BAT)
MOVIDO	emu/dos/Steel Panthers.zip	emu/ORIGINALES/DOS/Steel Panthers.zip	original del juego, catalogado; la copia descomprimida está en emu/ROMS/DOS/Steel Panthers/
EXTRAIDO	emu/dos/Steel Thunder.zip	emu/ROMS/DOS/Steel Thunder/	juego de DOS descomprimido para la consola (seguro)
CREADO		emu/ROMS/DOS/Steel Thunder.conf	lanzador de dosbox_svn (seguro: St.exe)
MOVIDO	emu/dos/Steel Thunder.zip	emu/ORIGINALES/DOS/Steel Thunder.zip	original del juego, catalogado; la copia descomprimida está en emu/ROMS/DOS/Steel Thunder/
EXTRAIDO	emu/dos/Steg the Slug.zip	emu/ROMS/DOS/Steg the Slug/	juego de DOS descomprimido para la consola (seguro)
CREADO		emu/ROMS/DOS/Steg the Slug.conf	lanzador de dosbox_svn (seguro: steg/STEG.EXE)
MOVIDO	emu/dos/Steg the Slug.zip	emu/ORIGINALES/DOS/Steg the Slug.zip	original del juego, catalogado; la copia descomprimida está en emu/ROMS/DOS/Steg the Slug/
EXTRAIDO	emu/dos/Stellar 7.zip	emu/ROMS/DOS/Stellar 7/	juego de DOS descomprimido para la consola (dudoso)
CREADO		emu/ROMS/DOS/Stellar 7.conf	lanzador de dosbox_svn (dudoso: stellar7/S7.BAT)
MOVIDO	emu/dos/Stellar 7.zip	emu/ORIGINALES/DOS/Stellar 7.zip	original del juego, catalogado; la copia descomprimida está en emu/ROMS/DOS/Stellar 7/
EXTRAIDO	emu/dos/Stone Age.zip	emu/ROMS/DOS/Stone Age/	juego de DOS descomprimido para la consola (dudoso)
CREADO		emu/ROMS/DOS/Stone Age.conf	lanzador de dosbox_svn (dudoso: STONE/SA_V1_00.EXE)
MOVIDO	emu/dos/Stone Age.zip	emu/ORIGINALES/DOS/Stone Age.zip	original del juego, catalogado; la copia descomprimida está en emu/ROMS/DOS/Stone Age/
EXTRAIDO	emu/dos/Storm Across Europe.zip	emu/ROMS/DOS/Storm Across Europe/	juego de DOS descomprimido para la consola (seguro)
CREADO		emu/ROMS/DOS/Storm Across Europe.conf	lanzador de dosbox_svn (seguro: STORM.EXE)
MOVIDO	emu/dos/Storm Across Europe.zip	emu/ORIGINALES/DOS/Storm Across Europe.zip	original del juego, catalogado; la copia descomprimida está en emu/ROMS/DOS/Storm Across Europe/
EXTRAIDO	emu/dos/Storm Master.zip	emu/ROMS/DOS/Storm Master/	juego de DOS descomprimido para la consola (seguro)
CREADO		emu/ROMS/DOS/Storm Master.conf	lanzador de dosbox_svn (seguro: smaster/STORM.EXE)
MOVIDO	emu/dos/Storm Master.zip	emu/ORIGINALES/DOS/Storm Master.zip	original del juego, catalogado; la copia descomprimida está en emu/ROMS/DOS/Storm Master/
EXTRAIDO	emu/dos/Stormlord.zip	emu/ROMS/DOS/Stormlord/	juego de DOS descomprimido para la consola (seguro)
CREADO		emu/ROMS/DOS/Stormlord.conf	lanzador de dosbox_svn (seguro: stormlrd/STORMLRD.COM)
MOVIDO	emu/dos/Stormlord.zip	emu/ORIGINALES/DOS/Stormlord.zip	original del juego, catalogado; la copia descomprimida está en emu/ROMS/DOS/Stormlord/
EXTRAIDO	emu/dos/Stratego.zip	emu/ROMS/DOS/Stratego/	juego de DOS descomprimido para la consola (seguro)
CREADO		emu/ROMS/DOS/Stratego.conf	lanzador de dosbox_svn (seguro: STRATEGO.EXE)
MOVIDO	emu/dos/Stratego.zip	emu/ORIGINALES/DOS/Stratego.zip	original del juego, catalogado; la copia descomprimida está en emu/ROMS/DOS/Stratego/
EXTRAIDO	emu/dos/Street Fighter 2.zip	emu/ROMS/DOS/Street Fighter 2/	juego de DOS descomprimido para la consola (seguro)
CREADO		emu/ROMS/DOS/Street Fighter 2.conf	lanzador de dosbox_svn (seguro: sfight2/SF2.EXE)
MOVIDO	emu/dos/Street Fighter 2.zip	emu/ORIGINALES/DOS/Street Fighter 2.zip	original del juego, catalogado; la copia descomprimida está en emu/ROMS/DOS/Street Fighter 2/
EXTRAIDO	emu/dos/Street Fighter.zip	emu/ROMS/DOS/Street Fighter/	juego de DOS descomprimido para la consola (seguro)
CREADO		emu/ROMS/DOS/Street Fighter.conf	lanzador de dosbox_svn (seguro: STREET.EXE)
MOVIDO	emu/dos/Street Fighter.zip	emu/ORIGINALES/DOS/Street Fighter.zip	original del juego, catalogado; la copia descomprimida está en emu/ROMS/DOS/Street Fighter/
EXTRAIDO	emu/dos/Street Rod.zip	emu/ROMS/DOS/Street Rod/	juego de DOS descomprimido para la consola (seguro)
CREADO		emu/ROMS/DOS/Street Rod.conf	lanzador de dosbox_svn (seguro: SR.EXE)
MOVIDO	emu/dos/Street Rod.zip	emu/ORIGINALES/DOS/Street Rod.zip	original del juego, catalogado; la copia descomprimida está en emu/ROMS/DOS/Street Rod/
EXTRAIDO	emu/dos/Street Sports Basketball.zip	emu/ROMS/DOS/Street Sports Basketball/	juego de DOS descomprimido para la consola (seguro)
CREADO		emu/ROMS/DOS/Street Sports Basketball.conf	lanzador de dosbox_svn (seguro: SSBKB.EXE)
MOVIDO	emu/dos/Street Sports Basketball.zip	emu/ORIGINALES/DOS/Street Sports Basketball.zip	original del juego, catalogado; la copia descomprimida está en emu/ROMS/DOS/Street Sports Basketball/
EXTRAIDO	emu/dos/Streetball.zip	emu/ROMS/DOS/Streetball/	juego de DOS descomprimido para la consola (seguro)
CREADO		emu/ROMS/DOS/Streetball.conf	lanzador de dosbox_svn (seguro: START.BAT)
MOVIDO	emu/dos/Streetball.zip	emu/ORIGINALES/DOS/Streetball.zip	original del juego, catalogado; la copia descomprimida está en emu/ROMS/DOS/Streetball/
EXTRAIDO	emu/dos/Strife.zip	emu/ROMS/DOS/Strife/	juego de DOS descomprimido para la consola (seguro)
CREADO		emu/ROMS/DOS/Strife.conf	lanzador de dosbox_svn (seguro: STRIFE/STRIFE.BAT)
MOVIDO	emu/dos/Strife.zip	emu/ORIGINALES/DOS/Strife.zip	original del juego, catalogado; la copia descomprimida está en emu/ROMS/DOS/Strife/
EXTRAIDO	emu/dos/Striker '95.zip	emu/ROMS/DOS/Striker '95/	juego de DOS descomprimido para la consola (seguro)
CREADO		emu/ROMS/DOS/Striker '95.conf	lanzador de dosbox_svn (seguro: STRIKER.BAT)
MOVIDO	emu/dos/Striker '95.zip	emu/ORIGINALES/DOS/Striker '95.zip	original del juego, catalogado; la copia descomprimida está en emu/ROMS/DOS/Striker '95/
EXTRAIDO	emu/dos/Striker.zip	emu/ROMS/DOS/Striker/	juego de DOS descomprimido para la consola (seguro)
CREADO		emu/ROMS/DOS/Striker.conf	lanzador de dosbox_svn (seguro: STRIKER.EXE)
MOVIDO	emu/dos/Striker.zip	emu/ORIGINALES/DOS/Striker.zip	original del juego, catalogado; la copia descomprimida está en emu/ROMS/DOS/Striker/
EXTRAIDO	emu/dos/Stronghold.zip	emu/ROMS/DOS/Stronghold/	juego de DOS descomprimido para la consola (seguro)
CREADO		emu/ROMS/DOS/Stronghold.conf	lanzador de dosbox_svn (seguro: strongh/STRONG.EXE)
MOVIDO	emu/dos/Stronghold.zip	emu/ORIGINALES/DOS/Stronghold.zip	original del juego, catalogado; la copia descomprimida está en emu/ROMS/DOS/Stronghold/
EXTRAIDO	emu/dos/Stunt Car Racer.zip	emu/ROMS/DOS/Stunt Car Racer/	juego de DOS descomprimido para la consola (seguro)
CREADO		emu/ROMS/DOS/Stunt Car Racer.conf	lanzador de dosbox_svn (seguro: stunt/CAR.EXE)
MOVIDO	emu/dos/Stunt Car Racer.zip	emu/ORIGINALES/DOS/Stunt Car Racer.zip	original del juego, catalogado; la copia descomprimida está en emu/ROMS/DOS/Stunt Car Racer/
EXTRAIDO	emu/dos/Stunt Driver.zip	emu/ROMS/DOS/Stunt Driver/	juego de DOS descomprimido para la consola (dudoso)
CREADO		emu/ROMS/DOS/Stunt Driver.conf	lanzador de dosbox_svn (dudoso: stdriver/STUNT.BAT)
MOVIDO	emu/dos/Stunt Driver.zip	emu/ORIGINALES/DOS/Stunt Driver.zip	original del juego, catalogado; la copia descomprimida está en emu/ROMS/DOS/Stunt Driver/
EXTRAIDO	emu/dos/Stunt Island.zip	emu/ROMS/DOS/Stunt Island/	juego de DOS descomprimido para la consola (dudoso)
CREADO		emu/ROMS/DOS/Stunt Island.conf	lanzador de dosbox_svn (dudoso: stuntisl/SIPLAY.EXE)
MOVIDO	emu/dos/Stunt Island.zip	emu/ORIGINALES/DOS/Stunt Island.zip	original del juego, catalogado; la copia descomprimida está en emu/ROMS/DOS/Stunt Island/
EXTRAIDO	emu/dos/Stunts.zip	emu/ROMS/DOS/Stunts/	juego de DOS descomprimido para la consola (seguro)
CREADO		emu/ROMS/DOS/Stunts.conf	lanzador de dosbox_svn (seguro: STUNTS.BAT)
MOVIDO	emu/dos/Stunts.zip	emu/ORIGINALES/DOS/Stunts.zip	original del juego, catalogado; la copia descomprimida está en emu/ROMS/DOS/Stunts/
EXTRAIDO	emu/dos/Styx.zip	emu/ROMS/DOS/Styx/	juego de DOS descomprimido para la consola (seguro)
CREADO		emu/ROMS/DOS/Styx.conf	lanzador de dosbox_svn (seguro: STYX.COM)
MOVIDO	emu/dos/Styx.zip	emu/ORIGINALES/DOS/Styx.zip	original del juego, catalogado; la copia descomprimida está en emu/ROMS/DOS/Styx/
EXTRAIDO	emu/dos/Sub Battle Simulator.zip	emu/ROMS/DOS/Sub Battle Simulator/	juego de DOS descomprimido para la consola (seguro)
CREADO		emu/ROMS/DOS/Sub Battle Simulator.conf	lanzador de dosbox_svn (seguro: subbat/SUB.EXE)
MOVIDO	emu/dos/Sub Battle Simulator.zip	emu/ORIGINALES/DOS/Sub Battle Simulator.zip	original del juego, catalogado; la copia descomprimida está en emu/ROMS/DOS/Sub Battle Simulator/
EXTRAIDO	emu/dos/Suburban Commando.zip	emu/ROMS/DOS/Suburban Commando/	juego de DOS descomprimido para la consola (seguro)
CREADO		emu/ROMS/DOS/Suburban Commando.conf	lanzador de dosbox_svn (seguro: sub/commando.exe)
MOVIDO	emu/dos/Suburban Commando.zip	emu/ORIGINALES/DOS/Suburban Commando.zip	original del juego, catalogado; la copia descomprimida está en emu/ROMS/DOS/Suburban Commando/
EXTRAIDO	emu/dos/Summer Challenge.zip	emu/ROMS/DOS/Summer Challenge/	juego de DOS descomprimido para la consola (dudoso)
CREADO		emu/ROMS/DOS/Summer Challenge.conf	lanzador de dosbox_svn (dudoso: summer/SUMMER.EXE)
MOVIDO	emu/dos/Summer Challenge.zip	emu/ORIGINALES/DOS/Summer Challenge.zip	original del juego, catalogado; la copia descomprimida está en emu/ROMS/DOS/Summer Challenge/
EXTRAIDO	emu/dos/Summer Games 2.zip	emu/ROMS/DOS/Summer Games 2/	juego de DOS descomprimido para la consola (seguro)
CREADO		emu/ROMS/DOS/Summer Games 2.conf	lanzador de dosbox_svn (seguro: summer2/SUMMERG2.EXE)
MOVIDO	emu/dos/Summer Games 2.zip	emu/ORIGINALES/DOS/Summer Games 2.zip	original del juego, catalogado; la copia descomprimida está en emu/ROMS/DOS/Summer Games 2/
EXTRAIDO	emu/dos/Supaplex.zip	emu/ROMS/DOS/Supaplex/	juego de DOS descomprimido para la consola (seguro)
CREADO		emu/ROMS/DOS/Supaplex.conf	lanzador de dosbox_svn (seguro: Supaplex.exe)
MOVIDO	emu/dos/Supaplex.zip	emu/ORIGINALES/DOS/Supaplex.zip	original del juego, catalogado; la copia descomprimida está en emu/ROMS/DOS/Supaplex/
EXTRAIDO	emu/dos/Super Huey 2.zip	emu/ROMS/DOS/Super Huey 2/	juego de DOS descomprimido para la consola (seguro)
CREADO		emu/ROMS/DOS/Super Huey 2.conf	lanzador de dosbox_svn (seguro: shuey2/SH2.EXE)
MOVIDO	emu/dos/Super Huey 2.zip	emu/ORIGINALES/DOS/Super Huey 2.zip	original del juego, catalogado; la copia descomprimida está en emu/ROMS/DOS/Super Huey 2/
EXTRAIDO	emu/dos/Super Huey.zip	emu/ROMS/DOS/Super Huey/	juego de DOS descomprimido para la consola (seguro)
CREADO		emu/ROMS/DOS/Super Huey.conf	lanzador de dosbox_svn (seguro: SH.EXE)
MOVIDO	emu/dos/Super Huey.zip	emu/ORIGINALES/DOS/Super Huey.zip	original del juego, catalogado; la copia descomprimida está en emu/ROMS/DOS/Super Huey/
EXTRAIDO	emu/dos/Super Karts.zip	emu/ROMS/DOS/Super Karts/	juego de DOS descomprimido para la consola (seguro)
CREADO		emu/ROMS/DOS/Super Karts.conf	lanzador de dosbox_svn (seguro: SKART/KART.EXE)
MOVIDO	emu/dos/Super Karts.zip	emu/ORIGINALES/DOS/Super Karts.zip	original del juego, catalogado; la copia descomprimida está en emu/ROMS/DOS/Super Karts/
EXTRAIDO	emu/dos/Super Solvers - Midnight Rescue.zip	emu/ROMS/DOS/Super Solvers - Midnight Rescue/	juego de DOS descomprimido para la consola (seguro)
CREADO		emu/ROMS/DOS/Super Solvers - Midnight Rescue.conf	lanzador de dosbox_svn (seguro: SSR/SSR.EXE)
MOVIDO	emu/dos/Super Solvers - Midnight Rescue.zip	emu/ORIGINALES/DOS/Super Solvers - Midnight Rescue.zip	original del juego, catalogado; la copia descomprimida está en emu/ROMS/DOS/Super Solvers - Midnight Rescue/
EXTRAIDO	emu/dos/Super Solvers - Operation Neptune.zip	emu/ROMS/DOS/Super Solvers - Operation Neptune/	juego de DOS descomprimido para la consola (dudoso)
CREADO		emu/ROMS/DOS/Super Solvers - Operation Neptune.conf	lanzador de dosbox_svn (dudoso: ON/ON.EXE)
MOVIDO	emu/dos/Super Solvers - Operation Neptune.zip	emu/ORIGINALES/DOS/Super Solvers - Operation Neptune.zip	original del juego, catalogado; la copia descomprimida está en emu/ROMS/DOS/Super Solvers - Operation Neptune/
EXTRAIDO	emu/dos/Super Solvers - Outnumbered!.zip	emu/ROMS/DOS/Super Solvers - Outnumbered!/	juego de DOS descomprimido para la consola (seguro)
CREADO		emu/ROMS/DOS/Super Solvers - Outnumbered!.conf	lanzador de dosbox_svn (seguro: SSO.EXE)
MOVIDO	emu/dos/Super Solvers - Outnumbered!.zip	emu/ORIGINALES/DOS/Super Solvers - Outnumbered!.zip	original del juego, catalogado; la copia descomprimida está en emu/ROMS/DOS/Super Solvers - Outnumbered!/
EXTRAIDO	emu/dos/Super Street Fighter II Turbo.zip	emu/ROMS/DOS/Super Street Fighter II Turbo/	juego de DOS descomprimido para la consola (dudoso)
CREADO		emu/ROMS/DOS/Super Street Fighter II Turbo.conf	lanzador de dosbox_svn (dudoso: SF2TURBO.EXE)
MOVIDO	emu/dos/Super Street Fighter II Turbo.zip	emu/ORIGINALES/DOS/Super Street Fighter II Turbo.zip	original del juego, catalogado; la copia descomprimida está en emu/ROMS/DOS/Super Street Fighter II Turbo/
EXTRAIDO	emu/dos/Super Tetris.zip	emu/ROMS/DOS/Super Tetris/	juego de DOS descomprimido para la consola (seguro)
CREADO		emu/ROMS/DOS/Super Tetris.conf	lanzador de dosbox_svn (seguro: SUPERTET.EXE)
MOVIDO	emu/dos/Super Tetris.zip	emu/ORIGINALES/DOS/Super Tetris.zip	original del juego, catalogado; la copia descomprimida está en emu/ROMS/DOS/Super Tetris/
EXTRAIDO	emu/dos/Superhero League of Hoboken.zip	emu/ROMS/DOS/Superhero League of Hoboken/	juego de DOS descomprimido para la consola (seguro)
CREADO		emu/ROMS/DOS/Superhero League of Hoboken.conf	lanzador de dosbox_svn (seguro: hoboken/SLH.EXE)
MOVIDO	emu/dos/Superhero League of Hoboken.zip	emu/ORIGINALES/DOS/Superhero League of Hoboken.zip	original del juego, catalogado; la copia descomprimida está en emu/ROMS/DOS/Superhero League of Hoboken/
EXTRAIDO	emu/dos/Superstar Ice Hockey.zip	emu/ROMS/DOS/Superstar Ice Hockey/	juego de DOS descomprimido para la consola (dudoso)
CREADO		emu/ROMS/DOS/Superstar Ice Hockey.conf	lanzador de dosbox_svn (dudoso: HOCKEY.EXE)
MOVIDO	emu/dos/Superstar Ice Hockey.zip	emu/ORIGINALES/DOS/Superstar Ice Hockey.zip	original del juego, catalogado; la copia descomprimida está en emu/ROMS/DOS/Superstar Ice Hockey/
EXTRAIDO	emu/dos/Suspended.zip	emu/ROMS/DOS/Suspended/	juego de DOS descomprimido para la consola (seguro)
CREADO		emu/ROMS/DOS/Suspended.conf	lanzador de dosbox_svn (seguro: suspend/SUSPEND.COM)
MOVIDO	emu/dos/Suspended.zip	emu/ORIGINALES/DOS/Suspended.zip	original del juego, catalogado; la copia descomprimida está en emu/ROMS/DOS/Suspended/
EXTRAIDO	emu/dos/Swap.zip	emu/ROMS/DOS/Swap/	juego de DOS descomprimido para la consola (seguro)
CREADO		emu/ROMS/DOS/Swap.conf	lanzador de dosbox_svn (seguro: SWAP.EXE)
MOVIDO	emu/dos/Swap.zip	emu/ORIGINALES/DOS/Swap.zip	original del juego, catalogado; la copia descomprimida está en emu/ROMS/DOS/Swap/
EXTRAIDO	emu/dos/Sword of the Samurai.zip	emu/ROMS/DOS/Sword of the Samurai/	juego de DOS descomprimido para la consola (dudoso)
CREADO		emu/ROMS/DOS/Sword of the Samurai.conf	lanzador de dosbox_svn (dudoso: sword/START.EXE)
MOVIDO	emu/dos/Sword of the Samurai.zip	emu/ORIGINALES/DOS/Sword of the Samurai.zip	original del juego, catalogado; la copia descomprimida está en emu/ROMS/DOS/Sword of the Samurai/
EXTRAIDO	emu/dos/Tag Team Wrestling.zip	emu/ROMS/DOS/Tag Team Wrestling/	juego de DOS descomprimido para la consola (seguro)
CREADO		emu/ROMS/DOS/Tag Team Wrestling.conf	lanzador de dosbox_svn (seguro: TAGTEAM.EXE)
MOVIDO	emu/dos/Tag Team Wrestling.zip	emu/ORIGINALES/DOS/Tag Team Wrestling.zip	original del juego, catalogado; la copia descomprimida está en emu/ROMS/DOS/Tag Team Wrestling/
EXTRAIDO	emu/dos/Tapper.zip	emu/ROMS/DOS/Tapper/	juego de DOS descomprimido para la consola (seguro)
CREADO		emu/ROMS/DOS/Tapper.conf	lanzador de dosbox_svn (seguro: TAPPER.COM)
MOVIDO	emu/dos/Tapper.zip	emu/ORIGINALES/DOS/Tapper.zip	original del juego, catalogado; la copia descomprimida está en emu/ROMS/DOS/Tapper/
EXTRAIDO	emu/dos/Tass Times in Tonetown.zip	emu/ROMS/DOS/Tass Times in Tonetown/	juego de DOS descomprimido para la consola (seguro)
CREADO		emu/ROMS/DOS/Tass Times in Tonetown.conf	lanzador de dosbox_svn (seguro: tass/TASS.EXE)
MOVIDO	emu/dos/Tass Times in Tonetown.zip	emu/ORIGINALES/DOS/Tass Times in Tonetown.zip	original del juego, catalogado; la copia descomprimida está en emu/ROMS/DOS/Tass Times in Tonetown/
EXTRAIDO	emu/dos/Team Suzuki.zip	emu/ROMS/DOS/Team Suzuki/	juego de DOS descomprimido para la consola (seguro)
CREADO		emu/ROMS/DOS/Team Suzuki.conf	lanzador de dosbox_svn (seguro: SUZUKI.EXE)
MOVIDO	emu/dos/Team Suzuki.zip	emu/ORIGINALES/DOS/Team Suzuki.zip	original del juego, catalogado; la copia descomprimida está en emu/ROMS/DOS/Team Suzuki/
EXTRAIDO	emu/dos/Teenage Mutant Ninja Turtles 2 - The Arcade Game.zip	emu/ROMS/DOS/Teenage Mutant Ninja Turtles 2 - The Arcade Game/	juego de DOS descomprimido para la consola (seguro)
CREADO		emu/ROMS/DOS/Teenage Mutant Ninja Turtles 2 - The Arcade Game.conf	lanzador de dosbox_svn (seguro: TURTLES.EXE)
MOVIDO	emu/dos/Teenage Mutant Ninja Turtles 2 - The Arcade Game.zip	emu/ORIGINALES/DOS/Teenage Mutant Ninja Turtles 2 - The Arcade Game.zip	original del juego, catalogado; la copia descomprimida está en emu/ROMS/DOS/Teenage Mutant Ninja Turtles 2 - The Arcade Game/
EXTRAIDO	emu/dos/Teenage Mutant Ninja Turtles.zip	emu/ROMS/DOS/Teenage Mutant Ninja Turtles/	juego de DOS descomprimido para la consola (dudoso)
CREADO		emu/ROMS/DOS/Teenage Mutant Ninja Turtles.conf	lanzador de dosbox_svn (dudoso: tmnt/GO.BAT)
MOVIDO	emu/dos/Teenage Mutant Ninja Turtles.zip	emu/ORIGINALES/DOS/Teenage Mutant Ninja Turtles.zip	original del juego, catalogado; la copia descomprimida está en emu/ROMS/DOS/Teenage Mutant Ninja Turtles/
EXTRAIDO	emu/dos/Telengard.zip	emu/ROMS/DOS/Telengard/	juego de DOS descomprimido para la consola (dudoso)
CREADO		emu/ROMS/DOS/Telengard.conf	lanzador de dosbox_svn (dudoso: TELEN.EXE)
MOVIDO	emu/dos/Telengard.zip	emu/ORIGINALES/DOS/Telengard.zip	original del juego, catalogado; la copia descomprimida está en emu/ROMS/DOS/Telengard/
EXTRAIDO	emu/dos/Tempest 2000.zip	emu/ROMS/DOS/Tempest 2000/	juego de DOS descomprimido para la consola (seguro)
CREADO		emu/ROMS/DOS/Tempest 2000.conf	lanzador de dosbox_svn (seguro: tempest/TEMPEST.EXE)
MOVIDO	emu/dos/Tempest 2000.zip	emu/ORIGINALES/DOS/Tempest 2000.zip	original del juego, catalogado; la copia descomprimida está en emu/ROMS/DOS/Tempest 2000/
EXTRAIDO	emu/dos/Temple of Apshai Trilogy.zip	emu/ROMS/DOS/Temple of Apshai Trilogy/	juego de DOS descomprimido para la consola (seguro)
CREADO		emu/ROMS/DOS/Temple of Apshai Trilogy.conf	lanzador de dosbox_svn (seguro: TRILOGY.COM)
MOVIDO	emu/dos/Temple of Apshai Trilogy.zip	emu/ORIGINALES/DOS/Temple of Apshai Trilogy.zip	original del juego, catalogado; la copia descomprimida está en emu/ROMS/DOS/Temple of Apshai Trilogy/
EXTRAIDO	emu/dos/Tennis Cup 2.zip	emu/ROMS/DOS/Tennis Cup 2/	juego de DOS descomprimido para la consola (dudoso)
CREADO		emu/ROMS/DOS/Tennis Cup 2.conf	lanzador de dosbox_svn (dudoso: T.EXE)
MOVIDO	emu/dos/Tennis Cup 2.zip	emu/ORIGINALES/DOS/Tennis Cup 2.zip	original del juego, catalogado; la copia descomprimida está en emu/ROMS/DOS/Tennis Cup 2/
EXTRAIDO	emu/dos/Tennis Cup.zip	emu/ROMS/DOS/Tennis Cup/	juego de DOS descomprimido para la consola (seguro)
CREADO		emu/ROMS/DOS/Tennis Cup.conf	lanzador de dosbox_svn (seguro: TENIS.EXE)
MOVIDO	emu/dos/Tennis Cup.zip	emu/ORIGINALES/DOS/Tennis Cup.zip	original del juego, catalogado; la copia descomprimida está en emu/ROMS/DOS/Tennis Cup/
EXTRAIDO	emu/dos/Tennis PC.zip	emu/ROMS/DOS/Tennis PC/	juego de DOS descomprimido para la consola (seguro)
CREADO		emu/ROMS/DOS/Tennis PC.conf	lanzador de dosbox_svn (seguro: tennispc.exe)
MOVIDO	emu/dos/Tennis PC.zip	emu/ORIGINALES/DOS/Tennis PC.zip	original del juego, catalogado; la copia descomprimida está en emu/ROMS/DOS/Tennis PC/
EXTRAIDO	emu/dos/Terminator 2 - The Judgment Day.zip	emu/ROMS/DOS/Terminator 2 - The Judgment Day/	juego de DOS descomprimido para la consola (seguro)
CREADO		emu/ROMS/DOS/Terminator 2 - The Judgment Day.conf	lanzador de dosbox_svn (seguro: T2-JD/TERM.EXE)
MOVIDO	emu/dos/Terminator 2 - The Judgment Day.zip	emu/ORIGINALES/DOS/Terminator 2 - The Judgment Day.zip	original del juego, catalogado; la copia descomprimida está en emu/ROMS/DOS/Terminator 2 - The Judgment Day/
EXTRAIDO	emu/dos/Test Drive.zip	emu/ROMS/DOS/Test Drive/	juego de DOS descomprimido para la consola (seguro)
CREADO		emu/ROMS/DOS/Test Drive.conf	lanzador de dosbox_svn (seguro: TDCGA.EXE)
MOVIDO	emu/dos/Test Drive.zip	emu/ORIGINALES/DOS/Test Drive.zip	original del juego, catalogado; la copia descomprimida está en emu/ROMS/DOS/Test Drive/
EXTRAIDO	emu/dos/Tetris Classic.zip	emu/ROMS/DOS/Tetris Classic/	juego de DOS descomprimido para la consola (seguro)
CREADO		emu/ROMS/DOS/Tetris Classic.conf	lanzador de dosbox_svn (seguro: TETRISC.EXE)
MOVIDO	emu/dos/Tetris Classic.zip	emu/ORIGINALES/DOS/Tetris Classic.zip	original del juego, catalogado; la copia descomprimida está en emu/ROMS/DOS/Tetris Classic/
EXTRAIDO	emu/dos/Tetris.zip	emu/ROMS/DOS/Tetris/	juego de DOS descomprimido para la consola (seguro)
CREADO		emu/ROMS/DOS/Tetris.conf	lanzador de dosbox_svn (seguro: Tetris.bat)
MOVIDO	emu/dos/Tetris.zip	emu/ORIGINALES/DOS/Tetris.zip	original del juego, catalogado; la copia descomprimida está en emu/ROMS/DOS/Tetris/
EXTRAIDO	emu/dos/The Adventures of Maddog Williams.zip	emu/ROMS/DOS/The Adventures of Maddog Williams/	juego de DOS descomprimido para la consola (seguro)
CREADO		emu/ROMS/DOS/The Adventures of Maddog Williams.conf	lanzador de dosbox_svn (seguro: maddogwi/MADDOG.BAT)
MOVIDO	emu/dos/The Adventures of Maddog Williams.zip	emu/ORIGINALES/DOS/The Adventures of Maddog Williams.zip	original del juego, catalogado; la copia descomprimida está en emu/ROMS/DOS/The Adventures of Maddog Williams/
EXTRAIDO	emu/dos/The Alpine Encounter.zip	emu/ROMS/DOS/The Alpine Encounter/	juego de DOS descomprimido para la consola (seguro)
CREADO		emu/ROMS/DOS/The Alpine Encounter.conf	lanzador de dosbox_svn (seguro: alpine/START.COM)
MOVIDO	emu/dos/The Alpine Encounter.zip	emu/ORIGINALES/DOS/The Alpine Encounter.zip	original del juego, catalogado; la copia descomprimida está en emu/ROMS/DOS/The Alpine Encounter/
EXTRAIDO	emu/dos/The Amazing Spider-man.zip	emu/ROMS/DOS/The Amazing Spider-man/	juego de DOS descomprimido para la consola (seguro)
CREADO		emu/ROMS/DOS/The Amazing Spider-man.conf	lanzador de dosbox_svn (seguro: SPIDEY.EXE)
MOVIDO	emu/dos/The Amazing Spider-man.zip	emu/ORIGINALES/DOS/The Amazing Spider-man.zip	original del juego, catalogado; la copia descomprimida está en emu/ROMS/DOS/The Amazing Spider-man/
EXTRAIDO	emu/dos/The Beverly Hillbillies.zip	emu/ROMS/DOS/The Beverly Hillbillies/	juego de DOS descomprimido para la consola (dudoso)
CREADO		emu/ROMS/DOS/The Beverly Hillbillies.conf	lanzador de dosbox_svn (dudoso: hb/hb.exe)
MOVIDO	emu/dos/The Beverly Hillbillies.zip	emu/ORIGINALES/DOS/The Beverly Hillbillies.zip	original del juego, catalogado; la copia descomprimida está en emu/ROMS/DOS/The Beverly Hillbillies/
EXTRAIDO	emu/dos/The Black Cauldron.zip	emu/ROMS/SCUMMVM/The Black Cauldron/	juego de DOS descomprimido para la consola (scummvm)
CREADO		emu/ROMS/SCUMMVM/The Black Cauldron/The Black Cauldron.scummvm	lanzador de ScummVM (id bc)
MOVIDO	emu/dos/The Black Cauldron.zip	emu/ORIGINALES/DOS/The Black Cauldron.zip	original del juego, catalogado; la copia descomprimida está en emu/ROMS/SCUMMVM/The Black Cauldron/
EXTRAIDO	emu/dos/The Bugs Bunny Hare-Brained Adventure.zip	emu/ROMS/DOS/The Bugs Bunny Hare-Brained Adventure/	juego de DOS descomprimido para la consola (seguro)
CREADO		emu/ROMS/DOS/The Bugs Bunny Hare-Brained Adventure.conf	lanzador de dosbox_svn (seguro: BUGS.EXE)
MOVIDO	emu/dos/The Bugs Bunny Hare-Brained Adventure.zip	emu/ORIGINALES/DOS/The Bugs Bunny Hare-Brained Adventure.zip	original del juego, catalogado; la copia descomprimida está en emu/ROMS/DOS/The Bugs Bunny Hare-Brained Adventure/
EXTRAIDO	emu/dos/The Chaos Engine.zip	emu/ROMS/DOS/The Chaos Engine/	juego de DOS descomprimido para la consola (seguro)
CREADO		emu/ROMS/DOS/The Chaos Engine.conf	lanzador de dosbox_svn (seguro: CHAOS.EXE)
MOVIDO	emu/dos/The Chaos Engine.zip	emu/ORIGINALES/DOS/The Chaos Engine.zip	original del juego, catalogado; la copia descomprimida está en emu/ROMS/DOS/The Chaos Engine/
EXTRAIDO	emu/dos/The Civil War.zip	emu/ROMS/DOS/The Civil War/	juego de DOS descomprimido para la consola (seguro)
CREADO		emu/ROMS/DOS/The Civil War.conf	lanzador de dosbox_svn (seguro: CIVIL.BAT)
MOVIDO	emu/dos/The Civil War.zip	emu/ORIGINALES/DOS/The Civil War.zip	original del juego, catalogado; la copia descomprimida está en emu/ROMS/DOS/The Civil War/
EXTRAIDO	emu/dos/The Clue!.zip	emu/ROMS/DOS/The Clue!/	juego de DOS descomprimido para la consola (seguro)
CREADO		emu/ROMS/DOS/The Clue!.conf	lanzador de dosbox_svn (seguro: clue/clueinst.exe)
MOVIDO	emu/dos/The Clue!.zip	emu/ORIGINALES/DOS/The Clue!.zip	original del juego, catalogado; la copia descomprimida está en emu/ROMS/DOS/The Clue!/
EXTRAIDO	emu/dos/The Dam Busters.zip	emu/ROMS/DOS/The Dam Busters/	juego de DOS descomprimido para la consola (seguro)
CREADO		emu/ROMS/DOS/The Dam Busters.conf	lanzador de dosbox_svn (seguro: thedambusters.exe)
MOVIDO	emu/dos/The Dam Busters.zip	emu/ORIGINALES/DOS/The Dam Busters.zip	original del juego, catalogado; la copia descomprimida está en emu/ROMS/DOS/The Dam Busters/
EXTRAIDO	emu/dos/The Dark Half.zip	emu/ROMS/DOS/The Dark Half/	juego de DOS descomprimido para la consola (dudoso)
CREADO		emu/ROMS/DOS/The Dark Half.conf	lanzador de dosbox_svn (dudoso: darkhalf/DH.BAT)
MOVIDO	emu/dos/The Dark Half.zip	emu/ORIGINALES/DOS/The Dark Half.zip	original del juego, catalogado; la copia descomprimida está en emu/ROMS/DOS/The Dark Half/
EXTRAIDO	emu/dos/The Dark Queen of Krynn.zip	emu/ROMS/DOS/The Dark Queen of Krynn/	juego de DOS descomprimido para la consola (dudoso)
CREADO		emu/ROMS/DOS/The Dark Queen of Krynn.conf	lanzador de dosbox_svn (dudoso: DQK.EXE)
MOVIDO	emu/dos/The Dark Queen of Krynn.zip	emu/ORIGINALES/DOS/The Dark Queen of Krynn.zip	original del juego, catalogado; la copia descomprimida está en emu/ROMS/DOS/The Dark Queen of Krynn/
EXTRAIDO	emu/dos/The Dark heart of Uukrul.zip	emu/ROMS/DOS/The Dark heart of Uukrul/	juego de DOS descomprimido para la consola (seguro)
CREADO		emu/ROMS/DOS/The Dark heart of Uukrul.conf	lanzador de dosbox_svn (seguro: UUKRUL.EXE)
MOVIDO	emu/dos/The Dark heart of Uukrul.zip	emu/ORIGINALES/DOS/The Dark heart of Uukrul.zip	original del juego, catalogado; la copia descomprimida está en emu/ROMS/DOS/The Dark heart of Uukrul/
EXTRAIDO	emu/dos/The Even More Incredible Machine.zip	emu/ROMS/DOS/The Even More Incredible Machine/	juego de DOS descomprimido para la consola (seguro)
CREADO		emu/ROMS/DOS/The Even More Incredible Machine.conf	lanzador de dosbox_svn (seguro: TIM.EXE)
MOVIDO	emu/dos/The Even More Incredible Machine.zip	emu/ORIGINALES/DOS/The Even More Incredible Machine.zip	original del juego, catalogado; la copia descomprimida está en emu/ROMS/DOS/The Even More Incredible Machine/
EXTRAIDO	emu/dos/The Final Conflict.zip	emu/ROMS/DOS/The Final Conflict/	juego de DOS descomprimido para la consola (dudoso)
CREADO		emu/ROMS/DOS/The Final Conflict.conf	lanzador de dosbox_svn (dudoso: finalcon/e.exe)
MOVIDO	emu/dos/The Final Conflict.zip	emu/ORIGINALES/DOS/The Final Conflict.zip	original del juego, catalogado; la copia descomprimida está en emu/ROMS/DOS/The Final Conflict/
EXTRAIDO	emu/dos/The Fool's Errand.zip	emu/ROMS/DOS/The Fool's Errand/	juego de DOS descomprimido para la consola (seguro)
CREADO		emu/ROMS/DOS/The Fool's Errand.conf	lanzador de dosbox_svn (seguro: FOOL.BAT)
MOVIDO	emu/dos/The Fool's Errand.zip	emu/ORIGINALES/DOS/The Fool's Errand.zip	original del juego, catalogado; la copia descomprimida está en emu/ROMS/DOS/The Fool's Errand/
EXTRAIDO	emu/dos/The Gene Machine.zip	emu/ROMS/DOS/The Gene Machine/	juego de DOS descomprimido para la consola (seguro)
CREADO		emu/ROMS/DOS/The Gene Machine.conf	lanzador de dosbox_svn (seguro: Gene/GENE.BAT)
MOVIDO	emu/dos/The Gene Machine.zip	emu/ORIGINALES/DOS/The Gene Machine.zip	original del juego, catalogado; la copia descomprimida está en emu/ROMS/DOS/The Gene Machine/
EXTRAIDO	emu/dos/The Great Escape.zip	emu/ROMS/DOS/The Great Escape/	juego de DOS descomprimido para la consola (seguro)
CREADO		emu/ROMS/DOS/The Great Escape.conf	lanzador de dosbox_svn (seguro: greatesc/ESCAPE.BAT)
MOVIDO	emu/dos/The Great Escape.zip	emu/ORIGINALES/DOS/The Great Escape.zip	original del juego, catalogado; la copia descomprimida está en emu/ROMS/DOS/The Great Escape/
EXTRAIDO	emu/dos/The Guild of Thieves.zip	emu/ROMS/DOS/The Guild of Thieves/	juego de DOS descomprimido para la consola (seguro)
CREADO		emu/ROMS/DOS/The Guild of Thieves.conf	lanzador de dosbox_svn (seguro: guild/GUILD.BAT)
MOVIDO	emu/dos/The Guild of Thieves.zip	emu/ORIGINALES/DOS/The Guild of Thieves.zip	original del juego, catalogado; la copia descomprimida está en emu/ROMS/DOS/The Guild of Thieves/
EXTRAIDO	emu/dos/The Hobbit.zip	emu/ROMS/DOS/The Hobbit/	juego de DOS descomprimido para la consola (seguro)
CREADO		emu/ROMS/DOS/The Hobbit.conf	lanzador de dosbox_svn (seguro: Hobbit.com)
MOVIDO	emu/dos/The Hobbit.zip	emu/ORIGINALES/DOS/The Hobbit.zip	original del juego, catalogado; la copia descomprimida está en emu/ROMS/DOS/The Hobbit/
EXTRAIDO	emu/dos/The Holy Grail.zip	emu/ROMS/DOS/The Holy Grail/	juego de DOS descomprimido para la consola (seguro)
CREADO		emu/ROMS/DOS/The Holy Grail.conf	lanzador de dosbox_svn (seguro: GRAIL.COM)
MOVIDO	emu/dos/The Holy Grail.zip	emu/ORIGINALES/DOS/The Holy Grail.zip	original del juego, catalogado; la copia descomprimida está en emu/ROMS/DOS/The Holy Grail/
EXTRAIDO	emu/dos/The Horde.zip	emu/ROMS/DOS/The Horde/	juego de DOS descomprimido para la consola (seguro)
CREADO		emu/ROMS/DOS/The Horde.conf	lanzador de dosbox_svn (seguro: HORDE.EXE)
MOVIDO	emu/dos/The Horde.zip	emu/ORIGINALES/DOS/The Horde.zip	original del juego, catalogado; la copia descomprimida está en emu/ROMS/DOS/The Horde/
EXTRAIDO	emu/dos/The Hunt for Red October.zip	emu/ROMS/DOS/The Hunt for Red October/	juego de DOS descomprimido para la consola (dudoso)
CREADO		emu/ROMS/DOS/The Hunt for Red October.conf	lanzador de dosbox_svn (dudoso: HFRO.EXE)
MOVIDO	emu/dos/The Hunt for Red October.zip	emu/ORIGINALES/DOS/The Hunt for Red October.zip	original del juego, catalogado; la copia descomprimida está en emu/ROMS/DOS/The Hunt for Red October/
EXTRAIDO	emu/dos/The Immortal.zip	emu/ROMS/DOS/The Immortal/	juego de DOS descomprimido para la consola (seguro)
CREADO		emu/ROMS/DOS/The Immortal.conf	lanzador de dosbox_svn (seguro: IMMORTAL.EXE)
MOVIDO	emu/dos/The Immortal.zip	emu/ORIGINALES/DOS/The Immortal.zip	original del juego, catalogado; la copia descomprimida está en emu/ROMS/DOS/The Immortal/
EXTRAIDO	emu/dos/The Incredible Machine.zip	emu/ROMS/DOS/The Incredible Machine/	juego de DOS descomprimido para la consola (seguro)
CREADO		emu/ROMS/DOS/The Incredible Machine.conf	lanzador de dosbox_svn (seguro: tim/RUNME.BAT)
MOVIDO	emu/dos/The Incredible Machine.zip	emu/ORIGINALES/DOS/The Incredible Machine.zip	original del juego, catalogado; la copia descomprimida está en emu/ROMS/DOS/The Incredible Machine/
EXTRAIDO	emu/dos/The Keys to Maramon.zip	emu/ROMS/DOS/The Keys to Maramon/	juego de DOS descomprimido para la consola (seguro)
CREADO		emu/ROMS/DOS/The Keys to Maramon.conf	lanzador de dosbox_svn (seguro: KM.EXE)
MOVIDO	emu/dos/The Keys to Maramon.zip	emu/ORIGINALES/DOS/The Keys to Maramon.zip	original del juego, catalogado; la copia descomprimida está en emu/ROMS/DOS/The Keys to Maramon/
EXTRAIDO	emu/dos/The King of Chicago.zip	emu/ROMS/DOS/The King of Chicago/	juego de DOS descomprimido para la consola (dudoso)
CREADO		emu/ROMS/DOS/The King of Chicago.conf	lanzador de dosbox_svn (dudoso: kofc/KING.BAT)
MOVIDO	emu/dos/The King of Chicago.zip	emu/ORIGINALES/DOS/The King of Chicago.zip	original del juego, catalogado; la copia descomprimida está en emu/ROMS/DOS/The King of Chicago/
EXTRAIDO	emu/dos/The Last Mission.zip	emu/ROMS/DOS/The Last Mission/	juego de DOS descomprimido para la consola (seguro)
CREADO		emu/ROMS/DOS/The Last Mission.conf	lanzador de dosbox_svn (seguro: lastmission.exe)
MOVIDO	emu/dos/The Last Mission.zip	emu/ORIGINALES/DOS/The Last Mission.zip	original del juego, catalogado; la copia descomprimida está en emu/ROMS/DOS/The Last Mission/
EXTRAIDO	emu/dos/The Lion King.zip	emu/ROMS/DOS/The Lion King/	juego de DOS descomprimido para la consola (seguro)
CREADO		emu/ROMS/DOS/The Lion King.conf	lanzador de dosbox_svn (seguro: LIONKING.EXE)
MOVIDO	emu/dos/The Lion King.zip	emu/ORIGINALES/DOS/The Lion King.zip	original del juego, catalogado; la copia descomprimida está en emu/ROMS/DOS/The Lion King/
EXTRAIDO	emu/dos/The Lost Admiral.zip	emu/ROMS/DOS/The Lost Admiral/	juego de DOS descomprimido para la consola (seguro)
CREADO		emu/ROMS/DOS/The Lost Admiral.conf	lanzador de dosbox_svn (seguro: ATSEA.EXE)
MOVIDO	emu/dos/The Lost Admiral.zip	emu/ORIGINALES/DOS/The Lost Admiral.zip	original del juego, catalogado; la copia descomprimida está en emu/ROMS/DOS/The Lost Admiral/
EXTRAIDO	emu/dos/The Lost Dutchman Mine.zip	emu/ROMS/DOS/The Lost Dutchman Mine/	juego de DOS descomprimido para la consola (dudoso)
CREADO		emu/ROMS/DOS/The Lost Dutchman Mine.conf	lanzador de dosbox_svn (dudoso: LDM.EXE)
MOVIDO	emu/dos/The Lost Dutchman Mine.zip	emu/ORIGINALES/DOS/The Lost Dutchman Mine.zip	original del juego, catalogado; la copia descomprimida está en emu/ROMS/DOS/The Lost Dutchman Mine/
EXTRAIDO	emu/dos/The Lost Tribe.zip	emu/ROMS/DOS/The Lost Tribe/	juego de DOS descomprimido para la consola (seguro)
CREADO		emu/ROMS/DOS/The Lost Tribe.conf	lanzador de dosbox_svn (seguro: TRIBE.EXE)
MOVIDO	emu/dos/The Lost Tribe.zip	emu/ORIGINALES/DOS/The Lost Tribe.zip	original del juego, catalogado; la copia descomprimida está en emu/ROMS/DOS/The Lost Tribe/
EXTRAIDO	emu/dos/The Lost Vikings.zip	emu/ROMS/DOS/The Lost Vikings/	juego de DOS descomprimido para la consola (seguro)
CREADO		emu/ROMS/DOS/The Lost Vikings.conf	lanzador de dosbox_svn (seguro: VIKINGS.EXE)
MOVIDO	emu/dos/The Lost Vikings.zip	emu/ORIGINALES/DOS/The Lost Vikings.zip	original del juego, catalogado; la copia descomprimida está en emu/ROMS/DOS/The Lost Vikings/
EXTRAIDO	emu/dos/The Lurking Horror.zip	emu/ROMS/DOS/The Lurking Horror/	juego de DOS descomprimido para la consola (seguro)
CREADO		emu/ROMS/DOS/The Lurking Horror.conf	lanzador de dosbox_svn (seguro: lurking/lurking.bat)
MOVIDO	emu/dos/The Lurking Horror.zip	emu/ORIGINALES/DOS/The Lurking Horror.zip	original del juego, catalogado; la copia descomprimida está en emu/ROMS/DOS/The Lurking Horror/
EXTRAIDO	emu/dos/The Oregon Trail.zip	emu/ROMS/DOS/The Oregon Trail/	juego de DOS descomprimido para la consola (seguro)
CREADO		emu/ROMS/DOS/The Oregon Trail.conf	lanzador de dosbox_svn (seguro: OREGON.EXE)
MOVIDO	emu/dos/The Oregon Trail.zip	emu/ORIGINALES/DOS/The Oregon Trail.zip	original del juego, catalogado; la copia descomprimida está en emu/ROMS/DOS/The Oregon Trail/
EXTRAIDO	emu/dos/The Patrician.zip	emu/ROMS/DOS/The Patrician/	juego de DOS descomprimido para la consola (dudoso)
CREADO		emu/ROMS/DOS/The Patrician.conf	lanzador de dosbox_svn (dudoso: PATR.EXE)
MOVIDO	emu/dos/The Patrician.zip	emu/ORIGINALES/DOS/The Patrician.zip	original del juego, catalogado; la copia descomprimida está en emu/ROMS/DOS/The Patrician/
EXTRAIDO	emu/dos/The Pawn.zip	emu/ROMS/DOS/The Pawn/	juego de DOS descomprimido para la consola (dudoso)
CREADO		emu/ROMS/DOS/The Pawn.conf	lanzador de dosbox_svn (dudoso: MAGNETIC.EXE)
MOVIDO	emu/dos/The Pawn.zip	emu/ORIGINALES/DOS/The Pawn.zip	original del juego, catalogado; la copia descomprimida está en emu/ROMS/DOS/The Pawn/
EXTRAIDO	emu/dos/The Punisher.zip	emu/ROMS/DOS/The Punisher/	juego de DOS descomprimido para la consola (dudoso)
CREADO		emu/ROMS/DOS/The Punisher.conf	lanzador de dosbox_svn (dudoso: Runme.bat)
MOVIDO	emu/dos/The Punisher.zip	emu/ORIGINALES/DOS/The Punisher.zip	original del juego, catalogado; la copia descomprimida está en emu/ROMS/DOS/The Punisher/
EXTRAIDO	emu/dos/The Scoop.zip	emu/ROMS/DOS/The Scoop/	juego de DOS descomprimido para la consola (seguro)
CREADO		emu/ROMS/DOS/The Scoop.conf	lanzador de dosbox_svn (seguro: SCOOP.EXE)
MOVIDO	emu/dos/The Scoop.zip	emu/ORIGINALES/DOS/The Scoop.zip	original del juego, catalogado; la copia descomprimida está en emu/ROMS/DOS/The Scoop/
EXTRAIDO	emu/dos/The Scrabble.zip	emu/ROMS/DOS/The Scrabble/	juego de DOS descomprimido para la consola (dudoso)
CREADO		emu/ROMS/DOS/The Scrabble.conf	lanzador de dosbox_svn (dudoso: SCRABBLC.EXE)
MOVIDO	emu/dos/The Scrabble.zip	emu/ORIGINALES/DOS/The Scrabble.zip	original del juego, catalogado; la copia descomprimida está en emu/ROMS/DOS/The Scrabble/
EXTRAIDO	emu/dos/The Sentinel.zip	emu/ROMS/DOS/The Sentinel/	juego de DOS descomprimido para la consola (seguro)
CREADO		emu/ROMS/DOS/The Sentinel.conf	lanzador de dosbox_svn (seguro: SENTINEL.EXE)
MOVIDO	emu/dos/The Sentinel.zip	emu/ORIGINALES/DOS/The Sentinel.zip	original del juego, catalogado; la copia descomprimida está en emu/ROMS/DOS/The Sentinel/
EXTRAIDO	emu/dos/The Simpsons - Bart vs. The Space Mutants.zip	emu/ROMS/DOS/The Simpsons - Bart vs. The Space Mutants/	juego de DOS descomprimido para la consola (seguro)
CREADO		emu/ROMS/DOS/The Simpsons - Bart vs. The Space Mutants.conf	lanzador de dosbox_svn (seguro: PRG/SIMPSONS.EXE)
MOVIDO	emu/dos/The Simpsons - Bart vs. The Space Mutants.zip	emu/ORIGINALES/DOS/The Simpsons - Bart vs. The Space Mutants.zip	original del juego, catalogado; la copia descomprimida está en emu/ROMS/DOS/The Simpsons - Bart vs. The Space Mutants/
EXTRAIDO	emu/dos/The Slugger.zip	emu/ROMS/DOS/The Slugger/	juego de DOS descomprimido para la consola (seguro)
CREADO		emu/ROMS/DOS/The Slugger.conf	lanzador de dosbox_svn (seguro: slugger/SLUGGER.COM)
MOVIDO	emu/dos/The Slugger.zip	emu/ORIGINALES/DOS/The Slugger.zip	original del juego, catalogado; la copia descomprimida está en emu/ROMS/DOS/The Slugger/
EXTRAIDO	emu/dos/The Third Courier.zip	emu/ROMS/DOS/The Third Courier/	juego de DOS descomprimido para la consola (seguro)
CREADO		emu/ROMS/DOS/The Third Courier.conf	lanzador de dosbox_svn (seguro: COURIER.BAT)
MOVIDO	emu/dos/The Third Courier.zip	emu/ORIGINALES/DOS/The Third Courier.zip	original del juego, catalogado; la copia descomprimida está en emu/ROMS/DOS/The Third Courier/
EXTRAIDO	emu/dos/The Universal Military Simulator (UMS).zip	emu/ROMS/DOS/The Universal Military Simulator (UMS)/	juego de DOS descomprimido para la consola (seguro)
CREADO		emu/ROMS/DOS/The Universal Military Simulator (UMS).conf	lanzador de dosbox_svn (seguro: UMS1/UMS.EXE)
MOVIDO	emu/dos/The Universal Military Simulator (UMS).zip	emu/ORIGINALES/DOS/The Universal Military Simulator (UMS).zip	original del juego, catalogado; la copia descomprimida está en emu/ROMS/DOS/The Universal Military Simulator (UMS)/
EXTRAIDO	emu/dos/The Warp Factor.zip	emu/ROMS/DOS/The Warp Factor/	juego de DOS descomprimido para la consola (seguro)
CREADO		emu/ROMS/DOS/The Warp Factor.conf	lanzador de dosbox_svn (seguro: warp/RUNME.BAT)
MOVIDO	emu/dos/The Warp Factor.zip	emu/ORIGINALES/DOS/The Warp Factor.zip	original del juego, catalogado; la copia descomprimida está en emu/ROMS/DOS/The Warp Factor/
EXTRAIDO	emu/dos/The four crystals of Trazere.zip	emu/ROMS/DOS/The four crystals of Trazere/	juego de DOS descomprimido para la consola (seguro)
CREADO		emu/ROMS/DOS/The four crystals of Trazere.conf	lanzador de dosbox_svn (seguro: TRAZERE/TRAZERE.BAT)
MOVIDO	emu/dos/The four crystals of Trazere.zip	emu/ORIGINALES/DOS/The four crystals of Trazere.zip	original del juego, catalogado; la copia descomprimida está en emu/ROMS/DOS/The four crystals of Trazere/
EXTRAIDO	emu/dos/Theatre of Death.zip	emu/ROMS/DOS/Theatre of Death/	juego de DOS descomprimido para la consola (dudoso)
CREADO		emu/ROMS/DOS/Theatre of Death.conf	lanzador de dosbox_svn (dudoso: TOD/TOD.EXE)
MOVIDO	emu/dos/Theatre of Death.zip	emu/ORIGINALES/DOS/Theatre of Death.zip	original del juego, catalogado; la copia descomprimida está en emu/ROMS/DOS/Theatre of Death/
EXTRAIDO	emu/dos/Thexder.zip	emu/ROMS/DOS/Thexder/	juego de DOS descomprimido para la consola (seguro)
CREADO		emu/ROMS/DOS/Thexder.conf	lanzador de dosbox_svn (seguro: thexder.exe)
MOVIDO	emu/dos/Thexder.zip	emu/ORIGINALES/DOS/Thexder.zip	original del juego, catalogado; la copia descomprimida está en emu/ROMS/DOS/Thexder/
EXTRAIDO	emu/dos/Tie Break.zip	emu/ROMS/DOS/Tie Break/	juego de DOS descomprimido para la consola (seguro)
CREADO		emu/ROMS/DOS/Tie Break.conf	lanzador de dosbox_svn (seguro: TIEBREAK.EXE)
MOVIDO	emu/dos/Tie Break.zip	emu/ORIGINALES/DOS/Tie Break.zip	original del juego, catalogado; la copia descomprimida está en emu/ROMS/DOS/Tie Break/
EXTRAIDO	emu/dos/Time Bandit.zip	emu/ROMS/DOS/Time Bandit/	juego de DOS descomprimido para la consola (seguro)
CREADO		emu/ROMS/DOS/Time Bandit.conf	lanzador de dosbox_svn (seguro: timeb/BANDIT.EXE)
MOVIDO	emu/dos/Time Bandit.zip	emu/ORIGINALES/DOS/Time Bandit.zip	original del juego, catalogado; la copia descomprimida está en emu/ROMS/DOS/Time Bandit/
EXTRAIDO	emu/dos/Time Riders in American History.zip	emu/ROMS/DOS/Time Riders in American History/	juego de DOS descomprimido para la consola (seguro)
CREADO		emu/ROMS/DOS/Time Riders in American History.conf	lanzador de dosbox_svn (seguro: triders/TR.EXE)
MOVIDO	emu/dos/Time Riders in American History.zip	emu/ORIGINALES/DOS/Time Riders in American History.zip	original del juego, catalogado; la copia descomprimida está en emu/ROMS/DOS/Time Riders in American History/
EXTRAIDO	emu/dos/Times of Lore.zip	emu/ROMS/DOS/Times of Lore/	juego de DOS descomprimido para la consola (dudoso)
CREADO		emu/ROMS/DOS/Times of Lore.conf	lanzador de dosbox_svn (dudoso: RUNME.BAT)
MOVIDO	emu/dos/Times of Lore.zip	emu/ORIGINALES/DOS/Times of Lore.zip	original del juego, catalogado; la copia descomprimida está en emu/ROMS/DOS/Times of Lore/
EXTRAIDO	emu/dos/Tintin on the Moon.zip	emu/ROMS/DOS/Tintin on the Moon/	juego de DOS descomprimido para la consola (seguro)
CREADO		emu/ROMS/DOS/Tintin on the Moon.conf	lanzador de dosbox_svn (seguro: tintin/TATOU.COM)
MOVIDO	emu/dos/Tintin on the Moon.zip	emu/ORIGINALES/DOS/Tintin on the Moon.zip	original del juego, catalogado; la copia descomprimida está en emu/ROMS/DOS/Tintin on the Moon/
EXTRAIDO	emu/dos/Tom & Jerry.zip	emu/ROMS/DOS/Tom & Jerry/	juego de DOS descomprimido para la consola (seguro)
CREADO		emu/ROMS/DOS/Tom & Jerry.conf	lanzador de dosbox_svn (seguro: tj.exe)
MOVIDO	emu/dos/Tom & Jerry.zip	emu/ORIGINALES/DOS/Tom & Jerry.zip	original del juego, catalogado; la copia descomprimida está en emu/ROMS/DOS/Tom & Jerry/
EXTRAIDO	emu/dos/Tomahawk.zip	emu/ROMS/DOS/Tomahawk/	juego de DOS descomprimido para la consola (seguro)
CREADO		emu/ROMS/DOS/Tomahawk.conf	lanzador de dosbox_svn (seguro: tomahawk.exe)
MOVIDO	emu/dos/Tomahawk.zip	emu/ORIGINALES/DOS/Tomahawk.zip	original del juego, catalogado; la copia descomprimida está en emu/ROMS/DOS/Tomahawk/
EXTRAIDO	emu/dos/Top Gun.zip	emu/ROMS/DOS/Top Gun/	juego de DOS descomprimido para la consola (dudoso)
CREADO		emu/ROMS/DOS/Top Gun.conf	lanzador de dosbox_svn (dudoso: Topgun.exe)
MOVIDO	emu/dos/Top Gun.zip	emu/ORIGINALES/DOS/Top Gun.zip	original del juego, catalogado; la copia descomprimida está en emu/ROMS/DOS/Top Gun/
EXTRAIDO	emu/dos/Total Eclipse.zip	emu/ROMS/DOS/Total Eclipse/	juego de DOS descomprimido para la consola (seguro)
CREADO		emu/ROMS/DOS/Total Eclipse.conf	lanzador de dosbox_svn (seguro: total/TOTAL.EXE)
MOVIDO	emu/dos/Total Eclipse.zip	emu/ORIGINALES/DOS/Total Eclipse.zip	original del juego, catalogado; la copia descomprimida está en emu/ROMS/DOS/Total Eclipse/
EXTRAIDO	emu/dos/Toyota Celica GT Rally.zip	emu/ROMS/DOS/Toyota Celica GT Rally/	juego de DOS descomprimido para la consola (dudoso)
CREADO		emu/ROMS/DOS/Toyota Celica GT Rally.conf	lanzador de dosbox_svn (dudoso: RALLY.EXE)
MOVIDO	emu/dos/Toyota Celica GT Rally.zip	emu/ORIGINALES/DOS/Toyota Celica GT Rally.zip	original del juego, catalogado; la copia descomprimida está en emu/ROMS/DOS/Toyota Celica GT Rally/
EXTRAIDO	emu/dos/Traffic Department 2192.zip	emu/ROMS/DOS/Traffic Department 2192/	juego de DOS descomprimido para la consola (instalar)
CREADO		emu/ROMS/DOS/Traffic Department 2192.conf	lanzador de dosbox_svn (instalar: sin ejecutable)
MOVIDO	emu/dos/Traffic Department 2192.zip	emu/ORIGINALES/DOS/Traffic Department 2192.zip	original del juego, catalogado; la copia descomprimida está en emu/ROMS/DOS/Traffic Department 2192/
EXTRAIDO	emu/dos/Trains.zip	emu/ROMS/DOS/Trains/	juego de DOS descomprimido para la consola (seguro)
CREADO		emu/ROMS/DOS/Trains.conf	lanzador de dosbox_svn (seguro: trains/TRN.COM)
MOVIDO	emu/dos/Trains.zip	emu/ORIGINALES/DOS/Trains.zip	original del juego, catalogado; la copia descomprimida está en emu/ROMS/DOS/Trains/
EXTRAIDO	emu/dos/Transarctica.zip	emu/ROMS/DOS/Transarctica/	juego de DOS descomprimido para la consola (seguro)
CREADO		emu/ROMS/DOS/Transarctica.conf	lanzador de dosbox_svn (seguro: TRANSA/START.EXE)
MOVIDO	emu/dos/Transarctica.zip	emu/ORIGINALES/DOS/Transarctica.zip	original del juego, catalogado; la copia descomprimida está en emu/ROMS/DOS/Transarctica/
EXTRAIDO	emu/dos/Transport Tycoon Deluxe (for Windows).zip	emu/ROMS/DOS/Transport Tycoon Deluxe (for Windows)/	juego de DOS descomprimido para la consola (dudoso)
CREADO		emu/ROMS/DOS/Transport Tycoon Deluxe (for Windows).conf	lanzador de dosbox_svn (dudoso: Spanish.exe)
MOVIDO	emu/dos/Transport Tycoon Deluxe (for Windows).zip	emu/ORIGINALES/DOS/Transport Tycoon Deluxe (for Windows).zip	original del juego, catalogado; la copia descomprimida está en emu/ROMS/DOS/Transport Tycoon Deluxe (for Windows)/
EXTRAIDO	emu/dos/Transport Tycoon.zip	emu/ROMS/DOS/Transport Tycoon/	juego de DOS descomprimido para la consola (seguro)
CREADO		emu/ROMS/DOS/Transport Tycoon.conf	lanzador de dosbox_svn (seguro: Tycoon.exe)
MOVIDO	emu/dos/Transport Tycoon.zip	emu/ORIGINALES/DOS/Transport Tycoon.zip	original del juego, catalogado; la copia descomprimida está en emu/ROMS/DOS/Transport Tycoon/
EXTRAIDO	emu/dos/Treasure Island.zip	emu/ROMS/DOS/Treasure Island/	juego de DOS descomprimido para la consola (seguro)
CREADO		emu/ROMS/DOS/Treasure Island.conf	lanzador de dosbox_svn (seguro: TRI.EXE)
MOVIDO	emu/dos/Treasure Island.zip	emu/ORIGINALES/DOS/Treasure Island.zip	original del juego, catalogado; la copia descomprimida está en emu/ROMS/DOS/Treasure Island/
EXTRAIDO	emu/dos/Treasure Trap.zip	emu/ROMS/DOS/Treasure Trap/	juego de DOS descomprimido para la consola (dudoso)
CREADO		emu/ROMS/DOS/Treasure Trap.conf	lanzador de dosbox_svn (dudoso: TT.EXE)
MOVIDO	emu/dos/Treasure Trap.zip	emu/ORIGINALES/DOS/Treasure Trap.zip	original del juego, catalogado; la copia descomprimida está en emu/ROMS/DOS/Treasure Trap/
EXTRAIDO	emu/dos/Trinity.zip	emu/ROMS/DOS/Trinity/	juego de DOS descomprimido para la consola (seguro)
CREADO		emu/ROMS/DOS/Trinity.conf	lanzador de dosbox_svn (seguro: trinity.bat)
MOVIDO	emu/dos/Trinity.zip	emu/ORIGINALES/DOS/Trinity.zip	original del juego, catalogado; la copia descomprimida está en emu/ROMS/DOS/Trinity/
EXTRAIDO	emu/dos/Trog!.zip	emu/ROMS/DOS/Trog!/	juego de DOS descomprimido para la consola (dudoso)
CREADO		emu/ROMS/DOS/Trog!.conf	lanzador de dosbox_svn (dudoso: trog/TROG.BAT)
MOVIDO	emu/dos/Trog!.zip	emu/ORIGINALES/DOS/Trog!.zip	original del juego, catalogado; la copia descomprimida está en emu/ROMS/DOS/Trog!/
EXTRAIDO	emu/dos/Troll's Tale.zip	emu/ROMS/DOS/Troll's Tale/	juego de DOS descomprimido para la consola (seguro)
CREADO		emu/ROMS/DOS/Troll's Tale.conf	lanzador de dosbox_svn (seguro: troll/TROLL.EXE)
MOVIDO	emu/dos/Troll's Tale.zip	emu/ORIGINALES/DOS/Troll's Tale.zip	original del juego, catalogado; la copia descomprimida está en emu/ROMS/DOS/Troll's Tale/
EXTRAIDO	emu/dos/Trolls.zip	emu/ROMS/DOS/Trolls/	juego de DOS descomprimido para la consola (seguro)
CREADO		emu/ROMS/DOS/Trolls.conf	lanzador de dosbox_svn (seguro: TROLLS.EXE)
MOVIDO	emu/dos/Trolls.zip	emu/ORIGINALES/DOS/Trolls.zip	original del juego, catalogado; la copia descomprimida está en emu/ROMS/DOS/Trolls/
EXTRAIDO	emu/dos/Tubular Worlds.zip	emu/ROMS/DOS/Tubular Worlds/	juego de DOS descomprimido para la consola (dudoso)
CREADO		emu/ROMS/DOS/Tubular Worlds.conf	lanzador de dosbox_svn (dudoso: PART2.EXE)
MOVIDO	emu/dos/Tubular Worlds.zip	emu/ORIGINALES/DOS/Tubular Worlds.zip	original del juego, catalogado; la copia descomprimida está en emu/ROMS/DOS/Tubular Worlds/
EXTRAIDO	emu/dos/Tunnels of Armageddon.zip	emu/ROMS/DOS/Tunnels of Armageddon/	juego de DOS descomprimido para la consola (seguro)
CREADO		emu/ROMS/DOS/Tunnels of Armageddon.conf	lanzador de dosbox_svn (seguro: TUNNELS.EXE)
MOVIDO	emu/dos/Tunnels of Armageddon.zip	emu/ORIGINALES/DOS/Tunnels of Armageddon.zip	original del juego, catalogado; la copia descomprimida está en emu/ROMS/DOS/Tunnels of Armageddon/
EXTRAIDO	emu/dos/Turbo Cup.zip	emu/ROMS/DOS/Turbo Cup/	juego de DOS descomprimido para la consola (seguro)
CREADO		emu/ROMS/DOS/Turbo Cup.conf	lanzador de dosbox_svn (seguro: turbocup/TURBO.EXE)
MOVIDO	emu/dos/Turbo Cup.zip	emu/ORIGINALES/DOS/Turbo Cup.zip	original del juego, catalogado; la copia descomprimida está en emu/ROMS/DOS/Turbo Cup/
EXTRAIDO	emu/dos/Turbo Outrun.zip	emu/ROMS/DOS/Turbo Outrun/	juego de DOS descomprimido para la consola (seguro)
CREADO		emu/ROMS/DOS/Turbo Outrun.conf	lanzador de dosbox_svn (seguro: toutrun/OUTRUN.COM)
MOVIDO	emu/dos/Turbo Outrun.zip	emu/ORIGINALES/DOS/Turbo Outrun.zip	original del juego, catalogado; la copia descomprimida está en emu/ROMS/DOS/Turbo Outrun/
EXTRAIDO	emu/dos/Twilight Zone.zip	emu/ROMS/DOS/Twilight Zone/	juego de DOS descomprimido para la consola (dudoso)
CREADO		emu/ROMS/DOS/Twilight Zone.conf	lanzador de dosbox_svn (dudoso: TZone/TZ.BAT)
MOVIDO	emu/dos/Twilight Zone.zip	emu/ORIGINALES/DOS/Twilight Zone.zip	original del juego, catalogado; la copia descomprimida está en emu/ROMS/DOS/Twilight Zone/
EXTRAIDO	emu/dos/Typhoon of Steel.zip	emu/ROMS/DOS/Typhoon of Steel/	juego de DOS descomprimido para la consola (dudoso)
CREADO		emu/ROMS/DOS/Typhoon of Steel.conf	lanzador de dosbox_svn (dudoso: typhoon/TYPHOONE.EXE)
MOVIDO	emu/dos/Typhoon of Steel.zip	emu/ORIGINALES/DOS/Typhoon of Steel.zip	original del juego, catalogado; la copia descomprimida está en emu/ROMS/DOS/Typhoon of Steel/
EXTRAIDO	emu/dos/Tyrian 2000.zip	emu/ROMS/DOS/Tyrian 2000/	juego de DOS descomprimido para la consola (dudoso)
CREADO		emu/ROMS/DOS/Tyrian 2000.conf	lanzador de dosbox_svn (dudoso: tyrian2.exe)
MOVIDO	emu/dos/Tyrian 2000.zip	emu/ORIGINALES/DOS/Tyrian 2000.zip	original del juego, catalogado; la copia descomprimida está en emu/ROMS/DOS/Tyrian 2000/
EXTRAIDO	emu/dos/UFO - Enemy Unknown.zip	emu/ROMS/DOS/UFO - Enemy Unknown/	juego de DOS descomprimido para la consola (seguro)
CREADO		emu/ROMS/DOS/UFO - Enemy Unknown.conf	lanzador de dosbox_svn (seguro: UFO.exe)
MOVIDO	emu/dos/UFO - Enemy Unknown.zip	emu/ORIGINALES/DOS/UFO - Enemy Unknown.zip	original del juego, catalogado; la copia descomprimida está en emu/ROMS/DOS/UFO - Enemy Unknown/
EXTRAIDO	emu/dos/UMS II - Nations at War.zip	emu/ROMS/DOS/UMS II - Nations at War/	juego de DOS descomprimido para la consola (seguro)
CREADO		emu/ROMS/DOS/UMS II - Nations at War.conf	lanzador de dosbox_svn (seguro: ums2/Umsii.bat)
MOVIDO	emu/dos/UMS II - Nations at War.zip	emu/ORIGINALES/DOS/UMS II - Nations at War.zip	original del juego, catalogado; la copia descomprimida está en emu/ROMS/DOS/UMS II - Nations at War/
EXTRAIDO	emu/dos/Ugh!.zip	emu/ROMS/DOS/Ugh!/	juego de DOS descomprimido para la consola (seguro)
CREADO		emu/ROMS/DOS/Ugh!.conf	lanzador de dosbox_svn (seguro: UGH.EXE)
MOVIDO	emu/dos/Ugh!.zip	emu/ORIGINALES/DOS/Ugh!.zip	original del juego, catalogado; la copia descomprimida está en emu/ROMS/DOS/Ugh!/
EXTRAIDO	emu/dos/Ultima - Worlds of Adventure 2 - Martian Dreams.zip	emu/ROMS/DOS/Ultima - Worlds of Adventure 2 - Martian Dreams/	juego de DOS descomprimido para la consola (dudoso)
CREADO		emu/ROMS/DOS/Ultima - Worlds of Adventure 2 - Martian Dreams.conf	lanzador de dosbox_svn (dudoso: martian/GAME.EXE)
MOVIDO	emu/dos/Ultima - Worlds of Adventure 2 - Martian Dreams.zip	emu/ORIGINALES/DOS/Ultima - Worlds of Adventure 2 - Martian Dreams.zip	original del juego, catalogado; la copia descomprimida está en emu/ROMS/DOS/Ultima - Worlds of Adventure 2 - Martian Dreams/
EXTRAIDO	emu/dos/Ultima Underworld - The Stygian Abyss.zip	emu/ROMS/DOS/Ultima Underworld - The Stygian Abyss/	juego de DOS descomprimido para la consola (dudoso)
CREADO		emu/ROMS/DOS/Ultima Underworld - The Stygian Abyss.conf	lanzador de dosbox_svn (dudoso: UW.EXE)
MOVIDO	emu/dos/Ultima Underworld - The Stygian Abyss.zip	emu/ORIGINALES/DOS/Ultima Underworld - The Stygian Abyss.zip	original del juego, catalogado; la copia descomprimida está en emu/ROMS/DOS/Ultima Underworld - The Stygian Abyss/
EXTRAIDO	emu/dos/Ultima Underworld 2 - Labyrinth of Worlds.zip	emu/ROMS/DOS/Ultima Underworld 2 - Labyrinth of Worlds/	juego de DOS descomprimido para la consola (dudoso)
CREADO		emu/ROMS/DOS/Ultima Underworld 2 - Labyrinth of Worlds.conf	lanzador de dosbox_svn (dudoso: UW2.EXE)
MOVIDO	emu/dos/Ultima Underworld 2 - Labyrinth of Worlds.zip	emu/ORIGINALES/DOS/Ultima Underworld 2 - Labyrinth of Worlds.zip	original del juego, catalogado; la copia descomprimida está en emu/ROMS/DOS/Ultima Underworld 2 - Labyrinth of Worlds/
EXTRAIDO	emu/dos/Ultima V - Warriors of Destiny.zip	emu/ROMS/DOS/Ultima V - Warriors of Destiny/	juego de DOS descomprimido para la consola (seguro)
CREADO		emu/ROMS/DOS/Ultima V - Warriors of Destiny.conf	lanzador de dosbox_svn (seguro: ULTIMAV/ULTIMA.EXE)
MOVIDO	emu/dos/Ultima V - Warriors of Destiny.zip	emu/ORIGINALES/DOS/Ultima V - Warriors of Destiny.zip	original del juego, catalogado; la copia descomprimida está en emu/ROMS/DOS/Ultima V - Warriors of Destiny/
EXTRAIDO	emu/dos/Ultima VI - The False Prophet.zip	emu/ROMS/DOS/Ultima VI - The False Prophet/	juego de DOS descomprimido para la consola (dudoso)
CREADO		emu/ROMS/DOS/Ultima VI - The False Prophet.conf	lanzador de dosbox_svn (dudoso: GAME.EXE)
MOVIDO	emu/dos/Ultima VI - The False Prophet.zip	emu/ORIGINALES/DOS/Ultima VI - The False Prophet.zip	original del juego, catalogado; la copia descomprimida está en emu/ROMS/DOS/Ultima VI - The False Prophet/
EXTRAIDO	emu/dos/Uncharted Waters 2 - New Horizons.zip	emu/ROMS/DOS/Uncharted Waters 2 - New Horizons/	juego de DOS descomprimido para la consola (dudoso)
CREADO		emu/ROMS/DOS/Uncharted Waters 2 - New Horizons.conf	lanzador de dosbox_svn (dudoso: MAIN.EXE)
MOVIDO	emu/dos/Uncharted Waters 2 - New Horizons.zip	emu/ORIGINALES/DOS/Uncharted Waters 2 - New Horizons.zip	original del juego, catalogado; la copia descomprimida está en emu/ROMS/DOS/Uncharted Waters 2 - New Horizons/
EXTRAIDO	emu/dos/Uncharted Waters.zip	emu/ROMS/DOS/Uncharted Waters/	juego de DOS descomprimido para la consola (dudoso)
CREADO		emu/ROMS/DOS/Uncharted Waters.conf	lanzador de dosbox_svn (dudoso: waters/MAIN.EXE)
MOVIDO	emu/dos/Uncharted Waters.zip	emu/ORIGINALES/DOS/Uncharted Waters.zip	original del juego, catalogado; la copia descomprimida está en emu/ROMS/DOS/Uncharted Waters/
EXTRAIDO	emu/dos/Under Fire!.zip	emu/ROMS/DOS/Under Fire!/	juego de DOS descomprimido para la consola (seguro)
CREADO		emu/ROMS/DOS/Under Fire!.conf	lanzador de dosbox_svn (seguro: UF.BAT)
MOVIDO	emu/dos/Under Fire!.zip	emu/ORIGINALES/DOS/Under Fire!.zip	original del juego, catalogado; la copia descomprimida está en emu/ROMS/DOS/Under Fire!/
EXTRAIDO	emu/dos/Universe 3.zip	emu/ROMS/DOS/Universe 3/	juego de DOS descomprimido para la consola (dudoso)
CREADO		emu/ROMS/DOS/Universe 3.conf	lanzador de dosbox_svn (dudoso: U3.EXE)
MOVIDO	emu/dos/Universe 3.zip	emu/ORIGINALES/DOS/Universe 3.zip	original del juego, catalogado; la copia descomprimida está en emu/ROMS/DOS/Universe 3/
EXTRAIDO	emu/dos/Universe.zip	emu/ROMS/DOS/Universe/	juego de DOS descomprimido para la consola (dudoso)
CREADO		emu/ROMS/DOS/Universe.conf	lanzador de dosbox_svn (dudoso: flight.exe)
MOVIDO	emu/dos/Universe.zip	emu/ORIGINALES/DOS/Universe.zip	original del juego, catalogado; la copia descomprimida está en emu/ROMS/DOS/Universe/
EXTRAIDO	emu/dos/Up Periscope.zip	emu/ROMS/DOS/Up Periscope/	juego de DOS descomprimido para la consola (dudoso)
CREADO		emu/ROMS/DOS/Up Periscope.conf	lanzador de dosbox_svn (dudoso: SUB.EXE)
MOVIDO	emu/dos/Up Periscope.zip	emu/ORIGINALES/DOS/Up Periscope.zip	original del juego, catalogado; la copia descomprimida está en emu/ROMS/DOS/Up Periscope/
EXTRAIDO	emu/dos/Uridium.zip	emu/ROMS/DOS/Uridium/	juego de DOS descomprimido para la consola (seguro)
CREADO		emu/ROMS/DOS/Uridium.conf	lanzador de dosbox_svn (seguro: URIDIUM.EXE)
MOVIDO	emu/dos/Uridium.zip	emu/ORIGINALES/DOS/Uridium.zip	original del juego, catalogado; la copia descomprimida está en emu/ROMS/DOS/Uridium/
EXTRAIDO	emu/dos/VR Soccer '96.zip	emu/ROMS/DOS/VR Soccer '96/	juego de DOS descomprimido para la consola (seguro)
CREADO		emu/ROMS/DOS/VR Soccer '96.conf	lanzador de dosbox_svn (seguro: vrsoccer/PLAY.BAT)
MOVIDO	emu/dos/VR Soccer '96.zip	emu/ORIGINALES/DOS/VR Soccer '96.zip	original del juego, catalogado; la copia descomprimida está en emu/ROMS/DOS/VR Soccer '96/
EXTRAIDO	emu/dos/Vaxine.zip	emu/ROMS/DOS/Vaxine/	juego de DOS descomprimido para la consola (seguro)
CREADO		emu/ROMS/DOS/Vaxine.conf	lanzador de dosbox_svn (seguro: VAXINE.EXE)
MOVIDO	emu/dos/Vaxine.zip	emu/ORIGINALES/DOS/Vaxine.zip	original del juego, catalogado; la copia descomprimida está en emu/ROMS/DOS/Vaxine/
EXTRAIDO	emu/dos/Vectorball.zip	emu/ROMS/DOS/Vectorball/	juego de DOS descomprimido para la consola (seguro)
CREADO		emu/ROMS/DOS/Vectorball.conf	lanzador de dosbox_svn (seguro: vectorb/Vec.exe)
MOVIDO	emu/dos/Vectorball.zip	emu/ORIGINALES/DOS/Vectorball.zip	original del juego, catalogado; la copia descomprimida está en emu/ROMS/DOS/Vectorball/
EXTRAIDO	emu/dos/Veil of Darkness.zip	emu/ROMS/DOS/Veil of Darkness/	juego de DOS descomprimido para la consola (seguro)
CREADO		emu/ROMS/DOS/Veil of Darkness.conf	lanzador de dosbox_svn (seguro: veilofd/VEIL.COM)
MOVIDO	emu/dos/Veil of Darkness.zip	emu/ORIGINALES/DOS/Veil of Darkness.zip	original del juego, catalogado; la copia descomprimida está en emu/ROMS/DOS/Veil of Darkness/
EXTRAIDO	emu/dos/Vengeance of Excalibur.zip	emu/ROMS/DOS/Vengeance of Excalibur/	juego de DOS descomprimido para la consola (dudoso)
CREADO		emu/ROMS/DOS/Vengeance of Excalibur.conf	lanzador de dosbox_svn (dudoso: VoE/VEX.EXE)
MOVIDO	emu/dos/Vengeance of Excalibur.zip	emu/ORIGINALES/DOS/Vengeance of Excalibur.zip	original del juego, catalogado; la copia descomprimida está en emu/ROMS/DOS/Vengeance of Excalibur/
EXTRAIDO	emu/dos/Vette!.zip	emu/ROMS/DOS/Vette!/	juego de DOS descomprimido para la consola (seguro)
CREADO		emu/ROMS/DOS/Vette!.conf	lanzador de dosbox_svn (seguro: vette/VETTE.EXE)
MOVIDO	emu/dos/Vette!.zip	emu/ORIGINALES/DOS/Vette!.zip	original del juego, catalogado; la copia descomprimida está en emu/ROMS/DOS/Vette!/
EXTRAIDO	emu/dos/Virtual Pool.zip	emu/ROMS/DOS/Virtual Pool/	juego de DOS descomprimido para la consola (seguro)
CREADO		emu/ROMS/DOS/Virtual Pool.conf	lanzador de dosbox_svn (seguro: POOL.EXE)
MOVIDO	emu/dos/Virtual Pool.zip	emu/ORIGINALES/DOS/Virtual Pool.zip	original del juego, catalogado; la copia descomprimida está en emu/ROMS/DOS/Virtual Pool/
EXTRAIDO	emu/dos/Volfied.zip	emu/ROMS/DOS/Volfied/	juego de DOS descomprimido para la consola (seguro)
CREADO		emu/ROMS/DOS/Volfied.conf	lanzador de dosbox_svn (seguro: VOLF.EXE)
MOVIDO	emu/dos/Volfied.zip	emu/ORIGINALES/DOS/Volfied.zip	original del juego, catalogado; la copia descomprimida está en emu/ROMS/DOS/Volfied/
EXTRAIDO	emu/dos/Voodoo Island.zip	emu/ROMS/DOS/Voodoo Island/	juego de DOS descomprimido para la consola (seguro)
CREADO		emu/ROMS/DOS/Voodoo Island.conf	lanzador de dosbox_svn (seguro: voodoo/VOODOO.BAT)
MOVIDO	emu/dos/Voodoo Island.zip	emu/ORIGINALES/DOS/Voodoo Island.zip	original del juego, catalogado; la copia descomprimida está en emu/ROMS/DOS/Voodoo Island/
EXTRAIDO	emu/dos/Vulcan.zip	emu/ROMS/DOS/Vulcan/	juego de DOS descomprimido para la consola (seguro)
CREADO		emu/ROMS/DOS/Vulcan.conf	lanzador de dosbox_svn (seguro: Vulcan.exe)
MOVIDO	emu/dos/Vulcan.zip	emu/ORIGINALES/DOS/Vulcan.zip	original del juego, catalogado; la copia descomprimida está en emu/ROMS/DOS/Vulcan/
EXTRAIDO	emu/dos/WWF Wrestlemania.zip	emu/ROMS/DOS/WWF Wrestlemania/	juego de DOS descomprimido para la consola (seguro)
CREADO		emu/ROMS/DOS/WWF Wrestlemania.conf	lanzador de dosbox_svn (seguro: wwf/WWF.EXE)
MOVIDO	emu/dos/WWF Wrestlemania.zip	emu/ORIGINALES/DOS/WWF Wrestlemania.zip	original del juego, catalogado; la copia descomprimida está en emu/ROMS/DOS/WWF Wrestlemania/
EXTRAIDO	emu/dos/WWF in your House.zip	emu/ROMS/DOS/WWF in your House/	juego de DOS descomprimido para la consola (seguro)
CREADO		emu/ROMS/DOS/WWF in your House.conf	lanzador de dosbox_svn (seguro: wwfhouse/WWFIYH.EXE)
MOVIDO	emu/dos/WWF in your House.zip	emu/ORIGINALES/DOS/WWF in your House.zip	original del juego, catalogado; la copia descomprimida está en emu/ROMS/DOS/WWF in your House/
EXTRAIDO	emu/dos/Walls of Rome.zip	emu/ROMS/DOS/Walls of Rome/	juego de DOS descomprimido para la consola (seguro)
CREADO		emu/ROMS/DOS/Walls of Rome.conf	lanzador de dosbox_svn (seguro: WALLS.BAT)
MOVIDO	emu/dos/Walls of Rome.zip	emu/ORIGINALES/DOS/Walls of Rome.zip	original del juego, catalogado; la copia descomprimida está en emu/ROMS/DOS/Walls of Rome/
EXTRAIDO	emu/dos/War of the Lance.zip	emu/ROMS/DOS/War of the Lance/	juego de DOS descomprimido para la consola (seguro)
CREADO		emu/ROMS/DOS/War of the Lance.conf	lanzador de dosbox_svn (seguro: START.EXE)
MOVIDO	emu/dos/War of the Lance.zip	emu/ORIGINALES/DOS/War of the Lance.zip	original del juego, catalogado; la copia descomprimida está en emu/ROMS/DOS/War of the Lance/
EXTRAIDO	emu/dos/Warcraft.zip	emu/ROMS/DOS/Warcraft/	juego de DOS descomprimido para la consola (dudoso)
CREADO		emu/ROMS/DOS/Warcraft.conf	lanzador de dosbox_svn (dudoso: WAR.EXE)
MOVIDO	emu/dos/Warcraft.zip	emu/ORIGINALES/DOS/Warcraft.zip	original del juego, catalogado; la copia descomprimida está en emu/ROMS/DOS/Warcraft/
EXTRAIDO	emu/dos/Warlords 2.zip	emu/ROMS/DOS/Warlords 2/	juego de DOS descomprimido para la consola (dudoso)
CREADO		emu/ROMS/DOS/Warlords 2.conf	lanzador de dosbox_svn (dudoso: START.EXE)
MOVIDO	emu/dos/Warlords 2.zip	emu/ORIGINALES/DOS/Warlords 2.zip	original del juego, catalogado; la copia descomprimida está en emu/ROMS/DOS/Warlords 2/
EXTRAIDO	emu/dos/Warlords.zip	emu/ROMS/DOS/Warlords/	juego de DOS descomprimido para la consola (seguro)
CREADO		emu/ROMS/DOS/Warlords.conf	lanzador de dosbox_svn (seguro: warlords/WARLORDS.EXE)
MOVIDO	emu/dos/Warlords.zip	emu/ORIGINALES/DOS/Warlords.zip	original del juego, catalogado; la copia descomprimida está en emu/ROMS/DOS/Warlords/
EXTRAIDO	emu/dos/Wasteland.zip	emu/ROMS/DOS/Wasteland/	juego de DOS descomprimido para la consola (seguro)
CREADO		emu/ROMS/DOS/Wasteland.conf	lanzador de dosbox_svn (seguro: wl.exe)
MOVIDO	emu/dos/Wasteland.zip	emu/ORIGINALES/DOS/Wasteland.zip	original del juego, catalogado; la copia descomprimida está en emu/ROMS/DOS/Wasteland/
EXTRAIDO	emu/dos/Wayne's World.zip	emu/ROMS/DOS/Wayne's World/	juego de DOS descomprimido para la consola (dudoso)
CREADO		emu/ROMS/DOS/Wayne's World.conf	lanzador de dosbox_svn (dudoso: Wayne/WW.EXE)
MOVIDO	emu/dos/Wayne's World.zip	emu/ORIGINALES/DOS/Wayne's World.zip	original del juego, catalogado; la copia descomprimida está en emu/ROMS/DOS/Wayne's World/
EXTRAIDO	emu/dos/Ween - The Prophecy.zip	emu/ROMS/SCUMMVM/Ween - The Prophecy/	juego de DOS descomprimido para la consola (scummvm)
CREADO		emu/ROMS/SCUMMVM/Ween - The Prophecy/ween/Ween - The Prophecy.scummvm	lanzador de ScummVM (id ween)
MOVIDO	emu/dos/Ween - The Prophecy.zip	emu/ORIGINALES/DOS/Ween - The Prophecy.zip	original del juego, catalogado; la copia descomprimida está en emu/ROMS/SCUMMVM/Ween - The Prophecy/
EXTRAIDO	emu/dos/Weird Dreams.zip	emu/ROMS/DOS/Weird Dreams/	juego de DOS descomprimido para la consola (seguro)
CREADO		emu/ROMS/DOS/Weird Dreams.conf	lanzador de dosbox_svn (seguro: weirdd/Weird.exe)
MOVIDO	emu/dos/Weird Dreams.zip	emu/ORIGINALES/DOS/Weird Dreams.zip	original del juego, catalogado; la copia descomprimida está en emu/ROMS/DOS/Weird Dreams/
EXTRAIDO	emu/dos/Welltris.zip	emu/ROMS/DOS/Welltris/	juego de DOS descomprimido para la consola (seguro)
CREADO		emu/ROMS/DOS/Welltris.conf	lanzador de dosbox_svn (seguro: welltris/Welltris.exe)
MOVIDO	emu/dos/Welltris.zip	emu/ORIGINALES/DOS/Welltris.zip	original del juego, catalogado; la copia descomprimida está en emu/ROMS/DOS/Welltris/
EXTRAIDO	emu/dos/Whale's Voyage.zip	emu/ROMS/DOS/Whale's Voyage/	juego de DOS descomprimido para la consola (dudoso)
CREADO		emu/ROMS/DOS/Whale's Voyage.conf	lanzador de dosbox_svn (dudoso: WVOYAGE/WV.EXE)
MOVIDO	emu/dos/Whale's Voyage.zip	emu/ORIGINALES/DOS/Whale's Voyage.zip	original del juego, catalogado; la copia descomprimida está en emu/ROMS/DOS/Whale's Voyage/
EXTRAIDO	emu/dos/Wheel of Fortune.zip	emu/ROMS/DOS/Wheel of Fortune/	juego de DOS descomprimido para la consola (seguro)
CREADO		emu/ROMS/DOS/Wheel of Fortune.conf	lanzador de dosbox_svn (seguro: Start.bat)
MOVIDO	emu/dos/Wheel of Fortune.zip	emu/ORIGINALES/DOS/Wheel of Fortune.zip	original del juego, catalogado; la copia descomprimida está en emu/ROMS/DOS/Wheel of Fortune/
EXTRAIDO	emu/dos/Where in America's past is Carmen Sandiego.zip	emu/ROMS/DOS/Where in America's past is Carmen Sandiego/	juego de DOS descomprimido para la consola (seguro)
CREADO		emu/ROMS/DOS/Where in America's past is Carmen Sandiego.conf	lanzador de dosbox_svn (seguro: carmenap/CARMEN.EXE)
MOVIDO	emu/dos/Where in America's past is Carmen Sandiego.zip	emu/ORIGINALES/DOS/Where in America's past is Carmen Sandiego.zip	original del juego, catalogado; la copia descomprimida está en emu/ROMS/DOS/Where in America's past is Carmen Sandiego/
EXTRAIDO	emu/dos/Where in Europe is Carmen Sandiego.zip	emu/ROMS/DOS/Where in Europe is Carmen Sandiego/	juego de DOS descomprimido para la consola (seguro)
CREADO		emu/ROMS/DOS/Where in Europe is Carmen Sandiego.conf	lanzador de dosbox_svn (seguro: carmeuro/CARMEN.EXE)
MOVIDO	emu/dos/Where in Europe is Carmen Sandiego.zip	emu/ORIGINALES/DOS/Where in Europe is Carmen Sandiego.zip	original del juego, catalogado; la copia descomprimida está en emu/ROMS/DOS/Where in Europe is Carmen Sandiego/
EXTRAIDO	emu/dos/Where in the USA is Carmen Sandiego.zip	emu/ROMS/DOS/Where in the USA is Carmen Sandiego/	juego de DOS descomprimido para la consola (seguro)
CREADO		emu/ROMS/DOS/Where in the USA is Carmen Sandiego.conf	lanzador de dosbox_svn (seguro: carmusa/CARMEN.EXE)
MOVIDO	emu/dos/Where in the USA is Carmen Sandiego.zip	emu/ORIGINALES/DOS/Where in the USA is Carmen Sandiego.zip	original del juego, catalogado; la copia descomprimida está en emu/ROMS/DOS/Where in the USA is Carmen Sandiego/
EXTRAIDO	emu/dos/Where in the World is Carmen Sandiego.zip	emu/ROMS/DOS/Where in the World is Carmen Sandiego/	juego de DOS descomprimido para la consola (dudoso)
CREADO		emu/ROMS/DOS/Where in the World is Carmen Sandiego.conf	lanzador de dosbox_svn (dudoso: CARMEN.BAT)
MOVIDO	emu/dos/Where in the World is Carmen Sandiego.zip	emu/ORIGINALES/DOS/Where in the World is Carmen Sandiego.zip	original del juego, catalogado; la copia descomprimida está en emu/ROMS/DOS/Where in the World is Carmen Sandiego/
EXTRAIDO	emu/dos/Where time stood Still.zip	emu/ROMS/DOS/Where time stood Still/	juego de DOS descomprimido para la consola (seguro)
CREADO		emu/ROMS/DOS/Where time stood Still.conf	lanzador de dosbox_svn (seguro: WTSS.BAT)
MOVIDO	emu/dos/Where time stood Still.zip	emu/ORIGINALES/DOS/Where time stood Still.zip	original del juego, catalogado; la copia descomprimida está en emu/ROMS/DOS/Where time stood Still/
EXTRAIDO	emu/dos/Wing Commander.zip	emu/ROMS/DOS/Wing Commander/	juego de DOS descomprimido para la consola (seguro)
CREADO		emu/ROMS/DOS/Wing Commander.conf	lanzador de dosbox_svn (seguro: wing/WC.EXE)
MOVIDO	emu/dos/Wing Commander.zip	emu/ORIGINALES/DOS/Wing Commander.zip	original del juego, catalogado; la copia descomprimida está en emu/ROMS/DOS/Wing Commander/
EXTRAIDO	emu/dos/Wings of Fury.zip	emu/ROMS/DOS/Wings of Fury/	juego de DOS descomprimido para la consola (seguro)
CREADO		emu/ROMS/DOS/Wings of Fury.conf	lanzador de dosbox_svn (seguro: WINGS.COM)
MOVIDO	emu/dos/Wings of Fury.zip	emu/ORIGINALES/DOS/Wings of Fury.zip	original del juego, catalogado; la copia descomprimida está en emu/ROMS/DOS/Wings of Fury/
EXTRAIDO	emu/dos/Winnie the Pooh - In the hundred acre Wood.zip	emu/ROMS/DOS/Winnie the Pooh - In the hundred acre Wood/	juego de DOS descomprimido para la consola (seguro)
CREADO		emu/ROMS/DOS/Winnie the Pooh - In the hundred acre Wood.conf	lanzador de dosbox_svn (seguro: winpooh/Winnie.exe)
MOVIDO	emu/dos/Winnie the Pooh - In the hundred acre Wood.zip	emu/ORIGINALES/DOS/Winnie the Pooh - In the hundred acre Wood.zip	original del juego, catalogado; la copia descomprimida está en emu/ROMS/DOS/Winnie the Pooh - In the hundred acre Wood/
EXTRAIDO	emu/dos/Winter Games.zip	emu/ROMS/DOS/Winter Games/	juego de DOS descomprimido para la consola (seguro)
CREADO		emu/ROMS/DOS/Winter Games.conf	lanzador de dosbox_svn (seguro: wgames/WINTERG.EXE)
MOVIDO	emu/dos/Winter Games.zip	emu/ORIGINALES/DOS/Winter Games.zip	original del juego, catalogado; la copia descomprimida está en emu/ROMS/DOS/Winter Games/
EXTRAIDO	emu/dos/Winter Olympics - Lillehammer '94.zip	emu/ROMS/DOS/Winter Olympics - Lillehammer '94/	juego de DOS descomprimido para la consola (dudoso)
CREADO		emu/ROMS/DOS/Winter Olympics - Lillehammer '94.conf	lanzador de dosbox_svn (dudoso: WO94/WO94.EXE)
MOVIDO	emu/dos/Winter Olympics - Lillehammer '94.zip	emu/ORIGINALES/DOS/Winter Olympics - Lillehammer '94.zip	original del juego, catalogado; la copia descomprimida está en emu/ROMS/DOS/Winter Olympics - Lillehammer '94/
EXTRAIDO	emu/dos/Wizard Warz.zip	emu/ROMS/DOS/Wizard Warz/	juego de DOS descomprimido para la consola (seguro)
CREADO		emu/ROMS/DOS/Wizard Warz.conf	lanzador de dosbox_svn (seguro: Wizard Warz.exe)
MOVIDO	emu/dos/Wizard Warz.zip	emu/ORIGINALES/DOS/Wizard Warz.zip	original del juego, catalogado; la copia descomprimida está en emu/ROMS/DOS/Wizard Warz/
EXTRAIDO	emu/dos/Wizard of Oz.zip	emu/ROMS/DOS/Wizard of Oz/	juego de DOS descomprimido para la consola (seguro)
CREADO		emu/ROMS/DOS/Wizard of Oz.conf	lanzador de dosbox_svn (seguro: WOZ.EXE)
MOVIDO	emu/dos/Wizard of Oz.zip	emu/ORIGINALES/DOS/Wizard of Oz.zip	original del juego, catalogado; la copia descomprimida está en emu/ROMS/DOS/Wizard of Oz/
EXTRAIDO	emu/dos/Wizball.zip	emu/ROMS/DOS/Wizball/	juego de DOS descomprimido para la consola (seguro)
CREADO		emu/ROMS/DOS/Wizball.conf	lanzador de dosbox_svn (seguro: wizball/WIZBALL.EXE)
MOVIDO	emu/dos/Wizball.zip	emu/ORIGINALES/DOS/Wizball.zip	original del juego, catalogado; la copia descomprimida está en emu/ROMS/DOS/Wizball/
EXTRAIDO	emu/dos/Wolf.zip	emu/ROMS/DOS/Wolf/	juego de DOS descomprimido para la consola (dudoso)
CREADO		emu/ROMS/DOS/Wolf.conf	lanzador de dosbox_svn (dudoso: W.EXE)
MOVIDO	emu/dos/Wolf.zip	emu/ORIGINALES/DOS/Wolf.zip	original del juego, catalogado; la copia descomprimida está en emu/ROMS/DOS/Wolf/
EXTRAIDO	emu/dos/Wolfenstein 3D.zip	emu/ROMS/DOS/Wolfenstein 3D/	juego de DOS descomprimido para la consola (seguro)
CREADO		emu/ROMS/DOS/Wolfenstein 3D.conf	lanzador de dosbox_svn (seguro: WOLF3D.EXE)
MOVIDO	emu/dos/Wolfenstein 3D.zip	emu/ORIGINALES/DOS/Wolfenstein 3D.zip	original del juego, catalogado; la copia descomprimida está en emu/ROMS/DOS/Wolfenstein 3D/
EXTRAIDO	emu/dos/Wolfpack.zip	emu/ROMS/DOS/Wolfpack/	juego de DOS descomprimido para la consola (seguro)
CREADO		emu/ROMS/DOS/Wolfpack.conf	lanzador de dosbox_svn (seguro: wolfpack/WOLFPACK.EXE)
MOVIDO	emu/dos/Wolfpack.zip	emu/ORIGINALES/DOS/Wolfpack.zip	original del juego, catalogado; la copia descomprimida está en emu/ROMS/DOS/Wolfpack/
EXTRAIDO	emu/dos/World Class Leader Board.zip	emu/ROMS/DOS/World Class Leader Board/	juego de DOS descomprimido para la consola (dudoso)
CREADO		emu/ROMS/DOS/World Class Leader Board.conf	lanzador de dosbox_svn (dudoso: wclb/GOLF.EXE)
MOVIDO	emu/dos/World Class Leader Board.zip	emu/ORIGINALES/DOS/World Class Leader Board.zip	original del juego, catalogado; la copia descomprimida está en emu/ROMS/DOS/World Class Leader Board/
EXTRAIDO	emu/dos/World Class Rugby.zip	emu/ROMS/DOS/World Class Rugby/	juego de DOS descomprimido para la consola (seguro)
CREADO		emu/ROMS/DOS/World Class Rugby.conf	lanzador de dosbox_svn (seguro: RUGBY.BAT)
MOVIDO	emu/dos/World Class Rugby.zip	emu/ORIGINALES/DOS/World Class Rugby.zip	original del juego, catalogado; la copia descomprimida está en emu/ROMS/DOS/World Class Rugby/
EXTRAIDO	emu/dos/World Games.zip	emu/ROMS/DOS/World Games/	juego de DOS descomprimido para la consola (seguro)
CREADO		emu/ROMS/DOS/World Games.conf	lanzador de dosbox_svn (seguro: world/WORLD.COM)
MOVIDO	emu/dos/World Games.zip	emu/ORIGINALES/DOS/World Games.zip	original del juego, catalogado; la copia descomprimida está en emu/ROMS/DOS/World Games/
EXTRAIDO	emu/dos/World Karate Championship.zip	emu/ROMS/DOS/World Karate Championship/	juego de DOS descomprimido para la consola (seguro)
CREADO		emu/ROMS/DOS/World Karate Championship.conf	lanzador de dosbox_svn (seguro: KARATE.COM)
MOVIDO	emu/dos/World Karate Championship.zip	emu/ORIGINALES/DOS/World Karate Championship.zip	original del juego, catalogado; la copia descomprimida está en emu/ROMS/DOS/World Karate Championship/
EXTRAIDO	emu/dos/World Tour Golf.zip	emu/ROMS/DOS/World Tour Golf/	juego de DOS descomprimido para la consola (seguro)
CREADO		emu/ROMS/DOS/World Tour Golf.conf	lanzador de dosbox_svn (seguro: golf.exe)
MOVIDO	emu/dos/World Tour Golf.zip	emu/ORIGINALES/DOS/World Tour Golf.zip	original del juego, catalogado; la copia descomprimida está en emu/ROMS/DOS/World Tour Golf/
EXTRAIDO	emu/dos/World at War - Stalingrad.zip	emu/ROMS/DOS/World at War - Stalingrad/	juego de DOS descomprimido para la consola (seguro)
CREADO		emu/ROMS/DOS/World at War - Stalingrad.conf	lanzador de dosbox_svn (seguro: Stalin/STALIN.EXE)
MOVIDO	emu/dos/World at War - Stalingrad.zip	emu/ORIGINALES/DOS/World at War - Stalingrad.zip	original del juego, catalogado; la copia descomprimida está en emu/ROMS/DOS/World at War - Stalingrad/
EXTRAIDO	emu/dos/World of Xeen.zip	emu/ROMS/DOS/World of Xeen/	juego de DOS descomprimido para la consola (dudoso)
CREADO		emu/ROMS/DOS/World of Xeen.conf	lanzador de dosbox_svn (dudoso: Go.bat)
MOVIDO	emu/dos/World of Xeen.zip	emu/ORIGINALES/DOS/World of Xeen.zip	original del juego, catalogado; la copia descomprimida está en emu/ROMS/DOS/World of Xeen/
EXTRAIDO	emu/dos/Worms.zip	emu/ROMS/DOS/Worms/	juego de DOS descomprimido para la consola (seguro)
CREADO		emu/ROMS/DOS/Worms.conf	lanzador de dosbox_svn (seguro: WORMS.BAT)
MOVIDO	emu/dos/Worms.zip	emu/ORIGINALES/DOS/Worms.zip	original del juego, catalogado; la copia descomprimida está en emu/ROMS/DOS/Worms/
EXTRAIDO	emu/dos/Wrath of the Demon.zip	emu/ROMS/DOS/Wrath of the Demon/	juego de DOS descomprimido para la consola (seguro)
CREADO		emu/ROMS/DOS/Wrath of the Demon.conf	lanzador de dosbox_svn (seguro: WRATH/WRATH.BAT)
MOVIDO	emu/dos/Wrath of the Demon.zip	emu/ORIGINALES/DOS/Wrath of the Demon.zip	original del juego, catalogado; la copia descomprimida está en emu/ROMS/DOS/Wrath of the Demon/
EXTRAIDO	emu/dos/X-Com - Apocalypse.zip	emu/ROMS/DOS/X-Com - Apocalypse/	juego de DOS descomprimido para la consola (seguro)
CREADO		emu/ROMS/DOS/X-Com - Apocalypse.conf	lanzador de dosbox_svn (seguro: xcom3/Xcomapoc.exe)
MOVIDO	emu/dos/X-Com - Apocalypse.zip	emu/ORIGINALES/DOS/X-Com - Apocalypse.zip	original del juego, catalogado; la copia descomprimida está en emu/ROMS/DOS/X-Com - Apocalypse/
EXTRAIDO	emu/dos/X-Com - Terror from the Deep.zip	emu/ROMS/DOS/X-Com - Terror from the Deep/	juego de DOS descomprimido para la consola (seguro)
CREADO		emu/ROMS/DOS/X-Com - Terror from the Deep.conf	lanzador de dosbox_svn (seguro: ufo2/TERROR.COM)
MOVIDO	emu/dos/X-Com - Terror from the Deep.zip	emu/ORIGINALES/DOS/X-Com - Terror from the Deep.zip	original del juego, catalogado; la copia descomprimida está en emu/ROMS/DOS/X-Com - Terror from the Deep/
EXTRAIDO	emu/dos/X-Men 2 - The Fall of the Mutants.zip	emu/ROMS/DOS/X-Men 2 - The Fall of the Mutants/	juego de DOS descomprimido para la consola (seguro)
CREADO		emu/ROMS/DOS/X-Men 2 - The Fall of the Mutants.conf	lanzador de dosbox_svn (seguro: XMEN.EXE)
MOVIDO	emu/dos/X-Men 2 - The Fall of the Mutants.zip	emu/ORIGINALES/DOS/X-Men 2 - The Fall of the Mutants.zip	original del juego, catalogado; la copia descomprimida está en emu/ROMS/DOS/X-Men 2 - The Fall of the Mutants/
EXTRAIDO	emu/dos/X-Men Children of the Atom.zip	emu/ROMS/DOS/X-Men Children of the Atom/	juego de DOS descomprimido para la consola (dudoso)
CREADO		emu/ROMS/DOS/X-Men Children of the Atom.conf	lanzador de dosbox_svn (dudoso: XMEN.BAT)
MOVIDO	emu/dos/X-Men Children of the Atom.zip	emu/ORIGINALES/DOS/X-Men Children of the Atom.zip	original del juego, catalogado; la copia descomprimida está en emu/ROMS/DOS/X-Men Children of the Atom/
EXTRAIDO	emu/dos/Xargon.zip	emu/ROMS/DOS/Xargon/	juego de DOS descomprimido para la consola (seguro)
CREADO		emu/ROMS/DOS/Xargon.conf	lanzador de dosbox_svn (seguro: XARGON.BAT)
MOVIDO	emu/dos/Xargon.zip	emu/ORIGINALES/DOS/Xargon.zip	original del juego, catalogado; la copia descomprimida está en emu/ROMS/DOS/Xargon/
EXTRAIDO	emu/dos/Xenon 2 - Megablast.zip	emu/ROMS/DOS/Xenon 2 - Megablast/	juego de DOS descomprimido para la consola (seguro)
CREADO		emu/ROMS/DOS/Xenon 2 - Megablast.conf	lanzador de dosbox_svn (seguro: XENON2.EXE)
MOVIDO	emu/dos/Xenon 2 - Megablast.zip	emu/ORIGINALES/DOS/Xenon 2 - Megablast.zip	original del juego, catalogado; la copia descomprimida está en emu/ROMS/DOS/Xenon 2 - Megablast/
EXTRAIDO	emu/dos/Xenon.zip	emu/ROMS/DOS/Xenon/	juego de DOS descomprimido para la consola (seguro)
CREADO		emu/ROMS/DOS/Xenon.conf	lanzador de dosbox_svn (seguro: XENON.EXE)
MOVIDO	emu/dos/Xenon.zip	emu/ORIGINALES/DOS/Xenon.zip	original del juego, catalogado; la copia descomprimida está en emu/ROMS/DOS/Xenon/
EXTRAIDO	emu/dos/Xiphos.zip	emu/ROMS/DOS/Xiphos/	juego de DOS descomprimido para la consola (dudoso)
CREADO		emu/ROMS/DOS/Xiphos.conf	lanzador de dosbox_svn (dudoso: xiphos/X.EXE)
MOVIDO	emu/dos/Xiphos.zip	emu/ORIGINALES/DOS/Xiphos.zip	original del juego, catalogado; la copia descomprimida está en emu/ROMS/DOS/Xiphos/
EXTRAIDO	emu/dos/Zak McKracken and the Alien Mindbenders.zip	emu/ROMS/SCUMMVM/Zak McKracken and the Alien Mindbenders/	juego de DOS descomprimido para la consola (scummvm)
CREADO		emu/ROMS/SCUMMVM/Zak McKracken and the Alien Mindbenders/zak/Zak McKracken and the Alien Mindbenders.scummvm	lanzador de ScummVM (id zak)
MOVIDO	emu/dos/Zak McKracken and the Alien Mindbenders.zip	emu/ORIGINALES/DOS/Zak McKracken and the Alien Mindbenders.zip	original del juego, catalogado; la copia descomprimida está en emu/ROMS/SCUMMVM/Zak McKracken and the Alien Mindbenders/
EXTRAIDO	emu/dos/Zaxxon.zip	emu/ROMS/DOS/Zaxxon/	juego de DOS descomprimido para la consola (seguro)
CREADO		emu/ROMS/DOS/Zaxxon.conf	lanzador de dosbox_svn (seguro: ZAXXON.COM)
MOVIDO	emu/dos/Zaxxon.zip	emu/ORIGINALES/DOS/Zaxxon.zip	original del juego, catalogado; la copia descomprimida está en emu/ROMS/DOS/Zaxxon/
EXTRAIDO	emu/dos/Zeliard.zip	emu/ROMS/DOS/Zeliard/	juego de DOS descomprimido para la consola (dudoso)
CREADO		emu/ROMS/DOS/Zeliard.conf	lanzador de dosbox_svn (dudoso: zeliard/Z.bat)
MOVIDO	emu/dos/Zeliard.zip	emu/ORIGINALES/DOS/Zeliard.zip	original del juego, catalogado; la copia descomprimida está en emu/ROMS/DOS/Zeliard/
EXTRAIDO	emu/dos/Zeppelin - Giants of the Sky.zip	emu/ROMS/DOS/Zeppelin - Giants of the Sky/	juego de DOS descomprimido para la consola (seguro)
CREADO		emu/ROMS/DOS/Zeppelin - Giants of the Sky.conf	lanzador de dosbox_svn (seguro: ZEPPELIN.EXE)
MOVIDO	emu/dos/Zeppelin - Giants of the Sky.zip	emu/ORIGINALES/DOS/Zeppelin - Giants of the Sky.zip	original del juego, catalogado; la copia descomprimida está en emu/ROMS/DOS/Zeppelin - Giants of the Sky/
EXTRAIDO	emu/dos/Zombi.zip	emu/ROMS/DOS/Zombi/	juego de DOS descomprimido para la consola (seguro)
CREADO		emu/ROMS/DOS/Zombi.conf	lanzador de dosbox_svn (seguro: ZOMBI.COM)
MOVIDO	emu/dos/Zombi.zip	emu/ORIGINALES/DOS/Zombi.zip	original del juego, catalogado; la copia descomprimida está en emu/ROMS/DOS/Zombi/
EXTRAIDO	emu/dos/Zone 66.zip	emu/ROMS/DOS/Zone 66/	juego de DOS descomprimido para la consola (dudoso)
CREADO		emu/ROMS/DOS/Zone 66.conf	lanzador de dosbox_svn (dudoso: zone66/GAME.EXE)
MOVIDO	emu/dos/Zone 66.zip	emu/ORIGINALES/DOS/Zone 66.zip	original del juego, catalogado; la copia descomprimida está en emu/ROMS/DOS/Zone 66/
EXTRAIDO	emu/dos/Zool 2.zip	emu/ROMS/DOS/Zool 2/	juego de DOS descomprimido para la consola (seguro)
CREADO		emu/ROMS/DOS/Zool 2.conf	lanzador de dosbox_svn (seguro: ZOOL2.EXE)
MOVIDO	emu/dos/Zool 2.zip	emu/ORIGINALES/DOS/Zool 2.zip	original del juego, catalogado; la copia descomprimida está en emu/ROMS/DOS/Zool 2/
EXTRAIDO	emu/dos/Zool.zip	emu/ROMS/DOS/Zool/	juego de DOS descomprimido para la consola (dudoso)
CREADO		emu/ROMS/DOS/Zool.conf	lanzador de dosbox_svn (dudoso: ZOOL.EXE)
MOVIDO	emu/dos/Zool.zip	emu/ORIGINALES/DOS/Zool.zip	original del juego, catalogado; la copia descomprimida está en emu/ROMS/DOS/Zool/
EXTRAIDO	emu/dos/Zork 2 - The Wizard of Frobozz.zip	emu/ROMS/DOS/Zork 2 - The Wizard of Frobozz/	juego de DOS descomprimido para la consola (seguro)
CREADO		emu/ROMS/DOS/Zork 2 - The Wizard of Frobozz.conf	lanzador de dosbox_svn (seguro: ZORK2.BAT)
MOVIDO	emu/dos/Zork 2 - The Wizard of Frobozz.zip	emu/ORIGINALES/DOS/Zork 2 - The Wizard of Frobozz.zip	original del juego, catalogado; la copia descomprimida está en emu/ROMS/DOS/Zork 2 - The Wizard of Frobozz/
EXTRAIDO	emu/dos/Zork 3 - The Dungeon Master.zip	emu/ROMS/DOS/Zork 3 - The Dungeon Master/	juego de DOS descomprimido para la consola (seguro)
CREADO		emu/ROMS/DOS/Zork 3 - The Dungeon Master.conf	lanzador de dosbox_svn (seguro: ZORK3.BAT)
MOVIDO	emu/dos/Zork 3 - The Dungeon Master.zip	emu/ORIGINALES/DOS/Zork 3 - The Dungeon Master.zip	original del juego, catalogado; la copia descomprimida está en emu/ROMS/DOS/Zork 3 - The Dungeon Master/
EXTRAIDO	emu/dos/Zork Quest - Assault on Egreth Castle.zip	emu/ROMS/DOS/Zork Quest - Assault on Egreth Castle/	juego de DOS descomprimido para la consola (dudoso)
CREADO		emu/ROMS/DOS/Zork Quest - Assault on Egreth Castle.conf	lanzador de dosbox_svn (dudoso: Runme.bat)
MOVIDO	emu/dos/Zork Quest - Assault on Egreth Castle.zip	emu/ORIGINALES/DOS/Zork Quest - Assault on Egreth Castle.zip	original del juego, catalogado; la copia descomprimida está en emu/ROMS/DOS/Zork Quest - Assault on Egreth Castle/
EXTRAIDO	emu/dos/Zorro.zip	emu/ROMS/DOS/Zorro/	juego de DOS descomprimido para la consola (seguro)
CREADO		emu/ROMS/DOS/Zorro.conf	lanzador de dosbox_svn (seguro: Zorro/ZORRO.EXE)
MOVIDO	emu/dos/Zorro.zip	emu/ORIGINALES/DOS/Zorro.zip	original del juego, catalogado; la copia descomprimida está en emu/ROMS/DOS/Zorro/
EXTRAIDO	emu/dos/Zyll.zip	emu/ROMS/DOS/Zyll/	juego de DOS descomprimido para la consola (seguro)
CREADO		emu/ROMS/DOS/Zyll.conf	lanzador de dosbox_svn (seguro: ZYLL.COM)
MOVIDO	emu/dos/Zyll.zip	emu/ORIGINALES/DOS/Zyll.zip	original del juego, catalogado; la copia descomprimida está en emu/ROMS/DOS/Zyll/
MOVIDO	emu/dos/images/007 - Goldfinger-image.png	emu/MEDIA/DOS/images/007 - Goldfinger-image.png	carátulas, capturas y logos de ScreenScraper
MOVIDO	emu/dos/images/007 - Goldfinger-thumb.png	emu/MEDIA/DOS/images/007 - Goldfinger-thumb.png	carátulas, capturas y logos de ScreenScraper
MOVIDO	emu/dos/images/1000 Miglia-image.png	emu/MEDIA/DOS/images/1000 Miglia-image.png	carátulas, capturas y logos de ScreenScraper
MOVIDO	emu/dos/images/1000 Miglia-marquee.png	emu/MEDIA/DOS/images/1000 Miglia-marquee.png	carátulas, capturas y logos de ScreenScraper
MOVIDO	emu/dos/images/1000 Miglia-thumb.png	emu/MEDIA/DOS/images/1000 Miglia-thumb.png	carátulas, capturas y logos de ScreenScraper
MOVIDO	emu/dos/images/1830 Railroads & Robber Barons-image.png	emu/MEDIA/DOS/images/1830 Railroads & Robber Barons-image.png	carátulas, capturas y logos de ScreenScraper
MOVIDO	emu/dos/images/1830 Railroads & Robber Barons-marquee.png	emu/MEDIA/DOS/images/1830 Railroads & Robber Barons-marquee.png	carátulas, capturas y logos de ScreenScraper
MOVIDO	emu/dos/images/1830 Railroads & Robber Barons-thumb.png	emu/MEDIA/DOS/images/1830 Railroads & Robber Barons-thumb.png	carátulas, capturas y logos de ScreenScraper
MOVIDO	emu/dos/images/1869-image.png	emu/MEDIA/DOS/images/1869-image.png	carátulas, capturas y logos de ScreenScraper
MOVIDO	emu/dos/images/1869-marquee.png	emu/MEDIA/DOS/images/1869-marquee.png	carátulas, capturas y logos de ScreenScraper
MOVIDO	emu/dos/images/1869-thumb.png	emu/MEDIA/DOS/images/1869-thumb.png	carátulas, capturas y logos de ScreenScraper
MOVIDO	emu/dos/images/221B Baker Street-image.png	emu/MEDIA/DOS/images/221B Baker Street-image.png	carátulas, capturas y logos de ScreenScraper
MOVIDO	emu/dos/images/221B Baker Street-marquee.png	emu/MEDIA/DOS/images/221B Baker Street-marquee.png	carátulas, capturas y logos de ScreenScraper
MOVIDO	emu/dos/images/221B Baker Street-thumb.png	emu/MEDIA/DOS/images/221B Baker Street-thumb.png	carátulas, capturas y logos de ScreenScraper
MOVIDO	emu/dos/images/2400 a.d.-image.png	emu/MEDIA/DOS/images/2400 a.d.-image.png	carátulas, capturas y logos de ScreenScraper
MOVIDO	emu/dos/images/2400 a.d.-marquee.png	emu/MEDIA/DOS/images/2400 a.d.-marquee.png	carátulas, capturas y logos de ScreenScraper
MOVIDO	emu/dos/images/2400 a.d.-thumb.png	emu/MEDIA/DOS/images/2400 a.d.-thumb.png	carátulas, capturas y logos de ScreenScraper
MOVIDO	emu/dos/images/3D Pool-image.png	emu/MEDIA/DOS/images/3D Pool-image.png	carátulas, capturas y logos de ScreenScraper
MOVIDO	emu/dos/images/3D Pool-marquee.png	emu/MEDIA/DOS/images/3D Pool-marquee.png	carátulas, capturas y logos de ScreenScraper
MOVIDO	emu/dos/images/3D Pool-thumb.png	emu/MEDIA/DOS/images/3D Pool-thumb.png	carátulas, capturas y logos de ScreenScraper
MOVIDO	emu/dos/images/3D World Boxing-image.png	emu/MEDIA/DOS/images/3D World Boxing-image.png	carátulas, capturas y logos de ScreenScraper
MOVIDO	emu/dos/images/3D World Boxing-marquee.png	emu/MEDIA/DOS/images/3D World Boxing-marquee.png	carátulas, capturas y logos de ScreenScraper
MOVIDO	emu/dos/images/3D World Boxing-thumb.png	emu/MEDIA/DOS/images/3D World Boxing-thumb.png	carátulas, capturas y logos de ScreenScraper
MOVIDO	emu/dos/images/4th Protocol-image.png	emu/MEDIA/DOS/images/4th Protocol-image.png	carátulas, capturas y logos de ScreenScraper
MOVIDO	emu/dos/images/4th Protocol-marquee.png	emu/MEDIA/DOS/images/4th Protocol-marquee.png	carátulas, capturas y logos de ScreenScraper
MOVIDO	emu/dos/images/4th Protocol-thumb.png	emu/MEDIA/DOS/images/4th Protocol-thumb.png	carátulas, capturas y logos de ScreenScraper
MOVIDO	emu/dos/images/4th and inches-image.png	emu/MEDIA/DOS/images/4th and inches-image.png	carátulas, capturas y logos de ScreenScraper
MOVIDO	emu/dos/images/4th and inches-marquee.png	emu/MEDIA/DOS/images/4th and inches-marquee.png	carátulas, capturas y logos de ScreenScraper
MOVIDO	emu/dos/images/4th and inches-thumb.png	emu/MEDIA/DOS/images/4th and inches-thumb.png	carátulas, capturas y logos de ScreenScraper
MOVIDO	emu/dos/images/4x4 Off-Road Racing-image.png	emu/MEDIA/DOS/images/4x4 Off-Road Racing-image.png	carátulas, capturas y logos de ScreenScraper
MOVIDO	emu/dos/images/4x4 Off-Road Racing-marquee.png	emu/MEDIA/DOS/images/4x4 Off-Road Racing-marquee.png	carátulas, capturas y logos de ScreenScraper
MOVIDO	emu/dos/images/4x4 Off-Road Racing-thumb.png	emu/MEDIA/DOS/images/4x4 Off-Road Racing-thumb.png	carátulas, capturas y logos de ScreenScraper
MOVIDO	emu/dos/images/7 Cities of Gold-image.png	emu/MEDIA/DOS/images/7 Cities of Gold-image.png	carátulas, capturas y logos de ScreenScraper
MOVIDO	emu/dos/images/7 Cities of Gold-thumb.png	emu/MEDIA/DOS/images/7 Cities of Gold-thumb.png	carátulas, capturas y logos de ScreenScraper
MOVIDO	emu/dos/images/7 Colors-image.png	emu/MEDIA/DOS/images/7 Colors-image.png	carátulas, capturas y logos de ScreenScraper
MOVIDO	emu/dos/images/7 Colors-marquee.png	emu/MEDIA/DOS/images/7 Colors-marquee.png	carátulas, capturas y logos de ScreenScraper
MOVIDO	emu/dos/images/7 Colors-thumb.png	emu/MEDIA/DOS/images/7 Colors-thumb.png	carátulas, capturas y logos de ScreenScraper
MOVIDO	emu/dos/images/A-Train-image.png	emu/MEDIA/DOS/images/A-Train-image.png	carátulas, capturas y logos de ScreenScraper
MOVIDO	emu/dos/images/A-Train-marquee.png	emu/MEDIA/DOS/images/A-Train-marquee.png	carátulas, capturas y logos de ScreenScraper
MOVIDO	emu/dos/images/A-Train-thumb.png	emu/MEDIA/DOS/images/A-Train-thumb.png	carátulas, capturas y logos de ScreenScraper
MOVIDO	emu/dos/images/A320 Airbus-image.png	emu/MEDIA/DOS/images/A320 Airbus-image.png	carátulas, capturas y logos de ScreenScraper
MOVIDO	emu/dos/images/A320 Airbus-marquee.png	emu/MEDIA/DOS/images/A320 Airbus-marquee.png	carátulas, capturas y logos de ScreenScraper
MOVIDO	emu/dos/images/A320 Airbus-thumb.png	emu/MEDIA/DOS/images/A320 Airbus-thumb.png	carátulas, capturas y logos de ScreenScraper
MOVIDO	emu/dos/images/Abrams Battle Tank-image.png	emu/MEDIA/DOS/images/Abrams Battle Tank-image.png	carátulas, capturas y logos de ScreenScraper
MOVIDO	emu/dos/images/Abrams Battle Tank-marquee.png	emu/MEDIA/DOS/images/Abrams Battle Tank-marquee.png	carátulas, capturas y logos de ScreenScraper
MOVIDO	emu/dos/images/Abrams Battle Tank-thumb.png	emu/MEDIA/DOS/images/Abrams Battle Tank-thumb.png	carátulas, capturas y logos de ScreenScraper
MOVIDO	emu/dos/images/Absolute Pinball-image.png	emu/MEDIA/DOS/images/Absolute Pinball-image.png	carátulas, capturas y logos de ScreenScraper
MOVIDO	emu/dos/images/Absolute Pinball-marquee.png	emu/MEDIA/DOS/images/Absolute Pinball-marquee.png	carátulas, capturas y logos de ScreenScraper
MOVIDO	emu/dos/images/Absolute Pinball-thumb.png	emu/MEDIA/DOS/images/Absolute Pinball-thumb.png	carátulas, capturas y logos de ScreenScraper
MOVIDO	emu/dos/images/Abuse-image.png	emu/MEDIA/DOS/images/Abuse-image.png	carátulas, capturas y logos de ScreenScraper
MOVIDO	emu/dos/images/Abuse-marquee.png	emu/MEDIA/DOS/images/Abuse-marquee.png	carátulas, capturas y logos de ScreenScraper
MOVIDO	emu/dos/images/Abuse-thumb.png	emu/MEDIA/DOS/images/Abuse-thumb.png	carátulas, capturas y logos de ScreenScraper
MOVIDO	emu/dos/images/Ace of Aces-image.png	emu/MEDIA/DOS/images/Ace of Aces-image.png	carátulas, capturas y logos de ScreenScraper
MOVIDO	emu/dos/images/Ace of Aces-marquee.png	emu/MEDIA/DOS/images/Ace of Aces-marquee.png	carátulas, capturas y logos de ScreenScraper
MOVIDO	emu/dos/images/Ace of Aces-thumb.png	emu/MEDIA/DOS/images/Ace of Aces-thumb.png	carátulas, capturas y logos de ScreenScraper
MOVIDO	emu/dos/images/Acheton-image.png	emu/MEDIA/DOS/images/Acheton-image.png	carátulas, capturas y logos de ScreenScraper
MOVIDO	emu/dos/images/Acheton-marquee.png	emu/MEDIA/DOS/images/Acheton-marquee.png	carátulas, capturas y logos de ScreenScraper
MOVIDO	emu/dos/images/Acheton-thumb.png	emu/MEDIA/DOS/images/Acheton-thumb.png	carátulas, capturas y logos de ScreenScraper
MOVIDO	emu/dos/images/Action Fighter-image.png	emu/MEDIA/DOS/images/Action Fighter-image.png	carátulas, capturas y logos de ScreenScraper
MOVIDO	emu/dos/images/Action Fighter-marquee.png	emu/MEDIA/DOS/images/Action Fighter-marquee.png	carátulas, capturas y logos de ScreenScraper
MOVIDO	emu/dos/images/Action Fighter-thumb.png	emu/MEDIA/DOS/images/Action Fighter-thumb.png	carátulas, capturas y logos de ScreenScraper
MOVIDO	emu/dos/images/Advanced Civilization-image.png	emu/MEDIA/DOS/images/Advanced Civilization-image.png	carátulas, capturas y logos de ScreenScraper
MOVIDO	emu/dos/images/Advanced Civilization-marquee.png	emu/MEDIA/DOS/images/Advanced Civilization-marquee.png	carátulas, capturas y logos de ScreenScraper
MOVIDO	emu/dos/images/Advanced Civilization-thumb.png	emu/MEDIA/DOS/images/Advanced Civilization-thumb.png	carátulas, capturas y logos de ScreenScraper
MOVIDO	emu/dos/images/African Raiders-image.png	emu/MEDIA/DOS/images/African Raiders-image.png	carátulas, capturas y logos de ScreenScraper
MOVIDO	emu/dos/images/African Raiders-marquee.png	emu/MEDIA/DOS/images/African Raiders-marquee.png	carátulas, capturas y logos de ScreenScraper
MOVIDO	emu/dos/images/African Raiders-thumb.png	emu/MEDIA/DOS/images/African Raiders-thumb.png	carátulas, capturas y logos de ScreenScraper
MOVIDO	emu/dos/images/After Burner-image.png	emu/MEDIA/DOS/images/After Burner-image.png	carátulas, capturas y logos de ScreenScraper
MOVIDO	emu/dos/images/After Burner-marquee.png	emu/MEDIA/DOS/images/After Burner-marquee.png	carátulas, capturas y logos de ScreenScraper
MOVIDO	emu/dos/images/After Burner-thumb.png	emu/MEDIA/DOS/images/After Burner-thumb.png	carátulas, capturas y logos de ScreenScraper
MOVIDO	emu/dos/images/Agent USA-image.png	emu/MEDIA/DOS/images/Agent USA-image.png	carátulas, capturas y logos de ScreenScraper
MOVIDO	emu/dos/images/Agent USA-marquee.png	emu/MEDIA/DOS/images/Agent USA-marquee.png	carátulas, capturas y logos de ScreenScraper
MOVIDO	emu/dos/images/Agent USA-thumb.png	emu/MEDIA/DOS/images/Agent USA-thumb.png	carátulas, capturas y logos de ScreenScraper
MOVIDO	emu/dos/images/Air Strike USA-image.png	emu/MEDIA/DOS/images/Air Strike USA-image.png	carátulas, capturas y logos de ScreenScraper
MOVIDO	emu/dos/images/Air Strike USA-marquee.png	emu/MEDIA/DOS/images/Air Strike USA-marquee.png	carátulas, capturas y logos de ScreenScraper
MOVIDO	emu/dos/images/Air Strike USA-thumb.png	emu/MEDIA/DOS/images/Air Strike USA-thumb.png	carátulas, capturas y logos de ScreenScraper
MOVIDO	emu/dos/images/Airborne Ranger-image.png	emu/MEDIA/DOS/images/Airborne Ranger-image.png	carátulas, capturas y logos de ScreenScraper
MOVIDO	emu/dos/images/Airborne Ranger-marquee.png	emu/MEDIA/DOS/images/Airborne Ranger-marquee.png	carátulas, capturas y logos de ScreenScraper
MOVIDO	emu/dos/images/Airborne Ranger-thumb.png	emu/MEDIA/DOS/images/Airborne Ranger-thumb.png	carátulas, capturas y logos de ScreenScraper
MOVIDO	emu/dos/images/Airbucks-image.png	emu/MEDIA/DOS/images/Airbucks-image.png	carátulas, capturas y logos de ScreenScraper
MOVIDO	emu/dos/images/Airbucks-marquee.png	emu/MEDIA/DOS/images/Airbucks-marquee.png	carátulas, capturas y logos de ScreenScraper
MOVIDO	emu/dos/images/Airbucks-thumb.png	emu/MEDIA/DOS/images/Airbucks-thumb.png	carátulas, capturas y logos de ScreenScraper
MOVIDO	emu/dos/images/Al Qadim - The Genie's Curse-image.png	emu/MEDIA/DOS/images/Al Qadim - The Genie's Curse-image.png	carátulas, capturas y logos de ScreenScraper
MOVIDO	emu/dos/images/Al Qadim - The Genie's Curse-marquee.png	emu/MEDIA/DOS/images/Al Qadim - The Genie's Curse-marquee.png	carátulas, capturas y logos de ScreenScraper
MOVIDO	emu/dos/images/Al Qadim - The Genie's Curse-thumb.png	emu/MEDIA/DOS/images/Al Qadim - The Genie's Curse-thumb.png	carátulas, capturas y logos de ScreenScraper
MOVIDO	emu/dos/images/Aladdin-image.png	emu/MEDIA/DOS/images/Aladdin-image.png	carátulas, capturas y logos de ScreenScraper
MOVIDO	emu/dos/images/Aladdin-marquee.png	emu/MEDIA/DOS/images/Aladdin-marquee.png	carátulas, capturas y logos de ScreenScraper
MOVIDO	emu/dos/images/Aladdin-thumb.png	emu/MEDIA/DOS/images/Aladdin-thumb.png	carátulas, capturas y logos de ScreenScraper
MOVIDO	emu/dos/images/Albion-image.png	emu/MEDIA/DOS/images/Albion-image.png	carátulas, capturas y logos de ScreenScraper
MOVIDO	emu/dos/images/Albion-marquee.png	emu/MEDIA/DOS/images/Albion-marquee.png	carátulas, capturas y logos de ScreenScraper
MOVIDO	emu/dos/images/Albion-thumb.png	emu/MEDIA/DOS/images/Albion-thumb.png	carátulas, capturas y logos de ScreenScraper
MOVIDO	emu/dos/images/Alcatraz-image.png	emu/MEDIA/DOS/images/Alcatraz-image.png	carátulas, capturas y logos de ScreenScraper
MOVIDO	emu/dos/images/Alcatraz-marquee.png	emu/MEDIA/DOS/images/Alcatraz-marquee.png	carátulas, capturas y logos de ScreenScraper
MOVIDO	emu/dos/images/Alcatraz-thumb.png	emu/MEDIA/DOS/images/Alcatraz-thumb.png	carátulas, capturas y logos de ScreenScraper
MOVIDO	emu/dos/images/Aleshar - World of Ice-image.png	emu/MEDIA/DOS/images/Aleshar - World of Ice-image.png	carátulas, capturas y logos de ScreenScraper
MOVIDO	emu/dos/images/Aleshar - World of Ice-thumb.png	emu/MEDIA/DOS/images/Aleshar - World of Ice-thumb.png	carátulas, capturas y logos de ScreenScraper
MOVIDO	emu/dos/images/Alex Higgin's World Snooker-image.png	emu/MEDIA/DOS/images/Alex Higgin's World Snooker-image.png	carátulas, capturas y logos de ScreenScraper
MOVIDO	emu/dos/images/Alex Higgin's World Snooker-marquee.png	emu/MEDIA/DOS/images/Alex Higgin's World Snooker-marquee.png	carátulas, capturas y logos de ScreenScraper
MOVIDO	emu/dos/images/Alex Higgin's World Snooker-thumb.png	emu/MEDIA/DOS/images/Alex Higgin's World Snooker-thumb.png	carátulas, capturas y logos de ScreenScraper
MOVIDO	emu/dos/images/Aliants - The desperate battle for Earth-image.png	emu/MEDIA/DOS/images/Aliants - The desperate battle for Earth-image.png	carátulas, capturas y logos de ScreenScraper
MOVIDO	emu/dos/images/Aliants - The desperate battle for Earth-marquee.png	emu/MEDIA/DOS/images/Aliants - The desperate battle for Earth-marquee.png	carátulas, capturas y logos de ScreenScraper
MOVIDO	emu/dos/images/Aliants - The desperate battle for Earth-thumb.png	emu/MEDIA/DOS/images/Aliants - The desperate battle for Earth-thumb.png	carátulas, capturas y logos de ScreenScraper
MOVIDO	emu/dos/images/Alien Breed-image.png	emu/MEDIA/DOS/images/Alien Breed-image.png	carátulas, capturas y logos de ScreenScraper
MOVIDO	emu/dos/images/Alien Breed-marquee.png	emu/MEDIA/DOS/images/Alien Breed-marquee.png	carátulas, capturas y logos de ScreenScraper
MOVIDO	emu/dos/images/Alien Breed-thumb.png	emu/MEDIA/DOS/images/Alien Breed-thumb.png	carátulas, capturas y logos de ScreenScraper
MOVIDO	emu/dos/images/Alien Carnage - Halloween Harry-image.png	emu/MEDIA/DOS/images/Alien Carnage - Halloween Harry-image.png	carátulas, capturas y logos de ScreenScraper
MOVIDO	emu/dos/images/Alien Carnage - Halloween Harry-marquee.png	emu/MEDIA/DOS/images/Alien Carnage - Halloween Harry-marquee.png	carátulas, capturas y logos de ScreenScraper
MOVIDO	emu/dos/images/Alien Carnage - Halloween Harry-thumb.png	emu/MEDIA/DOS/images/Alien Carnage - Halloween Harry-thumb.png	carátulas, capturas y logos de ScreenScraper
MOVIDO	emu/dos/images/Alien Incident-image.png	emu/MEDIA/DOS/images/Alien Incident-image.png	carátulas, capturas y logos de ScreenScraper
MOVIDO	emu/dos/images/Alien Incident-marquee.png	emu/MEDIA/DOS/images/Alien Incident-marquee.png	carátulas, capturas y logos de ScreenScraper
MOVIDO	emu/dos/images/Alien Incident-thumb.png	emu/MEDIA/DOS/images/Alien Incident-thumb.png	carátulas, capturas y logos de ScreenScraper
MOVIDO	emu/dos/images/Alien Rampage-image.png	emu/MEDIA/DOS/images/Alien Rampage-image.png	carátulas, capturas y logos de ScreenScraper
MOVIDO	emu/dos/images/Alien Rampage-marquee.png	emu/MEDIA/DOS/images/Alien Rampage-marquee.png	carátulas, capturas y logos de ScreenScraper
MOVIDO	emu/dos/images/Alien Rampage-thumb.png	emu/MEDIA/DOS/images/Alien Rampage-thumb.png	carátulas, capturas y logos de ScreenScraper
MOVIDO	emu/dos/images/Alien Syndrome-image.png	emu/MEDIA/DOS/images/Alien Syndrome-image.png	carátulas, capturas y logos de ScreenScraper
MOVIDO	emu/dos/images/Alien Syndrome-marquee.png	emu/MEDIA/DOS/images/Alien Syndrome-marquee.png	carátulas, capturas y logos de ScreenScraper
MOVIDO	emu/dos/images/Alien Syndrome-thumb.png	emu/MEDIA/DOS/images/Alien Syndrome-thumb.png	carátulas, capturas y logos de ScreenScraper
MOVIDO	emu/dos/images/Alien Trilogy-image.png	emu/MEDIA/DOS/images/Alien Trilogy-image.png	carátulas, capturas y logos de ScreenScraper
MOVIDO	emu/dos/images/Alien Trilogy-marquee.png	emu/MEDIA/DOS/images/Alien Trilogy-marquee.png	carátulas, capturas y logos de ScreenScraper
MOVIDO	emu/dos/images/Alien Trilogy-thumb.png	emu/MEDIA/DOS/images/Alien Trilogy-thumb.png	carátulas, capturas y logos de ScreenScraper
MOVIDO	emu/dos/images/All dogs go to Heaven-image.png	emu/MEDIA/DOS/images/All dogs go to Heaven-image.png	carátulas, capturas y logos de ScreenScraper
MOVIDO	emu/dos/images/All dogs go to Heaven-marquee.png	emu/MEDIA/DOS/images/All dogs go to Heaven-marquee.png	carátulas, capturas y logos de ScreenScraper
MOVIDO	emu/dos/images/All dogs go to Heaven-thumb.png	emu/MEDIA/DOS/images/All dogs go to Heaven-thumb.png	carátulas, capturas y logos de ScreenScraper
MOVIDO	emu/dos/images/Alley Cat-image.png	emu/MEDIA/DOS/images/Alley Cat-image.png	carátulas, capturas y logos de ScreenScraper
MOVIDO	emu/dos/images/Alley Cat-marquee.png	emu/MEDIA/DOS/images/Alley Cat-marquee.png	carátulas, capturas y logos de ScreenScraper
MOVIDO	emu/dos/images/Alley Cat-thumb.png	emu/MEDIA/DOS/images/Alley Cat-thumb.png	carátulas, capturas y logos de ScreenScraper
MOVIDO	emu/dos/images/Alone in the Dark 2-image.png	emu/MEDIA/DOS/images/Alone in the Dark 2-image.png	carátulas, capturas y logos de ScreenScraper
MOVIDO	emu/dos/images/Alone in the Dark 2-marquee.png	emu/MEDIA/DOS/images/Alone in the Dark 2-marquee.png	carátulas, capturas y logos de ScreenScraper
MOVIDO	emu/dos/images/Alone in the Dark 2-thumb.png	emu/MEDIA/DOS/images/Alone in the Dark 2-thumb.png	carátulas, capturas y logos de ScreenScraper
MOVIDO	emu/dos/images/Alone in the Dark-image.png	emu/MEDIA/DOS/images/Alone in the Dark-image.png	carátulas, capturas y logos de ScreenScraper
MOVIDO	emu/dos/images/Alone in the Dark-marquee.png	emu/MEDIA/DOS/images/Alone in the Dark-marquee.png	carátulas, capturas y logos de ScreenScraper
MOVIDO	emu/dos/images/Alone in the Dark-thumb.png	emu/MEDIA/DOS/images/Alone in the Dark-thumb.png	carátulas, capturas y logos de ScreenScraper
MOVIDO	emu/dos/images/Alter Ego - Female-image.png	emu/MEDIA/DOS/images/Alter Ego - Female-image.png	carátulas, capturas y logos de ScreenScraper
MOVIDO	emu/dos/images/Alter Ego - Female-marquee.png	emu/MEDIA/DOS/images/Alter Ego - Female-marquee.png	carátulas, capturas y logos de ScreenScraper
MOVIDO	emu/dos/images/Alter Ego - Female-thumb.png	emu/MEDIA/DOS/images/Alter Ego - Female-thumb.png	carátulas, capturas y logos de ScreenScraper
MOVIDO	emu/dos/images/Alter Ego - Male-image.png	emu/MEDIA/DOS/images/Alter Ego - Male-image.png	carátulas, capturas y logos de ScreenScraper
MOVIDO	emu/dos/images/Alter Ego - Male-marquee.png	emu/MEDIA/DOS/images/Alter Ego - Male-marquee.png	carátulas, capturas y logos de ScreenScraper
MOVIDO	emu/dos/images/Alter Ego - Male-thumb.png	emu/MEDIA/DOS/images/Alter Ego - Male-thumb.png	carátulas, capturas y logos de ScreenScraper
MOVIDO	emu/dos/images/Altered Beast-image.png	emu/MEDIA/DOS/images/Altered Beast-image.png	carátulas, capturas y logos de ScreenScraper
MOVIDO	emu/dos/images/Altered Beast-marquee.png	emu/MEDIA/DOS/images/Altered Beast-marquee.png	carátulas, capturas y logos de ScreenScraper
MOVIDO	emu/dos/images/Altered Beast-thumb.png	emu/MEDIA/DOS/images/Altered Beast-thumb.png	carátulas, capturas y logos de ScreenScraper
MOVIDO	emu/dos/images/Altered Destiny-image.png	emu/MEDIA/DOS/images/Altered Destiny-image.png	carátulas, capturas y logos de ScreenScraper
MOVIDO	emu/dos/images/Altered Destiny-marquee.png	emu/MEDIA/DOS/images/Altered Destiny-marquee.png	carátulas, capturas y logos de ScreenScraper
MOVIDO	emu/dos/images/Altered Destiny-thumb.png	emu/MEDIA/DOS/images/Altered Destiny-thumb.png	carátulas, capturas y logos de ScreenScraper
MOVIDO	emu/dos/images/Alternate Reality - The City-image.png	emu/MEDIA/DOS/images/Alternate Reality - The City-image.png	carátulas, capturas y logos de ScreenScraper
MOVIDO	emu/dos/images/Alternate Reality - The City-marquee.png	emu/MEDIA/DOS/images/Alternate Reality - The City-marquee.png	carátulas, capturas y logos de ScreenScraper
MOVIDO	emu/dos/images/Alternate Reality - The City-thumb.png	emu/MEDIA/DOS/images/Alternate Reality - The City-thumb.png	carátulas, capturas y logos de ScreenScraper
MOVIDO	emu/dos/images/Amazing Learning Games With Rayman-image.png	emu/MEDIA/DOS/images/Amazing Learning Games With Rayman-image.png	carátulas, capturas y logos de ScreenScraper
MOVIDO	emu/dos/images/Amazing Learning Games With Rayman-thumb.png	emu/MEDIA/DOS/images/Amazing Learning Games With Rayman-thumb.png	carátulas, capturas y logos de ScreenScraper
MOVIDO	emu/dos/images/Amazon - Guardians of Eden-image.png	emu/MEDIA/DOS/images/Amazon - Guardians of Eden-image.png	carátulas, capturas y logos de ScreenScraper
MOVIDO	emu/dos/images/Amazon - Guardians of Eden-marquee.png	emu/MEDIA/DOS/images/Amazon - Guardians of Eden-marquee.png	carátulas, capturas y logos de ScreenScraper
MOVIDO	emu/dos/images/Amazon - Guardians of Eden-thumb.png	emu/MEDIA/DOS/images/Amazon - Guardians of Eden-thumb.png	carátulas, capturas y logos de ScreenScraper
MOVIDO	emu/dos/images/Amazon-image.png	emu/MEDIA/DOS/images/Amazon-image.png	carátulas, capturas y logos de ScreenScraper
MOVIDO	emu/dos/images/Amazon-marquee.png	emu/MEDIA/DOS/images/Amazon-marquee.png	carátulas, capturas y logos de ScreenScraper
MOVIDO	emu/dos/images/Amazon-thumb.png	emu/MEDIA/DOS/images/Amazon-thumb.png	carátulas, capturas y logos de ScreenScraper
MOVIDO	emu/dos/images/American Gladiators-image.png	emu/MEDIA/DOS/images/American Gladiators-image.png	carátulas, capturas y logos de ScreenScraper
MOVIDO	emu/dos/images/American Gladiators-marquee.png	emu/MEDIA/DOS/images/American Gladiators-marquee.png	carátulas, capturas y logos de ScreenScraper
MOVIDO	emu/dos/images/American Gladiators-thumb.png	emu/MEDIA/DOS/images/American Gladiators-thumb.png	carátulas, capturas y logos de ScreenScraper
MOVIDO	emu/dos/images/Amnesia-image.png	emu/MEDIA/DOS/images/Amnesia-image.png	carátulas, capturas y logos de ScreenScraper
MOVIDO	emu/dos/images/Amnesia-marquee.png	emu/MEDIA/DOS/images/Amnesia-marquee.png	carátulas, capturas y logos de ScreenScraper
MOVIDO	emu/dos/images/Amnesia-thumb.png	emu/MEDIA/DOS/images/Amnesia-thumb.png	carátulas, capturas y logos de ScreenScraper
MOVIDO	emu/dos/images/Amulets and Armor-image.png	emu/MEDIA/DOS/images/Amulets and Armor-image.png	carátulas, capturas y logos de ScreenScraper
MOVIDO	emu/dos/images/Amulets and Armor-thumb.png	emu/MEDIA/DOS/images/Amulets and Armor-thumb.png	carátulas, capturas y logos de ScreenScraper
MOVIDO	emu/dos/images/An American Tail - Fievel goes West-image.png	emu/MEDIA/DOS/images/An American Tail - Fievel goes West-image.png	carátulas, capturas y logos de ScreenScraper
MOVIDO	emu/dos/images/An American Tail - Fievel goes West-marquee.png	emu/MEDIA/DOS/images/An American Tail - Fievel goes West-marquee.png	carátulas, capturas y logos de ScreenScraper
MOVIDO	emu/dos/images/An American Tail - Fievel goes West-thumb.png	emu/MEDIA/DOS/images/An American Tail - Fievel goes West-thumb.png	carátulas, capturas y logos de ScreenScraper
MOVIDO	emu/dos/images/Ancient Domains of Mystery-image.png	emu/MEDIA/DOS/images/Ancient Domains of Mystery-image.png	carátulas, capturas y logos de ScreenScraper
MOVIDO	emu/dos/images/Ancient Domains of Mystery-marquee.png	emu/MEDIA/DOS/images/Ancient Domains of Mystery-marquee.png	carátulas, capturas y logos de ScreenScraper
MOVIDO	emu/dos/images/Ancient Domains of Mystery-thumb.png	emu/MEDIA/DOS/images/Ancient Domains of Mystery-thumb.png	carátulas, capturas y logos de ScreenScraper
MOVIDO	emu/dos/images/Ancients II - Approaching Evil-image.png	emu/MEDIA/DOS/images/Ancients II - Approaching Evil-image.png	carátulas, capturas y logos de ScreenScraper
MOVIDO	emu/dos/images/Ancients II - Approaching Evil-marquee.png	emu/MEDIA/DOS/images/Ancients II - Approaching Evil-marquee.png	carátulas, capturas y logos de ScreenScraper
MOVIDO	emu/dos/images/Ancients II - Approaching Evil-thumb.png	emu/MEDIA/DOS/images/Ancients II - Approaching Evil-thumb.png	carátulas, capturas y logos de ScreenScraper
MOVIDO	emu/dos/images/Annals of Rome-image.png	emu/MEDIA/DOS/images/Annals of Rome-image.png	carátulas, capturas y logos de ScreenScraper
MOVIDO	emu/dos/images/Annals of Rome-marquee.png	emu/MEDIA/DOS/images/Annals of Rome-marquee.png	carátulas, capturas y logos de ScreenScraper
MOVIDO	emu/dos/images/Annals of Rome-thumb.png	emu/MEDIA/DOS/images/Annals of Rome-thumb.png	carátulas, capturas y logos de ScreenScraper
MOVIDO	emu/dos/images/Another World-image.png	emu/MEDIA/DOS/images/Another World-image.png	carátulas, capturas y logos de ScreenScraper
MOVIDO	emu/dos/images/Another World-marquee.png	emu/MEDIA/DOS/images/Another World-marquee.png	carátulas, capturas y logos de ScreenScraper
MOVIDO	emu/dos/images/Another World-thumb.png	emu/MEDIA/DOS/images/Another World-thumb.png	carátulas, capturas y logos de ScreenScraper
MOVIDO	emu/dos/images/Anvil of Dawn-image.png	emu/MEDIA/DOS/images/Anvil of Dawn-image.png	carátulas, capturas y logos de ScreenScraper
MOVIDO	emu/dos/images/Anvil of Dawn-marquee.png	emu/MEDIA/DOS/images/Anvil of Dawn-marquee.png	carátulas, capturas y logos de ScreenScraper
MOVIDO	emu/dos/images/Anvil of Dawn-thumb.png	emu/MEDIA/DOS/images/Anvil of Dawn-thumb.png	carátulas, capturas y logos de ScreenScraper
MOVIDO	emu/dos/images/Apache Strike-image.png	emu/MEDIA/DOS/images/Apache Strike-image.png	carátulas, capturas y logos de ScreenScraper
MOVIDO	emu/dos/images/Apache Strike-marquee.png	emu/MEDIA/DOS/images/Apache Strike-marquee.png	carátulas, capturas y logos de ScreenScraper
MOVIDO	emu/dos/images/Apache Strike-thumb.png	emu/MEDIA/DOS/images/Apache Strike-thumb.png	carátulas, capturas y logos de ScreenScraper
MOVIDO	emu/dos/images/Apollo 18 - Mission to the Moon-image.png	emu/MEDIA/DOS/images/Apollo 18 - Mission to the Moon-image.png	carátulas, capturas y logos de ScreenScraper
MOVIDO	emu/dos/images/Apollo 18 - Mission to the Moon-marquee.png	emu/MEDIA/DOS/images/Apollo 18 - Mission to the Moon-marquee.png	carátulas, capturas y logos de ScreenScraper
MOVIDO	emu/dos/images/Apollo 18 - Mission to the Moon-thumb.png	emu/MEDIA/DOS/images/Apollo 18 - Mission to the Moon-thumb.png	carátulas, capturas y logos de ScreenScraper
MOVIDO	emu/dos/images/Apple Panic-image.png	emu/MEDIA/DOS/images/Apple Panic-image.png	carátulas, capturas y logos de ScreenScraper
MOVIDO	emu/dos/images/Apple Panic-marquee.png	emu/MEDIA/DOS/images/Apple Panic-marquee.png	carátulas, capturas y logos de ScreenScraper
MOVIDO	emu/dos/images/Apple Panic-thumb.png	emu/MEDIA/DOS/images/Apple Panic-thumb.png	carátulas, capturas y logos de ScreenScraper
MOVIDO	emu/dos/images/Arcade Trivia-image.png	emu/MEDIA/DOS/images/Arcade Trivia-image.png	carátulas, capturas y logos de ScreenScraper
MOVIDO	emu/dos/images/Arcade Trivia-marquee.png	emu/MEDIA/DOS/images/Arcade Trivia-marquee.png	carátulas, capturas y logos de ScreenScraper
MOVIDO	emu/dos/images/Arcade Trivia-thumb.png	emu/MEDIA/DOS/images/Arcade Trivia-thumb.png	carátulas, capturas y logos de ScreenScraper
MOVIDO	emu/dos/images/Arcade Volleyball-image.png	emu/MEDIA/DOS/images/Arcade Volleyball-image.png	carátulas, capturas y logos de ScreenScraper
MOVIDO	emu/dos/images/Arcade Volleyball-marquee.png	emu/MEDIA/DOS/images/Arcade Volleyball-marquee.png	carátulas, capturas y logos de ScreenScraper
MOVIDO	emu/dos/images/Arcade Volleyball-thumb.png	emu/MEDIA/DOS/images/Arcade Volleyball-thumb.png	carátulas, capturas y logos de ScreenScraper
MOVIDO	emu/dos/images/Archer MacLean's Pool-image.png	emu/MEDIA/DOS/images/Archer MacLean's Pool-image.png	carátulas, capturas y logos de ScreenScraper
MOVIDO	emu/dos/images/Archer MacLean's Pool-marquee.png	emu/MEDIA/DOS/images/Archer MacLean's Pool-marquee.png	carátulas, capturas y logos de ScreenScraper
MOVIDO	emu/dos/images/Archer MacLean's Pool-thumb.png	emu/MEDIA/DOS/images/Archer MacLean's Pool-thumb.png	carátulas, capturas y logos de ScreenScraper
MOVIDO	emu/dos/images/Archipelagos-image.png	emu/MEDIA/DOS/images/Archipelagos-image.png	carátulas, capturas y logos de ScreenScraper
MOVIDO	emu/dos/images/Archipelagos-marquee.png	emu/MEDIA/DOS/images/Archipelagos-marquee.png	carátulas, capturas y logos de ScreenScraper
MOVIDO	emu/dos/images/Archipelagos-thumb.png	emu/MEDIA/DOS/images/Archipelagos-thumb.png	carátulas, capturas y logos de ScreenScraper
MOVIDO	emu/dos/images/Archon Ultra-image.png	emu/MEDIA/DOS/images/Archon Ultra-image.png	carátulas, capturas y logos de ScreenScraper
MOVIDO	emu/dos/images/Archon Ultra-marquee.png	emu/MEDIA/DOS/images/Archon Ultra-marquee.png	carátulas, capturas y logos de ScreenScraper
MOVIDO	emu/dos/images/Archon Ultra-thumb.png	emu/MEDIA/DOS/images/Archon Ultra-thumb.png	carátulas, capturas y logos de ScreenScraper
MOVIDO	emu/dos/images/Archon-image.png	emu/MEDIA/DOS/images/Archon-image.png	carátulas, capturas y logos de ScreenScraper
MOVIDO	emu/dos/images/Archon-marquee.png	emu/MEDIA/DOS/images/Archon-marquee.png	carátulas, capturas y logos de ScreenScraper
MOVIDO	emu/dos/images/Archon-thumb.png	emu/MEDIA/DOS/images/Archon-thumb.png	carátulas, capturas y logos de ScreenScraper
MOVIDO	emu/dos/images/Arctic Adventure-image.png	emu/MEDIA/DOS/images/Arctic Adventure-image.png	carátulas, capturas y logos de ScreenScraper
MOVIDO	emu/dos/images/Arctic Adventure-marquee.png	emu/MEDIA/DOS/images/Arctic Adventure-marquee.png	carátulas, capturas y logos de ScreenScraper
MOVIDO	emu/dos/images/Arctic Adventure-thumb.png	emu/MEDIA/DOS/images/Arctic Adventure-thumb.png	carátulas, capturas y logos de ScreenScraper
MOVIDO	emu/dos/images/Arctic Fox-image.png	emu/MEDIA/DOS/images/Arctic Fox-image.png	carátulas, capturas y logos de ScreenScraper
MOVIDO	emu/dos/images/Arctic Fox-marquee.png	emu/MEDIA/DOS/images/Arctic Fox-marquee.png	carátulas, capturas y logos de ScreenScraper
MOVIDO	emu/dos/images/Arctic Fox-thumb.png	emu/MEDIA/DOS/images/Arctic Fox-thumb.png	carátulas, capturas y logos de ScreenScraper
MOVIDO	emu/dos/images/Arkanoid 2 - Revenge of Doh-image.png	emu/MEDIA/DOS/images/Arkanoid 2 - Revenge of Doh-image.png	carátulas, capturas y logos de ScreenScraper
MOVIDO	emu/dos/images/Arkanoid 2 - Revenge of Doh-marquee.png	emu/MEDIA/DOS/images/Arkanoid 2 - Revenge of Doh-marquee.png	carátulas, capturas y logos de ScreenScraper
MOVIDO	emu/dos/images/Arkanoid 2 - Revenge of Doh-thumb.png	emu/MEDIA/DOS/images/Arkanoid 2 - Revenge of Doh-thumb.png	carátulas, capturas y logos de ScreenScraper
MOVIDO	emu/dos/images/Arkanoid-image.png	emu/MEDIA/DOS/images/Arkanoid-image.png	carátulas, capturas y logos de ScreenScraper
MOVIDO	emu/dos/images/Arkanoid-marquee.png	emu/MEDIA/DOS/images/Arkanoid-marquee.png	carátulas, capturas y logos de ScreenScraper
MOVIDO	emu/dos/images/Arkanoid-thumb.png	emu/MEDIA/DOS/images/Arkanoid-thumb.png	carátulas, capturas y logos de ScreenScraper
MOVIDO	emu/dos/images/Armaeth - The Lost Kingdom-image.png	emu/MEDIA/DOS/images/Armaeth - The Lost Kingdom-image.png	carátulas, capturas y logos de ScreenScraper
MOVIDO	emu/dos/images/Armaeth - The Lost Kingdom-marquee.png	emu/MEDIA/DOS/images/Armaeth - The Lost Kingdom-marquee.png	carátulas, capturas y logos de ScreenScraper
MOVIDO	emu/dos/images/Armaeth - The Lost Kingdom-thumb.png	emu/MEDIA/DOS/images/Armaeth - The Lost Kingdom-thumb.png	carátulas, capturas y logos de ScreenScraper
MOVIDO	emu/dos/images/Armor Alley-image.png	emu/MEDIA/DOS/images/Armor Alley-image.png	carátulas, capturas y logos de ScreenScraper
MOVIDO	emu/dos/images/Armor Alley-marquee.png	emu/MEDIA/DOS/images/Armor Alley-marquee.png	carátulas, capturas y logos de ScreenScraper
MOVIDO	emu/dos/images/Armor Alley-thumb.png	emu/MEDIA/DOS/images/Armor Alley-thumb.png	carátulas, capturas y logos de ScreenScraper
MOVIDO	emu/dos/images/Arthur - The Quest for Excalibur-image.png	emu/MEDIA/DOS/images/Arthur - The Quest for Excalibur-image.png	carátulas, capturas y logos de ScreenScraper
MOVIDO	emu/dos/images/Arthur - The Quest for Excalibur-marquee.png	emu/MEDIA/DOS/images/Arthur - The Quest for Excalibur-marquee.png	carátulas, capturas y logos de ScreenScraper
MOVIDO	emu/dos/images/Arthur - The Quest for Excalibur-thumb.png	emu/MEDIA/DOS/images/Arthur - The Quest for Excalibur-thumb.png	carátulas, capturas y logos de ScreenScraper
MOVIDO	emu/dos/images/Artura-image.png	emu/MEDIA/DOS/images/Artura-image.png	carátulas, capturas y logos de ScreenScraper
MOVIDO	emu/dos/images/Artura-marquee.png	emu/MEDIA/DOS/images/Artura-marquee.png	carátulas, capturas y logos de ScreenScraper
MOVIDO	emu/dos/images/Artura-thumb.png	emu/MEDIA/DOS/images/Artura-thumb.png	carátulas, capturas y logos de ScreenScraper
MOVIDO	emu/dos/images/Ascendancy-image.png	emu/MEDIA/DOS/images/Ascendancy-image.png	carátulas, capturas y logos de ScreenScraper
MOVIDO	emu/dos/images/Ascendancy-marquee.png	emu/MEDIA/DOS/images/Ascendancy-marquee.png	carátulas, capturas y logos de ScreenScraper
MOVIDO	emu/dos/images/Ascendancy-thumb.png	emu/MEDIA/DOS/images/Ascendancy-thumb.png	carátulas, capturas y logos de ScreenScraper
MOVIDO	emu/dos/images/Ashes of Empire-image.png	emu/MEDIA/DOS/images/Ashes of Empire-image.png	carátulas, capturas y logos de ScreenScraper
MOVIDO	emu/dos/images/Ashes of Empire-marquee.png	emu/MEDIA/DOS/images/Ashes of Empire-marquee.png	carátulas, capturas y logos de ScreenScraper
MOVIDO	emu/dos/images/Ashes of Empire-thumb.png	emu/MEDIA/DOS/images/Ashes of Empire-thumb.png	carátulas, capturas y logos de ScreenScraper
MOVIDO	emu/dos/images/Asterix - Operation Getafix-image.png	emu/MEDIA/DOS/images/Asterix - Operation Getafix-image.png	carátulas, capturas y logos de ScreenScraper
MOVIDO	emu/dos/images/Asterix - Operation Getafix-marquee.png	emu/MEDIA/DOS/images/Asterix - Operation Getafix-marquee.png	carátulas, capturas y logos de ScreenScraper
MOVIDO	emu/dos/images/Asterix - Operation Getafix-thumb.png	emu/MEDIA/DOS/images/Asterix - Operation Getafix-thumb.png	carátulas, capturas y logos de ScreenScraper
MOVIDO	emu/dos/images/Atomino-image.png	emu/MEDIA/DOS/images/Atomino-image.png	carátulas, capturas y logos de ScreenScraper
MOVIDO	emu/dos/images/Atomino-marquee.png	emu/MEDIA/DOS/images/Atomino-marquee.png	carátulas, capturas y logos de ScreenScraper
MOVIDO	emu/dos/images/Atomino-thumb.png	emu/MEDIA/DOS/images/Atomino-thumb.png	carátulas, capturas y logos de ScreenScraper
MOVIDO	emu/dos/images/Atomix-image.png	emu/MEDIA/DOS/images/Atomix-image.png	carátulas, capturas y logos de ScreenScraper
MOVIDO	emu/dos/images/Atomix-marquee.png	emu/MEDIA/DOS/images/Atomix-marquee.png	carátulas, capturas y logos de ScreenScraper
MOVIDO	emu/dos/images/Atomix-thumb.png	emu/MEDIA/DOS/images/Atomix-thumb.png	carátulas, capturas y logos de ScreenScraper
MOVIDO	emu/dos/images/Auto Duel-image.png	emu/MEDIA/DOS/images/Auto Duel-image.png	carátulas, capturas y logos de ScreenScraper
MOVIDO	emu/dos/images/Auto Duel-marquee.png	emu/MEDIA/DOS/images/Auto Duel-marquee.png	carátulas, capturas y logos de ScreenScraper
MOVIDO	emu/dos/images/Auto Duel-thumb.png	emu/MEDIA/DOS/images/Auto Duel-thumb.png	carátulas, capturas y logos de ScreenScraper
MOVIDO	emu/dos/images/Avish-image.png	emu/MEDIA/DOS/images/Avish-image.png	carátulas, capturas y logos de ScreenScraper
MOVIDO	emu/dos/images/Avish-thumb.png	emu/MEDIA/DOS/images/Avish-thumb.png	carátulas, capturas y logos de ScreenScraper
MOVIDO	emu/dos/images/Avoid the Noid-image.png	emu/MEDIA/DOS/images/Avoid the Noid-image.png	carátulas, capturas y logos de ScreenScraper
MOVIDO	emu/dos/images/Avoid the Noid-marquee.png	emu/MEDIA/DOS/images/Avoid the Noid-marquee.png	carátulas, capturas y logos de ScreenScraper
MOVIDO	emu/dos/images/Avoid the Noid-thumb.png	emu/MEDIA/DOS/images/Avoid the Noid-thumb.png	carátulas, capturas y logos de ScreenScraper
MOVIDO	emu/dos/images/Awesome Earl-image.png	emu/MEDIA/DOS/images/Awesome Earl-image.png	carátulas, capturas y logos de ScreenScraper
MOVIDO	emu/dos/images/Awesome Earl-marquee.png	emu/MEDIA/DOS/images/Awesome Earl-marquee.png	carátulas, capturas y logos de ScreenScraper
MOVIDO	emu/dos/images/Awesome Earl-thumb.png	emu/MEDIA/DOS/images/Awesome Earl-thumb.png	carátulas, capturas y logos de ScreenScraper
MOVIDO	emu/dos/images/B-24-image.png	emu/MEDIA/DOS/images/B-24-image.png	carátulas, capturas y logos de ScreenScraper
MOVIDO	emu/dos/images/B-24-marquee.png	emu/MEDIA/DOS/images/B-24-marquee.png	carátulas, capturas y logos de ScreenScraper
MOVIDO	emu/dos/images/B-24-thumb.png	emu/MEDIA/DOS/images/B-24-thumb.png	carátulas, capturas y logos de ScreenScraper
MOVIDO	emu/dos/images/B.A.T.-image.png	emu/MEDIA/DOS/images/B.A.T.-image.png	carátulas, capturas y logos de ScreenScraper
MOVIDO	emu/dos/images/B.A.T.-marquee.png	emu/MEDIA/DOS/images/B.A.T.-marquee.png	carátulas, capturas y logos de ScreenScraper
MOVIDO	emu/dos/images/B.A.T.-thumb.png	emu/MEDIA/DOS/images/B.A.T.-thumb.png	carátulas, capturas y logos de ScreenScraper
MOVIDO	emu/dos/images/BC Racers-image.png	emu/MEDIA/DOS/images/BC Racers-image.png	carátulas, capturas y logos de ScreenScraper
MOVIDO	emu/dos/images/BC Racers-marquee.png	emu/MEDIA/DOS/images/BC Racers-marquee.png	carátulas, capturas y logos de ScreenScraper
MOVIDO	emu/dos/images/BC Racers-thumb.png	emu/MEDIA/DOS/images/BC Racers-thumb.png	carátulas, capturas y logos de ScreenScraper
MOVIDO	emu/dos/images/BC's Quest for Tires-image.png	emu/MEDIA/DOS/images/BC's Quest for Tires-image.png	carátulas, capturas y logos de ScreenScraper
MOVIDO	emu/dos/images/BC's Quest for Tires-marquee.png	emu/MEDIA/DOS/images/BC's Quest for Tires-marquee.png	carátulas, capturas y logos de ScreenScraper
MOVIDO	emu/dos/images/BC's Quest for Tires-thumb.png	emu/MEDIA/DOS/images/BC's Quest for Tires-thumb.png	carátulas, capturas y logos de ScreenScraper
MOVIDO	emu/dos/images/BLOOD-image.png	emu/MEDIA/DOS/images/BLOOD-image.png	carátulas, capturas y logos de ScreenScraper
MOVIDO	emu/dos/images/BLOOD-marquee.png	emu/MEDIA/DOS/images/BLOOD-marquee.png	carátulas, capturas y logos de ScreenScraper
MOVIDO	emu/dos/images/BLOOD-thumb.png	emu/MEDIA/DOS/images/BLOOD-thumb.png	carátulas, capturas y logos de ScreenScraper
MOVIDO	emu/dos/images/Baal-image.png	emu/MEDIA/DOS/images/Baal-image.png	carátulas, capturas y logos de ScreenScraper
MOVIDO	emu/dos/images/Baal-marquee.png	emu/MEDIA/DOS/images/Baal-marquee.png	carátulas, capturas y logos de ScreenScraper
MOVIDO	emu/dos/images/Baal-thumb.png	emu/MEDIA/DOS/images/Baal-thumb.png	carátulas, capturas y logos de ScreenScraper
MOVIDO	emu/dos/images/Baby Jo in Going Home-image.png	emu/MEDIA/DOS/images/Baby Jo in Going Home-image.png	carátulas, capturas y logos de ScreenScraper
MOVIDO	emu/dos/images/Baby Jo in Going Home-marquee.png	emu/MEDIA/DOS/images/Baby Jo in Going Home-marquee.png	carátulas, capturas y logos de ScreenScraper
MOVIDO	emu/dos/images/Baby Jo in Going Home-thumb.png	emu/MEDIA/DOS/images/Baby Jo in Going Home-thumb.png	carátulas, capturas y logos de ScreenScraper
MOVIDO	emu/dos/images/Back to the Future II-image.png	emu/MEDIA/DOS/images/Back to the Future II-image.png	carátulas, capturas y logos de ScreenScraper
MOVIDO	emu/dos/images/Back to the Future II-marquee.png	emu/MEDIA/DOS/images/Back to the Future II-marquee.png	carátulas, capturas y logos de ScreenScraper
MOVIDO	emu/dos/images/Back to the Future II-thumb.png	emu/MEDIA/DOS/images/Back to the Future II-thumb.png	carátulas, capturas y logos de ScreenScraper
MOVIDO	emu/dos/images/Back to the Future III-image.png	emu/MEDIA/DOS/images/Back to the Future III-image.png	carátulas, capturas y logos de ScreenScraper
MOVIDO	emu/dos/images/Back to the Future III-marquee.png	emu/MEDIA/DOS/images/Back to the Future III-marquee.png	carátulas, capturas y logos de ScreenScraper
MOVIDO	emu/dos/images/Back to the Future III-thumb.png	emu/MEDIA/DOS/images/Back to the Future III-thumb.png	carátulas, capturas y logos de ScreenScraper
MOVIDO	emu/dos/images/Bactron-image.png	emu/MEDIA/DOS/images/Bactron-image.png	carátulas, capturas y logos de ScreenScraper
MOVIDO	emu/dos/images/Bactron-marquee.png	emu/MEDIA/DOS/images/Bactron-marquee.png	carátulas, capturas y logos de ScreenScraper
MOVIDO	emu/dos/images/Bactron-thumb.png	emu/MEDIA/DOS/images/Bactron-thumb.png	carátulas, capturas y logos de ScreenScraper
MOVIDO	emu/dos/images/Bad Blood-image.png	emu/MEDIA/DOS/images/Bad Blood-image.png	carátulas, capturas y logos de ScreenScraper
MOVIDO	emu/dos/images/Bad Blood-marquee.png	emu/MEDIA/DOS/images/Bad Blood-marquee.png	carátulas, capturas y logos de ScreenScraper
MOVIDO	emu/dos/images/Bad Blood-thumb.png	emu/MEDIA/DOS/images/Bad Blood-thumb.png	carátulas, capturas y logos de ScreenScraper
MOVIDO	emu/dos/images/Bad Dudes-image.png	emu/MEDIA/DOS/images/Bad Dudes-image.png	carátulas, capturas y logos de ScreenScraper
MOVIDO	emu/dos/images/Bad Dudes-marquee.png	emu/MEDIA/DOS/images/Bad Dudes-marquee.png	carátulas, capturas y logos de ScreenScraper
MOVIDO	emu/dos/images/Bad Dudes-thumb.png	emu/MEDIA/DOS/images/Bad Dudes-thumb.png	carátulas, capturas y logos de ScreenScraper
MOVIDO	emu/dos/images/Bad Street Brawler-image.png	emu/MEDIA/DOS/images/Bad Street Brawler-image.png	carátulas, capturas y logos de ScreenScraper
MOVIDO	emu/dos/images/Bad Street Brawler-marquee.png	emu/MEDIA/DOS/images/Bad Street Brawler-marquee.png	carátulas, capturas y logos de ScreenScraper
MOVIDO	emu/dos/images/Bad Street Brawler-thumb.png	emu/MEDIA/DOS/images/Bad Street Brawler-thumb.png	carátulas, capturas y logos de ScreenScraper
MOVIDO	emu/dos/images/Ballyhoo-image.png	emu/MEDIA/DOS/images/Ballyhoo-image.png	carátulas, capturas y logos de ScreenScraper
MOVIDO	emu/dos/images/Ballyhoo-marquee.png	emu/MEDIA/DOS/images/Ballyhoo-marquee.png	carátulas, capturas y logos de ScreenScraper
MOVIDO	emu/dos/images/Ballyhoo-thumb.png	emu/MEDIA/DOS/images/Ballyhoo-thumb.png	carátulas, capturas y logos de ScreenScraper
MOVIDO	emu/dos/images/Barbarian-image.png	emu/MEDIA/DOS/images/Barbarian-image.png	carátulas, capturas y logos de ScreenScraper
MOVIDO	emu/dos/images/Barbarian-marquee.png	emu/MEDIA/DOS/images/Barbarian-marquee.png	carátulas, capturas y logos de ScreenScraper
MOVIDO	emu/dos/images/Barbarian-thumb.png	emu/MEDIA/DOS/images/Barbarian-thumb.png	carátulas, capturas y logos de ScreenScraper
MOVIDO	emu/dos/images/Bard's Tale - Construction Set-image.png	emu/MEDIA/DOS/images/Bard's Tale - Construction Set-image.png	carátulas, capturas y logos de ScreenScraper
MOVIDO	emu/dos/images/Bard's Tale - Construction Set-thumb.png	emu/MEDIA/DOS/images/Bard's Tale - Construction Set-thumb.png	carátulas, capturas y logos de ScreenScraper
MOVIDO	emu/dos/images/Bard's Tale III - Thief of Fate-image.png	emu/MEDIA/DOS/images/Bard's Tale III - Thief of Fate-image.png	carátulas, capturas y logos de ScreenScraper
MOVIDO	emu/dos/images/Bard's Tale III - Thief of Fate-marquee.png	emu/MEDIA/DOS/images/Bard's Tale III - Thief of Fate-marquee.png	carátulas, capturas y logos de ScreenScraper
MOVIDO	emu/dos/images/Bard's Tale III - Thief of Fate-thumb.png	emu/MEDIA/DOS/images/Bard's Tale III - Thief of Fate-thumb.png	carátulas, capturas y logos de ScreenScraper
MOVIDO	emu/dos/images/Bard's Tale-image.png	emu/MEDIA/DOS/images/Bard's Tale-image.png	carátulas, capturas y logos de ScreenScraper
MOVIDO	emu/dos/images/Bard's Tale-thumb.png	emu/MEDIA/DOS/images/Bard's Tale-thumb.png	carátulas, capturas y logos de ScreenScraper
MOVIDO	emu/dos/images/Bargames-image.png	emu/MEDIA/DOS/images/Bargames-image.png	carátulas, capturas y logos de ScreenScraper
MOVIDO	emu/dos/images/Bargames-marquee.png	emu/MEDIA/DOS/images/Bargames-marquee.png	carátulas, capturas y logos de ScreenScraper
MOVIDO	emu/dos/images/Bargames-thumb.png	emu/MEDIA/DOS/images/Bargames-thumb.png	carátulas, capturas y logos de ScreenScraper
MOVIDO	emu/dos/images/Batman - The Caped Crusader-image.png	emu/MEDIA/DOS/images/Batman - The Caped Crusader-image.png	carátulas, capturas y logos de ScreenScraper
MOVIDO	emu/dos/images/Batman - The Caped Crusader-marquee.png	emu/MEDIA/DOS/images/Batman - The Caped Crusader-marquee.png	carátulas, capturas y logos de ScreenScraper
MOVIDO	emu/dos/images/Batman - The Caped Crusader-thumb.png	emu/MEDIA/DOS/images/Batman - The Caped Crusader-thumb.png	carátulas, capturas y logos de ScreenScraper
MOVIDO	emu/dos/images/Batman - The Movie-image.png	emu/MEDIA/DOS/images/Batman - The Movie-image.png	carátulas, capturas y logos de ScreenScraper
MOVIDO	emu/dos/images/Batman - The Movie-marquee.png	emu/MEDIA/DOS/images/Batman - The Movie-marquee.png	carátulas, capturas y logos de ScreenScraper
MOVIDO	emu/dos/images/Batman - The Movie-thumb.png	emu/MEDIA/DOS/images/Batman - The Movie-thumb.png	carátulas, capturas y logos de ScreenScraper
MOVIDO	emu/dos/images/Batman Forever-image.png	emu/MEDIA/DOS/images/Batman Forever-image.png	carátulas, capturas y logos de ScreenScraper
MOVIDO	emu/dos/images/Batman Forever-marquee.png	emu/MEDIA/DOS/images/Batman Forever-marquee.png	carátulas, capturas y logos de ScreenScraper
MOVIDO	emu/dos/images/Batman Forever-thumb.png	emu/MEDIA/DOS/images/Batman Forever-thumb.png	carátulas, capturas y logos de ScreenScraper
MOVIDO	emu/dos/images/Battle Bugs-image.png	emu/MEDIA/DOS/images/Battle Bugs-image.png	carátulas, capturas y logos de ScreenScraper
MOVIDO	emu/dos/images/Battle Bugs-marquee.png	emu/MEDIA/DOS/images/Battle Bugs-marquee.png	carátulas, capturas y logos de ScreenScraper
MOVIDO	emu/dos/images/Battle Bugs-thumb.png	emu/MEDIA/DOS/images/Battle Bugs-thumb.png	carátulas, capturas y logos de ScreenScraper
MOVIDO	emu/dos/images/Battle Chess (for Windows)-image.png	emu/MEDIA/DOS/images/Battle Chess (for Windows)-image.png	carátulas, capturas y logos de ScreenScraper
MOVIDO	emu/dos/images/Battle Chess (for Windows)-marquee.png	emu/MEDIA/DOS/images/Battle Chess (for Windows)-marquee.png	carátulas, capturas y logos de ScreenScraper
MOVIDO	emu/dos/images/Battle Chess (for Windows)-thumb.png	emu/MEDIA/DOS/images/Battle Chess (for Windows)-thumb.png	carátulas, capturas y logos de ScreenScraper
MOVIDO	emu/dos/images/Battle Zone-image.png	emu/MEDIA/DOS/images/Battle Zone-image.png	carátulas, capturas y logos de ScreenScraper
MOVIDO	emu/dos/images/Battle Zone-marquee.png	emu/MEDIA/DOS/images/Battle Zone-marquee.png	carátulas, capturas y logos de ScreenScraper
MOVIDO	emu/dos/images/Battle Zone-thumb.png	emu/MEDIA/DOS/images/Battle Zone-thumb.png	carátulas, capturas y logos de ScreenScraper
MOVIDO	emu/dos/images/Battle of Antietam-image.png	emu/MEDIA/DOS/images/Battle of Antietam-image.png	carátulas, capturas y logos de ScreenScraper
MOVIDO	emu/dos/images/Battle of Antietam-marquee.png	emu/MEDIA/DOS/images/Battle of Antietam-marquee.png	carátulas, capturas y logos de ScreenScraper
MOVIDO	emu/dos/images/Battle of Antietam-thumb.png	emu/MEDIA/DOS/images/Battle of Antietam-thumb.png	carátulas, capturas y logos de ScreenScraper
MOVIDO	emu/dos/images/BattleTech - The Crescent Hawks Inception-image.png	emu/MEDIA/DOS/images/BattleTech - The Crescent Hawks Inception-image.png	carátulas, capturas y logos de ScreenScraper
MOVIDO	emu/dos/images/BattleTech - The Crescent Hawks Inception-marquee.png	emu/MEDIA/DOS/images/BattleTech - The Crescent Hawks Inception-marquee.png	carátulas, capturas y logos de ScreenScraper
MOVIDO	emu/dos/images/BattleTech - The Crescent Hawks Inception-thumb.png	emu/MEDIA/DOS/images/BattleTech - The Crescent Hawks Inception-thumb.png	carátulas, capturas y logos de ScreenScraper
MOVIDO	emu/dos/images/BattleTech - The Crescent Hawks Revenge-image.png	emu/MEDIA/DOS/images/BattleTech - The Crescent Hawks Revenge-image.png	carátulas, capturas y logos de ScreenScraper
MOVIDO	emu/dos/images/BattleTech - The Crescent Hawks Revenge-marquee.png	emu/MEDIA/DOS/images/BattleTech - The Crescent Hawks Revenge-marquee.png	carátulas, capturas y logos de ScreenScraper
MOVIDO	emu/dos/images/BattleTech - The Crescent Hawks Revenge-thumb.png	emu/MEDIA/DOS/images/BattleTech - The Crescent Hawks Revenge-thumb.png	carátulas, capturas y logos de ScreenScraper
MOVIDO	emu/dos/images/Battlehawks 1942-image.png	emu/MEDIA/DOS/images/Battlehawks 1942-image.png	carátulas, capturas y logos de ScreenScraper
MOVIDO	emu/dos/images/Battlehawks 1942-marquee.png	emu/MEDIA/DOS/images/Battlehawks 1942-marquee.png	carátulas, capturas y logos de ScreenScraper
MOVIDO	emu/dos/images/Battlehawks 1942-thumb.png	emu/MEDIA/DOS/images/Battlehawks 1942-thumb.png	carátulas, capturas y logos de ScreenScraper
MOVIDO	emu/dos/images/Beats Of Rage-image.png	emu/MEDIA/DOS/images/Beats Of Rage-image.png	carátulas, capturas y logos de ScreenScraper
MOVIDO	emu/dos/images/Bedlam-image.png	emu/MEDIA/DOS/images/Bedlam-image.png	carátulas, capturas y logos de ScreenScraper
MOVIDO	emu/dos/images/Bedlam-marquee.png	emu/MEDIA/DOS/images/Bedlam-marquee.png	carátulas, capturas y logos de ScreenScraper
MOVIDO	emu/dos/images/Bedlam-thumb.png	emu/MEDIA/DOS/images/Bedlam-thumb.png	carátulas, capturas y logos de ScreenScraper
MOVIDO	emu/dos/images/Below the Root-image.png	emu/MEDIA/DOS/images/Below the Root-image.png	carátulas, capturas y logos de ScreenScraper
MOVIDO	emu/dos/images/Below the Root-marquee.png	emu/MEDIA/DOS/images/Below the Root-marquee.png	carátulas, capturas y logos de ScreenScraper
MOVIDO	emu/dos/images/Below the Root-thumb.png	emu/MEDIA/DOS/images/Below the Root-thumb.png	carátulas, capturas y logos de ScreenScraper
MOVIDO	emu/dos/images/Berlin 1948-image.png	emu/MEDIA/DOS/images/Berlin 1948-image.png	carátulas, capturas y logos de ScreenScraper
MOVIDO	emu/dos/images/Berlin 1948-marquee.png	emu/MEDIA/DOS/images/Berlin 1948-marquee.png	carátulas, capturas y logos de ScreenScraper
MOVIDO	emu/dos/images/Berlin 1948-thumb.png	emu/MEDIA/DOS/images/Berlin 1948-thumb.png	carátulas, capturas y logos de ScreenScraper
MOVIDO	emu/dos/images/Beyond Zork - The Coconut of Quendor-image.png	emu/MEDIA/DOS/images/Beyond Zork - The Coconut of Quendor-image.png	carátulas, capturas y logos de ScreenScraper
MOVIDO	emu/dos/images/Beyond Zork - The Coconut of Quendor-marquee.png	emu/MEDIA/DOS/images/Beyond Zork - The Coconut of Quendor-marquee.png	carátulas, capturas y logos de ScreenScraper
MOVIDO	emu/dos/images/Beyond Zork - The Coconut of Quendor-thumb.png	emu/MEDIA/DOS/images/Beyond Zork - The Coconut of Quendor-thumb.png	carátulas, capturas y logos de ScreenScraper
MOVIDO	emu/dos/images/Beyond the Black Hole-image.png	emu/MEDIA/DOS/images/Beyond the Black Hole-image.png	carátulas, capturas y logos de ScreenScraper
MOVIDO	emu/dos/images/Beyond the Black Hole-marquee.png	emu/MEDIA/DOS/images/Beyond the Black Hole-marquee.png	carátulas, capturas y logos de ScreenScraper
MOVIDO	emu/dos/images/Beyond the Black Hole-thumb.png	emu/MEDIA/DOS/images/Beyond the Black Hole-thumb.png	carátulas, capturas y logos de ScreenScraper
MOVIDO	emu/dos/images/Big Business-image.png	emu/MEDIA/DOS/images/Big Business-image.png	carátulas, capturas y logos de ScreenScraper
MOVIDO	emu/dos/images/Big Business-marquee.png	emu/MEDIA/DOS/images/Big Business-marquee.png	carátulas, capturas y logos de ScreenScraper
MOVIDO	emu/dos/images/Big Business-thumb.png	emu/MEDIA/DOS/images/Big Business-thumb.png	carátulas, capturas y logos de ScreenScraper
MOVIDO	emu/dos/images/Big Top-image.png	emu/MEDIA/DOS/images/Big Top-image.png	carátulas, capturas y logos de ScreenScraper
MOVIDO	emu/dos/images/Big Top-thumb.png	emu/MEDIA/DOS/images/Big Top-thumb.png	carátulas, capturas y logos de ScreenScraper
MOVIDO	emu/dos/images/Bill & Ted's Excellent Adventure-image.png	emu/MEDIA/DOS/images/Bill & Ted's Excellent Adventure-image.png	carátulas, capturas y logos de ScreenScraper
MOVIDO	emu/dos/images/Bill & Ted's Excellent Adventure-marquee.png	emu/MEDIA/DOS/images/Bill & Ted's Excellent Adventure-marquee.png	carátulas, capturas y logos de ScreenScraper
MOVIDO	emu/dos/images/Bill & Ted's Excellent Adventure-thumb.png	emu/MEDIA/DOS/images/Bill & Ted's Excellent Adventure-thumb.png	carátulas, capturas y logos de ScreenScraper
MOVIDO	emu/dos/images/Bio Menace-image.png	emu/MEDIA/DOS/images/Bio Menace-image.png	carátulas, capturas y logos de ScreenScraper
MOVIDO	emu/dos/images/Bio Menace-marquee.png	emu/MEDIA/DOS/images/Bio Menace-marquee.png	carátulas, capturas y logos de ScreenScraper
MOVIDO	emu/dos/images/Bio Menace-thumb.png	emu/MEDIA/DOS/images/Bio Menace-thumb.png	carátulas, capturas y logos de ScreenScraper
MOVIDO	emu/dos/images/Bioforge-image.png	emu/MEDIA/DOS/images/Bioforge-image.png	carátulas, capturas y logos de ScreenScraper
MOVIDO	emu/dos/images/Bioforge-marquee.png	emu/MEDIA/DOS/images/Bioforge-marquee.png	carátulas, capturas y logos de ScreenScraper
MOVIDO	emu/dos/images/Bioforge-thumb.png	emu/MEDIA/DOS/images/Bioforge-thumb.png	carátulas, capturas y logos de ScreenScraper
MOVIDO	emu/dos/images/Bionic Commando-image.png	emu/MEDIA/DOS/images/Bionic Commando-image.png	carátulas, capturas y logos de ScreenScraper
MOVIDO	emu/dos/images/Bionic Commando-marquee.png	emu/MEDIA/DOS/images/Bionic Commando-marquee.png	carátulas, capturas y logos de ScreenScraper
MOVIDO	emu/dos/images/Bionic Commando-thumb.png	emu/MEDIA/DOS/images/Bionic Commando-thumb.png	carátulas, capturas y logos de ScreenScraper
MOVIDO	emu/dos/images/Birds of Prey-image.png	emu/MEDIA/DOS/images/Birds of Prey-image.png	carátulas, capturas y logos de ScreenScraper
MOVIDO	emu/dos/images/Birds of Prey-marquee.png	emu/MEDIA/DOS/images/Birds of Prey-marquee.png	carátulas, capturas y logos de ScreenScraper
MOVIDO	emu/dos/images/Birds of Prey-thumb.png	emu/MEDIA/DOS/images/Birds of Prey-thumb.png	carátulas, capturas y logos de ScreenScraper
MOVIDO	emu/dos/images/Black Monday-image.png	emu/MEDIA/DOS/images/Black Monday-image.png	carátulas, capturas y logos de ScreenScraper
MOVIDO	emu/dos/images/Black Monday-thumb.png	emu/MEDIA/DOS/images/Black Monday-thumb.png	carátulas, capturas y logos de ScreenScraper
MOVIDO	emu/dos/images/Black Sect-image.png	emu/MEDIA/DOS/images/Black Sect-image.png	carátulas, capturas y logos de ScreenScraper
MOVIDO	emu/dos/images/Black Sect-marquee.png	emu/MEDIA/DOS/images/Black Sect-marquee.png	carátulas, capturas y logos de ScreenScraper
MOVIDO	emu/dos/images/Black Sect-thumb.png	emu/MEDIA/DOS/images/Black Sect-thumb.png	carátulas, capturas y logos de ScreenScraper
MOVIDO	emu/dos/images/Blackthorne-image.png	emu/MEDIA/DOS/images/Blackthorne-image.png	carátulas, capturas y logos de ScreenScraper
MOVIDO	emu/dos/images/Blackthorne-marquee.png	emu/MEDIA/DOS/images/Blackthorne-marquee.png	carátulas, capturas y logos de ScreenScraper
MOVIDO	emu/dos/images/Blackthorne-thumb.png	emu/MEDIA/DOS/images/Blackthorne-thumb.png	carátulas, capturas y logos de ScreenScraper
MOVIDO	emu/dos/images/Blades of Steel-image.png	emu/MEDIA/DOS/images/Blades of Steel-image.png	carátulas, capturas y logos de ScreenScraper
MOVIDO	emu/dos/images/Blades of Steel-marquee.png	emu/MEDIA/DOS/images/Blades of Steel-marquee.png	carátulas, capturas y logos de ScreenScraper
MOVIDO	emu/dos/images/Blades of Steel-thumb.png	emu/MEDIA/DOS/images/Blades of Steel-thumb.png	carátulas, capturas y logos de ScreenScraper
MOVIDO	emu/dos/images/Blockout-image.png	emu/MEDIA/DOS/images/Blockout-image.png	carátulas, capturas y logos de ScreenScraper
MOVIDO	emu/dos/images/Blockout-marquee.png	emu/MEDIA/DOS/images/Blockout-marquee.png	carátulas, capturas y logos de ScreenScraper
MOVIDO	emu/dos/images/Blockout-thumb.png	emu/MEDIA/DOS/images/Blockout-thumb.png	carátulas, capturas y logos de ScreenScraper
MOVIDO	emu/dos/images/Blood Bowl-image.png	emu/MEDIA/DOS/images/Blood Bowl-image.png	carátulas, capturas y logos de ScreenScraper
MOVIDO	emu/dos/images/Blood Bowl-marquee.png	emu/MEDIA/DOS/images/Blood Bowl-marquee.png	carátulas, capturas y logos de ScreenScraper
MOVIDO	emu/dos/images/Blood Bowl-thumb.png	emu/MEDIA/DOS/images/Blood Bowl-thumb.png	carátulas, capturas y logos de ScreenScraper
MOVIDO	emu/dos/images/Bloodwych-image.png	emu/MEDIA/DOS/images/Bloodwych-image.png	carátulas, capturas y logos de ScreenScraper
MOVIDO	emu/dos/images/Bloodwych-marquee.png	emu/MEDIA/DOS/images/Bloodwych-marquee.png	carátulas, capturas y logos de ScreenScraper
MOVIDO	emu/dos/images/Bloodwych-thumb.png	emu/MEDIA/DOS/images/Bloodwych-thumb.png	carátulas, capturas y logos de ScreenScraper
MOVIDO	emu/dos/images/Blue Max - Aces of the Great War-image.png	emu/MEDIA/DOS/images/Blue Max - Aces of the Great War-image.png	carátulas, capturas y logos de ScreenScraper
MOVIDO	emu/dos/images/Blue Max - Aces of the Great War-marquee.png	emu/MEDIA/DOS/images/Blue Max - Aces of the Great War-marquee.png	carátulas, capturas y logos de ScreenScraper
MOVIDO	emu/dos/images/Blue Max - Aces of the Great War-thumb.png	emu/MEDIA/DOS/images/Blue Max - Aces of the Great War-thumb.png	carátulas, capturas y logos de ScreenScraper
MOVIDO	emu/dos/images/Blues Brothers 2-image.png	emu/MEDIA/DOS/images/Blues Brothers 2-image.png	carátulas, capturas y logos de ScreenScraper
MOVIDO	emu/dos/images/Blues Brothers 2-marquee.png	emu/MEDIA/DOS/images/Blues Brothers 2-marquee.png	carátulas, capturas y logos de ScreenScraper
MOVIDO	emu/dos/images/Blues Brothers 2-thumb.png	emu/MEDIA/DOS/images/Blues Brothers 2-thumb.png	carátulas, capturas y logos de ScreenScraper
MOVIDO	emu/dos/images/Bobby Fischer teaches Chess-image.png	emu/MEDIA/DOS/images/Bobby Fischer teaches Chess-image.png	carátulas, capturas y logos de ScreenScraper
MOVIDO	emu/dos/images/Bobby Fischer teaches Chess-thumb.png	emu/MEDIA/DOS/images/Bobby Fischer teaches Chess-thumb.png	carátulas, capturas y logos de ScreenScraper
MOVIDO	emu/dos/images/Body Blows-image.png	emu/MEDIA/DOS/images/Body Blows-image.png	carátulas, capturas y logos de ScreenScraper
MOVIDO	emu/dos/images/Body Blows-marquee.png	emu/MEDIA/DOS/images/Body Blows-marquee.png	carátulas, capturas y logos de ScreenScraper
MOVIDO	emu/dos/images/Body Blows-thumb.png	emu/MEDIA/DOS/images/Body Blows-thumb.png	carátulas, capturas y logos de ScreenScraper
MOVIDO	emu/dos/images/Bombuzal-image.png	emu/MEDIA/DOS/images/Bombuzal-image.png	carátulas, capturas y logos de ScreenScraper
MOVIDO	emu/dos/images/Bombuzal-marquee.png	emu/MEDIA/DOS/images/Bombuzal-marquee.png	carátulas, capturas y logos de ScreenScraper
MOVIDO	emu/dos/images/Bombuzal-thumb.png	emu/MEDIA/DOS/images/Bombuzal-thumb.png	carátulas, capturas y logos de ScreenScraper
MOVIDO	emu/dos/images/Border Zone-image.png	emu/MEDIA/DOS/images/Border Zone-image.png	carátulas, capturas y logos de ScreenScraper
MOVIDO	emu/dos/images/Border Zone-marquee.png	emu/MEDIA/DOS/images/Border Zone-marquee.png	carátulas, capturas y logos de ScreenScraper
MOVIDO	emu/dos/images/Border Zone-thumb.png	emu/MEDIA/DOS/images/Border Zone-thumb.png	carátulas, capturas y logos de ScreenScraper
MOVIDO	emu/dos/images/Boulder Dash II-image.png	emu/MEDIA/DOS/images/Boulder Dash II-image.png	carátulas, capturas y logos de ScreenScraper
MOVIDO	emu/dos/images/Boulder Dash II-marquee.png	emu/MEDIA/DOS/images/Boulder Dash II-marquee.png	carátulas, capturas y logos de ScreenScraper
MOVIDO	emu/dos/images/Boulder Dash II-thumb.png	emu/MEDIA/DOS/images/Boulder Dash II-thumb.png	carátulas, capturas y logos de ScreenScraper
MOVIDO	emu/dos/images/Boulder Dash [Remake]-image.png	emu/MEDIA/DOS/images/Boulder Dash [Remake]-image.png	carátulas, capturas y logos de ScreenScraper
MOVIDO	emu/dos/images/Boulder Dash [Remake]-marquee.png	emu/MEDIA/DOS/images/Boulder Dash [Remake]-marquee.png	carátulas, capturas y logos de ScreenScraper
MOVIDO	emu/dos/images/Boulder Dash [Remake]-thumb.png	emu/MEDIA/DOS/images/Boulder Dash [Remake]-thumb.png	carátulas, capturas y logos de ScreenScraper
MOVIDO	emu/dos/images/Bram Stoker's Dracula-image.png	emu/MEDIA/DOS/images/Bram Stoker's Dracula-image.png	carátulas, capturas y logos de ScreenScraper
MOVIDO	emu/dos/images/Bram Stoker's Dracula-marquee.png	emu/MEDIA/DOS/images/Bram Stoker's Dracula-marquee.png	carátulas, capturas y logos de ScreenScraper
MOVIDO	emu/dos/images/Bram Stoker's Dracula-thumb.png	emu/MEDIA/DOS/images/Bram Stoker's Dracula-thumb.png	carátulas, capturas y logos de ScreenScraper
MOVIDO	emu/dos/images/Breach-image.png	emu/MEDIA/DOS/images/Breach-image.png	carátulas, capturas y logos de ScreenScraper
MOVIDO	emu/dos/images/Breach-marquee.png	emu/MEDIA/DOS/images/Breach-marquee.png	carátulas, capturas y logos de ScreenScraper
MOVIDO	emu/dos/images/Breach-thumb.png	emu/MEDIA/DOS/images/Breach-thumb.png	carátulas, capturas y logos de ScreenScraper
MOVIDO	emu/dos/images/Breakers-image.png	emu/MEDIA/DOS/images/Breakers-image.png	carátulas, capturas y logos de ScreenScraper
MOVIDO	emu/dos/images/Breakers-marquee.png	emu/MEDIA/DOS/images/Breakers-marquee.png	carátulas, capturas y logos de ScreenScraper
MOVIDO	emu/dos/images/Breakers-thumb.png	emu/MEDIA/DOS/images/Breakers-thumb.png	carátulas, capturas y logos de ScreenScraper
MOVIDO	emu/dos/images/Brett Hull Hockey '95-image.png	emu/MEDIA/DOS/images/Brett Hull Hockey '95-image.png	carátulas, capturas y logos de ScreenScraper
MOVIDO	emu/dos/images/Brett Hull Hockey '95-thumb.png	emu/MEDIA/DOS/images/Brett Hull Hockey '95-thumb.png	carátulas, capturas y logos de ScreenScraper
MOVIDO	emu/dos/images/Brimstone-image.png	emu/MEDIA/DOS/images/Brimstone-image.png	carátulas, capturas y logos de ScreenScraper
MOVIDO	emu/dos/images/Brimstone-thumb.png	emu/MEDIA/DOS/images/Brimstone-thumb.png	carátulas, capturas y logos de ScreenScraper
MOVIDO	emu/dos/images/Brix-image.png	emu/MEDIA/DOS/images/Brix-image.png	carátulas, capturas y logos de ScreenScraper
MOVIDO	emu/dos/images/Brix-marquee.png	emu/MEDIA/DOS/images/Brix-marquee.png	carátulas, capturas y logos de ScreenScraper
MOVIDO	emu/dos/images/Brix-thumb.png	emu/MEDIA/DOS/images/Brix-thumb.png	carátulas, capturas y logos de ScreenScraper
MOVIDO	emu/dos/images/Brutal Sports Football-image.png	emu/MEDIA/DOS/images/Brutal Sports Football-image.png	carátulas, capturas y logos de ScreenScraper
MOVIDO	emu/dos/images/Brutal Sports Football-marquee.png	emu/MEDIA/DOS/images/Brutal Sports Football-marquee.png	carátulas, capturas y logos de ScreenScraper
MOVIDO	emu/dos/images/Brutal Sports Football-thumb.png	emu/MEDIA/DOS/images/Brutal Sports Football-thumb.png	carátulas, capturas y logos de ScreenScraper
MOVIDO	emu/dos/images/Bubble Bobble-image.png	emu/MEDIA/DOS/images/Bubble Bobble-image.png	carátulas, capturas y logos de ScreenScraper
MOVIDO	emu/dos/images/Bubble Bobble-marquee.png	emu/MEDIA/DOS/images/Bubble Bobble-marquee.png	carátulas, capturas y logos de ScreenScraper
MOVIDO	emu/dos/images/Bubble Bobble-thumb.png	emu/MEDIA/DOS/images/Bubble Bobble-thumb.png	carátulas, capturas y logos de ScreenScraper
MOVIDO	emu/dos/images/Bubble Ghost-image.png	emu/MEDIA/DOS/images/Bubble Ghost-image.png	carátulas, capturas y logos de ScreenScraper
MOVIDO	emu/dos/images/Bubble Ghost-marquee.png	emu/MEDIA/DOS/images/Bubble Ghost-marquee.png	carátulas, capturas y logos de ScreenScraper
MOVIDO	emu/dos/images/Bubble Ghost-thumb.png	emu/MEDIA/DOS/images/Bubble Ghost-thumb.png	carátulas, capturas y logos de ScreenScraper
MOVIDO	emu/dos/images/Bully's Sporting Darts-image.png	emu/MEDIA/DOS/images/Bully's Sporting Darts-image.png	carátulas, capturas y logos de ScreenScraper
MOVIDO	emu/dos/images/Bully's Sporting Darts-marquee.png	emu/MEDIA/DOS/images/Bully's Sporting Darts-marquee.png	carátulas, capturas y logos de ScreenScraper
MOVIDO	emu/dos/images/Bully's Sporting Darts-thumb.png	emu/MEDIA/DOS/images/Bully's Sporting Darts-thumb.png	carátulas, capturas y logos de ScreenScraper
MOVIDO	emu/dos/images/Bumpy's Arcade Fantasy-image.png	emu/MEDIA/DOS/images/Bumpy's Arcade Fantasy-image.png	carátulas, capturas y logos de ScreenScraper
MOVIDO	emu/dos/images/Bumpy's Arcade Fantasy-marquee.png	emu/MEDIA/DOS/images/Bumpy's Arcade Fantasy-marquee.png	carátulas, capturas y logos de ScreenScraper
MOVIDO	emu/dos/images/Bumpy's Arcade Fantasy-thumb.png	emu/MEDIA/DOS/images/Bumpy's Arcade Fantasy-thumb.png	carátulas, capturas y logos de ScreenScraper
MOVIDO	emu/dos/images/Bumpy-image.png	emu/MEDIA/DOS/images/Bumpy-image.png	carátulas, capturas y logos de ScreenScraper
MOVIDO	emu/dos/images/Bumpy-marquee.png	emu/MEDIA/DOS/images/Bumpy-marquee.png	carátulas, capturas y logos de ScreenScraper
MOVIDO	emu/dos/images/Bumpy-thumb.png	emu/MEDIA/DOS/images/Bumpy-thumb.png	carátulas, capturas y logos de ScreenScraper
MOVIDO	emu/dos/images/Bundesliga Manager Professional-image.png	emu/MEDIA/DOS/images/Bundesliga Manager Professional-image.png	carátulas, capturas y logos de ScreenScraper
MOVIDO	emu/dos/images/Bundesliga Manager Professional-marquee.png	emu/MEDIA/DOS/images/Bundesliga Manager Professional-marquee.png	carátulas, capturas y logos de ScreenScraper
MOVIDO	emu/dos/images/Bundesliga Manager Professional-thumb.png	emu/MEDIA/DOS/images/Bundesliga Manager Professional-thumb.png	carátulas, capturas y logos de ScreenScraper
MOVIDO	emu/dos/images/Bureau 13-image.png	emu/MEDIA/DOS/images/Bureau 13-image.png	carátulas, capturas y logos de ScreenScraper
MOVIDO	emu/dos/images/Bureau 13-marquee.png	emu/MEDIA/DOS/images/Bureau 13-marquee.png	carátulas, capturas y logos de ScreenScraper
MOVIDO	emu/dos/images/Bureau 13-thumb.png	emu/MEDIA/DOS/images/Bureau 13-thumb.png	carátulas, capturas y logos de ScreenScraper
MOVIDO	emu/dos/images/Burger Time-image.png	emu/MEDIA/DOS/images/Burger Time-image.png	carátulas, capturas y logos de ScreenScraper
MOVIDO	emu/dos/images/Burger Time-marquee.png	emu/MEDIA/DOS/images/Burger Time-marquee.png	carátulas, capturas y logos de ScreenScraper
MOVIDO	emu/dos/images/Burger Time-thumb.png	emu/MEDIA/DOS/images/Burger Time-thumb.png	carátulas, capturas y logos de ScreenScraper
MOVIDO	emu/dos/images/Bush Buck - Global Treasure Hunter-image.png	emu/MEDIA/DOS/images/Bush Buck - Global Treasure Hunter-image.png	carátulas, capturas y logos de ScreenScraper
MOVIDO	emu/dos/images/Bush Buck - Global Treasure Hunter-marquee.png	emu/MEDIA/DOS/images/Bush Buck - Global Treasure Hunter-marquee.png	carátulas, capturas y logos de ScreenScraper
MOVIDO	emu/dos/images/Bush Buck - Global Treasure Hunter-thumb.png	emu/MEDIA/DOS/images/Bush Buck - Global Treasure Hunter-thumb.png	carátulas, capturas y logos de ScreenScraper
MOVIDO	emu/dos/images/CDRAKE-image.png	emu/MEDIA/DOS/images/CDRAKE-image.png	carátulas, capturas y logos de ScreenScraper
MOVIDO	emu/dos/images/CDRAKE-thumb.png	emu/MEDIA/DOS/images/CDRAKE-thumb.png	carátulas, capturas y logos de ScreenScraper
MOVIDO	emu/dos/images/Cabal-image.png	emu/MEDIA/DOS/images/Cabal-image.png	carátulas, capturas y logos de ScreenScraper
MOVIDO	emu/dos/images/Cabal-marquee.png	emu/MEDIA/DOS/images/Cabal-marquee.png	carátulas, capturas y logos de ScreenScraper
MOVIDO	emu/dos/images/Cabal-thumb.png	emu/MEDIA/DOS/images/Cabal-thumb.png	carátulas, capturas y logos de ScreenScraper
MOVIDO	emu/dos/images/Cadaver-image.png	emu/MEDIA/DOS/images/Cadaver-image.png	carátulas, capturas y logos de ScreenScraper
MOVIDO	emu/dos/images/Cadaver-marquee.png	emu/MEDIA/DOS/images/Cadaver-marquee.png	carátulas, capturas y logos de ScreenScraper
MOVIDO	emu/dos/images/Cadaver-thumb.png	emu/MEDIA/DOS/images/Cadaver-thumb.png	carátulas, capturas y logos de ScreenScraper
MOVIDO	emu/dos/images/Caesar's Palace-image.png	emu/MEDIA/DOS/images/Caesar's Palace-image.png	carátulas, capturas y logos de ScreenScraper
MOVIDO	emu/dos/images/Caesar's Palace-thumb.png	emu/MEDIA/DOS/images/Caesar's Palace-thumb.png	carátulas, capturas y logos de ScreenScraper
MOVIDO	emu/dos/images/Caesar-image.png	emu/MEDIA/DOS/images/Caesar-image.png	carátulas, capturas y logos de ScreenScraper
MOVIDO	emu/dos/images/Caesar-marquee.png	emu/MEDIA/DOS/images/Caesar-marquee.png	carátulas, capturas y logos de ScreenScraper
MOVIDO	emu/dos/images/Caesar-thumb.png	emu/MEDIA/DOS/images/Caesar-thumb.png	carátulas, capturas y logos de ScreenScraper
MOVIDO	emu/dos/images/California Games 2-image.png	emu/MEDIA/DOS/images/California Games 2-image.png	carátulas, capturas y logos de ScreenScraper
MOVIDO	emu/dos/images/California Games 2-marquee.png	emu/MEDIA/DOS/images/California Games 2-marquee.png	carátulas, capturas y logos de ScreenScraper
MOVIDO	emu/dos/images/California Games 2-thumb.png	emu/MEDIA/DOS/images/California Games 2-thumb.png	carátulas, capturas y logos de ScreenScraper
MOVIDO	emu/dos/images/California Games-image.png	emu/MEDIA/DOS/images/California Games-image.png	carátulas, capturas y logos de ScreenScraper
MOVIDO	emu/dos/images/California Games-marquee.png	emu/MEDIA/DOS/images/California Games-marquee.png	carátulas, capturas y logos de ScreenScraper
MOVIDO	emu/dos/images/California Games-thumb.png	emu/MEDIA/DOS/images/California Games-thumb.png	carátulas, capturas y logos de ScreenScraper
MOVIDO	emu/dos/images/Cannon Fodder 2-image.png	emu/MEDIA/DOS/images/Cannon Fodder 2-image.png	carátulas, capturas y logos de ScreenScraper
MOVIDO	emu/dos/images/Cannon Fodder 2-marquee.png	emu/MEDIA/DOS/images/Cannon Fodder 2-marquee.png	carátulas, capturas y logos de ScreenScraper
MOVIDO	emu/dos/images/Cannon Fodder 2-thumb.png	emu/MEDIA/DOS/images/Cannon Fodder 2-thumb.png	carátulas, capturas y logos de ScreenScraper
MOVIDO	emu/dos/images/Cannon Fodder-image.png	emu/MEDIA/DOS/images/Cannon Fodder-image.png	carátulas, capturas y logos de ScreenScraper
MOVIDO	emu/dos/images/Cannon Fodder-marquee.png	emu/MEDIA/DOS/images/Cannon Fodder-marquee.png	carátulas, capturas y logos de ScreenScraper
MOVIDO	emu/dos/images/Cannon Fodder-thumb.png	emu/MEDIA/DOS/images/Cannon Fodder-thumb.png	carátulas, capturas y logos de ScreenScraper
MOVIDO	emu/dos/images/Capone-image.png	emu/MEDIA/DOS/images/Capone-image.png	carátulas, capturas y logos de ScreenScraper
MOVIDO	emu/dos/images/Capone-marquee.png	emu/MEDIA/DOS/images/Capone-marquee.png	carátulas, capturas y logos de ScreenScraper
MOVIDO	emu/dos/images/Capone-thumb.png	emu/MEDIA/DOS/images/Capone-thumb.png	carátulas, capturas y logos de ScreenScraper
MOVIDO	emu/dos/images/Captain Blood-image.png	emu/MEDIA/DOS/images/Captain Blood-image.png	carátulas, capturas y logos de ScreenScraper
MOVIDO	emu/dos/images/Captain Blood-marquee.png	emu/MEDIA/DOS/images/Captain Blood-marquee.png	carátulas, capturas y logos de ScreenScraper
MOVIDO	emu/dos/images/Captain Blood-thumb.png	emu/MEDIA/DOS/images/Captain Blood-thumb.png	carátulas, capturas y logos de ScreenScraper
MOVIDO	emu/dos/images/Captain Dynamo-image.png	emu/MEDIA/DOS/images/Captain Dynamo-image.png	carátulas, capturas y logos de ScreenScraper
MOVIDO	emu/dos/images/Captain Dynamo-marquee.png	emu/MEDIA/DOS/images/Captain Dynamo-marquee.png	carátulas, capturas y logos de ScreenScraper
MOVIDO	emu/dos/images/Captain Dynamo-thumb.png	emu/MEDIA/DOS/images/Captain Dynamo-thumb.png	carátulas, capturas y logos de ScreenScraper
MOVIDO	emu/dos/images/Captive-image.png	emu/MEDIA/DOS/images/Captive-image.png	carátulas, capturas y logos de ScreenScraper
MOVIDO	emu/dos/images/Captive-marquee.png	emu/MEDIA/DOS/images/Captive-marquee.png	carátulas, capturas y logos de ScreenScraper
MOVIDO	emu/dos/images/Captive-thumb.png	emu/MEDIA/DOS/images/Captive-thumb.png	carátulas, capturas y logos de ScreenScraper
MOVIDO	emu/dos/images/Car & Driver-image.png	emu/MEDIA/DOS/images/Car & Driver-image.png	carátulas, capturas y logos de ScreenScraper
MOVIDO	emu/dos/images/Car & Driver-marquee.png	emu/MEDIA/DOS/images/Car & Driver-marquee.png	carátulas, capturas y logos de ScreenScraper
MOVIDO	emu/dos/images/Car & Driver-thumb.png	emu/MEDIA/DOS/images/Car & Driver-thumb.png	carátulas, capturas y logos de ScreenScraper
MOVIDO	emu/dos/images/Card Sharks-image.png	emu/MEDIA/DOS/images/Card Sharks-image.png	carátulas, capturas y logos de ScreenScraper
MOVIDO	emu/dos/images/Card Sharks-marquee.png	emu/MEDIA/DOS/images/Card Sharks-marquee.png	carátulas, capturas y logos de ScreenScraper
MOVIDO	emu/dos/images/Card Sharks-thumb.png	emu/MEDIA/DOS/images/Card Sharks-thumb.png	carátulas, capturas y logos de ScreenScraper
MOVIDO	emu/dos/images/Carmageddon-image.png	emu/MEDIA/DOS/images/Carmageddon-image.png	carátulas, capturas y logos de ScreenScraper
MOVIDO	emu/dos/images/Carmageddon-marquee.png	emu/MEDIA/DOS/images/Carmageddon-marquee.png	carátulas, capturas y logos de ScreenScraper
MOVIDO	emu/dos/images/Carmageddon-thumb.png	emu/MEDIA/DOS/images/Carmageddon-thumb.png	carátulas, capturas y logos de ScreenScraper
MOVIDO	emu/dos/images/Carrier Command-image.png	emu/MEDIA/DOS/images/Carrier Command-image.png	carátulas, capturas y logos de ScreenScraper
MOVIDO	emu/dos/images/Carrier Command-marquee.png	emu/MEDIA/DOS/images/Carrier Command-marquee.png	carátulas, capturas y logos de ScreenScraper
MOVIDO	emu/dos/images/Carrier Command-thumb.png	emu/MEDIA/DOS/images/Carrier Command-thumb.png	carátulas, capturas y logos de ScreenScraper
MOVIDO	emu/dos/images/Casino Games-image.png	emu/MEDIA/DOS/images/Casino Games-image.png	carátulas, capturas y logos de ScreenScraper
MOVIDO	emu/dos/images/Casino Games-marquee.png	emu/MEDIA/DOS/images/Casino Games-marquee.png	carátulas, capturas y logos de ScreenScraper
MOVIDO	emu/dos/images/Casino Games-thumb.png	emu/MEDIA/DOS/images/Casino Games-thumb.png	carátulas, capturas y logos de ScreenScraper
MOVIDO	emu/dos/images/Casino Master-image.png	emu/MEDIA/DOS/images/Casino Master-image.png	carátulas, capturas y logos de ScreenScraper
MOVIDO	emu/dos/images/Casino Master-thumb.png	emu/MEDIA/DOS/images/Casino Master-thumb.png	carátulas, capturas y logos de ScreenScraper
MOVIDO	emu/dos/images/Castle Wolfenstein-image.png	emu/MEDIA/DOS/images/Castle Wolfenstein-image.png	carátulas, capturas y logos de ScreenScraper
MOVIDO	emu/dos/images/Castle Wolfenstein-marquee.png	emu/MEDIA/DOS/images/Castle Wolfenstein-marquee.png	carátulas, capturas y logos de ScreenScraper
MOVIDO	emu/dos/images/Castle Wolfenstein-thumb.png	emu/MEDIA/DOS/images/Castle Wolfenstein-thumb.png	carátulas, capturas y logos de ScreenScraper
MOVIDO	emu/dos/images/Castle of Dr. Brain-image.png	emu/MEDIA/DOS/images/Castle of Dr. Brain-image.png	carátulas, capturas y logos de ScreenScraper
MOVIDO	emu/dos/images/Castle of Dr. Brain-marquee.png	emu/MEDIA/DOS/images/Castle of Dr. Brain-marquee.png	carátulas, capturas y logos de ScreenScraper
MOVIDO	emu/dos/images/Castle of Dr. Brain-thumb.png	emu/MEDIA/DOS/images/Castle of Dr. Brain-thumb.png	carátulas, capturas y logos de ScreenScraper
MOVIDO	emu/dos/images/Castles-image.png	emu/MEDIA/DOS/images/Castles-image.png	carátulas, capturas y logos de ScreenScraper
MOVIDO	emu/dos/images/Castles-marquee.png	emu/MEDIA/DOS/images/Castles-marquee.png	carátulas, capturas y logos de ScreenScraper
MOVIDO	emu/dos/images/Castles-thumb.png	emu/MEDIA/DOS/images/Castles-thumb.png	carátulas, capturas y logos de ScreenScraper
MOVIDO	emu/dos/images/Castlevania-image.png	emu/MEDIA/DOS/images/Castlevania-image.png	carátulas, capturas y logos de ScreenScraper
MOVIDO	emu/dos/images/Castlevania-marquee.png	emu/MEDIA/DOS/images/Castlevania-marquee.png	carátulas, capturas y logos de ScreenScraper
MOVIDO	emu/dos/images/Castlevania-thumb.png	emu/MEDIA/DOS/images/Castlevania-thumb.png	carátulas, capturas y logos de ScreenScraper
MOVIDO	emu/dos/images/Centurion - Defender of Rome-image.png	emu/MEDIA/DOS/images/Centurion - Defender of Rome-image.png	carátulas, capturas y logos de ScreenScraper
MOVIDO	emu/dos/images/Centurion - Defender of Rome-marquee.png	emu/MEDIA/DOS/images/Centurion - Defender of Rome-marquee.png	carátulas, capturas y logos de ScreenScraper
MOVIDO	emu/dos/images/Centurion - Defender of Rome-thumb.png	emu/MEDIA/DOS/images/Centurion - Defender of Rome-thumb.png	carátulas, capturas y logos de ScreenScraper
MOVIDO	emu/dos/images/Champion of the Raj-image.png	emu/MEDIA/DOS/images/Champion of the Raj-image.png	carátulas, capturas y logos de ScreenScraper
MOVIDO	emu/dos/images/Champion of the Raj-thumb.png	emu/MEDIA/DOS/images/Champion of the Raj-thumb.png	carátulas, capturas y logos de ScreenScraper
MOVIDO	emu/dos/images/Champions of Krynn-image.png	emu/MEDIA/DOS/images/Champions of Krynn-image.png	carátulas, capturas y logos de ScreenScraper
MOVIDO	emu/dos/images/Champions of Krynn-marquee.png	emu/MEDIA/DOS/images/Champions of Krynn-marquee.png	carátulas, capturas y logos de ScreenScraper
MOVIDO	emu/dos/images/Champions of Krynn-thumb.png	emu/MEDIA/DOS/images/Champions of Krynn-thumb.png	carátulas, capturas y logos de ScreenScraper
MOVIDO	emu/dos/images/Championship Lode Runner-image.png	emu/MEDIA/DOS/images/Championship Lode Runner-image.png	carátulas, capturas y logos de ScreenScraper
MOVIDO	emu/dos/images/Championship Lode Runner-marquee.png	emu/MEDIA/DOS/images/Championship Lode Runner-marquee.png	carátulas, capturas y logos de ScreenScraper
MOVIDO	emu/dos/images/Championship Lode Runner-thumb.png	emu/MEDIA/DOS/images/Championship Lode Runner-thumb.png	carátulas, capturas y logos de ScreenScraper
MOVIDO	emu/dos/images/Charlie Chaplin-image.png	emu/MEDIA/DOS/images/Charlie Chaplin-image.png	carátulas, capturas y logos de ScreenScraper
MOVIDO	emu/dos/images/Charlie Chaplin-marquee.png	emu/MEDIA/DOS/images/Charlie Chaplin-marquee.png	carátulas, capturas y logos de ScreenScraper
MOVIDO	emu/dos/images/Charlie Chaplin-thumb.png	emu/MEDIA/DOS/images/Charlie Chaplin-thumb.png	carátulas, capturas y logos de ScreenScraper
MOVIDO	emu/dos/images/Chasm The Rift-image.png	emu/MEDIA/DOS/images/Chasm The Rift-image.png	carátulas, capturas y logos de ScreenScraper
MOVIDO	emu/dos/images/Chasm The Rift-marquee.png	emu/MEDIA/DOS/images/Chasm The Rift-marquee.png	carátulas, capturas y logos de ScreenScraper
MOVIDO	emu/dos/images/Chasm The Rift-thumb.png	emu/MEDIA/DOS/images/Chasm The Rift-thumb.png	carátulas, capturas y logos de ScreenScraper
MOVIDO	emu/dos/images/Chessmaster 2000-image.png	emu/MEDIA/DOS/images/Chessmaster 2000-image.png	carátulas, capturas y logos de ScreenScraper
MOVIDO	emu/dos/images/Chessmaster 2000-marquee.png	emu/MEDIA/DOS/images/Chessmaster 2000-marquee.png	carátulas, capturas y logos de ScreenScraper
MOVIDO	emu/dos/images/Chessmaster 2000-thumb.png	emu/MEDIA/DOS/images/Chessmaster 2000-thumb.png	carátulas, capturas y logos de ScreenScraper
MOVIDO	emu/dos/images/Chip's Challenge-image.png	emu/MEDIA/DOS/images/Chip's Challenge-image.png	carátulas, capturas y logos de ScreenScraper
MOVIDO	emu/dos/images/Chip's Challenge-marquee.png	emu/MEDIA/DOS/images/Chip's Challenge-marquee.png	carátulas, capturas y logos de ScreenScraper
MOVIDO	emu/dos/images/Chip's Challenge-thumb.png	emu/MEDIA/DOS/images/Chip's Challenge-thumb.png	carátulas, capturas y logos de ScreenScraper
MOVIDO	emu/dos/images/Chopper Commando-image.png	emu/MEDIA/DOS/images/Chopper Commando-image.png	carátulas, capturas y logos de ScreenScraper
MOVIDO	emu/dos/images/Chopper Commando-marquee.png	emu/MEDIA/DOS/images/Chopper Commando-marquee.png	carátulas, capturas y logos de ScreenScraper
MOVIDO	emu/dos/images/Chopper Commando-thumb.png	emu/MEDIA/DOS/images/Chopper Commando-thumb.png	carátulas, capturas y logos de ScreenScraper
MOVIDO	emu/dos/images/Civilization-image.png	emu/MEDIA/DOS/images/Civilization-image.png	carátulas, capturas y logos de ScreenScraper
MOVIDO	emu/dos/images/Civilization-marquee.png	emu/MEDIA/DOS/images/Civilization-marquee.png	carátulas, capturas y logos de ScreenScraper
MOVIDO	emu/dos/images/Civilization-thumb.png	emu/MEDIA/DOS/images/Civilization-thumb.png	carátulas, capturas y logos de ScreenScraper
MOVIDO	emu/dos/images/Classic Concentration-image.png	emu/MEDIA/DOS/images/Classic Concentration-image.png	carátulas, capturas y logos de ScreenScraper
MOVIDO	emu/dos/images/Classic Concentration-marquee.png	emu/MEDIA/DOS/images/Classic Concentration-marquee.png	carátulas, capturas y logos de ScreenScraper
MOVIDO	emu/dos/images/Classic Concentration-thumb.png	emu/MEDIA/DOS/images/Classic Concentration-thumb.png	carátulas, capturas y logos de ScreenScraper
MOVIDO	emu/dos/images/Cloud Kingdoms-image.png	emu/MEDIA/DOS/images/Cloud Kingdoms-image.png	carátulas, capturas y logos de ScreenScraper
MOVIDO	emu/dos/images/Cloud Kingdoms-marquee.png	emu/MEDIA/DOS/images/Cloud Kingdoms-marquee.png	carátulas, capturas y logos de ScreenScraper
MOVIDO	emu/dos/images/Cloud Kingdoms-thumb.png	emu/MEDIA/DOS/images/Cloud Kingdoms-thumb.png	carátulas, capturas y logos de ScreenScraper
MOVIDO	emu/dos/images/Clue - Master Detective-image.png	emu/MEDIA/DOS/images/Clue - Master Detective-image.png	carátulas, capturas y logos de ScreenScraper
MOVIDO	emu/dos/images/Clue - Master Detective-marquee.png	emu/MEDIA/DOS/images/Clue - Master Detective-marquee.png	carátulas, capturas y logos de ScreenScraper
MOVIDO	emu/dos/images/Clue - Master Detective-thumb.png	emu/MEDIA/DOS/images/Clue - Master Detective-thumb.png	carátulas, capturas y logos de ScreenScraper
MOVIDO	emu/dos/images/Codename - Iceman-image.png	emu/MEDIA/DOS/images/Codename - Iceman-image.png	carátulas, capturas y logos de ScreenScraper
MOVIDO	emu/dos/images/Codename - Iceman-marquee.png	emu/MEDIA/DOS/images/Codename - Iceman-marquee.png	carátulas, capturas y logos de ScreenScraper
MOVIDO	emu/dos/images/Codename - Iceman-thumb.png	emu/MEDIA/DOS/images/Codename - Iceman-thumb.png	carátulas, capturas y logos de ScreenScraper
MOVIDO	emu/dos/images/Colonization-image.png	emu/MEDIA/DOS/images/Colonization-image.png	carátulas, capturas y logos de ScreenScraper
MOVIDO	emu/dos/images/Colonization-marquee.png	emu/MEDIA/DOS/images/Colonization-marquee.png	carátulas, capturas y logos de ScreenScraper
MOVIDO	emu/dos/images/Colonization-thumb.png	emu/MEDIA/DOS/images/Colonization-thumb.png	carátulas, capturas y logos de ScreenScraper
MOVIDO	emu/dos/images/Colorado-image.png	emu/MEDIA/DOS/images/Colorado-image.png	carátulas, capturas y logos de ScreenScraper
MOVIDO	emu/dos/images/Colorado-marquee.png	emu/MEDIA/DOS/images/Colorado-marquee.png	carátulas, capturas y logos de ScreenScraper
MOVIDO	emu/dos/images/Colorado-thumb.png	emu/MEDIA/DOS/images/Colorado-thumb.png	carátulas, capturas y logos de ScreenScraper
MOVIDO	emu/dos/images/Command HQ-image.png	emu/MEDIA/DOS/images/Command HQ-image.png	carátulas, capturas y logos de ScreenScraper
MOVIDO	emu/dos/images/Command HQ-marquee.png	emu/MEDIA/DOS/images/Command HQ-marquee.png	carátulas, capturas y logos de ScreenScraper
MOVIDO	emu/dos/images/Command HQ-thumb.png	emu/MEDIA/DOS/images/Command HQ-thumb.png	carátulas, capturas y logos de ScreenScraper
MOVIDO	emu/dos/images/Commander Keen - Keen Dreams-image.png	emu/MEDIA/DOS/images/Commander Keen - Keen Dreams-image.png	carátulas, capturas y logos de ScreenScraper
MOVIDO	emu/dos/images/Commander Keen - Keen Dreams-marquee.png	emu/MEDIA/DOS/images/Commander Keen - Keen Dreams-marquee.png	carátulas, capturas y logos de ScreenScraper
MOVIDO	emu/dos/images/Commander Keen - Keen Dreams-thumb.png	emu/MEDIA/DOS/images/Commander Keen - Keen Dreams-thumb.png	carátulas, capturas y logos de ScreenScraper
MOVIDO	emu/dos/images/Commander Keen 1 - Marooned on Mars-image.png	emu/MEDIA/DOS/images/Commander Keen 1 - Marooned on Mars-image.png	carátulas, capturas y logos de ScreenScraper
MOVIDO	emu/dos/images/Commander Keen 1 - Marooned on Mars-marquee.png	emu/MEDIA/DOS/images/Commander Keen 1 - Marooned on Mars-marquee.png	carátulas, capturas y logos de ScreenScraper
MOVIDO	emu/dos/images/Commander Keen 1 - Marooned on Mars-thumb.png	emu/MEDIA/DOS/images/Commander Keen 1 - Marooned on Mars-thumb.png	carátulas, capturas y logos de ScreenScraper
MOVIDO	emu/dos/images/Commander Keen 4 - Secret of the Oracle-image.png	emu/MEDIA/DOS/images/Commander Keen 4 - Secret of the Oracle-image.png	carátulas, capturas y logos de ScreenScraper
MOVIDO	emu/dos/images/Commander Keen 4 - Secret of the Oracle-marquee.png	emu/MEDIA/DOS/images/Commander Keen 4 - Secret of the Oracle-marquee.png	carátulas, capturas y logos de ScreenScraper
MOVIDO	emu/dos/images/Commander Keen 4 - Secret of the Oracle-thumb.png	emu/MEDIA/DOS/images/Commander Keen 4 - Secret of the Oracle-thumb.png	carátulas, capturas y logos de ScreenScraper
MOVIDO	emu/dos/images/Commander Keen 6 - Aliens ate my Baby Sitter-image.png	emu/MEDIA/DOS/images/Commander Keen 6 - Aliens ate my Baby Sitter-image.png	carátulas, capturas y logos de ScreenScraper
MOVIDO	emu/dos/images/Commander Keen 6 - Aliens ate my Baby Sitter-marquee.png	emu/MEDIA/DOS/images/Commander Keen 6 - Aliens ate my Baby Sitter-marquee.png	carátulas, capturas y logos de ScreenScraper
MOVIDO	emu/dos/images/Commander Keen 6 - Aliens ate my Baby Sitter-thumb.png	emu/MEDIA/DOS/images/Commander Keen 6 - Aliens ate my Baby Sitter-thumb.png	carátulas, capturas y logos de ScreenScraper
MOVIDO	emu/dos/images/Commando-image.png	emu/MEDIA/DOS/images/Commando-image.png	carátulas, capturas y logos de ScreenScraper
MOVIDO	emu/dos/images/Commando-marquee.png	emu/MEDIA/DOS/images/Commando-marquee.png	carátulas, capturas y logos de ScreenScraper
MOVIDO	emu/dos/images/Commando-thumb.png	emu/MEDIA/DOS/images/Commando-thumb.png	carátulas, capturas y logos de ScreenScraper
MOVIDO	emu/dos/images/Companions of Xanth-image.png	emu/MEDIA/DOS/images/Companions of Xanth-image.png	carátulas, capturas y logos de ScreenScraper
MOVIDO	emu/dos/images/Companions of Xanth-marquee.png	emu/MEDIA/DOS/images/Companions of Xanth-marquee.png	carátulas, capturas y logos de ScreenScraper
MOVIDO	emu/dos/images/Companions of Xanth-thumb.png	emu/MEDIA/DOS/images/Companions of Xanth-thumb.png	carátulas, capturas y logos de ScreenScraper
MOVIDO	emu/dos/images/Conan the Cimmerian-image.png	emu/MEDIA/DOS/images/Conan the Cimmerian-image.png	carátulas, capturas y logos de ScreenScraper
MOVIDO	emu/dos/images/Conan the Cimmerian-marquee.png	emu/MEDIA/DOS/images/Conan the Cimmerian-marquee.png	carátulas, capturas y logos de ScreenScraper
MOVIDO	emu/dos/images/Conan the Cimmerian-thumb.png	emu/MEDIA/DOS/images/Conan the Cimmerian-thumb.png	carátulas, capturas y logos de ScreenScraper
MOVIDO	emu/dos/images/Conflict in Vietnam-image.png	emu/MEDIA/DOS/images/Conflict in Vietnam-image.png	carátulas, capturas y logos de ScreenScraper
MOVIDO	emu/dos/images/Conflict in Vietnam-thumb.png	emu/MEDIA/DOS/images/Conflict in Vietnam-thumb.png	carátulas, capturas y logos de ScreenScraper
MOVIDO	emu/dos/images/Conqueror-image.png	emu/MEDIA/DOS/images/Conqueror-image.png	carátulas, capturas y logos de ScreenScraper
MOVIDO	emu/dos/images/Conqueror-marquee.png	emu/MEDIA/DOS/images/Conqueror-marquee.png	carátulas, capturas y logos de ScreenScraper
MOVIDO	emu/dos/images/Conqueror-thumb.png	emu/MEDIA/DOS/images/Conqueror-thumb.png	carátulas, capturas y logos de ScreenScraper
MOVIDO	emu/dos/images/Conquests of the Longbow - The Legend of Robin Hood-image.png	emu/MEDIA/DOS/images/Conquests of the Longbow - The Legend of Robin Hood-image.png	carátulas, capturas y logos de ScreenScraper
MOVIDO	emu/dos/images/Conquests of the Longbow - The Legend of Robin Hood-marquee.png	emu/MEDIA/DOS/images/Conquests of the Longbow - The Legend of Robin Hood-marquee.png	carátulas, capturas y logos de ScreenScraper
MOVIDO	emu/dos/images/Conquests of the Longbow - The Legend of Robin Hood-thumb.png	emu/MEDIA/DOS/images/Conquests of the Longbow - The Legend of Robin Hood-thumb.png	carátulas, capturas y logos de ScreenScraper
MOVIDO	emu/dos/images/Constructor-image.png	emu/MEDIA/DOS/images/Constructor-image.png	carátulas, capturas y logos de ScreenScraper
MOVIDO	emu/dos/images/Constructor-marquee.png	emu/MEDIA/DOS/images/Constructor-marquee.png	carátulas, capturas y logos de ScreenScraper
MOVIDO	emu/dos/images/Constructor-thumb.png	emu/MEDIA/DOS/images/Constructor-thumb.png	carátulas, capturas y logos de ScreenScraper
MOVIDO	emu/dos/images/Contraption Zack-image.png	emu/MEDIA/DOS/images/Contraption Zack-image.png	carátulas, capturas y logos de ScreenScraper
MOVIDO	emu/dos/images/Contraption Zack-marquee.png	emu/MEDIA/DOS/images/Contraption Zack-marquee.png	carátulas, capturas y logos de ScreenScraper
MOVIDO	emu/dos/images/Contraption Zack-thumb.png	emu/MEDIA/DOS/images/Contraption Zack-thumb.png	carátulas, capturas y logos de ScreenScraper
MOVIDO	emu/dos/images/Cool Croc Twins-image.png	emu/MEDIA/DOS/images/Cool Croc Twins-image.png	carátulas, capturas y logos de ScreenScraper
MOVIDO	emu/dos/images/Cool Croc Twins-marquee.png	emu/MEDIA/DOS/images/Cool Croc Twins-marquee.png	carátulas, capturas y logos de ScreenScraper
MOVIDO	emu/dos/images/Cool Croc Twins-thumb.png	emu/MEDIA/DOS/images/Cool Croc Twins-thumb.png	carátulas, capturas y logos de ScreenScraper
MOVIDO	emu/dos/images/Cool Spot-image.png	emu/MEDIA/DOS/images/Cool Spot-image.png	carátulas, capturas y logos de ScreenScraper
MOVIDO	emu/dos/images/Cool Spot-marquee.png	emu/MEDIA/DOS/images/Cool Spot-marquee.png	carátulas, capturas y logos de ScreenScraper
MOVIDO	emu/dos/images/Cool Spot-thumb.png	emu/MEDIA/DOS/images/Cool Spot-thumb.png	carátulas, capturas y logos de ScreenScraper
MOVIDO	emu/dos/images/Corporate Raider-image.png	emu/MEDIA/DOS/images/Corporate Raider-image.png	carátulas, capturas y logos de ScreenScraper
MOVIDO	emu/dos/images/Corporate Raider-thumb.png	emu/MEDIA/DOS/images/Corporate Raider-thumb.png	carátulas, capturas y logos de ScreenScraper
MOVIDO	emu/dos/images/Corporation-image.png	emu/MEDIA/DOS/images/Corporation-image.png	carátulas, capturas y logos de ScreenScraper
MOVIDO	emu/dos/images/Corporation-marquee.png	emu/MEDIA/DOS/images/Corporation-marquee.png	carátulas, capturas y logos de ScreenScraper
MOVIDO	emu/dos/images/Corporation-thumb.png	emu/MEDIA/DOS/images/Corporation-thumb.png	carátulas, capturas y logos de ScreenScraper
MOVIDO	emu/dos/images/Cosmic Crusader-image.png	emu/MEDIA/DOS/images/Cosmic Crusader-image.png	carátulas, capturas y logos de ScreenScraper
MOVIDO	emu/dos/images/Cosmic Crusader-marquee.png	emu/MEDIA/DOS/images/Cosmic Crusader-marquee.png	carátulas, capturas y logos de ScreenScraper
MOVIDO	emu/dos/images/Cosmic Crusader-thumb.png	emu/MEDIA/DOS/images/Cosmic Crusader-thumb.png	carátulas, capturas y logos de ScreenScraper
MOVIDO	emu/dos/images/Countdown-image.png	emu/MEDIA/DOS/images/Countdown-image.png	carátulas, capturas y logos de ScreenScraper
MOVIDO	emu/dos/images/Countdown-marquee.png	emu/MEDIA/DOS/images/Countdown-marquee.png	carátulas, capturas y logos de ScreenScraper
MOVIDO	emu/dos/images/Countdown-thumb.png	emu/MEDIA/DOS/images/Countdown-thumb.png	carátulas, capturas y logos de ScreenScraper
MOVIDO	emu/dos/images/Covert Action-image.png	emu/MEDIA/DOS/images/Covert Action-image.png	carátulas, capturas y logos de ScreenScraper
MOVIDO	emu/dos/images/Covert Action-marquee.png	emu/MEDIA/DOS/images/Covert Action-marquee.png	carátulas, capturas y logos de ScreenScraper
MOVIDO	emu/dos/images/Covert Action-thumb.png	emu/MEDIA/DOS/images/Covert Action-thumb.png	carátulas, capturas y logos de ScreenScraper
MOVIDO	emu/dos/images/Crazy Cars II-image.png	emu/MEDIA/DOS/images/Crazy Cars II-image.png	carátulas, capturas y logos de ScreenScraper
MOVIDO	emu/dos/images/Crazy Cars II-marquee.png	emu/MEDIA/DOS/images/Crazy Cars II-marquee.png	carátulas, capturas y logos de ScreenScraper
MOVIDO	emu/dos/images/Crazy Cars II-thumb.png	emu/MEDIA/DOS/images/Crazy Cars II-thumb.png	carátulas, capturas y logos de ScreenScraper
MOVIDO	emu/dos/images/Crazy Cars-image.png	emu/MEDIA/DOS/images/Crazy Cars-image.png	carátulas, capturas y logos de ScreenScraper
MOVIDO	emu/dos/images/Crazy Cars-marquee.png	emu/MEDIA/DOS/images/Crazy Cars-marquee.png	carátulas, capturas y logos de ScreenScraper
MOVIDO	emu/dos/images/Crazy Cars-thumb.png	emu/MEDIA/DOS/images/Crazy Cars-thumb.png	carátulas, capturas y logos de ScreenScraper
MOVIDO	emu/dos/images/Creepers-image.png	emu/MEDIA/DOS/images/Creepers-image.png	carátulas, capturas y logos de ScreenScraper
MOVIDO	emu/dos/images/Creepers-marquee.png	emu/MEDIA/DOS/images/Creepers-marquee.png	carátulas, capturas y logos de ScreenScraper
MOVIDO	emu/dos/images/Creepers-thumb.png	emu/MEDIA/DOS/images/Creepers-thumb.png	carátulas, capturas y logos de ScreenScraper
MOVIDO	emu/dos/images/Crime Time-image.png	emu/MEDIA/DOS/images/Crime Time-image.png	carátulas, capturas y logos de ScreenScraper
MOVIDO	emu/dos/images/Crime Time-marquee.png	emu/MEDIA/DOS/images/Crime Time-marquee.png	carátulas, capturas y logos de ScreenScraper
MOVIDO	emu/dos/images/Crime Time-thumb.png	emu/MEDIA/DOS/images/Crime Time-thumb.png	carátulas, capturas y logos de ScreenScraper
MOVIDO	emu/dos/images/Crime Wave-image.png	emu/MEDIA/DOS/images/Crime Wave-image.png	carátulas, capturas y logos de ScreenScraper
MOVIDO	emu/dos/images/Crime Wave-marquee.png	emu/MEDIA/DOS/images/Crime Wave-marquee.png	carátulas, capturas y logos de ScreenScraper
MOVIDO	emu/dos/images/Crime Wave-thumb.png	emu/MEDIA/DOS/images/Crime Wave-thumb.png	carátulas, capturas y logos de ScreenScraper
MOVIDO	emu/dos/images/Crossbow-image.png	emu/MEDIA/DOS/images/Crossbow-image.png	carátulas, capturas y logos de ScreenScraper
MOVIDO	emu/dos/images/Crossbow-marquee.png	emu/MEDIA/DOS/images/Crossbow-marquee.png	carátulas, capturas y logos de ScreenScraper
MOVIDO	emu/dos/images/Crossbow-thumb.png	emu/MEDIA/DOS/images/Crossbow-thumb.png	carátulas, capturas y logos de ScreenScraper
MOVIDO	emu/dos/images/Crossfire-image.png	emu/MEDIA/DOS/images/Crossfire-image.png	carátulas, capturas y logos de ScreenScraper
MOVIDO	emu/dos/images/Crossfire-marquee.png	emu/MEDIA/DOS/images/Crossfire-marquee.png	carátulas, capturas y logos de ScreenScraper
MOVIDO	emu/dos/images/Crossfire-thumb.png	emu/MEDIA/DOS/images/Crossfire-thumb.png	carátulas, capturas y logos de ScreenScraper
MOVIDO	emu/dos/images/Cruise for a Corpse-image.png	emu/MEDIA/DOS/images/Cruise for a Corpse-image.png	carátulas, capturas y logos de ScreenScraper
MOVIDO	emu/dos/images/Cruise for a Corpse-marquee.png	emu/MEDIA/DOS/images/Cruise for a Corpse-marquee.png	carátulas, capturas y logos de ScreenScraper
MOVIDO	emu/dos/images/Cruise for a Corpse-thumb.png	emu/MEDIA/DOS/images/Cruise for a Corpse-thumb.png	carátulas, capturas y logos de ScreenScraper
MOVIDO	emu/dos/images/Crusade in Europe-image.png	emu/MEDIA/DOS/images/Crusade in Europe-image.png	carátulas, capturas y logos de ScreenScraper
MOVIDO	emu/dos/images/Crusade in Europe-thumb.png	emu/MEDIA/DOS/images/Crusade in Europe-thumb.png	carátulas, capturas y logos de ScreenScraper
MOVIDO	emu/dos/images/Crystals of Arborea-image.png	emu/MEDIA/DOS/images/Crystals of Arborea-image.png	carátulas, capturas y logos de ScreenScraper
MOVIDO	emu/dos/images/Crystals of Arborea-marquee.png	emu/MEDIA/DOS/images/Crystals of Arborea-marquee.png	carátulas, capturas y logos de ScreenScraper
MOVIDO	emu/dos/images/Crystals of Arborea-thumb.png	emu/MEDIA/DOS/images/Crystals of Arborea-thumb.png	carátulas, capturas y logos de ScreenScraper
MOVIDO	emu/dos/images/Curse of Enchantia-image.png	emu/MEDIA/DOS/images/Curse of Enchantia-image.png	carátulas, capturas y logos de ScreenScraper
MOVIDO	emu/dos/images/Curse of Enchantia-marquee.png	emu/MEDIA/DOS/images/Curse of Enchantia-marquee.png	carátulas, capturas y logos de ScreenScraper
MOVIDO	emu/dos/images/Curse of Enchantia-thumb.png	emu/MEDIA/DOS/images/Curse of Enchantia-thumb.png	carátulas, capturas y logos de ScreenScraper
MOVIDO	emu/dos/images/Curse of the Azure Bonds-image.png	emu/MEDIA/DOS/images/Curse of the Azure Bonds-image.png	carátulas, capturas y logos de ScreenScraper
MOVIDO	emu/dos/images/Curse of the Azure Bonds-marquee.png	emu/MEDIA/DOS/images/Curse of the Azure Bonds-marquee.png	carátulas, capturas y logos de ScreenScraper
MOVIDO	emu/dos/images/Curse of the Azure Bonds-thumb.png	emu/MEDIA/DOS/images/Curse of the Azure Bonds-thumb.png	carátulas, capturas y logos de ScreenScraper
MOVIDO	emu/dos/images/CyClones-image.png	emu/MEDIA/DOS/images/CyClones-image.png	carátulas, capturas y logos de ScreenScraper
MOVIDO	emu/dos/images/CyClones-marquee.png	emu/MEDIA/DOS/images/CyClones-marquee.png	carátulas, capturas y logos de ScreenScraper
MOVIDO	emu/dos/images/CyClones-thumb.png	emu/MEDIA/DOS/images/CyClones-thumb.png	carátulas, capturas y logos de ScreenScraper
MOVIDO	emu/dos/images/Cyber Empires-image.png	emu/MEDIA/DOS/images/Cyber Empires-image.png	carátulas, capturas y logos de ScreenScraper
MOVIDO	emu/dos/images/Cyber Empires-marquee.png	emu/MEDIA/DOS/images/Cyber Empires-marquee.png	carátulas, capturas y logos de ScreenScraper
MOVIDO	emu/dos/images/Cyber Empires-thumb.png	emu/MEDIA/DOS/images/Cyber Empires-thumb.png	carátulas, capturas y logos de ScreenScraper
MOVIDO	emu/dos/images/CyberRace-image.png	emu/MEDIA/DOS/images/CyberRace-image.png	carátulas, capturas y logos de ScreenScraper
MOVIDO	emu/dos/images/CyberRace-thumb.png	emu/MEDIA/DOS/images/CyberRace-thumb.png	carátulas, capturas y logos de ScreenScraper
MOVIDO	emu/dos/images/Cyborg-image.png	emu/MEDIA/DOS/images/Cyborg-image.png	carátulas, capturas y logos de ScreenScraper
MOVIDO	emu/dos/images/Cyborg-marquee.png	emu/MEDIA/DOS/images/Cyborg-marquee.png	carátulas, capturas y logos de ScreenScraper
MOVIDO	emu/dos/images/Cyborg-thumb.png	emu/MEDIA/DOS/images/Cyborg-thumb.png	carátulas, capturas y logos de ScreenScraper
MOVIDO	emu/dos/images/D-Generation-image.png	emu/MEDIA/DOS/images/D-Generation-image.png	carátulas, capturas y logos de ScreenScraper
MOVIDO	emu/dos/images/D-Generation-marquee.png	emu/MEDIA/DOS/images/D-Generation-marquee.png	carátulas, capturas y logos de ScreenScraper
MOVIDO	emu/dos/images/D-Generation-thumb.png	emu/MEDIA/DOS/images/D-Generation-thumb.png	carátulas, capturas y logos de ScreenScraper
MOVIDO	emu/dos/images/DJ Puff's Volcanic Capers-image.png	emu/MEDIA/DOS/images/DJ Puff's Volcanic Capers-image.png	carátulas, capturas y logos de ScreenScraper
MOVIDO	emu/dos/images/DJ Puff's Volcanic Capers-marquee.png	emu/MEDIA/DOS/images/DJ Puff's Volcanic Capers-marquee.png	carátulas, capturas y logos de ScreenScraper
MOVIDO	emu/dos/images/DJ Puff's Volcanic Capers-thumb.png	emu/MEDIA/DOS/images/DJ Puff's Volcanic Capers-thumb.png	carátulas, capturas y logos de ScreenScraper
MOVIDO	emu/dos/images/Daemonsgate-image.png	emu/MEDIA/DOS/images/Daemonsgate-image.png	carátulas, capturas y logos de ScreenScraper
MOVIDO	emu/dos/images/Daemonsgate-marquee.png	emu/MEDIA/DOS/images/Daemonsgate-marquee.png	carátulas, capturas y logos de ScreenScraper
MOVIDO	emu/dos/images/Daemonsgate-thumb.png	emu/MEDIA/DOS/images/Daemonsgate-thumb.png	carátulas, capturas y logos de ScreenScraper
MOVIDO	emu/dos/images/Dalek Attack-image.png	emu/MEDIA/DOS/images/Dalek Attack-image.png	carátulas, capturas y logos de ScreenScraper
MOVIDO	emu/dos/images/Dalek Attack-marquee.png	emu/MEDIA/DOS/images/Dalek Attack-marquee.png	carátulas, capturas y logos de ScreenScraper
MOVIDO	emu/dos/images/Dalek Attack-thumb.png	emu/MEDIA/DOS/images/Dalek Attack-thumb.png	carátulas, capturas y logos de ScreenScraper
MOVIDO	emu/dos/images/Dangerous Dave-image.png	emu/MEDIA/DOS/images/Dangerous Dave-image.png	carátulas, capturas y logos de ScreenScraper
MOVIDO	emu/dos/images/Dangerous Dave-marquee.png	emu/MEDIA/DOS/images/Dangerous Dave-marquee.png	carátulas, capturas y logos de ScreenScraper
MOVIDO	emu/dos/images/Dangerous Dave-thumb.png	emu/MEDIA/DOS/images/Dangerous Dave-thumb.png	carátulas, capturas y logos de ScreenScraper
MOVIDO	emu/dos/images/Dark Castle-image.png	emu/MEDIA/DOS/images/Dark Castle-image.png	carátulas, capturas y logos de ScreenScraper
MOVIDO	emu/dos/images/Dark Castle-marquee.png	emu/MEDIA/DOS/images/Dark Castle-marquee.png	carátulas, capturas y logos de ScreenScraper
MOVIDO	emu/dos/images/Dark Castle-thumb.png	emu/MEDIA/DOS/images/Dark Castle-thumb.png	carátulas, capturas y logos de ScreenScraper
MOVIDO	emu/dos/images/Dark Seed II-image.png	emu/MEDIA/DOS/images/Dark Seed II-image.png	carátulas, capturas y logos de ScreenScraper
MOVIDO	emu/dos/images/Dark Seed II-marquee.png	emu/MEDIA/DOS/images/Dark Seed II-marquee.png	carátulas, capturas y logos de ScreenScraper
MOVIDO	emu/dos/images/Dark Seed II-thumb.png	emu/MEDIA/DOS/images/Dark Seed II-thumb.png	carátulas, capturas y logos de ScreenScraper
MOVIDO	emu/dos/images/Dark Seed-image.png	emu/MEDIA/DOS/images/Dark Seed-image.png	carátulas, capturas y logos de ScreenScraper
MOVIDO	emu/dos/images/Dark Seed-marquee.png	emu/MEDIA/DOS/images/Dark Seed-marquee.png	carátulas, capturas y logos de ScreenScraper
MOVIDO	emu/dos/images/Dark Seed-thumb.png	emu/MEDIA/DOS/images/Dark Seed-thumb.png	carátulas, capturas y logos de ScreenScraper
MOVIDO	emu/dos/images/Darklands-image.png	emu/MEDIA/DOS/images/Darklands-image.png	carátulas, capturas y logos de ScreenScraper
MOVIDO	emu/dos/images/Darklands-marquee.png	emu/MEDIA/DOS/images/Darklands-marquee.png	carátulas, capturas y logos de ScreenScraper
MOVIDO	emu/dos/images/Darklands-thumb.png	emu/MEDIA/DOS/images/Darklands-thumb.png	carátulas, capturas y logos de ScreenScraper
MOVIDO	emu/dos/images/Darkspyre-image.png	emu/MEDIA/DOS/images/Darkspyre-image.png	carátulas, capturas y logos de ScreenScraper
MOVIDO	emu/dos/images/Darkspyre-marquee.png	emu/MEDIA/DOS/images/Darkspyre-marquee.png	carátulas, capturas y logos de ScreenScraper
MOVIDO	emu/dos/images/Darkspyre-thumb.png	emu/MEDIA/DOS/images/Darkspyre-thumb.png	carátulas, capturas y logos de ScreenScraper
MOVIDO	emu/dos/images/Day of the Viper-image.png	emu/MEDIA/DOS/images/Day of the Viper-image.png	carátulas, capturas y logos de ScreenScraper
MOVIDO	emu/dos/images/Day of the Viper-marquee.png	emu/MEDIA/DOS/images/Day of the Viper-marquee.png	carátulas, capturas y logos de ScreenScraper
MOVIDO	emu/dos/images/Day of the Viper-thumb.png	emu/MEDIA/DOS/images/Day of the Viper-thumb.png	carátulas, capturas y logos de ScreenScraper
MOVIDO	emu/dos/images/Deadline-image.png	emu/MEDIA/DOS/images/Deadline-image.png	carátulas, capturas y logos de ScreenScraper
MOVIDO	emu/dos/images/Deadline-marquee.png	emu/MEDIA/DOS/images/Deadline-marquee.png	carátulas, capturas y logos de ScreenScraper
MOVIDO	emu/dos/images/Deadline-thumb.png	emu/MEDIA/DOS/images/Deadline-thumb.png	carátulas, capturas y logos de ScreenScraper
MOVIDO	emu/dos/images/Death Rally-image.png	emu/MEDIA/DOS/images/Death Rally-image.png	carátulas, capturas y logos de ScreenScraper
MOVIDO	emu/dos/images/Death Rally-marquee.png	emu/MEDIA/DOS/images/Death Rally-marquee.png	carátulas, capturas y logos de ScreenScraper
MOVIDO	emu/dos/images/Death Rally-thumb.png	emu/MEDIA/DOS/images/Death Rally-thumb.png	carátulas, capturas y logos de ScreenScraper
MOVIDO	emu/dos/images/Death Sword-image.png	emu/MEDIA/DOS/images/Death Sword-image.png	carátulas, capturas y logos de ScreenScraper
MOVIDO	emu/dos/images/Death Sword-marquee.png	emu/MEDIA/DOS/images/Death Sword-marquee.png	carátulas, capturas y logos de ScreenScraper
MOVIDO	emu/dos/images/Death Sword-thumb.png	emu/MEDIA/DOS/images/Death Sword-thumb.png	carátulas, capturas y logos de ScreenScraper
MOVIDO	emu/dos/images/Deathtrack-image.png	emu/MEDIA/DOS/images/Deathtrack-image.png	carátulas, capturas y logos de ScreenScraper
MOVIDO	emu/dos/images/Deathtrack-marquee.png	emu/MEDIA/DOS/images/Deathtrack-marquee.png	carátulas, capturas y logos de ScreenScraper
MOVIDO	emu/dos/images/Deathtrack-thumb.png	emu/MEDIA/DOS/images/Deathtrack-thumb.png	carátulas, capturas y logos de ScreenScraper
MOVIDO	emu/dos/images/Defender of the Crown-image.png	emu/MEDIA/DOS/images/Defender of the Crown-image.png	carátulas, capturas y logos de ScreenScraper
MOVIDO	emu/dos/images/Defender of the Crown-marquee.png	emu/MEDIA/DOS/images/Defender of the Crown-marquee.png	carátulas, capturas y logos de ScreenScraper
MOVIDO	emu/dos/images/Defender of the Crown-thumb.png	emu/MEDIA/DOS/images/Defender of the Crown-thumb.png	carátulas, capturas y logos de ScreenScraper
MOVIDO	emu/dos/images/Demon Stalker-image.png	emu/MEDIA/DOS/images/Demon Stalker-image.png	carátulas, capturas y logos de ScreenScraper
MOVIDO	emu/dos/images/Demon Stalker-marquee.png	emu/MEDIA/DOS/images/Demon Stalker-marquee.png	carátulas, capturas y logos de ScreenScraper
MOVIDO	emu/dos/images/Demon Stalker-thumb.png	emu/MEDIA/DOS/images/Demon Stalker-thumb.png	carátulas, capturas y logos de ScreenScraper
MOVIDO	emu/dos/images/Demon's Forge-image.png	emu/MEDIA/DOS/images/Demon's Forge-image.png	carátulas, capturas y logos de ScreenScraper
MOVIDO	emu/dos/images/Demon's Forge-marquee.png	emu/MEDIA/DOS/images/Demon's Forge-marquee.png	carátulas, capturas y logos de ScreenScraper
MOVIDO	emu/dos/images/Demon's Forge-thumb.png	emu/MEDIA/DOS/images/Demon's Forge-thumb.png	carátulas, capturas y logos de ScreenScraper
MOVIDO	emu/dos/images/Demons Winter-image.png	emu/MEDIA/DOS/images/Demons Winter-image.png	carátulas, capturas y logos de ScreenScraper
MOVIDO	emu/dos/images/Demons Winter-marquee.png	emu/MEDIA/DOS/images/Demons Winter-marquee.png	carátulas, capturas y logos de ScreenScraper
MOVIDO	emu/dos/images/Demons Winter-thumb.png	emu/MEDIA/DOS/images/Demons Winter-thumb.png	carátulas, capturas y logos de ScreenScraper
MOVIDO	emu/dos/images/Descent (Shareware)-image.png	emu/MEDIA/DOS/images/Descent (Shareware)-image.png	carátulas, capturas y logos de ScreenScraper
MOVIDO	emu/dos/images/Descent (Shareware)-marquee.png	emu/MEDIA/DOS/images/Descent (Shareware)-marquee.png	carátulas, capturas y logos de ScreenScraper
MOVIDO	emu/dos/images/Descent (Shareware)-thumb.png	emu/MEDIA/DOS/images/Descent (Shareware)-thumb.png	carátulas, capturas y logos de ScreenScraper
MOVIDO	emu/dos/images/Descent 2 (Shareware)-image.png	emu/MEDIA/DOS/images/Descent 2 (Shareware)-image.png	carátulas, capturas y logos de ScreenScraper
MOVIDO	emu/dos/images/Descent 2 (Shareware)-marquee.png	emu/MEDIA/DOS/images/Descent 2 (Shareware)-marquee.png	carátulas, capturas y logos de ScreenScraper
MOVIDO	emu/dos/images/Descent 2 (Shareware)-thumb.png	emu/MEDIA/DOS/images/Descent 2 (Shareware)-thumb.png	carátulas, capturas y logos de ScreenScraper
MOVIDO	emu/dos/images/Desert Rats-image.png	emu/MEDIA/DOS/images/Desert Rats-image.png	carátulas, capturas y logos de ScreenScraper
MOVIDO	emu/dos/images/Desert Rats-marquee.png	emu/MEDIA/DOS/images/Desert Rats-marquee.png	carátulas, capturas y logos de ScreenScraper
MOVIDO	emu/dos/images/Desert Rats-thumb.png	emu/MEDIA/DOS/images/Desert Rats-thumb.png	carátulas, capturas y logos de ScreenScraper
MOVIDO	emu/dos/images/Deus-image.png	emu/MEDIA/DOS/images/Deus-image.png	carátulas, capturas y logos de ScreenScraper
MOVIDO	emu/dos/images/Deus-marquee.png	emu/MEDIA/DOS/images/Deus-marquee.png	carátulas, capturas y logos de ScreenScraper
MOVIDO	emu/dos/images/Deus-thumb.png	emu/MEDIA/DOS/images/Deus-thumb.png	carátulas, capturas y logos de ScreenScraper
MOVIDO	emu/dos/images/Die Hard-image.png	emu/MEDIA/DOS/images/Die Hard-image.png	carátulas, capturas y logos de ScreenScraper
MOVIDO	emu/dos/images/Die Hard-marquee.png	emu/MEDIA/DOS/images/Die Hard-marquee.png	carátulas, capturas y logos de ScreenScraper
MOVIDO	emu/dos/images/Die Hard-thumb.png	emu/MEDIA/DOS/images/Die Hard-thumb.png	carátulas, capturas y logos de ScreenScraper
MOVIDO	emu/dos/images/Dig Dug-image.png	emu/MEDIA/DOS/images/Dig Dug-image.png	carátulas, capturas y logos de ScreenScraper
MOVIDO	emu/dos/images/Dig Dug-marquee.png	emu/MEDIA/DOS/images/Dig Dug-marquee.png	carátulas, capturas y logos de ScreenScraper
MOVIDO	emu/dos/images/Dig Dug-thumb.png	emu/MEDIA/DOS/images/Dig Dug-thumb.png	carátulas, capturas y logos de ScreenScraper
MOVIDO	emu/dos/images/Digger-image.png	emu/MEDIA/DOS/images/Digger-image.png	carátulas, capturas y logos de ScreenScraper
MOVIDO	emu/dos/images/Digger-marquee.png	emu/MEDIA/DOS/images/Digger-marquee.png	carátulas, capturas y logos de ScreenScraper
MOVIDO	emu/dos/images/Digger-thumb.png	emu/MEDIA/DOS/images/Digger-thumb.png	carátulas, capturas y logos de ScreenScraper
MOVIDO	emu/dos/images/Dinopark Tycoon-image.png	emu/MEDIA/DOS/images/Dinopark Tycoon-image.png	carátulas, capturas y logos de ScreenScraper
MOVIDO	emu/dos/images/Dinopark Tycoon-marquee.png	emu/MEDIA/DOS/images/Dinopark Tycoon-marquee.png	carátulas, capturas y logos de ScreenScraper
MOVIDO	emu/dos/images/Dinopark Tycoon-thumb.png	emu/MEDIA/DOS/images/Dinopark Tycoon-thumb.png	carátulas, capturas y logos de ScreenScraper
MOVIDO	emu/dos/images/Dinosaur Safari-image.png	emu/MEDIA/DOS/images/Dinosaur Safari-image.png	carátulas, capturas y logos de ScreenScraper
MOVIDO	emu/dos/images/Dinosaur Safari-thumb.png	emu/MEDIA/DOS/images/Dinosaur Safari-thumb.png	carátulas, capturas y logos de ScreenScraper
MOVIDO	emu/dos/images/Disc-image.png	emu/MEDIA/DOS/images/Disc-image.png	carátulas, capturas y logos de ScreenScraper
MOVIDO	emu/dos/images/Disc-marquee.png	emu/MEDIA/DOS/images/Disc-marquee.png	carátulas, capturas y logos de ScreenScraper
MOVIDO	emu/dos/images/Disc-thumb.png	emu/MEDIA/DOS/images/Disc-thumb.png	carátulas, capturas y logos de ScreenScraper
MOVIDO	emu/dos/images/Disciples of Steel-image.png	emu/MEDIA/DOS/images/Disciples of Steel-image.png	carátulas, capturas y logos de ScreenScraper
MOVIDO	emu/dos/images/Disciples of Steel-marquee.png	emu/MEDIA/DOS/images/Disciples of Steel-marquee.png	carátulas, capturas y logos de ScreenScraper
MOVIDO	emu/dos/images/Disciples of Steel-thumb.png	emu/MEDIA/DOS/images/Disciples of Steel-thumb.png	carátulas, capturas y logos de ScreenScraper
MOVIDO	emu/dos/images/Discworld-image.png	emu/MEDIA/DOS/images/Discworld-image.png	carátulas, capturas y logos de ScreenScraper
MOVIDO	emu/dos/images/Discworld-marquee.png	emu/MEDIA/DOS/images/Discworld-marquee.png	carátulas, capturas y logos de ScreenScraper
MOVIDO	emu/dos/images/Discworld-thumb.png	emu/MEDIA/DOS/images/Discworld-thumb.png	carátulas, capturas y logos de ScreenScraper
MOVIDO	emu/dos/images/Dive Bomber-image.png	emu/MEDIA/DOS/images/Dive Bomber-image.png	carátulas, capturas y logos de ScreenScraper
MOVIDO	emu/dos/images/Dive Bomber-marquee.png	emu/MEDIA/DOS/images/Dive Bomber-marquee.png	carátulas, capturas y logos de ScreenScraper
MOVIDO	emu/dos/images/Dive Bomber-thumb.png	emu/MEDIA/DOS/images/Dive Bomber-thumb.png	carátulas, capturas y logos de ScreenScraper
MOVIDO	emu/dos/images/Dizzy Fantasy-image.png	emu/MEDIA/DOS/images/Dizzy Fantasy-image.png	carátulas, capturas y logos de ScreenScraper
MOVIDO	emu/dos/images/Dizzy Fantasy-marquee.png	emu/MEDIA/DOS/images/Dizzy Fantasy-marquee.png	carátulas, capturas y logos de ScreenScraper
MOVIDO	emu/dos/images/Dizzy Fantasy-thumb.png	emu/MEDIA/DOS/images/Dizzy Fantasy-thumb.png	carátulas, capturas y logos de ScreenScraper
MOVIDO	emu/dos/images/Dizzy Prince Yolk Folk-image.png	emu/MEDIA/DOS/images/Dizzy Prince Yolk Folk-image.png	carátulas, capturas y logos de ScreenScraper
MOVIDO	emu/dos/images/Dizzy Prince Yolk Folk-marquee.png	emu/MEDIA/DOS/images/Dizzy Prince Yolk Folk-marquee.png	carátulas, capturas y logos de ScreenScraper
MOVIDO	emu/dos/images/Dizzy Prince Yolk Folk-thumb.png	emu/MEDIA/DOS/images/Dizzy Prince Yolk Folk-thumb.png	carátulas, capturas y logos de ScreenScraper
MOVIDO	emu/dos/images/Dominus-image.png	emu/MEDIA/DOS/images/Dominus-image.png	carátulas, capturas y logos de ScreenScraper
MOVIDO	emu/dos/images/Dominus-marquee.png	emu/MEDIA/DOS/images/Dominus-marquee.png	carátulas, capturas y logos de ScreenScraper
MOVIDO	emu/dos/images/Dominus-thumb.png	emu/MEDIA/DOS/images/Dominus-thumb.png	carátulas, capturas y logos de ScreenScraper
MOVIDO	emu/dos/images/Don't go Alone-image.png	emu/MEDIA/DOS/images/Don't go Alone-image.png	carátulas, capturas y logos de ScreenScraper
MOVIDO	emu/dos/images/Don't go Alone-marquee.png	emu/MEDIA/DOS/images/Don't go Alone-marquee.png	carátulas, capturas y logos de ScreenScraper
MOVIDO	emu/dos/images/Don't go Alone-thumb.png	emu/MEDIA/DOS/images/Don't go Alone-thumb.png	carátulas, capturas y logos de ScreenScraper
MOVIDO	emu/dos/images/Donald Duck's Playground-image.png	emu/MEDIA/DOS/images/Donald Duck's Playground-image.png	carátulas, capturas y logos de ScreenScraper
MOVIDO	emu/dos/images/Donald Duck's Playground-marquee.png	emu/MEDIA/DOS/images/Donald Duck's Playground-marquee.png	carátulas, capturas y logos de ScreenScraper
MOVIDO	emu/dos/images/Donald Duck's Playground-thumb.png	emu/MEDIA/DOS/images/Donald Duck's Playground-thumb.png	carátulas, capturas y logos de ScreenScraper
MOVIDO	emu/dos/images/Doom (Shareware)-image.png	emu/MEDIA/DOS/images/Doom (Shareware)-image.png	carátulas, capturas y logos de ScreenScraper
MOVIDO	emu/dos/images/Doom (Shareware)-marquee.png	emu/MEDIA/DOS/images/Doom (Shareware)-marquee.png	carátulas, capturas y logos de ScreenScraper
MOVIDO	emu/dos/images/Doom (Shareware)-thumb.png	emu/MEDIA/DOS/images/Doom (Shareware)-thumb.png	carátulas, capturas y logos de ScreenScraper
MOVIDO	emu/dos/images/Double Dragon 2 - The Revenge-image.png	emu/MEDIA/DOS/images/Double Dragon 2 - The Revenge-image.png	carátulas, capturas y logos de ScreenScraper
MOVIDO	emu/dos/images/Double Dragon 2 - The Revenge-marquee.png	emu/MEDIA/DOS/images/Double Dragon 2 - The Revenge-marquee.png	carátulas, capturas y logos de ScreenScraper
MOVIDO	emu/dos/images/Double Dragon 2 - The Revenge-thumb.png	emu/MEDIA/DOS/images/Double Dragon 2 - The Revenge-thumb.png	carátulas, capturas y logos de ScreenScraper
MOVIDO	emu/dos/images/Double Dragon 3 - The Rosetta Stone-image.png	emu/MEDIA/DOS/images/Double Dragon 3 - The Rosetta Stone-image.png	carátulas, capturas y logos de ScreenScraper
MOVIDO	emu/dos/images/Double Dragon 3 - The Rosetta Stone-marquee.png	emu/MEDIA/DOS/images/Double Dragon 3 - The Rosetta Stone-marquee.png	carátulas, capturas y logos de ScreenScraper
MOVIDO	emu/dos/images/Double Dragon 3 - The Rosetta Stone-thumb.png	emu/MEDIA/DOS/images/Double Dragon 3 - The Rosetta Stone-thumb.png	carátulas, capturas y logos de ScreenScraper
MOVIDO	emu/dos/images/Double Dragon-image.png	emu/MEDIA/DOS/images/Double Dragon-image.png	carátulas, capturas y logos de ScreenScraper
MOVIDO	emu/dos/images/Double Dragon-marquee.png	emu/MEDIA/DOS/images/Double Dragon-marquee.png	carátulas, capturas y logos de ScreenScraper
MOVIDO	emu/dos/images/Double Dragon-thumb.png	emu/MEDIA/DOS/images/Double Dragon-thumb.png	carátulas, capturas y logos de ScreenScraper
MOVIDO	emu/dos/images/Double Dribble-image.png	emu/MEDIA/DOS/images/Double Dribble-image.png	carátulas, capturas y logos de ScreenScraper
MOVIDO	emu/dos/images/Double Dribble-marquee.png	emu/MEDIA/DOS/images/Double Dribble-marquee.png	carátulas, capturas y logos de ScreenScraper
MOVIDO	emu/dos/images/Double Dribble-thumb.png	emu/MEDIA/DOS/images/Double Dribble-thumb.png	carátulas, capturas y logos de ScreenScraper
MOVIDO	emu/dos/images/Dragon Strike-image.png	emu/MEDIA/DOS/images/Dragon Strike-image.png	carátulas, capturas y logos de ScreenScraper
MOVIDO	emu/dos/images/Dragon Strike-marquee.png	emu/MEDIA/DOS/images/Dragon Strike-marquee.png	carátulas, capturas y logos de ScreenScraper
MOVIDO	emu/dos/images/Dragon Strike-thumb.png	emu/MEDIA/DOS/images/Dragon Strike-thumb.png	carátulas, capturas y logos de ScreenScraper
MOVIDO	emu/dos/images/Dragon Wars-image.png	emu/MEDIA/DOS/images/Dragon Wars-image.png	carátulas, capturas y logos de ScreenScraper
MOVIDO	emu/dos/images/Dragon Wars-marquee.png	emu/MEDIA/DOS/images/Dragon Wars-marquee.png	carátulas, capturas y logos de ScreenScraper
MOVIDO	emu/dos/images/Dragon Wars-thumb.png	emu/MEDIA/DOS/images/Dragon Wars-thumb.png	carátulas, capturas y logos de ScreenScraper
MOVIDO	emu/dos/images/Dragons of Flame-image.png	emu/MEDIA/DOS/images/Dragons of Flame-image.png	carátulas, capturas y logos de ScreenScraper
MOVIDO	emu/dos/images/Dragons of Flame-marquee.png	emu/MEDIA/DOS/images/Dragons of Flame-marquee.png	carátulas, capturas y logos de ScreenScraper
MOVIDO	emu/dos/images/Dragons of Flame-thumb.png	emu/MEDIA/DOS/images/Dragons of Flame-thumb.png	carátulas, capturas y logos de ScreenScraper
MOVIDO	emu/dos/images/Dragonsphere-image.png	emu/MEDIA/DOS/images/Dragonsphere-image.png	carátulas, capturas y logos de ScreenScraper
MOVIDO	emu/dos/images/Dragonsphere-marquee.png	emu/MEDIA/DOS/images/Dragonsphere-marquee.png	carátulas, capturas y logos de ScreenScraper
MOVIDO	emu/dos/images/Dragonsphere-thumb.png	emu/MEDIA/DOS/images/Dragonsphere-thumb.png	carátulas, capturas y logos de ScreenScraper
MOVIDO	emu/dos/images/Drakkhen-image.png	emu/MEDIA/DOS/images/Drakkhen-image.png	carátulas, capturas y logos de ScreenScraper
MOVIDO	emu/dos/images/Drakkhen-marquee.png	emu/MEDIA/DOS/images/Drakkhen-marquee.png	carátulas, capturas y logos de ScreenScraper
MOVIDO	emu/dos/images/Drakkhen-thumb.png	emu/MEDIA/DOS/images/Drakkhen-thumb.png	carátulas, capturas y logos de ScreenScraper
MOVIDO	emu/dos/images/Dream Zone-image.png	emu/MEDIA/DOS/images/Dream Zone-image.png	carátulas, capturas y logos de ScreenScraper
MOVIDO	emu/dos/images/Dream Zone-marquee.png	emu/MEDIA/DOS/images/Dream Zone-marquee.png	carátulas, capturas y logos de ScreenScraper
MOVIDO	emu/dos/images/Dream Zone-thumb.png	emu/MEDIA/DOS/images/Dream Zone-thumb.png	carátulas, capturas y logos de ScreenScraper
MOVIDO	emu/dos/images/DreamWeb-image.png	emu/MEDIA/DOS/images/DreamWeb-image.png	carátulas, capturas y logos de ScreenScraper
MOVIDO	emu/dos/images/DreamWeb-marquee.png	emu/MEDIA/DOS/images/DreamWeb-marquee.png	carátulas, capturas y logos de ScreenScraper
MOVIDO	emu/dos/images/DreamWeb-thumb.png	emu/MEDIA/DOS/images/DreamWeb-thumb.png	carátulas, capturas y logos de ScreenScraper
MOVIDO	emu/dos/images/Dstroy-image.png	emu/MEDIA/DOS/images/Dstroy-image.png	carátulas, capturas y logos de ScreenScraper
MOVIDO	emu/dos/images/Dstroy-thumb.png	emu/MEDIA/DOS/images/Dstroy-thumb.png	carátulas, capturas y logos de ScreenScraper
MOVIDO	emu/dos/images/Duke Nukem 3D-image.png	emu/MEDIA/DOS/images/Duke Nukem 3D-image.png	carátulas, capturas y logos de ScreenScraper
MOVIDO	emu/dos/images/Duke Nukem 3D-marquee.png	emu/MEDIA/DOS/images/Duke Nukem 3D-marquee.png	carátulas, capturas y logos de ScreenScraper
MOVIDO	emu/dos/images/Duke Nukem 3D-thumb.png	emu/MEDIA/DOS/images/Duke Nukem 3D-thumb.png	carátulas, capturas y logos de ScreenScraper
MOVIDO	emu/dos/images/Duke Nukem II-image.png	emu/MEDIA/DOS/images/Duke Nukem II-image.png	carátulas, capturas y logos de ScreenScraper
MOVIDO	emu/dos/images/Duke Nukem II-marquee.png	emu/MEDIA/DOS/images/Duke Nukem II-marquee.png	carátulas, capturas y logos de ScreenScraper
MOVIDO	emu/dos/images/Duke Nukem II-thumb.png	emu/MEDIA/DOS/images/Duke Nukem II-thumb.png	carátulas, capturas y logos de ScreenScraper
MOVIDO	emu/dos/images/Dune-image.png	emu/MEDIA/DOS/images/Dune-image.png	carátulas, capturas y logos de ScreenScraper
MOVIDO	emu/dos/images/Dune-marquee.png	emu/MEDIA/DOS/images/Dune-marquee.png	carátulas, capturas y logos de ScreenScraper
MOVIDO	emu/dos/images/Dune-thumb.png	emu/MEDIA/DOS/images/Dune-thumb.png	carátulas, capturas y logos de ScreenScraper
MOVIDO	emu/dos/images/Dungeon Master-image.png	emu/MEDIA/DOS/images/Dungeon Master-image.png	carátulas, capturas y logos de ScreenScraper
MOVIDO	emu/dos/images/Dungeon Master-marquee.png	emu/MEDIA/DOS/images/Dungeon Master-marquee.png	carátulas, capturas y logos de ScreenScraper
MOVIDO	emu/dos/images/Dungeon Master-thumb.png	emu/MEDIA/DOS/images/Dungeon Master-thumb.png	carátulas, capturas y logos de ScreenScraper
MOVIDO	emu/dos/images/Dusk of the Gods-image.png	emu/MEDIA/DOS/images/Dusk of the Gods-image.png	carátulas, capturas y logos de ScreenScraper
MOVIDO	emu/dos/images/Dusk of the Gods-marquee.png	emu/MEDIA/DOS/images/Dusk of the Gods-marquee.png	carátulas, capturas y logos de ScreenScraper
MOVIDO	emu/dos/images/Dusk of the Gods-thumb.png	emu/MEDIA/DOS/images/Dusk of the Gods-thumb.png	carátulas, capturas y logos de ScreenScraper
MOVIDO	emu/dos/images/EGA Trek-image.png	emu/MEDIA/DOS/images/EGA Trek-image.png	carátulas, capturas y logos de ScreenScraper
MOVIDO	emu/dos/images/EGA Trek-marquee.png	emu/MEDIA/DOS/images/EGA Trek-marquee.png	carátulas, capturas y logos de ScreenScraper
MOVIDO	emu/dos/images/EGA Trek-thumb.png	emu/MEDIA/DOS/images/EGA Trek-thumb.png	carátulas, capturas y logos de ScreenScraper
MOVIDO	emu/dos/images/EWJ-image.png	emu/MEDIA/DOS/images/EWJ-image.png	carátulas, capturas y logos de ScreenScraper
MOVIDO	emu/dos/images/EWJ-marquee.png	emu/MEDIA/DOS/images/EWJ-marquee.png	carátulas, capturas y logos de ScreenScraper
MOVIDO	emu/dos/images/EWJ-thumb.png	emu/MEDIA/DOS/images/EWJ-thumb.png	carátulas, capturas y logos de ScreenScraper
MOVIDO	emu/dos/images/Eagle' s Rider-image.png	emu/MEDIA/DOS/images/Eagle' s Rider-image.png	carátulas, capturas y logos de ScreenScraper
MOVIDO	emu/dos/images/Eagle' s Rider-marquee.png	emu/MEDIA/DOS/images/Eagle' s Rider-marquee.png	carátulas, capturas y logos de ScreenScraper
MOVIDO	emu/dos/images/Eagle' s Rider-thumb.png	emu/MEDIA/DOS/images/Eagle' s Rider-thumb.png	carátulas, capturas y logos de ScreenScraper
MOVIDO	emu/dos/images/Earthrise-image.png	emu/MEDIA/DOS/images/Earthrise-image.png	carátulas, capturas y logos de ScreenScraper
MOVIDO	emu/dos/images/Earthrise-marquee.png	emu/MEDIA/DOS/images/Earthrise-marquee.png	carátulas, capturas y logos de ScreenScraper
MOVIDO	emu/dos/images/Earthrise-thumb.png	emu/MEDIA/DOS/images/Earthrise-thumb.png	carátulas, capturas y logos de ScreenScraper
MOVIDO	emu/dos/images/EcoQuest - The Search for Cetus-image.png	emu/MEDIA/DOS/images/EcoQuest - The Search for Cetus-image.png	carátulas, capturas y logos de ScreenScraper
MOVIDO	emu/dos/images/EcoQuest - The Search for Cetus-marquee.png	emu/MEDIA/DOS/images/EcoQuest - The Search for Cetus-marquee.png	carátulas, capturas y logos de ScreenScraper
MOVIDO	emu/dos/images/EcoQuest - The Search for Cetus-thumb.png	emu/MEDIA/DOS/images/EcoQuest - The Search for Cetus-thumb.png	carátulas, capturas y logos de ScreenScraper
MOVIDO	emu/dos/images/Elite Plus-image.png	emu/MEDIA/DOS/images/Elite Plus-image.png	carátulas, capturas y logos de ScreenScraper
MOVIDO	emu/dos/images/Elite Plus-marquee.png	emu/MEDIA/DOS/images/Elite Plus-marquee.png	carátulas, capturas y logos de ScreenScraper
MOVIDO	emu/dos/images/Elite Plus-thumb.png	emu/MEDIA/DOS/images/Elite Plus-thumb.png	carátulas, capturas y logos de ScreenScraper
MOVIDO	emu/dos/images/Elite-image.png	emu/MEDIA/DOS/images/Elite-image.png	carátulas, capturas y logos de ScreenScraper
MOVIDO	emu/dos/images/Elite-marquee.png	emu/MEDIA/DOS/images/Elite-marquee.png	carátulas, capturas y logos de ScreenScraper
MOVIDO	emu/dos/images/Elite-thumb.png	emu/MEDIA/DOS/images/Elite-thumb.png	carátulas, capturas y logos de ScreenScraper
MOVIDO	emu/dos/images/Empire Soccer-image.png	emu/MEDIA/DOS/images/Empire Soccer-image.png	carátulas, capturas y logos de ScreenScraper
MOVIDO	emu/dos/images/Empire Soccer-marquee.png	emu/MEDIA/DOS/images/Empire Soccer-marquee.png	carátulas, capturas y logos de ScreenScraper
MOVIDO	emu/dos/images/Empire Soccer-thumb.png	emu/MEDIA/DOS/images/Empire Soccer-thumb.png	carátulas, capturas y logos de ScreenScraper
MOVIDO	emu/dos/images/Entombed-image.png	emu/MEDIA/DOS/images/Entombed-image.png	carátulas, capturas y logos de ScreenScraper
MOVIDO	emu/dos/images/Entombed-marquee.png	emu/MEDIA/DOS/images/Entombed-marquee.png	carátulas, capturas y logos de ScreenScraper
MOVIDO	emu/dos/images/Entombed-thumb.png	emu/MEDIA/DOS/images/Entombed-thumb.png	carátulas, capturas y logos de ScreenScraper
MOVIDO	emu/dos/images/Eric the Unready-image.png	emu/MEDIA/DOS/images/Eric the Unready-image.png	carátulas, capturas y logos de ScreenScraper
MOVIDO	emu/dos/images/Eric the Unready-marquee.png	emu/MEDIA/DOS/images/Eric the Unready-marquee.png	carátulas, capturas y logos de ScreenScraper
MOVIDO	emu/dos/images/Eric the Unready-thumb.png	emu/MEDIA/DOS/images/Eric the Unready-thumb.png	carátulas, capturas y logos de ScreenScraper
MOVIDO	emu/dos/images/Escape from Hell-image.png	emu/MEDIA/DOS/images/Escape from Hell-image.png	carátulas, capturas y logos de ScreenScraper
MOVIDO	emu/dos/images/Escape from Hell-thumb.png	emu/MEDIA/DOS/images/Escape from Hell-thumb.png	carátulas, capturas y logos de ScreenScraper
MOVIDO	emu/dos/images/Escape from the Planet of the Robot Monsters-image.png	emu/MEDIA/DOS/images/Escape from the Planet of the Robot Monsters-image.png	carátulas, capturas y logos de ScreenScraper
MOVIDO	emu/dos/images/Escape from the Planet of the Robot Monsters-marquee.png	emu/MEDIA/DOS/images/Escape from the Planet of the Robot Monsters-marquee.png	carátulas, capturas y logos de ScreenScraper
MOVIDO	emu/dos/images/Escape from the Planet of the Robot Monsters-thumb.png	emu/MEDIA/DOS/images/Escape from the Planet of the Robot Monsters-thumb.png	carátulas, capturas y logos de ScreenScraper
MOVIDO	emu/dos/images/Essex-image.png	emu/MEDIA/DOS/images/Essex-image.png	carátulas, capturas y logos de ScreenScraper
MOVIDO	emu/dos/images/Essex-thumb.png	emu/MEDIA/DOS/images/Essex-thumb.png	carátulas, capturas y logos de ScreenScraper
MOVIDO	emu/dos/images/Euro Soccer-image.png	emu/MEDIA/DOS/images/Euro Soccer-image.png	carátulas, capturas y logos de ScreenScraper
MOVIDO	emu/dos/images/Euro Soccer-marquee.png	emu/MEDIA/DOS/images/Euro Soccer-marquee.png	carátulas, capturas y logos de ScreenScraper
MOVIDO	emu/dos/images/Euro Soccer-thumb.png	emu/MEDIA/DOS/images/Euro Soccer-thumb.png	carátulas, capturas y logos de ScreenScraper
MOVIDO	emu/dos/images/Exterminator-image.png	emu/MEDIA/DOS/images/Exterminator-image.png	carátulas, capturas y logos de ScreenScraper
MOVIDO	emu/dos/images/Exterminator-marquee.png	emu/MEDIA/DOS/images/Exterminator-marquee.png	carátulas, capturas y logos de ScreenScraper
MOVIDO	emu/dos/images/Exterminator-thumb.png	emu/MEDIA/DOS/images/Exterminator-thumb.png	carátulas, capturas y logos de ScreenScraper
MOVIDO	emu/dos/images/Eye of Horus-image.png	emu/MEDIA/DOS/images/Eye of Horus-image.png	carátulas, capturas y logos de ScreenScraper
MOVIDO	emu/dos/images/Eye of Horus-marquee.png	emu/MEDIA/DOS/images/Eye of Horus-marquee.png	carátulas, capturas y logos de ScreenScraper
MOVIDO	emu/dos/images/Eye of Horus-thumb.png	emu/MEDIA/DOS/images/Eye of Horus-thumb.png	carátulas, capturas y logos de ScreenScraper
MOVIDO	emu/dos/images/Eye of the Beholder II - The Legend of Darkmoon-image.png	emu/MEDIA/DOS/images/Eye of the Beholder II - The Legend of Darkmoon-image.png	carátulas, capturas y logos de ScreenScraper
MOVIDO	emu/dos/images/Eye of the Beholder II - The Legend of Darkmoon-marquee.png	emu/MEDIA/DOS/images/Eye of the Beholder II - The Legend of Darkmoon-marquee.png	carátulas, capturas y logos de ScreenScraper
MOVIDO	emu/dos/images/Eye of the Beholder II - The Legend of Darkmoon-thumb.png	emu/MEDIA/DOS/images/Eye of the Beholder II - The Legend of Darkmoon-thumb.png	carátulas, capturas y logos de ScreenScraper
MOVIDO	emu/dos/images/Eye of the Beholder-image.png	emu/MEDIA/DOS/images/Eye of the Beholder-image.png	carátulas, capturas y logos de ScreenScraper
MOVIDO	emu/dos/images/Eye of the Beholder-marquee.png	emu/MEDIA/DOS/images/Eye of the Beholder-marquee.png	carátulas, capturas y logos de ScreenScraper
MOVIDO	emu/dos/images/Eye of the Beholder-thumb.png	emu/MEDIA/DOS/images/Eye of the Beholder-thumb.png	carátulas, capturas y logos de ScreenScraper
MOVIDO	emu/dos/images/F-15 Strike Eagle II-image.png	emu/MEDIA/DOS/images/F-15 Strike Eagle II-image.png	carátulas, capturas y logos de ScreenScraper
MOVIDO	emu/dos/images/F-15 Strike Eagle II-marquee.png	emu/MEDIA/DOS/images/F-15 Strike Eagle II-marquee.png	carátulas, capturas y logos de ScreenScraper
MOVIDO	emu/dos/images/F-15 Strike Eagle II-thumb.png	emu/MEDIA/DOS/images/F-15 Strike Eagle II-thumb.png	carátulas, capturas y logos de ScreenScraper
MOVIDO	emu/dos/images/F-15 Strike Eagle III-image.png	emu/MEDIA/DOS/images/F-15 Strike Eagle III-image.png	carátulas, capturas y logos de ScreenScraper
MOVIDO	emu/dos/images/F-15 Strike Eagle III-marquee.png	emu/MEDIA/DOS/images/F-15 Strike Eagle III-marquee.png	carátulas, capturas y logos de ScreenScraper
MOVIDO	emu/dos/images/F-15 Strike Eagle III-thumb.png	emu/MEDIA/DOS/images/F-15 Strike Eagle III-thumb.png	carátulas, capturas y logos de ScreenScraper
MOVIDO	emu/dos/images/F-19 - Stealth Fighter-image.png	emu/MEDIA/DOS/images/F-19 - Stealth Fighter-image.png	carátulas, capturas y logos de ScreenScraper
MOVIDO	emu/dos/images/F-19 - Stealth Fighter-marquee.png	emu/MEDIA/DOS/images/F-19 - Stealth Fighter-marquee.png	carátulas, capturas y logos de ScreenScraper
MOVIDO	emu/dos/images/F-19 - Stealth Fighter-thumb.png	emu/MEDIA/DOS/images/F-19 - Stealth Fighter-thumb.png	carátulas, capturas y logos de ScreenScraper
MOVIDO	emu/dos/images/F-29 Retaliator-image.png	emu/MEDIA/DOS/images/F-29 Retaliator-image.png	carátulas, capturas y logos de ScreenScraper
MOVIDO	emu/dos/images/F-29 Retaliator-marquee.png	emu/MEDIA/DOS/images/F-29 Retaliator-marquee.png	carátulas, capturas y logos de ScreenScraper
MOVIDO	emu/dos/images/F-29 Retaliator-thumb.png	emu/MEDIA/DOS/images/F-29 Retaliator-thumb.png	carátulas, capturas y logos de ScreenScraper
MOVIDO	emu/dos/images/Fable-image.png	emu/MEDIA/DOS/images/Fable-image.png	carátulas, capturas y logos de ScreenScraper
MOVIDO	emu/dos/images/Fable-marquee.png	emu/MEDIA/DOS/images/Fable-marquee.png	carátulas, capturas y logos de ScreenScraper
MOVIDO	emu/dos/images/Fable-thumb.png	emu/MEDIA/DOS/images/Fable-thumb.png	carátulas, capturas y logos de ScreenScraper
MOVIDO	emu/dos/images/Face Off!-image.png	emu/MEDIA/DOS/images/Face Off!-image.png	carátulas, capturas y logos de ScreenScraper
MOVIDO	emu/dos/images/Face Off!-marquee.png	emu/MEDIA/DOS/images/Face Off!-marquee.png	carátulas, capturas y logos de ScreenScraper
MOVIDO	emu/dos/images/Face Off!-thumb.png	emu/MEDIA/DOS/images/Face Off!-thumb.png	carátulas, capturas y logos de ScreenScraper
MOVIDO	emu/dos/images/Fahrenheit 451-image.png	emu/MEDIA/DOS/images/Fahrenheit 451-image.png	carátulas, capturas y logos de ScreenScraper
MOVIDO	emu/dos/images/Fahrenheit 451-marquee.png	emu/MEDIA/DOS/images/Fahrenheit 451-marquee.png	carátulas, capturas y logos de ScreenScraper
MOVIDO	emu/dos/images/Fahrenheit 451-thumb.png	emu/MEDIA/DOS/images/Fahrenheit 451-thumb.png	carátulas, capturas y logos de ScreenScraper
MOVIDO	emu/dos/images/Falcon AT-image.png	emu/MEDIA/DOS/images/Falcon AT-image.png	carátulas, capturas y logos de ScreenScraper
MOVIDO	emu/dos/images/Falcon AT-marquee.png	emu/MEDIA/DOS/images/Falcon AT-marquee.png	carátulas, capturas y logos de ScreenScraper
MOVIDO	emu/dos/images/Falcon AT-thumb.png	emu/MEDIA/DOS/images/Falcon AT-thumb.png	carátulas, capturas y logos de ScreenScraper
MOVIDO	emu/dos/images/Family Feud-image.png	emu/MEDIA/DOS/images/Family Feud-image.png	carátulas, capturas y logos de ScreenScraper
MOVIDO	emu/dos/images/Family Feud-marquee.png	emu/MEDIA/DOS/images/Family Feud-marquee.png	carátulas, capturas y logos de ScreenScraper
MOVIDO	emu/dos/images/Family Feud-thumb.png	emu/MEDIA/DOS/images/Family Feud-thumb.png	carátulas, capturas y logos de ScreenScraper
MOVIDO	emu/dos/images/Fantasy Empires-image.png	emu/MEDIA/DOS/images/Fantasy Empires-image.png	carátulas, capturas y logos de ScreenScraper
MOVIDO	emu/dos/images/Fantasy Empires-marquee.png	emu/MEDIA/DOS/images/Fantasy Empires-marquee.png	carátulas, capturas y logos de ScreenScraper
MOVIDO	emu/dos/images/Fantasy Empires-thumb.png	emu/MEDIA/DOS/images/Fantasy Empires-thumb.png	carátulas, capturas y logos de ScreenScraper
MOVIDO	emu/dos/images/Fantasy General-image.png	emu/MEDIA/DOS/images/Fantasy General-image.png	carátulas, capturas y logos de ScreenScraper
MOVIDO	emu/dos/images/Fantasy General-marquee.png	emu/MEDIA/DOS/images/Fantasy General-marquee.png	carátulas, capturas y logos de ScreenScraper
MOVIDO	emu/dos/images/Fantasy General-thumb.png	emu/MEDIA/DOS/images/Fantasy General-thumb.png	carátulas, capturas y logos de ScreenScraper
MOVIDO	emu/dos/images/Fast Break-image.png	emu/MEDIA/DOS/images/Fast Break-image.png	carátulas, capturas y logos de ScreenScraper
MOVIDO	emu/dos/images/Fast Break-marquee.png	emu/MEDIA/DOS/images/Fast Break-marquee.png	carátulas, capturas y logos de ScreenScraper
MOVIDO	emu/dos/images/Fast Break-thumb.png	emu/MEDIA/DOS/images/Fast Break-thumb.png	carátulas, capturas y logos de ScreenScraper
MOVIDO	emu/dos/images/Fatty Bear's Birthday Surprise-image.png	emu/MEDIA/DOS/images/Fatty Bear's Birthday Surprise-image.png	carátulas, capturas y logos de ScreenScraper
MOVIDO	emu/dos/images/Fatty Bear's Birthday Surprise-marquee.png	emu/MEDIA/DOS/images/Fatty Bear's Birthday Surprise-marquee.png	carátulas, capturas y logos de ScreenScraper
MOVIDO	emu/dos/images/Fatty Bear's Birthday Surprise-thumb.png	emu/MEDIA/DOS/images/Fatty Bear's Birthday Surprise-thumb.png	carátulas, capturas y logos de ScreenScraper
MOVIDO	emu/dos/images/Fields of Glory-image.png	emu/MEDIA/DOS/images/Fields of Glory-image.png	carátulas, capturas y logos de ScreenScraper
MOVIDO	emu/dos/images/Fields of Glory-marquee.png	emu/MEDIA/DOS/images/Fields of Glory-marquee.png	carátulas, capturas y logos de ScreenScraper
MOVIDO	emu/dos/images/Fields of Glory-thumb.png	emu/MEDIA/DOS/images/Fields of Glory-thumb.png	carátulas, capturas y logos de ScreenScraper
MOVIDO	emu/dos/images/Fiendish Freddy's Big Top o' Fun-image.png	emu/MEDIA/DOS/images/Fiendish Freddy's Big Top o' Fun-image.png	carátulas, capturas y logos de ScreenScraper
MOVIDO	emu/dos/images/Fiendish Freddy's Big Top o' Fun-marquee.png	emu/MEDIA/DOS/images/Fiendish Freddy's Big Top o' Fun-marquee.png	carátulas, capturas y logos de ScreenScraper
MOVIDO	emu/dos/images/Fiendish Freddy's Big Top o' Fun-thumb.png	emu/MEDIA/DOS/images/Fiendish Freddy's Big Top o' Fun-thumb.png	carátulas, capturas y logos de ScreenScraper
MOVIDO	emu/dos/images/Fighter Bomber-image.png	emu/MEDIA/DOS/images/Fighter Bomber-image.png	carátulas, capturas y logos de ScreenScraper
MOVIDO	emu/dos/images/Fighter Bomber-marquee.png	emu/MEDIA/DOS/images/Fighter Bomber-marquee.png	carátulas, capturas y logos de ScreenScraper
MOVIDO	emu/dos/images/Fighter Bomber-thumb.png	emu/MEDIA/DOS/images/Fighter Bomber-thumb.png	carátulas, capturas y logos de ScreenScraper
MOVIDO	emu/dos/images/Final Frontier-image.png	emu/MEDIA/DOS/images/Final Frontier-image.png	carátulas, capturas y logos de ScreenScraper
MOVIDO	emu/dos/images/Final Frontier-marquee.png	emu/MEDIA/DOS/images/Final Frontier-marquee.png	carátulas, capturas y logos de ScreenScraper
MOVIDO	emu/dos/images/Final Frontier-thumb.png	emu/MEDIA/DOS/images/Final Frontier-thumb.png	carátulas, capturas y logos de ScreenScraper
MOVIDO	emu/dos/images/Firepower-image.png	emu/MEDIA/DOS/images/Firepower-image.png	carátulas, capturas y logos de ScreenScraper
MOVIDO	emu/dos/images/Firepower-marquee.png	emu/MEDIA/DOS/images/Firepower-marquee.png	carátulas, capturas y logos de ScreenScraper
MOVIDO	emu/dos/images/Firepower-thumb.png	emu/MEDIA/DOS/images/Firepower-thumb.png	carátulas, capturas y logos de ScreenScraper
MOVIDO	emu/dos/images/First Samurai-image.png	emu/MEDIA/DOS/images/First Samurai-image.png	carátulas, capturas y logos de ScreenScraper
MOVIDO	emu/dos/images/First Samurai-marquee.png	emu/MEDIA/DOS/images/First Samurai-marquee.png	carátulas, capturas y logos de ScreenScraper
MOVIDO	emu/dos/images/First Samurai-thumb.png	emu/MEDIA/DOS/images/First Samurai-thumb.png	carátulas, capturas y logos de ScreenScraper
MOVIDO	emu/dos/images/Fish!-image.png	emu/MEDIA/DOS/images/Fish!-image.png	carátulas, capturas y logos de ScreenScraper
MOVIDO	emu/dos/images/Fish!-marquee.png	emu/MEDIA/DOS/images/Fish!-marquee.png	carátulas, capturas y logos de ScreenScraper
MOVIDO	emu/dos/images/Fish!-thumb.png	emu/MEDIA/DOS/images/Fish!-thumb.png	carátulas, capturas y logos de ScreenScraper
MOVIDO	emu/dos/images/Five-a-Side Indoor Soccer-image.png	emu/MEDIA/DOS/images/Five-a-Side Indoor Soccer-image.png	carátulas, capturas y logos de ScreenScraper
MOVIDO	emu/dos/images/Five-a-Side Indoor Soccer-thumb.png	emu/MEDIA/DOS/images/Five-a-Side Indoor Soccer-thumb.png	carátulas, capturas y logos de ScreenScraper
MOVIDO	emu/dos/images/Flashback (CD Version)-image.png	emu/MEDIA/DOS/images/Flashback (CD Version)-image.png	carátulas, capturas y logos de ScreenScraper
MOVIDO	emu/dos/images/Flashback (CD Version)-marquee.png	emu/MEDIA/DOS/images/Flashback (CD Version)-marquee.png	carátulas, capturas y logos de ScreenScraper
MOVIDO	emu/dos/images/Flashback (CD Version)-thumb.png	emu/MEDIA/DOS/images/Flashback (CD Version)-thumb.png	carátulas, capturas y logos de ScreenScraper
MOVIDO	emu/dos/images/Flashback-image.png	emu/MEDIA/DOS/images/Flashback-image.png	carátulas, capturas y logos de ScreenScraper
MOVIDO	emu/dos/images/Flashback-marquee.png	emu/MEDIA/DOS/images/Flashback-marquee.png	carátulas, capturas y logos de ScreenScraper
MOVIDO	emu/dos/images/Flashback-thumb.png	emu/MEDIA/DOS/images/Flashback-thumb.png	carátulas, capturas y logos de ScreenScraper
MOVIDO	emu/dos/images/Flight of the Amazon Queen-image.png	emu/MEDIA/DOS/images/Flight of the Amazon Queen-image.png	carátulas, capturas y logos de ScreenScraper
MOVIDO	emu/dos/images/Flight of the Amazon Queen-marquee.png	emu/MEDIA/DOS/images/Flight of the Amazon Queen-marquee.png	carátulas, capturas y logos de ScreenScraper
MOVIDO	emu/dos/images/Flight of the Amazon Queen-thumb.png	emu/MEDIA/DOS/images/Flight of the Amazon Queen-thumb.png	carátulas, capturas y logos de ScreenScraper
MOVIDO	emu/dos/images/Football Limited-image.png	emu/MEDIA/DOS/images/Football Limited-image.png	carátulas, capturas y logos de ScreenScraper
MOVIDO	emu/dos/images/Football Limited-thumb.png	emu/MEDIA/DOS/images/Football Limited-thumb.png	carátulas, capturas y logos de ScreenScraper
MOVIDO	emu/dos/images/Football Manager 3-image.png	emu/MEDIA/DOS/images/Football Manager 3-image.png	carátulas, capturas y logos de ScreenScraper
MOVIDO	emu/dos/images/Football Manager 3-marquee.png	emu/MEDIA/DOS/images/Football Manager 3-marquee.png	carátulas, capturas y logos de ScreenScraper
MOVIDO	emu/dos/images/Football Manager 3-thumb.png	emu/MEDIA/DOS/images/Football Manager 3-thumb.png	carátulas, capturas y logos de ScreenScraper
MOVIDO	emu/dos/images/Freddy Pharkas - Frontier Pharmacist-image.png	emu/MEDIA/DOS/images/Freddy Pharkas - Frontier Pharmacist-image.png	carátulas, capturas y logos de ScreenScraper
MOVIDO	emu/dos/images/Freddy Pharkas - Frontier Pharmacist-marquee.png	emu/MEDIA/DOS/images/Freddy Pharkas - Frontier Pharmacist-marquee.png	carátulas, capturas y logos de ScreenScraper
MOVIDO	emu/dos/images/Freddy Pharkas - Frontier Pharmacist-thumb.png	emu/MEDIA/DOS/images/Freddy Pharkas - Frontier Pharmacist-thumb.png	carátulas, capturas y logos de ScreenScraper
MOVIDO	emu/dos/images/Frogger-image.png	emu/MEDIA/DOS/images/Frogger-image.png	carátulas, capturas y logos de ScreenScraper
MOVIDO	emu/dos/images/Frogger-marquee.png	emu/MEDIA/DOS/images/Frogger-marquee.png	carátulas, capturas y logos de ScreenScraper
MOVIDO	emu/dos/images/Frogger-thumb.png	emu/MEDIA/DOS/images/Frogger-thumb.png	carátulas, capturas y logos de ScreenScraper
MOVIDO	emu/dos/images/Future Wars-image.png	emu/MEDIA/DOS/images/Future Wars-image.png	carátulas, capturas y logos de ScreenScraper
MOVIDO	emu/dos/images/Future Wars-marquee.png	emu/MEDIA/DOS/images/Future Wars-marquee.png	carátulas, capturas y logos de ScreenScraper
MOVIDO	emu/dos/images/Future Wars-thumb.png	emu/MEDIA/DOS/images/Future Wars-thumb.png	carátulas, capturas y logos de ScreenScraper
MOVIDO	emu/dos/images/Fuzzy's world of Miniature Space Golf-image.png	emu/MEDIA/DOS/images/Fuzzy's world of Miniature Space Golf-image.png	carátulas, capturas y logos de ScreenScraper
MOVIDO	emu/dos/images/Fuzzy's world of Miniature Space Golf-marquee.png	emu/MEDIA/DOS/images/Fuzzy's world of Miniature Space Golf-marquee.png	carátulas, capturas y logos de ScreenScraper
MOVIDO	emu/dos/images/Fuzzy's world of Miniature Space Golf-thumb.png	emu/MEDIA/DOS/images/Fuzzy's world of Miniature Space Golf-thumb.png	carátulas, capturas y logos de ScreenScraper
MOVIDO	emu/dos/images/Galaxian-image.png	emu/MEDIA/DOS/images/Galaxian-image.png	carátulas, capturas y logos de ScreenScraper
MOVIDO	emu/dos/images/Galaxian-marquee.png	emu/MEDIA/DOS/images/Galaxian-marquee.png	carátulas, capturas y logos de ScreenScraper
MOVIDO	emu/dos/images/Galaxian-thumb.png	emu/MEDIA/DOS/images/Galaxian-thumb.png	carátulas, capturas y logos de ScreenScraper
MOVIDO	emu/dos/images/Gateway 2 - Homeworld-image.png	emu/MEDIA/DOS/images/Gateway 2 - Homeworld-image.png	carátulas, capturas y logos de ScreenScraper
MOVIDO	emu/dos/images/Gateway 2 - Homeworld-marquee.png	emu/MEDIA/DOS/images/Gateway 2 - Homeworld-marquee.png	carátulas, capturas y logos de ScreenScraper
MOVIDO	emu/dos/images/Gateway 2 - Homeworld-thumb.png	emu/MEDIA/DOS/images/Gateway 2 - Homeworld-thumb.png	carátulas, capturas y logos de ScreenScraper
MOVIDO	emu/dos/images/Gateway to the Savage Frontier-image.png	emu/MEDIA/DOS/images/Gateway to the Savage Frontier-image.png	carátulas, capturas y logos de ScreenScraper
MOVIDO	emu/dos/images/Gateway to the Savage Frontier-marquee.png	emu/MEDIA/DOS/images/Gateway to the Savage Frontier-marquee.png	carátulas, capturas y logos de ScreenScraper
MOVIDO	emu/dos/images/Gateway to the Savage Frontier-thumb.png	emu/MEDIA/DOS/images/Gateway to the Savage Frontier-thumb.png	carátulas, capturas y logos de ScreenScraper
MOVIDO	emu/dos/images/Gato-image.png	emu/MEDIA/DOS/images/Gato-image.png	carátulas, capturas y logos de ScreenScraper
MOVIDO	emu/dos/images/Gato-thumb.png	emu/MEDIA/DOS/images/Gato-thumb.png	carátulas, capturas y logos de ScreenScraper
MOVIDO	emu/dos/images/Gauntlet II-image.png	emu/MEDIA/DOS/images/Gauntlet II-image.png	carátulas, capturas y logos de ScreenScraper
MOVIDO	emu/dos/images/Gauntlet II-marquee.png	emu/MEDIA/DOS/images/Gauntlet II-marquee.png	carátulas, capturas y logos de ScreenScraper
MOVIDO	emu/dos/images/Gauntlet II-thumb.png	emu/MEDIA/DOS/images/Gauntlet II-thumb.png	carátulas, capturas y logos de ScreenScraper
MOVIDO	emu/dos/images/Gauntlet-image.png	emu/MEDIA/DOS/images/Gauntlet-image.png	carátulas, capturas y logos de ScreenScraper
MOVIDO	emu/dos/images/Gauntlet-marquee.png	emu/MEDIA/DOS/images/Gauntlet-marquee.png	carátulas, capturas y logos de ScreenScraper
MOVIDO	emu/dos/images/Gauntlet-thumb.png	emu/MEDIA/DOS/images/Gauntlet-thumb.png	carátulas, capturas y logos de ScreenScraper
MOVIDO	emu/dos/images/Gazza II-image.png	emu/MEDIA/DOS/images/Gazza II-image.png	carátulas, capturas y logos de ScreenScraper
MOVIDO	emu/dos/images/Gazza II-marquee.png	emu/MEDIA/DOS/images/Gazza II-marquee.png	carátulas, capturas y logos de ScreenScraper
MOVIDO	emu/dos/images/Gazza II-thumb.png	emu/MEDIA/DOS/images/Gazza II-thumb.png	carátulas, capturas y logos de ScreenScraper
MOVIDO	emu/dos/images/Gear Works-image.png	emu/MEDIA/DOS/images/Gear Works-image.png	carátulas, capturas y logos de ScreenScraper
MOVIDO	emu/dos/images/Gear Works-marquee.png	emu/MEDIA/DOS/images/Gear Works-marquee.png	carátulas, capturas y logos de ScreenScraper
MOVIDO	emu/dos/images/Gear Works-thumb.png	emu/MEDIA/DOS/images/Gear Works-thumb.png	carátulas, capturas y logos de ScreenScraper
MOVIDO	emu/dos/images/Gemfire-image.png	emu/MEDIA/DOS/images/Gemfire-image.png	carátulas, capturas y logos de ScreenScraper
MOVIDO	emu/dos/images/Gemfire-thumb.png	emu/MEDIA/DOS/images/Gemfire-thumb.png	carátulas, capturas y logos de ScreenScraper
MOVIDO	emu/dos/images/Ghostbusters 2-image.png	emu/MEDIA/DOS/images/Ghostbusters 2-image.png	carátulas, capturas y logos de ScreenScraper
MOVIDO	emu/dos/images/Ghostbusters 2-marquee.png	emu/MEDIA/DOS/images/Ghostbusters 2-marquee.png	carátulas, capturas y logos de ScreenScraper
MOVIDO	emu/dos/images/Ghostbusters 2-thumb.png	emu/MEDIA/DOS/images/Ghostbusters 2-thumb.png	carátulas, capturas y logos de ScreenScraper
MOVIDO	emu/dos/images/Ghosts 'n' Goblins-image.png	emu/MEDIA/DOS/images/Ghosts 'n' Goblins-image.png	carátulas, capturas y logos de ScreenScraper
MOVIDO	emu/dos/images/Ghosts 'n' Goblins-marquee.png	emu/MEDIA/DOS/images/Ghosts 'n' Goblins-marquee.png	carátulas, capturas y logos de ScreenScraper
MOVIDO	emu/dos/images/Ghosts 'n' Goblins-thumb.png	emu/MEDIA/DOS/images/Ghosts 'n' Goblins-thumb.png	carátulas, capturas y logos de ScreenScraper
MOVIDO	emu/dos/images/Gloriana-image.png	emu/MEDIA/DOS/images/Gloriana-image.png	carátulas, capturas y logos de ScreenScraper
MOVIDO	emu/dos/images/Gloriana-thumb.png	emu/MEDIA/DOS/images/Gloriana-thumb.png	carátulas, capturas y logos de ScreenScraper
MOVIDO	emu/dos/images/Gobliiins-image.png	emu/MEDIA/DOS/images/Gobliiins-image.png	carátulas, capturas y logos de ScreenScraper
MOVIDO	emu/dos/images/Gobliiins-marquee.png	emu/MEDIA/DOS/images/Gobliiins-marquee.png	carátulas, capturas y logos de ScreenScraper
MOVIDO	emu/dos/images/Gobliiins-thumb.png	emu/MEDIA/DOS/images/Gobliiins-thumb.png	carátulas, capturas y logos de ScreenScraper
MOVIDO	emu/dos/images/Gobliins 2 - The Prince Buffoon-image.png	emu/MEDIA/DOS/images/Gobliins 2 - The Prince Buffoon-image.png	carátulas, capturas y logos de ScreenScraper
MOVIDO	emu/dos/images/Gobliins 2 - The Prince Buffoon-marquee.png	emu/MEDIA/DOS/images/Gobliins 2 - The Prince Buffoon-marquee.png	carátulas, capturas y logos de ScreenScraper
MOVIDO	emu/dos/images/Gobliins 2 - The Prince Buffoon-thumb.png	emu/MEDIA/DOS/images/Gobliins 2 - The Prince Buffoon-thumb.png	carátulas, capturas y logos de ScreenScraper
MOVIDO	emu/dos/images/Gods-image.png	emu/MEDIA/DOS/images/Gods-image.png	carátulas, capturas y logos de ScreenScraper
MOVIDO	emu/dos/images/Gods-marquee.png	emu/MEDIA/DOS/images/Gods-marquee.png	carátulas, capturas y logos de ScreenScraper
MOVIDO	emu/dos/images/Gods-thumb.png	emu/MEDIA/DOS/images/Gods-thumb.png	carátulas, capturas y logos de ScreenScraper
MOVIDO	emu/dos/images/Gold Rush!-image.png	emu/MEDIA/DOS/images/Gold Rush!-image.png	carátulas, capturas y logos de ScreenScraper
MOVIDO	emu/dos/images/Gold Rush!-marquee.png	emu/MEDIA/DOS/images/Gold Rush!-marquee.png	carátulas, capturas y logos de ScreenScraper
MOVIDO	emu/dos/images/Gold Rush!-thumb.png	emu/MEDIA/DOS/images/Gold Rush!-thumb.png	carátulas, capturas y logos de ScreenScraper
MOVIDO	emu/dos/images/Golden Axe-image.png	emu/MEDIA/DOS/images/Golden Axe-image.png	carátulas, capturas y logos de ScreenScraper
MOVIDO	emu/dos/images/Golden Axe-marquee.png	emu/MEDIA/DOS/images/Golden Axe-marquee.png	carátulas, capturas y logos de ScreenScraper
MOVIDO	emu/dos/images/Golden Axe-thumb.png	emu/MEDIA/DOS/images/Golden Axe-thumb.png	carátulas, capturas y logos de ScreenScraper
MOVIDO	emu/dos/images/Goody-image.png	emu/MEDIA/DOS/images/Goody-image.png	carátulas, capturas y logos de ScreenScraper
MOVIDO	emu/dos/images/Goody-marquee.png	emu/MEDIA/DOS/images/Goody-marquee.png	carátulas, capturas y logos de ScreenScraper
MOVIDO	emu/dos/images/Goody-thumb.png	emu/MEDIA/DOS/images/Goody-thumb.png	carátulas, capturas y logos de ScreenScraper
MOVIDO	emu/dos/images/Grand Monster Slam-image.png	emu/MEDIA/DOS/images/Grand Monster Slam-image.png	carátulas, capturas y logos de ScreenScraper
MOVIDO	emu/dos/images/Grand Monster Slam-marquee.png	emu/MEDIA/DOS/images/Grand Monster Slam-marquee.png	carátulas, capturas y logos de ScreenScraper
MOVIDO	emu/dos/images/Grand Monster Slam-thumb.png	emu/MEDIA/DOS/images/Grand Monster Slam-thumb.png	carátulas, capturas y logos de ScreenScraper
MOVIDO	emu/dos/images/Grand Prix Circuit-image.png	emu/MEDIA/DOS/images/Grand Prix Circuit-image.png	carátulas, capturas y logos de ScreenScraper
MOVIDO	emu/dos/images/Grand Prix Circuit-marquee.png	emu/MEDIA/DOS/images/Grand Prix Circuit-marquee.png	carátulas, capturas y logos de ScreenScraper
MOVIDO	emu/dos/images/Grand Prix Circuit-thumb.png	emu/MEDIA/DOS/images/Grand Prix Circuit-thumb.png	carátulas, capturas y logos de ScreenScraper
MOVIDO	emu/dos/images/Grand Prix Manager 2-image.png	emu/MEDIA/DOS/images/Grand Prix Manager 2-image.png	carátulas, capturas y logos de ScreenScraper
MOVIDO	emu/dos/images/Grand Prix Manager 2-thumb.png	emu/MEDIA/DOS/images/Grand Prix Manager 2-thumb.png	carátulas, capturas y logos de ScreenScraper
MOVIDO	emu/dos/images/Grand Slam Bridge-image.png	emu/MEDIA/DOS/images/Grand Slam Bridge-image.png	carátulas, capturas y logos de ScreenScraper
MOVIDO	emu/dos/images/Grand Slam Bridge-marquee.png	emu/MEDIA/DOS/images/Grand Slam Bridge-marquee.png	carátulas, capturas y logos de ScreenScraper
MOVIDO	emu/dos/images/Grand Slam Bridge-thumb.png	emu/MEDIA/DOS/images/Grand Slam Bridge-thumb.png	carátulas, capturas y logos de ScreenScraper
MOVIDO	emu/dos/images/Grand Theft Auto-image.png	emu/MEDIA/DOS/images/Grand Theft Auto-image.png	carátulas, capturas y logos de ScreenScraper
MOVIDO	emu/dos/images/Grand Theft Auto-marquee.png	emu/MEDIA/DOS/images/Grand Theft Auto-marquee.png	carátulas, capturas y logos de ScreenScraper
MOVIDO	emu/dos/images/Grand Theft Auto-thumb.png	emu/MEDIA/DOS/images/Grand Theft Auto-thumb.png	carátulas, capturas y logos de ScreenScraper
MOVIDO	emu/dos/images/Grandmaster Chess-image.png	emu/MEDIA/DOS/images/Grandmaster Chess-image.png	carátulas, capturas y logos de ScreenScraper
MOVIDO	emu/dos/images/Grandmaster Chess-marquee.png	emu/MEDIA/DOS/images/Grandmaster Chess-marquee.png	carátulas, capturas y logos de ScreenScraper
MOVIDO	emu/dos/images/Grandmaster Chess-thumb.png	emu/MEDIA/DOS/images/Grandmaster Chess-thumb.png	carátulas, capturas y logos de ScreenScraper
MOVIDO	emu/dos/images/Gremlins 2-image.png	emu/MEDIA/DOS/images/Gremlins 2-image.png	carátulas, capturas y logos de ScreenScraper
MOVIDO	emu/dos/images/Gremlins 2-marquee.png	emu/MEDIA/DOS/images/Gremlins 2-marquee.png	carátulas, capturas y logos de ScreenScraper
MOVIDO	emu/dos/images/Gremlins 2-thumb.png	emu/MEDIA/DOS/images/Gremlins 2-thumb.png	carátulas, capturas y logos de ScreenScraper
MOVIDO	emu/dos/images/Gremlins-image.png	emu/MEDIA/DOS/images/Gremlins-image.png	carátulas, capturas y logos de ScreenScraper
MOVIDO	emu/dos/images/Gremlins-marquee.png	emu/MEDIA/DOS/images/Gremlins-marquee.png	carátulas, capturas y logos de ScreenScraper
MOVIDO	emu/dos/images/Gremlins-thumb.png	emu/MEDIA/DOS/images/Gremlins-thumb.png	carátulas, capturas y logos de ScreenScraper
MOVIDO	emu/dos/images/Gunboat-image.png	emu/MEDIA/DOS/images/Gunboat-image.png	carátulas, capturas y logos de ScreenScraper
MOVIDO	emu/dos/images/Gunboat-marquee.png	emu/MEDIA/DOS/images/Gunboat-marquee.png	carátulas, capturas y logos de ScreenScraper
MOVIDO	emu/dos/images/Gunboat-thumb.png	emu/MEDIA/DOS/images/Gunboat-thumb.png	carátulas, capturas y logos de ScreenScraper
MOVIDO	emu/dos/images/Gunship-image.png	emu/MEDIA/DOS/images/Gunship-image.png	carátulas, capturas y logos de ScreenScraper
MOVIDO	emu/dos/images/Gunship-marquee.png	emu/MEDIA/DOS/images/Gunship-marquee.png	carátulas, capturas y logos de ScreenScraper
MOVIDO	emu/dos/images/Gunship-thumb.png	emu/MEDIA/DOS/images/Gunship-thumb.png	carátulas, capturas y logos de ScreenScraper
MOVIDO	emu/dos/images/Guy Spy and the Crystals of Armageddon-image.png	emu/MEDIA/DOS/images/Guy Spy and the Crystals of Armageddon-image.png	carátulas, capturas y logos de ScreenScraper
MOVIDO	emu/dos/images/Guy Spy and the Crystals of Armageddon-marquee.png	emu/MEDIA/DOS/images/Guy Spy and the Crystals of Armageddon-marquee.png	carátulas, capturas y logos de ScreenScraper
MOVIDO	emu/dos/images/Guy Spy and the Crystals of Armageddon-thumb.png	emu/MEDIA/DOS/images/Guy Spy and the Crystals of Armageddon-thumb.png	carátulas, capturas y logos de ScreenScraper
MOVIDO	emu/dos/images/HIND - The Russian Combat Helicopter Simulation-image.png	emu/MEDIA/DOS/images/HIND - The Russian Combat Helicopter Simulation-image.png	carátulas, capturas y logos de ScreenScraper
MOVIDO	emu/dos/images/HIND - The Russian Combat Helicopter Simulation-marquee.png	emu/MEDIA/DOS/images/HIND - The Russian Combat Helicopter Simulation-marquee.png	carátulas, capturas y logos de ScreenScraper
MOVIDO	emu/dos/images/HIND - The Russian Combat Helicopter Simulation-thumb.png	emu/MEDIA/DOS/images/HIND - The Russian Combat Helicopter Simulation-thumb.png	carátulas, capturas y logos de ScreenScraper
MOVIDO	emu/dos/images/Hacker 2 - The Doomsday Papers-image.png	emu/MEDIA/DOS/images/Hacker 2 - The Doomsday Papers-image.png	carátulas, capturas y logos de ScreenScraper
MOVIDO	emu/dos/images/Hacker 2 - The Doomsday Papers-marquee.png	emu/MEDIA/DOS/images/Hacker 2 - The Doomsday Papers-marquee.png	carátulas, capturas y logos de ScreenScraper
MOVIDO	emu/dos/images/Hacker 2 - The Doomsday Papers-thumb.png	emu/MEDIA/DOS/images/Hacker 2 - The Doomsday Papers-thumb.png	carátulas, capturas y logos de ScreenScraper
MOVIDO	emu/dos/images/Hacker-image.png	emu/MEDIA/DOS/images/Hacker-image.png	carátulas, capturas y logos de ScreenScraper
MOVIDO	emu/dos/images/Hacker-marquee.png	emu/MEDIA/DOS/images/Hacker-marquee.png	carátulas, capturas y logos de ScreenScraper
MOVIDO	emu/dos/images/Hacker-thumb.png	emu/MEDIA/DOS/images/Hacker-thumb.png	carátulas, capturas y logos de ScreenScraper
MOVIDO	emu/dos/images/Hammer Boy-image.png	emu/MEDIA/DOS/images/Hammer Boy-image.png	carátulas, capturas y logos de ScreenScraper
MOVIDO	emu/dos/images/Hammer Boy-marquee.png	emu/MEDIA/DOS/images/Hammer Boy-marquee.png	carátulas, capturas y logos de ScreenScraper
MOVIDO	emu/dos/images/Hammer Boy-thumb.png	emu/MEDIA/DOS/images/Hammer Boy-thumb.png	carátulas, capturas y logos de ScreenScraper
MOVIDO	emu/dos/images/Hammer of the Gods-image.png	emu/MEDIA/DOS/images/Hammer of the Gods-image.png	carátulas, capturas y logos de ScreenScraper
MOVIDO	emu/dos/images/Hammer of the Gods-marquee.png	emu/MEDIA/DOS/images/Hammer of the Gods-marquee.png	carátulas, capturas y logos de ScreenScraper
MOVIDO	emu/dos/images/Hammer of the Gods-thumb.png	emu/MEDIA/DOS/images/Hammer of the Gods-thumb.png	carátulas, capturas y logos de ScreenScraper
MOVIDO	emu/dos/images/Hannibal-image.png	emu/MEDIA/DOS/images/Hannibal-image.png	carátulas, capturas y logos de ScreenScraper
MOVIDO	emu/dos/images/Hannibal-marquee.png	emu/MEDIA/DOS/images/Hannibal-marquee.png	carátulas, capturas y logos de ScreenScraper
MOVIDO	emu/dos/images/Hannibal-thumb.png	emu/MEDIA/DOS/images/Hannibal-thumb.png	carátulas, capturas y logos de ScreenScraper
MOVIDO	emu/dos/images/Happyland Adventures-image.png	emu/MEDIA/DOS/images/Happyland Adventures-image.png	carátulas, capturas y logos de ScreenScraper
MOVIDO	emu/dos/images/Happyland Adventures-marquee.png	emu/MEDIA/DOS/images/Happyland Adventures-marquee.png	carátulas, capturas y logos de ScreenScraper
MOVIDO	emu/dos/images/Happyland Adventures-thumb.png	emu/MEDIA/DOS/images/Happyland Adventures-thumb.png	carátulas, capturas y logos de ScreenScraper
MOVIDO	emu/dos/images/Hard Hat Mack-image.png	emu/MEDIA/DOS/images/Hard Hat Mack-image.png	carátulas, capturas y logos de ScreenScraper
MOVIDO	emu/dos/images/Hard Hat Mack-marquee.png	emu/MEDIA/DOS/images/Hard Hat Mack-marquee.png	carátulas, capturas y logos de ScreenScraper
MOVIDO	emu/dos/images/Hard Hat Mack-thumb.png	emu/MEDIA/DOS/images/Hard Hat Mack-thumb.png	carátulas, capturas y logos de ScreenScraper
MOVIDO	emu/dos/images/HardBall 3-image.png	emu/MEDIA/DOS/images/HardBall 3-image.png	carátulas, capturas y logos de ScreenScraper
MOVIDO	emu/dos/images/HardBall 3-marquee.png	emu/MEDIA/DOS/images/HardBall 3-marquee.png	carátulas, capturas y logos de ScreenScraper
MOVIDO	emu/dos/images/HardBall 3-thumb.png	emu/MEDIA/DOS/images/HardBall 3-thumb.png	carátulas, capturas y logos de ScreenScraper
MOVIDO	emu/dos/images/Harrier Jump Jet-image.png	emu/MEDIA/DOS/images/Harrier Jump Jet-image.png	carátulas, capturas y logos de ScreenScraper
MOVIDO	emu/dos/images/Harrier Jump Jet-marquee.png	emu/MEDIA/DOS/images/Harrier Jump Jet-marquee.png	carátulas, capturas y logos de ScreenScraper
MOVIDO	emu/dos/images/Harrier Jump Jet-thumb.png	emu/MEDIA/DOS/images/Harrier Jump Jet-thumb.png	carátulas, capturas y logos de ScreenScraper
MOVIDO	emu/dos/images/Hat Trick-image.png	emu/MEDIA/DOS/images/Hat Trick-image.png	carátulas, capturas y logos de ScreenScraper
MOVIDO	emu/dos/images/Hat Trick-marquee.png	emu/MEDIA/DOS/images/Hat Trick-marquee.png	carátulas, capturas y logos de ScreenScraper
MOVIDO	emu/dos/images/Hat Trick-thumb.png	emu/MEDIA/DOS/images/Hat Trick-thumb.png	carátulas, capturas y logos de ScreenScraper
MOVIDO	emu/dos/images/Heart of China-image.png	emu/MEDIA/DOS/images/Heart of China-image.png	carátulas, capturas y logos de ScreenScraper
MOVIDO	emu/dos/images/Heart of China-marquee.png	emu/MEDIA/DOS/images/Heart of China-marquee.png	carátulas, capturas y logos de ScreenScraper
MOVIDO	emu/dos/images/Heart of China-thumb.png	emu/MEDIA/DOS/images/Heart of China-thumb.png	carátulas, capturas y logos de ScreenScraper
MOVIDO	emu/dos/images/Heavy Barrel-image.png	emu/MEDIA/DOS/images/Heavy Barrel-image.png	carátulas, capturas y logos de ScreenScraper
MOVIDO	emu/dos/images/Heavy Barrel-marquee.png	emu/MEDIA/DOS/images/Heavy Barrel-marquee.png	carátulas, capturas y logos de ScreenScraper
MOVIDO	emu/dos/images/Heavy Barrel-thumb.png	emu/MEDIA/DOS/images/Heavy Barrel-thumb.png	carátulas, capturas y logos de ScreenScraper
MOVIDO	emu/dos/images/Heimdall 2 - Into the Hall of Worlds-image.png	emu/MEDIA/DOS/images/Heimdall 2 - Into the Hall of Worlds-image.png	carátulas, capturas y logos de ScreenScraper
MOVIDO	emu/dos/images/Heimdall 2 - Into the Hall of Worlds-marquee.png	emu/MEDIA/DOS/images/Heimdall 2 - Into the Hall of Worlds-marquee.png	carátulas, capturas y logos de ScreenScraper
MOVIDO	emu/dos/images/Heimdall 2 - Into the Hall of Worlds-thumb.png	emu/MEDIA/DOS/images/Heimdall 2 - Into the Hall of Worlds-thumb.png	carátulas, capturas y logos de ScreenScraper
MOVIDO	emu/dos/images/Heimdall-image.png	emu/MEDIA/DOS/images/Heimdall-image.png	carátulas, capturas y logos de ScreenScraper
MOVIDO	emu/dos/images/Heimdall-marquee.png	emu/MEDIA/DOS/images/Heimdall-marquee.png	carátulas, capturas y logos de ScreenScraper
MOVIDO	emu/dos/images/Heimdall-thumb.png	emu/MEDIA/DOS/images/Heimdall-thumb.png	carátulas, capturas y logos de ScreenScraper
MOVIDO	emu/dos/images/Heirs to the Throne-image.png	emu/MEDIA/DOS/images/Heirs to the Throne-image.png	carátulas, capturas y logos de ScreenScraper
MOVIDO	emu/dos/images/Heirs to the Throne-thumb.png	emu/MEDIA/DOS/images/Heirs to the Throne-thumb.png	carátulas, capturas y logos de ScreenScraper
MOVIDO	emu/dos/images/Hero Quest-image.png	emu/MEDIA/DOS/images/Hero Quest-image.png	carátulas, capturas y logos de ScreenScraper
MOVIDO	emu/dos/images/Hero Quest-marquee.png	emu/MEDIA/DOS/images/Hero Quest-marquee.png	carátulas, capturas y logos de ScreenScraper
MOVIDO	emu/dos/images/Hero Quest-thumb.png	emu/MEDIA/DOS/images/Hero Quest-thumb.png	carátulas, capturas y logos de ScreenScraper
MOVIDO	emu/dos/images/Heroes of Might and Magic-image.png	emu/MEDIA/DOS/images/Heroes of Might and Magic-image.png	carátulas, capturas y logos de ScreenScraper
MOVIDO	emu/dos/images/Heroes of Might and Magic-marquee.png	emu/MEDIA/DOS/images/Heroes of Might and Magic-marquee.png	carátulas, capturas y logos de ScreenScraper
MOVIDO	emu/dos/images/Heroes of Might and Magic-thumb.png	emu/MEDIA/DOS/images/Heroes of Might and Magic-thumb.png	carátulas, capturas y logos de ScreenScraper
MOVIDO	emu/dos/images/Heroes of the Lance-image.png	emu/MEDIA/DOS/images/Heroes of the Lance-image.png	carátulas, capturas y logos de ScreenScraper
MOVIDO	emu/dos/images/Heroes of the Lance-marquee.png	emu/MEDIA/DOS/images/Heroes of the Lance-marquee.png	carátulas, capturas y logos de ScreenScraper
MOVIDO	emu/dos/images/Heroes of the Lance-thumb.png	emu/MEDIA/DOS/images/Heroes of the Lance-thumb.png	carátulas, capturas y logos de ScreenScraper
MOVIDO	emu/dos/images/Hexx - Heresy of The Wizard-image.png	emu/MEDIA/DOS/images/Hexx - Heresy of The Wizard-image.png	carátulas, capturas y logos de ScreenScraper
MOVIDO	emu/dos/images/Hexx - Heresy of The Wizard-marquee.png	emu/MEDIA/DOS/images/Hexx - Heresy of The Wizard-marquee.png	carátulas, capturas y logos de ScreenScraper
MOVIDO	emu/dos/images/Hexx - Heresy of The Wizard-thumb.png	emu/MEDIA/DOS/images/Hexx - Heresy of The Wizard-thumb.png	carátulas, capturas y logos de ScreenScraper
MOVIDO	emu/dos/images/Hexxagon-image.png	emu/MEDIA/DOS/images/Hexxagon-image.png	carátulas, capturas y logos de ScreenScraper
MOVIDO	emu/dos/images/Hexxagon-marquee.png	emu/MEDIA/DOS/images/Hexxagon-marquee.png	carátulas, capturas y logos de ScreenScraper
MOVIDO	emu/dos/images/Hexxagon-thumb.png	emu/MEDIA/DOS/images/Hexxagon-thumb.png	carátulas, capturas y logos de ScreenScraper
MOVIDO	emu/dos/images/Hidden Agenda-image.png	emu/MEDIA/DOS/images/Hidden Agenda-image.png	carátulas, capturas y logos de ScreenScraper
MOVIDO	emu/dos/images/Hidden Agenda-marquee.png	emu/MEDIA/DOS/images/Hidden Agenda-marquee.png	carátulas, capturas y logos de ScreenScraper
MOVIDO	emu/dos/images/Hidden Agenda-thumb.png	emu/MEDIA/DOS/images/Hidden Agenda-thumb.png	carátulas, capturas y logos de ScreenScraper
MOVIDO	emu/dos/images/High Seas Trader-image.png	emu/MEDIA/DOS/images/High Seas Trader-image.png	carátulas, capturas y logos de ScreenScraper
MOVIDO	emu/dos/images/High Seas Trader-marquee.png	emu/MEDIA/DOS/images/High Seas Trader-marquee.png	carátulas, capturas y logos de ScreenScraper
MOVIDO	emu/dos/images/High Seas Trader-thumb.png	emu/MEDIA/DOS/images/High Seas Trader-thumb.png	carátulas, capturas y logos de ScreenScraper
MOVIDO	emu/dos/images/Highway Hunter-image.png	emu/MEDIA/DOS/images/Highway Hunter-image.png	carátulas, capturas y logos de ScreenScraper
MOVIDO	emu/dos/images/Highway Hunter-marquee.png	emu/MEDIA/DOS/images/Highway Hunter-marquee.png	carátulas, capturas y logos de ScreenScraper
MOVIDO	emu/dos/images/Highway Hunter-thumb.png	emu/MEDIA/DOS/images/Highway Hunter-thumb.png	carátulas, capturas y logos de ScreenScraper
MOVIDO	emu/dos/images/Hill Street Blues-image.png	emu/MEDIA/DOS/images/Hill Street Blues-image.png	carátulas, capturas y logos de ScreenScraper
MOVIDO	emu/dos/images/Hill Street Blues-marquee.png	emu/MEDIA/DOS/images/Hill Street Blues-marquee.png	carátulas, capturas y logos de ScreenScraper
MOVIDO	emu/dos/images/Hill Street Blues-thumb.png	emu/MEDIA/DOS/images/Hill Street Blues-thumb.png	carátulas, capturas y logos de ScreenScraper
MOVIDO	emu/dos/images/Hocus Pocus-image.png	emu/MEDIA/DOS/images/Hocus Pocus-image.png	carátulas, capturas y logos de ScreenScraper
MOVIDO	emu/dos/images/Hocus Pocus-marquee.png	emu/MEDIA/DOS/images/Hocus Pocus-marquee.png	carátulas, capturas y logos de ScreenScraper
MOVIDO	emu/dos/images/Hocus Pocus-thumb.png	emu/MEDIA/DOS/images/Hocus Pocus-thumb.png	carátulas, capturas y logos de ScreenScraper
MOVIDO	emu/dos/images/Hollywood Squares-image.png	emu/MEDIA/DOS/images/Hollywood Squares-image.png	carátulas, capturas y logos de ScreenScraper
MOVIDO	emu/dos/images/Hollywood Squares-thumb.png	emu/MEDIA/DOS/images/Hollywood Squares-thumb.png	carátulas, capturas y logos de ScreenScraper
MOVIDO	emu/dos/images/Home Alone 2 - Lost in New York-image.png	emu/MEDIA/DOS/images/Home Alone 2 - Lost in New York-image.png	carátulas, capturas y logos de ScreenScraper
MOVIDO	emu/dos/images/Home Alone 2 - Lost in New York-marquee.png	emu/MEDIA/DOS/images/Home Alone 2 - Lost in New York-marquee.png	carátulas, capturas y logos de ScreenScraper
MOVIDO	emu/dos/images/Home Alone 2 - Lost in New York-thumb.png	emu/MEDIA/DOS/images/Home Alone 2 - Lost in New York-thumb.png	carátulas, capturas y logos de ScreenScraper
MOVIDO	emu/dos/images/Home Alone-image.png	emu/MEDIA/DOS/images/Home Alone-image.png	carátulas, capturas y logos de ScreenScraper
MOVIDO	emu/dos/images/Home Alone-marquee.png	emu/MEDIA/DOS/images/Home Alone-marquee.png	carátulas, capturas y logos de ScreenScraper
MOVIDO	emu/dos/images/Home Alone-thumb.png	emu/MEDIA/DOS/images/Home Alone-thumb.png	carátulas, capturas y logos de ScreenScraper
MOVIDO	emu/dos/images/Hook-image.png	emu/MEDIA/DOS/images/Hook-image.png	carátulas, capturas y logos de ScreenScraper
MOVIDO	emu/dos/images/Hook-marquee.png	emu/MEDIA/DOS/images/Hook-marquee.png	carátulas, capturas y logos de ScreenScraper
MOVIDO	emu/dos/images/Hook-thumb.png	emu/MEDIA/DOS/images/Hook-thumb.png	carátulas, capturas y logos de ScreenScraper
MOVIDO	emu/dos/images/Horror Zombies from the Crypt-image.png	emu/MEDIA/DOS/images/Horror Zombies from the Crypt-image.png	carátulas, capturas y logos de ScreenScraper
MOVIDO	emu/dos/images/Horror Zombies from the Crypt-marquee.png	emu/MEDIA/DOS/images/Horror Zombies from the Crypt-marquee.png	carátulas, capturas y logos de ScreenScraper
MOVIDO	emu/dos/images/Horror Zombies from the Crypt-thumb.png	emu/MEDIA/DOS/images/Horror Zombies from the Crypt-thumb.png	carátulas, capturas y logos de ScreenScraper
MOVIDO	emu/dos/images/Hostages-image.png	emu/MEDIA/DOS/images/Hostages-image.png	carátulas, capturas y logos de ScreenScraper
MOVIDO	emu/dos/images/Hostages-marquee.png	emu/MEDIA/DOS/images/Hostages-marquee.png	carátulas, capturas y logos de ScreenScraper
MOVIDO	emu/dos/images/Hostages-thumb.png	emu/MEDIA/DOS/images/Hostages-thumb.png	carátulas, capturas y logos de ScreenScraper
MOVIDO	emu/dos/images/Icon - The Quest for the Ring-image.png	emu/MEDIA/DOS/images/Icon - The Quest for the Ring-image.png	carátulas, capturas y logos de ScreenScraper
MOVIDO	emu/dos/images/Icon - The Quest for the Ring-marquee.png	emu/MEDIA/DOS/images/Icon - The Quest for the Ring-marquee.png	carátulas, capturas y logos de ScreenScraper
MOVIDO	emu/dos/images/Icon - The Quest for the Ring-thumb.png	emu/MEDIA/DOS/images/Icon - The Quest for the Ring-thumb.png	carátulas, capturas y logos de ScreenScraper
MOVIDO	emu/dos/images/Ikari Warriors-image.png	emu/MEDIA/DOS/images/Ikari Warriors-image.png	carátulas, capturas y logos de ScreenScraper
MOVIDO	emu/dos/images/Ikari Warriors-marquee.png	emu/MEDIA/DOS/images/Ikari Warriors-marquee.png	carátulas, capturas y logos de ScreenScraper
MOVIDO	emu/dos/images/Ikari Warriors-thumb.png	emu/MEDIA/DOS/images/Ikari Warriors-thumb.png	carátulas, capturas y logos de ScreenScraper
MOVIDO	emu/dos/images/Impact!-image.png	emu/MEDIA/DOS/images/Impact!-image.png	carátulas, capturas y logos de ScreenScraper
MOVIDO	emu/dos/images/Impact!-marquee.png	emu/MEDIA/DOS/images/Impact!-marquee.png	carátulas, capturas y logos de ScreenScraper
MOVIDO	emu/dos/images/Impact!-thumb.png	emu/MEDIA/DOS/images/Impact!-thumb.png	carátulas, capturas y logos de ScreenScraper
MOVIDO	emu/dos/images/Impossible Mission 2-image.png	emu/MEDIA/DOS/images/Impossible Mission 2-image.png	carátulas, capturas y logos de ScreenScraper
MOVIDO	emu/dos/images/Impossible Mission 2-marquee.png	emu/MEDIA/DOS/images/Impossible Mission 2-marquee.png	carátulas, capturas y logos de ScreenScraper
MOVIDO	emu/dos/images/Impossible Mission 2-thumb.png	emu/MEDIA/DOS/images/Impossible Mission 2-thumb.png	carátulas, capturas y logos de ScreenScraper
MOVIDO	emu/dos/images/In search of Dr. Riptide-image.png	emu/MEDIA/DOS/images/In search of Dr. Riptide-image.png	carátulas, capturas y logos de ScreenScraper
MOVIDO	emu/dos/images/In search of Dr. Riptide-marquee.png	emu/MEDIA/DOS/images/In search of Dr. Riptide-marquee.png	carátulas, capturas y logos de ScreenScraper
MOVIDO	emu/dos/images/In search of Dr. Riptide-thumb.png	emu/MEDIA/DOS/images/In search of Dr. Riptide-thumb.png	carátulas, capturas y logos de ScreenScraper
MOVIDO	emu/dos/images/Incunabula-image.png	emu/MEDIA/DOS/images/Incunabula-image.png	carátulas, capturas y logos de ScreenScraper
MOVIDO	emu/dos/images/Incunabula-thumb.png	emu/MEDIA/DOS/images/Incunabula-thumb.png	carátulas, capturas y logos de ScreenScraper
MOVIDO	emu/dos/images/Indiana Jones and the Last Crusade-image.png	emu/MEDIA/DOS/images/Indiana Jones and the Last Crusade-image.png	carátulas, capturas y logos de ScreenScraper
MOVIDO	emu/dos/images/Indiana Jones and the Last Crusade-marquee.png	emu/MEDIA/DOS/images/Indiana Jones and the Last Crusade-marquee.png	carátulas, capturas y logos de ScreenScraper
MOVIDO	emu/dos/images/Indiana Jones and the Last Crusade-thumb.png	emu/MEDIA/DOS/images/Indiana Jones and the Last Crusade-thumb.png	carátulas, capturas y logos de ScreenScraper
MOVIDO	emu/dos/images/Indiana Jones and the Temple of Doom-image.png	emu/MEDIA/DOS/images/Indiana Jones and the Temple of Doom-image.png	carátulas, capturas y logos de ScreenScraper
MOVIDO	emu/dos/images/Indiana Jones and the Temple of Doom-marquee.png	emu/MEDIA/DOS/images/Indiana Jones and the Temple of Doom-marquee.png	carátulas, capturas y logos de ScreenScraper
MOVIDO	emu/dos/images/Indiana Jones and the Temple of Doom-thumb.png	emu/MEDIA/DOS/images/Indiana Jones and the Temple of Doom-thumb.png	carátulas, capturas y logos de ScreenScraper
MOVIDO	emu/dos/images/Indiana Jones in Revenge of the Ancients-image.png	emu/MEDIA/DOS/images/Indiana Jones in Revenge of the Ancients-image.png	carátulas, capturas y logos de ScreenScraper
MOVIDO	emu/dos/images/Indiana Jones in Revenge of the Ancients-marquee.png	emu/MEDIA/DOS/images/Indiana Jones in Revenge of the Ancients-marquee.png	carátulas, capturas y logos de ScreenScraper
MOVIDO	emu/dos/images/Indiana Jones in Revenge of the Ancients-thumb.png	emu/MEDIA/DOS/images/Indiana Jones in Revenge of the Ancients-thumb.png	carátulas, capturas y logos de ScreenScraper
MOVIDO	emu/dos/images/Indianapolis 500-image.png	emu/MEDIA/DOS/images/Indianapolis 500-image.png	carátulas, capturas y logos de ScreenScraper
MOVIDO	emu/dos/images/Indianapolis 500-marquee.png	emu/MEDIA/DOS/images/Indianapolis 500-marquee.png	carátulas, capturas y logos de ScreenScraper
MOVIDO	emu/dos/images/Indianapolis 500-thumb.png	emu/MEDIA/DOS/images/Indianapolis 500-thumb.png	carátulas, capturas y logos de ScreenScraper
MOVIDO	emu/dos/images/Indoor Sports-image.png	emu/MEDIA/DOS/images/Indoor Sports-image.png	carátulas, capturas y logos de ScreenScraper
MOVIDO	emu/dos/images/Indoor Sports-marquee.png	emu/MEDIA/DOS/images/Indoor Sports-marquee.png	carátulas, capturas y logos de ScreenScraper
MOVIDO	emu/dos/images/Indoor Sports-thumb.png	emu/MEDIA/DOS/images/Indoor Sports-thumb.png	carátulas, capturas y logos de ScreenScraper
MOVIDO	emu/dos/images/Infestation-image.png	emu/MEDIA/DOS/images/Infestation-image.png	carátulas, capturas y logos de ScreenScraper
MOVIDO	emu/dos/images/Infestation-marquee.png	emu/MEDIA/DOS/images/Infestation-marquee.png	carátulas, capturas y logos de ScreenScraper
MOVIDO	emu/dos/images/Infestation-thumb.png	emu/MEDIA/DOS/images/Infestation-thumb.png	carátulas, capturas y logos de ScreenScraper
MOVIDO	emu/dos/images/Infidel-image.png	emu/MEDIA/DOS/images/Infidel-image.png	carátulas, capturas y logos de ScreenScraper
MOVIDO	emu/dos/images/Infidel-marquee.png	emu/MEDIA/DOS/images/Infidel-marquee.png	carátulas, capturas y logos de ScreenScraper
MOVIDO	emu/dos/images/Infidel-thumb.png	emu/MEDIA/DOS/images/Infidel-thumb.png	carátulas, capturas y logos de ScreenScraper
MOVIDO	emu/dos/images/Infiltrator 2-image.png	emu/MEDIA/DOS/images/Infiltrator 2-image.png	carátulas, capturas y logos de ScreenScraper
MOVIDO	emu/dos/images/Infiltrator 2-thumb.png	emu/MEDIA/DOS/images/Infiltrator 2-thumb.png	carátulas, capturas y logos de ScreenScraper
MOVIDO	emu/dos/images/Infiltrator-image.png	emu/MEDIA/DOS/images/Infiltrator-image.png	carátulas, capturas y logos de ScreenScraper
MOVIDO	emu/dos/images/Infiltrator-marquee.png	emu/MEDIA/DOS/images/Infiltrator-marquee.png	carátulas, capturas y logos de ScreenScraper
MOVIDO	emu/dos/images/Infiltrator-thumb.png	emu/MEDIA/DOS/images/Infiltrator-thumb.png	carátulas, capturas y logos de ScreenScraper
MOVIDO	emu/dos/images/Inner Worlds-image.png	emu/MEDIA/DOS/images/Inner Worlds-image.png	carátulas, capturas y logos de ScreenScraper
MOVIDO	emu/dos/images/Inner Worlds-marquee.png	emu/MEDIA/DOS/images/Inner Worlds-marquee.png	carátulas, capturas y logos de ScreenScraper
MOVIDO	emu/dos/images/Inner Worlds-thumb.png	emu/MEDIA/DOS/images/Inner Worlds-thumb.png	carátulas, capturas y logos de ScreenScraper
MOVIDO	emu/dos/images/Innocent Until Caught-image.png	emu/MEDIA/DOS/images/Innocent Until Caught-image.png	carátulas, capturas y logos de ScreenScraper
MOVIDO	emu/dos/images/Innocent Until Caught-marquee.png	emu/MEDIA/DOS/images/Innocent Until Caught-marquee.png	carátulas, capturas y logos de ScreenScraper
MOVIDO	emu/dos/images/Innocent Until Caught-thumb.png	emu/MEDIA/DOS/images/Innocent Until Caught-thumb.png	carátulas, capturas y logos de ScreenScraper
MOVIDO	emu/dos/images/Inspector Gadget-image.png	emu/MEDIA/DOS/images/Inspector Gadget-image.png	carátulas, capturas y logos de ScreenScraper
MOVIDO	emu/dos/images/Inspector Gadget-marquee.png	emu/MEDIA/DOS/images/Inspector Gadget-marquee.png	carátulas, capturas y logos de ScreenScraper
MOVIDO	emu/dos/images/Inspector Gadget-thumb.png	emu/MEDIA/DOS/images/Inspector Gadget-thumb.png	carátulas, capturas y logos de ScreenScraper
MOVIDO	emu/dos/images/International Athletics-image.png	emu/MEDIA/DOS/images/International Athletics-image.png	carátulas, capturas y logos de ScreenScraper
MOVIDO	emu/dos/images/International Athletics-thumb.png	emu/MEDIA/DOS/images/International Athletics-thumb.png	carátulas, capturas y logos de ScreenScraper
MOVIDO	emu/dos/images/International Soccer-image.png	emu/MEDIA/DOS/images/International Soccer-image.png	carátulas, capturas y logos de ScreenScraper
MOVIDO	emu/dos/images/International Soccer-marquee.png	emu/MEDIA/DOS/images/International Soccer-marquee.png	carátulas, capturas y logos de ScreenScraper
MOVIDO	emu/dos/images/International Soccer-thumb.png	emu/MEDIA/DOS/images/International Soccer-thumb.png	carátulas, capturas y logos de ScreenScraper
MOVIDO	emu/dos/images/International Sports Challenge-image.png	emu/MEDIA/DOS/images/International Sports Challenge-image.png	carátulas, capturas y logos de ScreenScraper
MOVIDO	emu/dos/images/International Sports Challenge-thumb.png	emu/MEDIA/DOS/images/International Sports Challenge-thumb.png	carátulas, capturas y logos de ScreenScraper
MOVIDO	emu/dos/images/Interphase-image.png	emu/MEDIA/DOS/images/Interphase-image.png	carátulas, capturas y logos de ScreenScraper
MOVIDO	emu/dos/images/Interphase-marquee.png	emu/MEDIA/DOS/images/Interphase-marquee.png	carátulas, capturas y logos de ScreenScraper
MOVIDO	emu/dos/images/Interphase-thumb.png	emu/MEDIA/DOS/images/Interphase-thumb.png	carátulas, capturas y logos de ScreenScraper
MOVIDO	emu/dos/images/Into the Eagle's Nest-image.png	emu/MEDIA/DOS/images/Into the Eagle's Nest-image.png	carátulas, capturas y logos de ScreenScraper
MOVIDO	emu/dos/images/Into the Eagle's Nest-marquee.png	emu/MEDIA/DOS/images/Into the Eagle's Nest-marquee.png	carátulas, capturas y logos de ScreenScraper
MOVIDO	emu/dos/images/Into the Eagle's Nest-thumb.png	emu/MEDIA/DOS/images/Into the Eagle's Nest-thumb.png	carátulas, capturas y logos de ScreenScraper
MOVIDO	emu/dos/images/Iron Cross-image.png	emu/MEDIA/DOS/images/Iron Cross-image.png	carátulas, capturas y logos de ScreenScraper
MOVIDO	emu/dos/images/Iron Cross-marquee.png	emu/MEDIA/DOS/images/Iron Cross-marquee.png	carátulas, capturas y logos de ScreenScraper
MOVIDO	emu/dos/images/Iron Cross-thumb.png	emu/MEDIA/DOS/images/Iron Cross-thumb.png	carátulas, capturas y logos de ScreenScraper
MOVIDO	emu/dos/images/Iron Lord-image.png	emu/MEDIA/DOS/images/Iron Lord-image.png	carátulas, capturas y logos de ScreenScraper
MOVIDO	emu/dos/images/Iron Lord-marquee.png	emu/MEDIA/DOS/images/Iron Lord-marquee.png	carátulas, capturas y logos de ScreenScraper
MOVIDO	emu/dos/images/Iron Lord-thumb.png	emu/MEDIA/DOS/images/Iron Lord-thumb.png	carátulas, capturas y logos de ScreenScraper
MOVIDO	emu/dos/images/Ishar 2 - Messengers of Doom-image.png	emu/MEDIA/DOS/images/Ishar 2 - Messengers of Doom-image.png	carátulas, capturas y logos de ScreenScraper
MOVIDO	emu/dos/images/Ishar 2 - Messengers of Doom-marquee.png	emu/MEDIA/DOS/images/Ishar 2 - Messengers of Doom-marquee.png	carátulas, capturas y logos de ScreenScraper
MOVIDO	emu/dos/images/Ishar 2 - Messengers of Doom-thumb.png	emu/MEDIA/DOS/images/Ishar 2 - Messengers of Doom-thumb.png	carátulas, capturas y logos de ScreenScraper
MOVIDO	emu/dos/images/Ishar 3 - The seven gates of Infinity-image.png	emu/MEDIA/DOS/images/Ishar 3 - The seven gates of Infinity-image.png	carátulas, capturas y logos de ScreenScraper
MOVIDO	emu/dos/images/Ishar 3 - The seven gates of Infinity-marquee.png	emu/MEDIA/DOS/images/Ishar 3 - The seven gates of Infinity-marquee.png	carátulas, capturas y logos de ScreenScraper
MOVIDO	emu/dos/images/Ishar 3 - The seven gates of Infinity-thumb.png	emu/MEDIA/DOS/images/Ishar 3 - The seven gates of Infinity-thumb.png	carátulas, capturas y logos de ScreenScraper
MOVIDO	emu/dos/images/Isle of the Dead-image.png	emu/MEDIA/DOS/images/Isle of the Dead-image.png	carátulas, capturas y logos de ScreenScraper
MOVIDO	emu/dos/images/Isle of the Dead-marquee.png	emu/MEDIA/DOS/images/Isle of the Dead-marquee.png	carátulas, capturas y logos de ScreenScraper
MOVIDO	emu/dos/images/Isle of the Dead-thumb.png	emu/MEDIA/DOS/images/Isle of the Dead-thumb.png	carátulas, capturas y logos de ScreenScraper
MOVIDO	emu/dos/images/It came from the Desert-image.png	emu/MEDIA/DOS/images/It came from the Desert-image.png	carátulas, capturas y logos de ScreenScraper
MOVIDO	emu/dos/images/It came from the Desert-marquee.png	emu/MEDIA/DOS/images/It came from the Desert-marquee.png	carátulas, capturas y logos de ScreenScraper
MOVIDO	emu/dos/images/It came from the Desert-thumb.png	emu/MEDIA/DOS/images/It came from the Desert-thumb.png	carátulas, capturas y logos de ScreenScraper
MOVIDO	emu/dos/images/Iznogoud-image.png	emu/MEDIA/DOS/images/Iznogoud-image.png	carátulas, capturas y logos de ScreenScraper
MOVIDO	emu/dos/images/Iznogoud-marquee.png	emu/MEDIA/DOS/images/Iznogoud-marquee.png	carátulas, capturas y logos de ScreenScraper
MOVIDO	emu/dos/images/Iznogoud-thumb.png	emu/MEDIA/DOS/images/Iznogoud-thumb.png	carátulas, capturas y logos de ScreenScraper
MOVIDO	emu/dos/images/J-Bird-image.png	emu/MEDIA/DOS/images/J-Bird-image.png	carátulas, capturas y logos de ScreenScraper
MOVIDO	emu/dos/images/J-Bird-marquee.png	emu/MEDIA/DOS/images/J-Bird-marquee.png	carátulas, capturas y logos de ScreenScraper
MOVIDO	emu/dos/images/J-Bird-thumb.png	emu/MEDIA/DOS/images/J-Bird-thumb.png	carátulas, capturas y logos de ScreenScraper
MOVIDO	emu/dos/images/Jack the Ripper-image.png	emu/MEDIA/DOS/images/Jack the Ripper-image.png	carátulas, capturas y logos de ScreenScraper
MOVIDO	emu/dos/images/Jack the Ripper-marquee.png	emu/MEDIA/DOS/images/Jack the Ripper-marquee.png	carátulas, capturas y logos de ScreenScraper
MOVIDO	emu/dos/images/Jack the Ripper-thumb.png	emu/MEDIA/DOS/images/Jack the Ripper-thumb.png	carátulas, capturas y logos de ScreenScraper
MOVIDO	emu/dos/images/Jagged Alliance-image.png	emu/MEDIA/DOS/images/Jagged Alliance-image.png	carátulas, capturas y logos de ScreenScraper
MOVIDO	emu/dos/images/Jagged Alliance-marquee.png	emu/MEDIA/DOS/images/Jagged Alliance-marquee.png	carátulas, capturas y logos de ScreenScraper
MOVIDO	emu/dos/images/Jagged Alliance-thumb.png	emu/MEDIA/DOS/images/Jagged Alliance-thumb.png	carátulas, capturas y logos de ScreenScraper
MOVIDO	emu/dos/images/Jazz Jackrabbit Holiday Hare-image.png	emu/MEDIA/DOS/images/Jazz Jackrabbit Holiday Hare-image.png	carátulas, capturas y logos de ScreenScraper
MOVIDO	emu/dos/images/Jazz Jackrabbit Holiday Hare-marquee.png	emu/MEDIA/DOS/images/Jazz Jackrabbit Holiday Hare-marquee.png	carátulas, capturas y logos de ScreenScraper
MOVIDO	emu/dos/images/Jazz Jackrabbit Holiday Hare-thumb.png	emu/MEDIA/DOS/images/Jazz Jackrabbit Holiday Hare-thumb.png	carátulas, capturas y logos de ScreenScraper
MOVIDO	emu/dos/images/Jazz Jackrabbit-image.png	emu/MEDIA/DOS/images/Jazz Jackrabbit-image.png	carátulas, capturas y logos de ScreenScraper
MOVIDO	emu/dos/images/Jazz Jackrabbit-marquee.png	emu/MEDIA/DOS/images/Jazz Jackrabbit-marquee.png	carátulas, capturas y logos de ScreenScraper
MOVIDO	emu/dos/images/Jazz Jackrabbit-thumb.png	emu/MEDIA/DOS/images/Jazz Jackrabbit-thumb.png	carátulas, capturas y logos de ScreenScraper
MOVIDO	emu/dos/images/Jeopardy!-image.png	emu/MEDIA/DOS/images/Jeopardy!-image.png	carátulas, capturas y logos de ScreenScraper
MOVIDO	emu/dos/images/Jeopardy!-marquee.png	emu/MEDIA/DOS/images/Jeopardy!-marquee.png	carátulas, capturas y logos de ScreenScraper
MOVIDO	emu/dos/images/Jeopardy!-thumb.png	emu/MEDIA/DOS/images/Jeopardy!-thumb.png	carátulas, capturas y logos de ScreenScraper
MOVIDO	emu/dos/images/Jet-image.png	emu/MEDIA/DOS/images/Jet-image.png	carátulas, capturas y logos de ScreenScraper
MOVIDO	emu/dos/images/Jet-marquee.png	emu/MEDIA/DOS/images/Jet-marquee.png	carátulas, capturas y logos de ScreenScraper
MOVIDO	emu/dos/images/Jet-thumb.png	emu/MEDIA/DOS/images/Jet-thumb.png	carátulas, capturas y logos de ScreenScraper
MOVIDO	emu/dos/images/Jewels of Darkness (Trilogy)-image.png	emu/MEDIA/DOS/images/Jewels of Darkness (Trilogy)-image.png	carátulas, capturas y logos de ScreenScraper
MOVIDO	emu/dos/images/Jewels of Darkness (Trilogy)-marquee.png	emu/MEDIA/DOS/images/Jewels of Darkness (Trilogy)-marquee.png	carátulas, capturas y logos de ScreenScraper
MOVIDO	emu/dos/images/Jewels of Darkness (Trilogy)-thumb.png	emu/MEDIA/DOS/images/Jewels of Darkness (Trilogy)-thumb.png	carátulas, capturas y logos de ScreenScraper
MOVIDO	emu/dos/images/Jimmy Connor's Pro Tennis Tour-image.png	emu/MEDIA/DOS/images/Jimmy Connor's Pro Tennis Tour-image.png	carátulas, capturas y logos de ScreenScraper
MOVIDO	emu/dos/images/Jimmy Connor's Pro Tennis Tour-marquee.png	emu/MEDIA/DOS/images/Jimmy Connor's Pro Tennis Tour-marquee.png	carátulas, capturas y logos de ScreenScraper
MOVIDO	emu/dos/images/Jimmy Connor's Pro Tennis Tour-thumb.png	emu/MEDIA/DOS/images/Jimmy Connor's Pro Tennis Tour-thumb.png	carátulas, capturas y logos de ScreenScraper
MOVIDO	emu/dos/images/Jimmy White's Whirlwind Snooker-image.png	emu/MEDIA/DOS/images/Jimmy White's Whirlwind Snooker-image.png	carátulas, capturas y logos de ScreenScraper
MOVIDO	emu/dos/images/Jimmy White's Whirlwind Snooker-marquee.png	emu/MEDIA/DOS/images/Jimmy White's Whirlwind Snooker-marquee.png	carátulas, capturas y logos de ScreenScraper
MOVIDO	emu/dos/images/Jimmy White's Whirlwind Snooker-thumb.png	emu/MEDIA/DOS/images/Jimmy White's Whirlwind Snooker-thumb.png	carátulas, capturas y logos de ScreenScraper
MOVIDO	emu/dos/images/Jinxter-image.png	emu/MEDIA/DOS/images/Jinxter-image.png	carátulas, capturas y logos de ScreenScraper
MOVIDO	emu/dos/images/Jinxter-marquee.png	emu/MEDIA/DOS/images/Jinxter-marquee.png	carátulas, capturas y logos de ScreenScraper
MOVIDO	emu/dos/images/Jinxter-thumb.png	emu/MEDIA/DOS/images/Jinxter-thumb.png	carátulas, capturas y logos de ScreenScraper
MOVIDO	emu/dos/images/Joe & Mac Caveman Ninja-image.png	emu/MEDIA/DOS/images/Joe & Mac Caveman Ninja-image.png	carátulas, capturas y logos de ScreenScraper
MOVIDO	emu/dos/images/Joe & Mac Caveman Ninja-marquee.png	emu/MEDIA/DOS/images/Joe & Mac Caveman Ninja-marquee.png	carátulas, capturas y logos de ScreenScraper
MOVIDO	emu/dos/images/Joe & Mac Caveman Ninja-thumb.png	emu/MEDIA/DOS/images/Joe & Mac Caveman Ninja-thumb.png	carátulas, capturas y logos de ScreenScraper
MOVIDO	emu/dos/images/Jones in the Fast Lane-image.png	emu/MEDIA/DOS/images/Jones in the Fast Lane-image.png	carátulas, capturas y logos de ScreenScraper
MOVIDO	emu/dos/images/Jones in the Fast Lane-marquee.png	emu/MEDIA/DOS/images/Jones in the Fast Lane-marquee.png	carátulas, capturas y logos de ScreenScraper
MOVIDO	emu/dos/images/Jones in the Fast Lane-thumb.png	emu/MEDIA/DOS/images/Jones in the Fast Lane-thumb.png	carátulas, capturas y logos de ScreenScraper
MOVIDO	emu/dos/images/Jonny Quest - Curse of the Mayan Warriors-image.png	emu/MEDIA/DOS/images/Jonny Quest - Curse of the Mayan Warriors-image.png	carátulas, capturas y logos de ScreenScraper
MOVIDO	emu/dos/images/Jonny Quest - Curse of the Mayan Warriors-marquee.png	emu/MEDIA/DOS/images/Jonny Quest - Curse of the Mayan Warriors-marquee.png	carátulas, capturas y logos de ScreenScraper
MOVIDO	emu/dos/images/Jonny Quest - Curse of the Mayan Warriors-thumb.png	emu/MEDIA/DOS/images/Jonny Quest - Curse of the Mayan Warriors-thumb.png	carátulas, capturas y logos de ScreenScraper
MOVIDO	emu/dos/images/Joust-image.png	emu/MEDIA/DOS/images/Joust-image.png	carátulas, capturas y logos de ScreenScraper
MOVIDO	emu/dos/images/Joust-marquee.png	emu/MEDIA/DOS/images/Joust-marquee.png	carátulas, capturas y logos de ScreenScraper
MOVIDO	emu/dos/images/Joust-thumb.png	emu/MEDIA/DOS/images/Joust-thumb.png	carátulas, capturas y logos de ScreenScraper
MOVIDO	emu/dos/images/Jumpman-image.png	emu/MEDIA/DOS/images/Jumpman-image.png	carátulas, capturas y logos de ScreenScraper
MOVIDO	emu/dos/images/Jumpman-marquee.png	emu/MEDIA/DOS/images/Jumpman-marquee.png	carátulas, capturas y logos de ScreenScraper
MOVIDO	emu/dos/images/Jumpman-thumb.png	emu/MEDIA/DOS/images/Jumpman-thumb.png	carátulas, capturas y logos de ScreenScraper
MOVIDO	emu/dos/images/Jungle Strike-image.png	emu/MEDIA/DOS/images/Jungle Strike-image.png	carátulas, capturas y logos de ScreenScraper
MOVIDO	emu/dos/images/Jungle Strike-marquee.png	emu/MEDIA/DOS/images/Jungle Strike-marquee.png	carátulas, capturas y logos de ScreenScraper
MOVIDO	emu/dos/images/Jungle Strike-thumb.png	emu/MEDIA/DOS/images/Jungle Strike-thumb.png	carátulas, capturas y logos de ScreenScraper
MOVIDO	emu/dos/images/Jurassic Park-image.png	emu/MEDIA/DOS/images/Jurassic Park-image.png	carátulas, capturas y logos de ScreenScraper
MOVIDO	emu/dos/images/Jurassic Park-marquee.png	emu/MEDIA/DOS/images/Jurassic Park-marquee.png	carátulas, capturas y logos de ScreenScraper
MOVIDO	emu/dos/images/Jurassic Park-thumb.png	emu/MEDIA/DOS/images/Jurassic Park-thumb.png	carátulas, capturas y logos de ScreenScraper
MOVIDO	emu/dos/images/KGB-image.png	emu/MEDIA/DOS/images/KGB-image.png	carátulas, capturas y logos de ScreenScraper
MOVIDO	emu/dos/images/KGB-marquee.png	emu/MEDIA/DOS/images/KGB-marquee.png	carátulas, capturas y logos de ScreenScraper
MOVIDO	emu/dos/images/KGB-thumb.png	emu/MEDIA/DOS/images/KGB-thumb.png	carátulas, capturas y logos de ScreenScraper
MOVIDO	emu/dos/images/Kampfgruppe-image.png	emu/MEDIA/DOS/images/Kampfgruppe-image.png	carátulas, capturas y logos de ScreenScraper
MOVIDO	emu/dos/images/Kampfgruppe-marquee.png	emu/MEDIA/DOS/images/Kampfgruppe-marquee.png	carátulas, capturas y logos de ScreenScraper
MOVIDO	emu/dos/images/Kampfgruppe-thumb.png	emu/MEDIA/DOS/images/Kampfgruppe-thumb.png	carátulas, capturas y logos de ScreenScraper
MOVIDO	emu/dos/images/Karateka-image.png	emu/MEDIA/DOS/images/Karateka-image.png	carátulas, capturas y logos de ScreenScraper
MOVIDO	emu/dos/images/Karateka-marquee.png	emu/MEDIA/DOS/images/Karateka-marquee.png	carátulas, capturas y logos de ScreenScraper
MOVIDO	emu/dos/images/Karateka-thumb.png	emu/MEDIA/DOS/images/Karateka-thumb.png	carátulas, capturas y logos de ScreenScraper
MOVIDO	emu/dos/images/Karnov-image.png	emu/MEDIA/DOS/images/Karnov-image.png	carátulas, capturas y logos de ScreenScraper
MOVIDO	emu/dos/images/Karnov-marquee.png	emu/MEDIA/DOS/images/Karnov-marquee.png	carátulas, capturas y logos de ScreenScraper
MOVIDO	emu/dos/images/Karnov-thumb.png	emu/MEDIA/DOS/images/Karnov-thumb.png	carátulas, capturas y logos de ScreenScraper
MOVIDO	emu/dos/images/Ken's Labyrinth-image.png	emu/MEDIA/DOS/images/Ken's Labyrinth-image.png	carátulas, capturas y logos de ScreenScraper
MOVIDO	emu/dos/images/Ken's Labyrinth-marquee.png	emu/MEDIA/DOS/images/Ken's Labyrinth-marquee.png	carátulas, capturas y logos de ScreenScraper
MOVIDO	emu/dos/images/Ken's Labyrinth-thumb.png	emu/MEDIA/DOS/images/Ken's Labyrinth-thumb.png	carátulas, capturas y logos de ScreenScraper
MOVIDO	emu/dos/images/Kick Off 2-image.png	emu/MEDIA/DOS/images/Kick Off 2-image.png	carátulas, capturas y logos de ScreenScraper
MOVIDO	emu/dos/images/Kick Off 2-marquee.png	emu/MEDIA/DOS/images/Kick Off 2-marquee.png	carátulas, capturas y logos de ScreenScraper
MOVIDO	emu/dos/images/Kick Off 2-thumb.png	emu/MEDIA/DOS/images/Kick Off 2-thumb.png	carátulas, capturas y logos de ScreenScraper
MOVIDO	emu/dos/images/Kick Off 3 - European Challenge-image.png	emu/MEDIA/DOS/images/Kick Off 3 - European Challenge-image.png	carátulas, capturas y logos de ScreenScraper
MOVIDO	emu/dos/images/Kick Off 3 - European Challenge-marquee.png	emu/MEDIA/DOS/images/Kick Off 3 - European Challenge-marquee.png	carátulas, capturas y logos de ScreenScraper
MOVIDO	emu/dos/images/Kick Off 3 - European Challenge-thumb.png	emu/MEDIA/DOS/images/Kick Off 3 - European Challenge-thumb.png	carátulas, capturas y logos de ScreenScraper
MOVIDO	emu/dos/images/King's Bounty-image.png	emu/MEDIA/DOS/images/King's Bounty-image.png	carátulas, capturas y logos de ScreenScraper
MOVIDO	emu/dos/images/King's Bounty-marquee.png	emu/MEDIA/DOS/images/King's Bounty-marquee.png	carátulas, capturas y logos de ScreenScraper
MOVIDO	emu/dos/images/King's Bounty-thumb.png	emu/MEDIA/DOS/images/King's Bounty-thumb.png	carátulas, capturas y logos de ScreenScraper
MOVIDO	emu/dos/images/King's Quest 2 - Romancing the Throne-image.png	emu/MEDIA/DOS/images/King's Quest 2 - Romancing the Throne-image.png	carátulas, capturas y logos de ScreenScraper
MOVIDO	emu/dos/images/King's Quest 2 - Romancing the Throne-marquee.png	emu/MEDIA/DOS/images/King's Quest 2 - Romancing the Throne-marquee.png	carátulas, capturas y logos de ScreenScraper
MOVIDO	emu/dos/images/King's Quest 2 - Romancing the Throne-thumb.png	emu/MEDIA/DOS/images/King's Quest 2 - Romancing the Throne-thumb.png	carátulas, capturas y logos de ScreenScraper
MOVIDO	emu/dos/images/King's Quest 3 - To Heir is Human-image.png	emu/MEDIA/DOS/images/King's Quest 3 - To Heir is Human-image.png	carátulas, capturas y logos de ScreenScraper
MOVIDO	emu/dos/images/King's Quest 3 - To Heir is Human-marquee.png	emu/MEDIA/DOS/images/King's Quest 3 - To Heir is Human-marquee.png	carátulas, capturas y logos de ScreenScraper
MOVIDO	emu/dos/images/King's Quest 3 - To Heir is Human-thumb.png	emu/MEDIA/DOS/images/King's Quest 3 - To Heir is Human-thumb.png	carátulas, capturas y logos de ScreenScraper
MOVIDO	emu/dos/images/King's Quest 4 - The Perils of Rosella-image.png	emu/MEDIA/DOS/images/King's Quest 4 - The Perils of Rosella-image.png	carátulas, capturas y logos de ScreenScraper
MOVIDO	emu/dos/images/King's Quest 4 - The Perils of Rosella-marquee.png	emu/MEDIA/DOS/images/King's Quest 4 - The Perils of Rosella-marquee.png	carátulas, capturas y logos de ScreenScraper
MOVIDO	emu/dos/images/King's Quest 4 - The Perils of Rosella-thumb.png	emu/MEDIA/DOS/images/King's Quest 4 - The Perils of Rosella-thumb.png	carátulas, capturas y logos de ScreenScraper
MOVIDO	emu/dos/images/King's Quest 5 - Absence makes the heart go Yonder-image.png	emu/MEDIA/DOS/images/King's Quest 5 - Absence makes the heart go Yonder-image.png	carátulas, capturas y logos de ScreenScraper
MOVIDO	emu/dos/images/King's Quest 5 - Absence makes the heart go Yonder-marquee.png	emu/MEDIA/DOS/images/King's Quest 5 - Absence makes the heart go Yonder-marquee.png	carátulas, capturas y logos de ScreenScraper
MOVIDO	emu/dos/images/King's Quest 5 - Absence makes the heart go Yonder-thumb.png	emu/MEDIA/DOS/images/King's Quest 5 - Absence makes the heart go Yonder-thumb.png	carátulas, capturas y logos de ScreenScraper
MOVIDO	emu/dos/images/King's Quest 6 - Heir today, Gone tomorrow-image.png	emu/MEDIA/DOS/images/King's Quest 6 - Heir today, Gone tomorrow-image.png	carátulas, capturas y logos de ScreenScraper
MOVIDO	emu/dos/images/King's Quest 6 - Heir today, Gone tomorrow-marquee.png	emu/MEDIA/DOS/images/King's Quest 6 - Heir today, Gone tomorrow-marquee.png	carátulas, capturas y logos de ScreenScraper
MOVIDO	emu/dos/images/King's Quest 6 - Heir today, Gone tomorrow-thumb.png	emu/MEDIA/DOS/images/King's Quest 6 - Heir today, Gone tomorrow-thumb.png	carátulas, capturas y logos de ScreenScraper
MOVIDO	emu/dos/images/Kingdom of Hamil-image.png	emu/MEDIA/DOS/images/Kingdom of Hamil-image.png	carátulas, capturas y logos de ScreenScraper
MOVIDO	emu/dos/images/Kingdom of Hamil-marquee.png	emu/MEDIA/DOS/images/Kingdom of Hamil-marquee.png	carátulas, capturas y logos de ScreenScraper
MOVIDO	emu/dos/images/Kingdom of Hamil-thumb.png	emu/MEDIA/DOS/images/Kingdom of Hamil-thumb.png	carátulas, capturas y logos de ScreenScraper
MOVIDO	emu/dos/images/Kingdoms of Germany-image.png	emu/MEDIA/DOS/images/Kingdoms of Germany-image.png	carátulas, capturas y logos de ScreenScraper
MOVIDO	emu/dos/images/Kingdoms of Germany-thumb.png	emu/MEDIA/DOS/images/Kingdoms of Germany-thumb.png	carátulas, capturas y logos de ScreenScraper
MOVIDO	emu/dos/images/Kings Table - The Legend of Ragnarok-image.png	emu/MEDIA/DOS/images/Kings Table - The Legend of Ragnarok-image.png	carátulas, capturas y logos de ScreenScraper
MOVIDO	emu/dos/images/Kings Table - The Legend of Ragnarok-thumb.png	emu/MEDIA/DOS/images/Kings Table - The Legend of Ragnarok-thumb.png	carátulas, capturas y logos de ScreenScraper
MOVIDO	emu/dos/images/Kings of the Beach-image.png	emu/MEDIA/DOS/images/Kings of the Beach-image.png	carátulas, capturas y logos de ScreenScraper
MOVIDO	emu/dos/images/Kings of the Beach-marquee.png	emu/MEDIA/DOS/images/Kings of the Beach-marquee.png	carátulas, capturas y logos de ScreenScraper
MOVIDO	emu/dos/images/Kings of the Beach-thumb.png	emu/MEDIA/DOS/images/Kings of the Beach-thumb.png	carátulas, capturas y logos de ScreenScraper
MOVIDO	emu/dos/images/Klax-image.png	emu/MEDIA/DOS/images/Klax-image.png	carátulas, capturas y logos de ScreenScraper
MOVIDO	emu/dos/images/Klax-marquee.png	emu/MEDIA/DOS/images/Klax-marquee.png	carátulas, capturas y logos de ScreenScraper
MOVIDO	emu/dos/images/Klax-thumb.png	emu/MEDIA/DOS/images/Klax-thumb.png	carátulas, capturas y logos de ScreenScraper
MOVIDO	emu/dos/images/Knight Games-image.png	emu/MEDIA/DOS/images/Knight Games-image.png	carátulas, capturas y logos de ScreenScraper
MOVIDO	emu/dos/images/Knight Games-marquee.png	emu/MEDIA/DOS/images/Knight Games-marquee.png	carátulas, capturas y logos de ScreenScraper
MOVIDO	emu/dos/images/Knight Games-thumb.png	emu/MEDIA/DOS/images/Knight Games-thumb.png	carátulas, capturas y logos de ScreenScraper
MOVIDO	emu/dos/images/Knights of the Sky-image.png	emu/MEDIA/DOS/images/Knights of the Sky-image.png	carátulas, capturas y logos de ScreenScraper
MOVIDO	emu/dos/images/Knights of the Sky-marquee.png	emu/MEDIA/DOS/images/Knights of the Sky-marquee.png	carátulas, capturas y logos de ScreenScraper
MOVIDO	emu/dos/images/Knights of the Sky-thumb.png	emu/MEDIA/DOS/images/Knights of the Sky-thumb.png	carátulas, capturas y logos de ScreenScraper
MOVIDO	emu/dos/images/Krymini-image.png	emu/MEDIA/DOS/images/Krymini-image.png	carátulas, capturas y logos de ScreenScraper
MOVIDO	emu/dos/images/Krymini-thumb.png	emu/MEDIA/DOS/images/Krymini-thumb.png	carátulas, capturas y logos de ScreenScraper
MOVIDO	emu/dos/images/Krypton Egg-image.png	emu/MEDIA/DOS/images/Krypton Egg-image.png	carátulas, capturas y logos de ScreenScraper
MOVIDO	emu/dos/images/Krypton Egg-marquee.png	emu/MEDIA/DOS/images/Krypton Egg-marquee.png	carátulas, capturas y logos de ScreenScraper
MOVIDO	emu/dos/images/Krypton Egg-thumb.png	emu/MEDIA/DOS/images/Krypton Egg-thumb.png	carátulas, capturas y logos de ScreenScraper
MOVIDO	emu/dos/images/L.A. Crackdown-image.png	emu/MEDIA/DOS/images/L.A. Crackdown-image.png	carátulas, capturas y logos de ScreenScraper
MOVIDO	emu/dos/images/L.A. Crackdown-marquee.png	emu/MEDIA/DOS/images/L.A. Crackdown-marquee.png	carátulas, capturas y logos de ScreenScraper
MOVIDO	emu/dos/images/L.A. Crackdown-thumb.png	emu/MEDIA/DOS/images/L.A. Crackdown-thumb.png	carátulas, capturas y logos de ScreenScraper
MOVIDO	emu/dos/images/Lamborghini - American Challenge-image.png	emu/MEDIA/DOS/images/Lamborghini - American Challenge-image.png	carátulas, capturas y logos de ScreenScraper
MOVIDO	emu/dos/images/Lamborghini - American Challenge-marquee.png	emu/MEDIA/DOS/images/Lamborghini - American Challenge-marquee.png	carátulas, capturas y logos de ScreenScraper
MOVIDO	emu/dos/images/Lamborghini - American Challenge-thumb.png	emu/MEDIA/DOS/images/Lamborghini - American Challenge-thumb.png	carátulas, capturas y logos de ScreenScraper
MOVIDO	emu/dos/images/Lancelot-image.png	emu/MEDIA/DOS/images/Lancelot-image.png	carátulas, capturas y logos de ScreenScraper
MOVIDO	emu/dos/images/Lancelot-marquee.png	emu/MEDIA/DOS/images/Lancelot-marquee.png	carátulas, capturas y logos de ScreenScraper
MOVIDO	emu/dos/images/Lancelot-thumb.png	emu/MEDIA/DOS/images/Lancelot-thumb.png	carátulas, capturas y logos de ScreenScraper
MOVIDO	emu/dos/images/Lands of Lore - The Throne of Chaos-image.png	emu/MEDIA/DOS/images/Lands of Lore - The Throne of Chaos-image.png	carátulas, capturas y logos de ScreenScraper
MOVIDO	emu/dos/images/Lands of Lore - The Throne of Chaos-marquee.png	emu/MEDIA/DOS/images/Lands of Lore - The Throne of Chaos-marquee.png	carátulas, capturas y logos de ScreenScraper
MOVIDO	emu/dos/images/Lands of Lore - The Throne of Chaos-thumb.png	emu/MEDIA/DOS/images/Lands of Lore - The Throne of Chaos-thumb.png	carátulas, capturas y logos de ScreenScraper
MOVIDO	emu/dos/images/Laser Squad-image.png	emu/MEDIA/DOS/images/Laser Squad-image.png	carátulas, capturas y logos de ScreenScraper
MOVIDO	emu/dos/images/Laser Squad-marquee.png	emu/MEDIA/DOS/images/Laser Squad-marquee.png	carátulas, capturas y logos de ScreenScraper
MOVIDO	emu/dos/images/Laser Squad-thumb.png	emu/MEDIA/DOS/images/Laser Squad-thumb.png	carátulas, capturas y logos de ScreenScraper
MOVIDO	emu/dos/images/Laura Bow - The Colonel's Bequest-image.png	emu/MEDIA/DOS/images/Laura Bow - The Colonel's Bequest-image.png	carátulas, capturas y logos de ScreenScraper
MOVIDO	emu/dos/images/Laura Bow - The Colonel's Bequest-marquee.png	emu/MEDIA/DOS/images/Laura Bow - The Colonel's Bequest-marquee.png	carátulas, capturas y logos de ScreenScraper
MOVIDO	emu/dos/images/Laura Bow - The Colonel's Bequest-thumb.png	emu/MEDIA/DOS/images/Laura Bow - The Colonel's Bequest-thumb.png	carátulas, capturas y logos de ScreenScraper
MOVIDO	emu/dos/images/Legend of Djel-image.png	emu/MEDIA/DOS/images/Legend of Djel-image.png	carátulas, capturas y logos de ScreenScraper
MOVIDO	emu/dos/images/Legend of Djel-marquee.png	emu/MEDIA/DOS/images/Legend of Djel-marquee.png	carátulas, capturas y logos de ScreenScraper
MOVIDO	emu/dos/images/Legend of Djel-thumb.png	emu/MEDIA/DOS/images/Legend of Djel-thumb.png	carátulas, capturas y logos de ScreenScraper
MOVIDO	emu/dos/images/Legend of Faerghail-image.png	emu/MEDIA/DOS/images/Legend of Faerghail-image.png	carátulas, capturas y logos de ScreenScraper
MOVIDO	emu/dos/images/Legend of Faerghail-marquee.png	emu/MEDIA/DOS/images/Legend of Faerghail-marquee.png	carátulas, capturas y logos de ScreenScraper
MOVIDO	emu/dos/images/Legend of Faerghail-thumb.png	emu/MEDIA/DOS/images/Legend of Faerghail-thumb.png	carátulas, capturas y logos de ScreenScraper
MOVIDO	emu/dos/images/Legend of the Sword-image.png	emu/MEDIA/DOS/images/Legend of the Sword-image.png	carátulas, capturas y logos de ScreenScraper
MOVIDO	emu/dos/images/Legend of the Sword-marquee.png	emu/MEDIA/DOS/images/Legend of the Sword-marquee.png	carátulas, capturas y logos de ScreenScraper
MOVIDO	emu/dos/images/Legend of the Sword-thumb.png	emu/MEDIA/DOS/images/Legend of the Sword-thumb.png	carátulas, capturas y logos de ScreenScraper
MOVIDO	emu/dos/images/Legends of Valour-image.png	emu/MEDIA/DOS/images/Legends of Valour-image.png	carátulas, capturas y logos de ScreenScraper
MOVIDO	emu/dos/images/Legends of Valour-marquee.png	emu/MEDIA/DOS/images/Legends of Valour-marquee.png	carátulas, capturas y logos de ScreenScraper
MOVIDO	emu/dos/images/Legends of Valour-thumb.png	emu/MEDIA/DOS/images/Legends of Valour-thumb.png	carátulas, capturas y logos de ScreenScraper
MOVIDO	emu/dos/images/Legends-image.png	emu/MEDIA/DOS/images/Legends-image.png	carátulas, capturas y logos de ScreenScraper
MOVIDO	emu/dos/images/Legends-marquee.png	emu/MEDIA/DOS/images/Legends-marquee.png	carátulas, capturas y logos de ScreenScraper
MOVIDO	emu/dos/images/Legends-thumb.png	emu/MEDIA/DOS/images/Legends-thumb.png	carátulas, capturas y logos de ScreenScraper
MOVIDO	emu/dos/images/Leisure Suit Larry - in the Land of the Lounge Lizards-image.png	emu/MEDIA/DOS/images/Leisure Suit Larry - in the Land of the Lounge Lizards-image.png	carátulas, capturas y logos de ScreenScraper
MOVIDO	emu/dos/images/Leisure Suit Larry - in the Land of the Lounge Lizards-marquee.png	emu/MEDIA/DOS/images/Leisure Suit Larry - in the Land of the Lounge Lizards-marquee.png	carátulas, capturas y logos de ScreenScraper
MOVIDO	emu/dos/images/Leisure Suit Larry - in the Land of the Lounge Lizards-thumb.png	emu/MEDIA/DOS/images/Leisure Suit Larry - in the Land of the Lounge Lizards-thumb.png	carátulas, capturas y logos de ScreenScraper
MOVIDO	emu/dos/images/Leisure Suit Larry 2-image.png	emu/MEDIA/DOS/images/Leisure Suit Larry 2-image.png	carátulas, capturas y logos de ScreenScraper
MOVIDO	emu/dos/images/Leisure Suit Larry 2-marquee.png	emu/MEDIA/DOS/images/Leisure Suit Larry 2-marquee.png	carátulas, capturas y logos de ScreenScraper
MOVIDO	emu/dos/images/Leisure Suit Larry 2-thumb.png	emu/MEDIA/DOS/images/Leisure Suit Larry 2-thumb.png	carátulas, capturas y logos de ScreenScraper
MOVIDO	emu/dos/images/Leisure Suit Larry 3 - Passionate Patti in Pursuit of the Pulsating Pectorals-image.png	emu/MEDIA/DOS/images/Leisure Suit Larry 3 - Passionate Patti in Pursuit of the Pulsating Pectorals-image.png	carátulas, capturas y logos de ScreenScraper
MOVIDO	emu/dos/images/Leisure Suit Larry 3 - Passionate Patti in Pursuit of the Pulsating Pectorals-marquee.png	emu/MEDIA/DOS/images/Leisure Suit Larry 3 - Passionate Patti in Pursuit of the Pulsating Pectorals-marquee.png	carátulas, capturas y logos de ScreenScraper
MOVIDO	emu/dos/images/Leisure Suit Larry 3 - Passionate Patti in Pursuit of the Pulsating Pectorals-thumb.png	emu/MEDIA/DOS/images/Leisure Suit Larry 3 - Passionate Patti in Pursuit of the Pulsating Pectorals-thumb.png	carátulas, capturas y logos de ScreenScraper
MOVIDO	emu/dos/images/Lemmings-image.png	emu/MEDIA/DOS/images/Lemmings-image.png	carátulas, capturas y logos de ScreenScraper
MOVIDO	emu/dos/images/Lemmings-marquee.png	emu/MEDIA/DOS/images/Lemmings-marquee.png	carátulas, capturas y logos de ScreenScraper
MOVIDO	emu/dos/images/Lemmings-thumb.png	emu/MEDIA/DOS/images/Lemmings-thumb.png	carátulas, capturas y logos de ScreenScraper
MOVIDO	emu/dos/images/Les Manley in search for the King-image.png	emu/MEDIA/DOS/images/Les Manley in search for the King-image.png	carátulas, capturas y logos de ScreenScraper
MOVIDO	emu/dos/images/Les Manley in search for the King-marquee.png	emu/MEDIA/DOS/images/Les Manley in search for the King-marquee.png	carátulas, capturas y logos de ScreenScraper
MOVIDO	emu/dos/images/Les Manley in search for the King-thumb.png	emu/MEDIA/DOS/images/Les Manley in search for the King-thumb.png	carátulas, capturas y logos de ScreenScraper
MOVIDO	emu/dos/images/Life & Death 2 - The Brain-image.png	emu/MEDIA/DOS/images/Life & Death 2 - The Brain-image.png	carátulas, capturas y logos de ScreenScraper
MOVIDO	emu/dos/images/Life & Death 2 - The Brain-marquee.png	emu/MEDIA/DOS/images/Life & Death 2 - The Brain-marquee.png	carátulas, capturas y logos de ScreenScraper
MOVIDO	emu/dos/images/Life & Death 2 - The Brain-thumb.png	emu/MEDIA/DOS/images/Life & Death 2 - The Brain-thumb.png	carátulas, capturas y logos de ScreenScraper
MOVIDO	emu/dos/images/Life & Death-image.png	emu/MEDIA/DOS/images/Life & Death-image.png	carátulas, capturas y logos de ScreenScraper
MOVIDO	emu/dos/images/Life & Death-marquee.png	emu/MEDIA/DOS/images/Life & Death-marquee.png	carátulas, capturas y logos de ScreenScraper
MOVIDO	emu/dos/images/Life & Death-thumb.png	emu/MEDIA/DOS/images/Life & Death-thumb.png	carátulas, capturas y logos de ScreenScraper
MOVIDO	emu/dos/images/Links 386 Pro-image.png	emu/MEDIA/DOS/images/Links 386 Pro-image.png	carátulas, capturas y logos de ScreenScraper
MOVIDO	emu/dos/images/Links 386 Pro-marquee.png	emu/MEDIA/DOS/images/Links 386 Pro-marquee.png	carátulas, capturas y logos de ScreenScraper
MOVIDO	emu/dos/images/Links 386 Pro-thumb.png	emu/MEDIA/DOS/images/Links 386 Pro-thumb.png	carátulas, capturas y logos de ScreenScraper
MOVIDO	emu/dos/images/Lion-image.png	emu/MEDIA/DOS/images/Lion-image.png	carátulas, capturas y logos de ScreenScraper
MOVIDO	emu/dos/images/Lion-marquee.png	emu/MEDIA/DOS/images/Lion-marquee.png	carátulas, capturas y logos de ScreenScraper
MOVIDO	emu/dos/images/Lion-thumb.png	emu/MEDIA/DOS/images/Lion-thumb.png	carátulas, capturas y logos de ScreenScraper
MOVIDO	emu/dos/images/Litil Divil-image.png	emu/MEDIA/DOS/images/Litil Divil-image.png	carátulas, capturas y logos de ScreenScraper
MOVIDO	emu/dos/images/Litil Divil-marquee.png	emu/MEDIA/DOS/images/Litil Divil-marquee.png	carátulas, capturas y logos de ScreenScraper
MOVIDO	emu/dos/images/Litil Divil-thumb.png	emu/MEDIA/DOS/images/Litil Divil-thumb.png	carátulas, capturas y logos de ScreenScraper
MOVIDO	emu/dos/images/Little Big Adventure-image.png	emu/MEDIA/DOS/images/Little Big Adventure-image.png	carátulas, capturas y logos de ScreenScraper
MOVIDO	emu/dos/images/Little Big Adventure-marquee.png	emu/MEDIA/DOS/images/Little Big Adventure-marquee.png	carátulas, capturas y logos de ScreenScraper
MOVIDO	emu/dos/images/Little Big Adventure-thumb.png	emu/MEDIA/DOS/images/Little Big Adventure-thumb.png	carátulas, capturas y logos de ScreenScraper
MOVIDO	emu/dos/images/Liverpool-image.png	emu/MEDIA/DOS/images/Liverpool-image.png	carátulas, capturas y logos de ScreenScraper
MOVIDO	emu/dos/images/Liverpool-marquee.png	emu/MEDIA/DOS/images/Liverpool-marquee.png	carátulas, capturas y logos de ScreenScraper
MOVIDO	emu/dos/images/Liverpool-thumb.png	emu/MEDIA/DOS/images/Liverpool-thumb.png	carátulas, capturas y logos de ScreenScraper
MOVIDO	emu/dos/images/Livingstone, I Presume-image.png	emu/MEDIA/DOS/images/Livingstone, I Presume-image.png	carátulas, capturas y logos de ScreenScraper
MOVIDO	emu/dos/images/Livingstone, I Presume-marquee.png	emu/MEDIA/DOS/images/Livingstone, I Presume-marquee.png	carátulas, capturas y logos de ScreenScraper
MOVIDO	emu/dos/images/Livingstone, I Presume-thumb.png	emu/MEDIA/DOS/images/Livingstone, I Presume-thumb.png	carátulas, capturas y logos de ScreenScraper
MOVIDO	emu/dos/images/Lock-On-image.png	emu/MEDIA/DOS/images/Lock-On-image.png	carátulas, capturas y logos de ScreenScraper
MOVIDO	emu/dos/images/Lock-On-marquee.png	emu/MEDIA/DOS/images/Lock-On-marquee.png	carátulas, capturas y logos de ScreenScraper
MOVIDO	emu/dos/images/Lock-On-thumb.png	emu/MEDIA/DOS/images/Lock-On-thumb.png	carátulas, capturas y logos de ScreenScraper
MOVIDO	emu/dos/images/Locomotion-image.png	emu/MEDIA/DOS/images/Locomotion-image.png	carátulas, capturas y logos de ScreenScraper
MOVIDO	emu/dos/images/Locomotion-marquee.png	emu/MEDIA/DOS/images/Locomotion-marquee.png	carátulas, capturas y logos de ScreenScraper
MOVIDO	emu/dos/images/Locomotion-thumb.png	emu/MEDIA/DOS/images/Locomotion-thumb.png	carátulas, capturas y logos de ScreenScraper
MOVIDO	emu/dos/images/Lode Runner-image.png	emu/MEDIA/DOS/images/Lode Runner-image.png	carátulas, capturas y logos de ScreenScraper
MOVIDO	emu/dos/images/Lode Runner-marquee.png	emu/MEDIA/DOS/images/Lode Runner-marquee.png	carátulas, capturas y logos de ScreenScraper
MOVIDO	emu/dos/images/Lode Runner-thumb.png	emu/MEDIA/DOS/images/Lode Runner-thumb.png	carátulas, capturas y logos de ScreenScraper
MOVIDO	emu/dos/images/Lombard RAC Rally-image.png	emu/MEDIA/DOS/images/Lombard RAC Rally-image.png	carátulas, capturas y logos de ScreenScraper
MOVIDO	emu/dos/images/Lombard RAC Rally-marquee.png	emu/MEDIA/DOS/images/Lombard RAC Rally-marquee.png	carátulas, capturas y logos de ScreenScraper
MOVIDO	emu/dos/images/Lombard RAC Rally-thumb.png	emu/MEDIA/DOS/images/Lombard RAC Rally-thumb.png	carátulas, capturas y logos de ScreenScraper
MOVIDO	emu/dos/images/Loom-image.png	emu/MEDIA/DOS/images/Loom-image.png	carátulas, capturas y logos de ScreenScraper
MOVIDO	emu/dos/images/Loom-marquee.png	emu/MEDIA/DOS/images/Loom-marquee.png	carátulas, capturas y logos de ScreenScraper
MOVIDO	emu/dos/images/Loom-thumb.png	emu/MEDIA/DOS/images/Loom-thumb.png	carátulas, capturas y logos de ScreenScraper
MOVIDO	emu/dos/images/Lords of Conquest-image.png	emu/MEDIA/DOS/images/Lords of Conquest-image.png	carátulas, capturas y logos de ScreenScraper
MOVIDO	emu/dos/images/Lords of Conquest-marquee.png	emu/MEDIA/DOS/images/Lords of Conquest-marquee.png	carátulas, capturas y logos de ScreenScraper
MOVIDO	emu/dos/images/Lords of Conquest-thumb.png	emu/MEDIA/DOS/images/Lords of Conquest-thumb.png	carátulas, capturas y logos de ScreenScraper
MOVIDO	emu/dos/images/Lords of the Realm-image.png	emu/MEDIA/DOS/images/Lords of the Realm-image.png	carátulas, capturas y logos de ScreenScraper
MOVIDO	emu/dos/images/Lords of the Realm-marquee.png	emu/MEDIA/DOS/images/Lords of the Realm-marquee.png	carátulas, capturas y logos de ScreenScraper
MOVIDO	emu/dos/images/Lords of the Realm-thumb.png	emu/MEDIA/DOS/images/Lords of the Realm-thumb.png	carátulas, capturas y logos de ScreenScraper
MOVIDO	emu/dos/images/Lowblow-image.png	emu/MEDIA/DOS/images/Lowblow-image.png	carátulas, capturas y logos de ScreenScraper
MOVIDO	emu/dos/images/Lowblow-marquee.png	emu/MEDIA/DOS/images/Lowblow-marquee.png	carátulas, capturas y logos de ScreenScraper
MOVIDO	emu/dos/images/Lowblow-thumb.png	emu/MEDIA/DOS/images/Lowblow-thumb.png	carátulas, capturas y logos de ScreenScraper
MOVIDO	emu/dos/images/Lure of the Temptress-image.png	emu/MEDIA/DOS/images/Lure of the Temptress-image.png	carátulas, capturas y logos de ScreenScraper
MOVIDO	emu/dos/images/Lure of the Temptress-marquee.png	emu/MEDIA/DOS/images/Lure of the Temptress-marquee.png	carátulas, capturas y logos de ScreenScraper
MOVIDO	emu/dos/images/Lure of the Temptress-thumb.png	emu/MEDIA/DOS/images/Lure of the Temptress-thumb.png	carátulas, capturas y logos de ScreenScraper
MOVIDO	emu/dos/images/MDK-image.png	emu/MEDIA/DOS/images/MDK-image.png	carátulas, capturas y logos de ScreenScraper
MOVIDO	emu/dos/images/MDK-marquee.png	emu/MEDIA/DOS/images/MDK-marquee.png	carátulas, capturas y logos de ScreenScraper
MOVIDO	emu/dos/images/MDK-thumb.png	emu/MEDIA/DOS/images/MDK-thumb.png	carátulas, capturas y logos de ScreenScraper
MOVIDO	emu/dos/images/Mad Show-image.png	emu/MEDIA/DOS/images/Mad Show-image.png	carátulas, capturas y logos de ScreenScraper
MOVIDO	emu/dos/images/Mad Show-marquee.png	emu/MEDIA/DOS/images/Mad Show-marquee.png	carátulas, capturas y logos de ScreenScraper
MOVIDO	emu/dos/images/Mad Show-thumb.png	emu/MEDIA/DOS/images/Mad Show-thumb.png	carátulas, capturas y logos de ScreenScraper
MOVIDO	emu/dos/images/Mad TV-image.png	emu/MEDIA/DOS/images/Mad TV-image.png	carátulas, capturas y logos de ScreenScraper
MOVIDO	emu/dos/images/Mad TV-marquee.png	emu/MEDIA/DOS/images/Mad TV-marquee.png	carátulas, capturas y logos de ScreenScraper
MOVIDO	emu/dos/images/Mad TV-thumb.png	emu/MEDIA/DOS/images/Mad TV-thumb.png	carátulas, capturas y logos de ScreenScraper
MOVIDO	emu/dos/images/Magic Carpet-image.png	emu/MEDIA/DOS/images/Magic Carpet-image.png	carátulas, capturas y logos de ScreenScraper
MOVIDO	emu/dos/images/Magic Carpet-marquee.png	emu/MEDIA/DOS/images/Magic Carpet-marquee.png	carátulas, capturas y logos de ScreenScraper
MOVIDO	emu/dos/images/Magic Carpet-thumb.png	emu/MEDIA/DOS/images/Magic Carpet-thumb.png	carátulas, capturas y logos de ScreenScraper
MOVIDO	emu/dos/images/Magic Pockets-image.png	emu/MEDIA/DOS/images/Magic Pockets-image.png	carátulas, capturas y logos de ScreenScraper
MOVIDO	emu/dos/images/Magic Pockets-marquee.png	emu/MEDIA/DOS/images/Magic Pockets-marquee.png	carátulas, capturas y logos de ScreenScraper
MOVIDO	emu/dos/images/Magic Pockets-thumb.png	emu/MEDIA/DOS/images/Magic Pockets-thumb.png	carátulas, capturas y logos de ScreenScraper
MOVIDO	emu/dos/images/Magicland Dizzy-image.png	emu/MEDIA/DOS/images/Magicland Dizzy-image.png	carátulas, capturas y logos de ScreenScraper
MOVIDO	emu/dos/images/Magicland Dizzy-marquee.png	emu/MEDIA/DOS/images/Magicland Dizzy-marquee.png	carátulas, capturas y logos de ScreenScraper
MOVIDO	emu/dos/images/Magicland Dizzy-thumb.png	emu/MEDIA/DOS/images/Magicland Dizzy-thumb.png	carátulas, capturas y logos de ScreenScraper
MOVIDO	emu/dos/images/Manchester United - The Double-image.png	emu/MEDIA/DOS/images/Manchester United - The Double-image.png	carátulas, capturas y logos de ScreenScraper
MOVIDO	emu/dos/images/Manchester United - The Double-marquee.png	emu/MEDIA/DOS/images/Manchester United - The Double-marquee.png	carátulas, capturas y logos de ScreenScraper
MOVIDO	emu/dos/images/Manchester United - The Double-thumb.png	emu/MEDIA/DOS/images/Manchester United - The Double-thumb.png	carátulas, capturas y logos de ScreenScraper
MOVIDO	emu/dos/images/Manhunter - New York-image.png	emu/MEDIA/DOS/images/Manhunter - New York-image.png	carátulas, capturas y logos de ScreenScraper
MOVIDO	emu/dos/images/Manhunter - New York-marquee.png	emu/MEDIA/DOS/images/Manhunter - New York-marquee.png	carátulas, capturas y logos de ScreenScraper
MOVIDO	emu/dos/images/Manhunter - New York-thumb.png	emu/MEDIA/DOS/images/Manhunter - New York-thumb.png	carátulas, capturas y logos de ScreenScraper
MOVIDO	emu/dos/images/Manic Miner-image.png	emu/MEDIA/DOS/images/Manic Miner-image.png	carátulas, capturas y logos de ScreenScraper
MOVIDO	emu/dos/images/Manic Miner-thumb.png	emu/MEDIA/DOS/images/Manic Miner-thumb.png	carátulas, capturas y logos de ScreenScraper
MOVIDO	emu/dos/images/Marble Madness-image.png	emu/MEDIA/DOS/images/Marble Madness-image.png	carátulas, capturas y logos de ScreenScraper
MOVIDO	emu/dos/images/Marble Madness-marquee.png	emu/MEDIA/DOS/images/Marble Madness-marquee.png	carátulas, capturas y logos de ScreenScraper
MOVIDO	emu/dos/images/Marble Madness-thumb.png	emu/MEDIA/DOS/images/Marble Madness-thumb.png	carátulas, capturas y logos de ScreenScraper
MOVIDO	emu/dos/images/Mario & Luigi-image.png	emu/MEDIA/DOS/images/Mario & Luigi-image.png	carátulas, capturas y logos de ScreenScraper
MOVIDO	emu/dos/images/Mario & Luigi-marquee.png	emu/MEDIA/DOS/images/Mario & Luigi-marquee.png	carátulas, capturas y logos de ScreenScraper
MOVIDO	emu/dos/images/Mario teaches Typing-image.png	emu/MEDIA/DOS/images/Mario teaches Typing-image.png	carátulas, capturas y logos de ScreenScraper
MOVIDO	emu/dos/images/Mario teaches Typing-marquee.png	emu/MEDIA/DOS/images/Mario teaches Typing-marquee.png	carátulas, capturas y logos de ScreenScraper
MOVIDO	emu/dos/images/Mario teaches Typing-thumb.png	emu/MEDIA/DOS/images/Mario teaches Typing-thumb.png	carátulas, capturas y logos de ScreenScraper
MOVIDO	emu/dos/images/Martian Memorandum-image.png	emu/MEDIA/DOS/images/Martian Memorandum-image.png	carátulas, capturas y logos de ScreenScraper
MOVIDO	emu/dos/images/Martian Memorandum-marquee.png	emu/MEDIA/DOS/images/Martian Memorandum-marquee.png	carátulas, capturas y logos de ScreenScraper
MOVIDO	emu/dos/images/Martian Memorandum-thumb.png	emu/MEDIA/DOS/images/Martian Memorandum-thumb.png	carátulas, capturas y logos de ScreenScraper
MOVIDO	emu/dos/images/Master of Magic-image.png	emu/MEDIA/DOS/images/Master of Magic-image.png	carátulas, capturas y logos de ScreenScraper
MOVIDO	emu/dos/images/Master of Magic-marquee.png	emu/MEDIA/DOS/images/Master of Magic-marquee.png	carátulas, capturas y logos de ScreenScraper
MOVIDO	emu/dos/images/Master of Magic-thumb.png	emu/MEDIA/DOS/images/Master of Magic-thumb.png	carátulas, capturas y logos de ScreenScraper
MOVIDO	emu/dos/images/Master of Orion-image.png	emu/MEDIA/DOS/images/Master of Orion-image.png	carátulas, capturas y logos de ScreenScraper
MOVIDO	emu/dos/images/Master of Orion-marquee.png	emu/MEDIA/DOS/images/Master of Orion-marquee.png	carátulas, capturas y logos de ScreenScraper
MOVIDO	emu/dos/images/Master of Orion-thumb.png	emu/MEDIA/DOS/images/Master of Orion-thumb.png	carátulas, capturas y logos de ScreenScraper
MOVIDO	emu/dos/images/Maupiti Island-image.png	emu/MEDIA/DOS/images/Maupiti Island-image.png	carátulas, capturas y logos de ScreenScraper
MOVIDO	emu/dos/images/Maupiti Island-marquee.png	emu/MEDIA/DOS/images/Maupiti Island-marquee.png	carátulas, capturas y logos de ScreenScraper
MOVIDO	emu/dos/images/Maupiti Island-thumb.png	emu/MEDIA/DOS/images/Maupiti Island-thumb.png	carátulas, capturas y logos de ScreenScraper
MOVIDO	emu/dos/images/Mean 18-image.png	emu/MEDIA/DOS/images/Mean 18-image.png	carátulas, capturas y logos de ScreenScraper
MOVIDO	emu/dos/images/Mean 18-marquee.png	emu/MEDIA/DOS/images/Mean 18-marquee.png	carátulas, capturas y logos de ScreenScraper
MOVIDO	emu/dos/images/Mean 18-thumb.png	emu/MEDIA/DOS/images/Mean 18-thumb.png	carátulas, capturas y logos de ScreenScraper
MOVIDO	emu/dos/images/Mean Streets-image.png	emu/MEDIA/DOS/images/Mean Streets-image.png	carátulas, capturas y logos de ScreenScraper
MOVIDO	emu/dos/images/Mean Streets-marquee.png	emu/MEDIA/DOS/images/Mean Streets-marquee.png	carátulas, capturas y logos de ScreenScraper
MOVIDO	emu/dos/images/Mean Streets-thumb.png	emu/MEDIA/DOS/images/Mean Streets-thumb.png	carátulas, capturas y logos de ScreenScraper
MOVIDO	emu/dos/images/Mechwarrior-image.png	emu/MEDIA/DOS/images/Mechwarrior-image.png	carátulas, capturas y logos de ScreenScraper
MOVIDO	emu/dos/images/Mechwarrior-marquee.png	emu/MEDIA/DOS/images/Mechwarrior-marquee.png	carátulas, capturas y logos de ScreenScraper
MOVIDO	emu/dos/images/Mechwarrior-thumb.png	emu/MEDIA/DOS/images/Mechwarrior-thumb.png	carátulas, capturas y logos de ScreenScraper
MOVIDO	emu/dos/images/Mega Lo Mania-image.png	emu/MEDIA/DOS/images/Mega Lo Mania-image.png	carátulas, capturas y logos de ScreenScraper
MOVIDO	emu/dos/images/Mega Lo Mania-marquee.png	emu/MEDIA/DOS/images/Mega Lo Mania-marquee.png	carátulas, capturas y logos de ScreenScraper
MOVIDO	emu/dos/images/Mega Lo Mania-thumb.png	emu/MEDIA/DOS/images/Mega Lo Mania-thumb.png	carátulas, capturas y logos de ScreenScraper
MOVIDO	emu/dos/images/Mega Man X-image.png	emu/MEDIA/DOS/images/Mega Man X-image.png	carátulas, capturas y logos de ScreenScraper
MOVIDO	emu/dos/images/Mega Man X-marquee.png	emu/MEDIA/DOS/images/Mega Man X-marquee.png	carátulas, capturas y logos de ScreenScraper
MOVIDO	emu/dos/images/Mega Man X-thumb.png	emu/MEDIA/DOS/images/Mega Man X-thumb.png	carátulas, capturas y logos de ScreenScraper
MOVIDO	emu/dos/images/Mega Man-image.png	emu/MEDIA/DOS/images/Mega Man-image.png	carátulas, capturas y logos de ScreenScraper
MOVIDO	emu/dos/images/Mega Man-marquee.png	emu/MEDIA/DOS/images/Mega Man-marquee.png	carátulas, capturas y logos de ScreenScraper
MOVIDO	emu/dos/images/Mega Man-thumb.png	emu/MEDIA/DOS/images/Mega Man-thumb.png	carátulas, capturas y logos de ScreenScraper
MOVIDO	emu/dos/images/MegaTraveller 2 - Quest for the Ancients-image.png	emu/MEDIA/DOS/images/MegaTraveller 2 - Quest for the Ancients-image.png	carátulas, capturas y logos de ScreenScraper
MOVIDO	emu/dos/images/MegaTraveller 2 - Quest for the Ancients-marquee.png	emu/MEDIA/DOS/images/MegaTraveller 2 - Quest for the Ancients-marquee.png	carátulas, capturas y logos de ScreenScraper
MOVIDO	emu/dos/images/MegaTraveller 2 - Quest for the Ancients-thumb.png	emu/MEDIA/DOS/images/MegaTraveller 2 - Quest for the Ancients-thumb.png	carátulas, capturas y logos de ScreenScraper
MOVIDO	emu/dos/images/Merchant Prince-image.png	emu/MEDIA/DOS/images/Merchant Prince-image.png	carátulas, capturas y logos de ScreenScraper
MOVIDO	emu/dos/images/Merchant Prince-thumb.png	emu/MEDIA/DOS/images/Merchant Prince-thumb.png	carátulas, capturas y logos de ScreenScraper
MOVIDO	emu/dos/images/Metal Gear-image.png	emu/MEDIA/DOS/images/Metal Gear-image.png	carátulas, capturas y logos de ScreenScraper
MOVIDO	emu/dos/images/Metal Gear-marquee.png	emu/MEDIA/DOS/images/Metal Gear-marquee.png	carátulas, capturas y logos de ScreenScraper
MOVIDO	emu/dos/images/Metal Gear-thumb.png	emu/MEDIA/DOS/images/Metal Gear-thumb.png	carátulas, capturas y logos de ScreenScraper
MOVIDO	emu/dos/images/Metal Mutant-image.png	emu/MEDIA/DOS/images/Metal Mutant-image.png	carátulas, capturas y logos de ScreenScraper
MOVIDO	emu/dos/images/Metal Mutant-marquee.png	emu/MEDIA/DOS/images/Metal Mutant-marquee.png	carátulas, capturas y logos de ScreenScraper
MOVIDO	emu/dos/images/Metal Mutant-thumb.png	emu/MEDIA/DOS/images/Metal Mutant-thumb.png	carátulas, capturas y logos de ScreenScraper
MOVIDO	emu/dos/images/Metropolis-image.png	emu/MEDIA/DOS/images/Metropolis-image.png	carátulas, capturas y logos de ScreenScraper
MOVIDO	emu/dos/images/Metropolis-thumb.png	emu/MEDIA/DOS/images/Metropolis-thumb.png	carátulas, capturas y logos de ScreenScraper
MOVIDO	emu/dos/images/Michael Jordan in Flight-image.png	emu/MEDIA/DOS/images/Michael Jordan in Flight-image.png	carátulas, capturas y logos de ScreenScraper
MOVIDO	emu/dos/images/Michael Jordan in Flight-marquee.png	emu/MEDIA/DOS/images/Michael Jordan in Flight-marquee.png	carátulas, capturas y logos de ScreenScraper
MOVIDO	emu/dos/images/Michael Jordan in Flight-thumb.png	emu/MEDIA/DOS/images/Michael Jordan in Flight-thumb.png	carátulas, capturas y logos de ScreenScraper
MOVIDO	emu/dos/images/Mickey's Space Adventure-image.png	emu/MEDIA/DOS/images/Mickey's Space Adventure-image.png	carátulas, capturas y logos de ScreenScraper
MOVIDO	emu/dos/images/Mickey's Space Adventure-marquee.png	emu/MEDIA/DOS/images/Mickey's Space Adventure-marquee.png	carátulas, capturas y logos de ScreenScraper
MOVIDO	emu/dos/images/Mickey's Space Adventure-thumb.png	emu/MEDIA/DOS/images/Mickey's Space Adventure-thumb.png	carátulas, capturas y logos de ScreenScraper
MOVIDO	emu/dos/images/Micro Machines 2 - Turbo Tournament-image.png	emu/MEDIA/DOS/images/Micro Machines 2 - Turbo Tournament-image.png	carátulas, capturas y logos de ScreenScraper
MOVIDO	emu/dos/images/Micro Machines 2 - Turbo Tournament-marquee.png	emu/MEDIA/DOS/images/Micro Machines 2 - Turbo Tournament-marquee.png	carátulas, capturas y logos de ScreenScraper
MOVIDO	emu/dos/images/Micro Machines 2 - Turbo Tournament-thumb.png	emu/MEDIA/DOS/images/Micro Machines 2 - Turbo Tournament-thumb.png	carátulas, capturas y logos de ScreenScraper
MOVIDO	emu/dos/images/Micro Machines-image.png	emu/MEDIA/DOS/images/Micro Machines-image.png	carátulas, capturas y logos de ScreenScraper
MOVIDO	emu/dos/images/Micro Machines-marquee.png	emu/MEDIA/DOS/images/Micro Machines-marquee.png	carátulas, capturas y logos de ScreenScraper
MOVIDO	emu/dos/images/Micro Machines-thumb.png	emu/MEDIA/DOS/images/Micro Machines-thumb.png	carátulas, capturas y logos de ScreenScraper
MOVIDO	emu/dos/images/Microprose Soccer-image.png	emu/MEDIA/DOS/images/Microprose Soccer-image.png	carátulas, capturas y logos de ScreenScraper
MOVIDO	emu/dos/images/Microprose Soccer-marquee.png	emu/MEDIA/DOS/images/Microprose Soccer-marquee.png	carátulas, capturas y logos de ScreenScraper
MOVIDO	emu/dos/images/Microprose Soccer-thumb.png	emu/MEDIA/DOS/images/Microprose Soccer-thumb.png	carátulas, capturas y logos de ScreenScraper
MOVIDO	emu/dos/images/Microsoft Arcade-image.png	emu/MEDIA/DOS/images/Microsoft Arcade-image.png	carátulas, capturas y logos de ScreenScraper
MOVIDO	emu/dos/images/Microsoft Arcade-thumb.png	emu/MEDIA/DOS/images/Microsoft Arcade-thumb.png	carátulas, capturas y logos de ScreenScraper
MOVIDO	emu/dos/images/Microsoft Space Simulator-image.png	emu/MEDIA/DOS/images/Microsoft Space Simulator-image.png	carátulas, capturas y logos de ScreenScraper
MOVIDO	emu/dos/images/Microsoft Space Simulator-marquee.png	emu/MEDIA/DOS/images/Microsoft Space Simulator-marquee.png	carátulas, capturas y logos de ScreenScraper
MOVIDO	emu/dos/images/Microsoft Space Simulator-thumb.png	emu/MEDIA/DOS/images/Microsoft Space Simulator-thumb.png	carátulas, capturas y logos de ScreenScraper
MOVIDO	emu/dos/images/Midwinter-image.png	emu/MEDIA/DOS/images/Midwinter-image.png	carátulas, capturas y logos de ScreenScraper
MOVIDO	emu/dos/images/Midwinter-marquee.png	emu/MEDIA/DOS/images/Midwinter-marquee.png	carátulas, capturas y logos de ScreenScraper
MOVIDO	emu/dos/images/Midwinter-thumb.png	emu/MEDIA/DOS/images/Midwinter-thumb.png	carátulas, capturas y logos de ScreenScraper
MOVIDO	emu/dos/images/Mighty BombJack-image.png	emu/MEDIA/DOS/images/Mighty BombJack-image.png	carátulas, capturas y logos de ScreenScraper
MOVIDO	emu/dos/images/Mighty BombJack-marquee.png	emu/MEDIA/DOS/images/Mighty BombJack-marquee.png	carátulas, capturas y logos de ScreenScraper
MOVIDO	emu/dos/images/Mighty BombJack-thumb.png	emu/MEDIA/DOS/images/Mighty BombJack-thumb.png	carátulas, capturas y logos de ScreenScraper
MOVIDO	emu/dos/images/Millennium - Return to Earth-image.png	emu/MEDIA/DOS/images/Millennium - Return to Earth-image.png	carátulas, capturas y logos de ScreenScraper
MOVIDO	emu/dos/images/Millennium - Return to Earth-marquee.png	emu/MEDIA/DOS/images/Millennium - Return to Earth-marquee.png	carátulas, capturas y logos de ScreenScraper
MOVIDO	emu/dos/images/Millennium - Return to Earth-thumb.png	emu/MEDIA/DOS/images/Millennium - Return to Earth-thumb.png	carátulas, capturas y logos de ScreenScraper
MOVIDO	emu/dos/images/Mindbender-image.png	emu/MEDIA/DOS/images/Mindbender-image.png	carátulas, capturas y logos de ScreenScraper
MOVIDO	emu/dos/images/Mindbender-marquee.png	emu/MEDIA/DOS/images/Mindbender-marquee.png	carátulas, capturas y logos de ScreenScraper
MOVIDO	emu/dos/images/Mindbender-thumb.png	emu/MEDIA/DOS/images/Mindbender-thumb.png	carátulas, capturas y logos de ScreenScraper
MOVIDO	emu/dos/images/Mindshadow-image.png	emu/MEDIA/DOS/images/Mindshadow-image.png	carátulas, capturas y logos de ScreenScraper
MOVIDO	emu/dos/images/Mindshadow-marquee.png	emu/MEDIA/DOS/images/Mindshadow-marquee.png	carátulas, capturas y logos de ScreenScraper
MOVIDO	emu/dos/images/Mindshadow-thumb.png	emu/MEDIA/DOS/images/Mindshadow-thumb.png	carátulas, capturas y logos de ScreenScraper
MOVIDO	emu/dos/images/Mindwheel-image.png	emu/MEDIA/DOS/images/Mindwheel-image.png	carátulas, capturas y logos de ScreenScraper
MOVIDO	emu/dos/images/Mindwheel-marquee.png	emu/MEDIA/DOS/images/Mindwheel-marquee.png	carátulas, capturas y logos de ScreenScraper
MOVIDO	emu/dos/images/Mindwheel-thumb.png	emu/MEDIA/DOS/images/Mindwheel-thumb.png	carátulas, capturas y logos de ScreenScraper
MOVIDO	emu/dos/images/Mine Shaft-image.png	emu/MEDIA/DOS/images/Mine Shaft-image.png	carátulas, capturas y logos de ScreenScraper
MOVIDO	emu/dos/images/Mine Shaft-marquee.png	emu/MEDIA/DOS/images/Mine Shaft-marquee.png	carátulas, capturas y logos de ScreenScraper
MOVIDO	emu/dos/images/Mine Shaft-thumb.png	emu/MEDIA/DOS/images/Mine Shaft-thumb.png	carátulas, capturas y logos de ScreenScraper
MOVIDO	emu/dos/images/Miner 2049er-image.png	emu/MEDIA/DOS/images/Miner 2049er-image.png	carátulas, capturas y logos de ScreenScraper
MOVIDO	emu/dos/images/Miner 2049er-marquee.png	emu/MEDIA/DOS/images/Miner 2049er-marquee.png	carátulas, capturas y logos de ScreenScraper
MOVIDO	emu/dos/images/Miner 2049er-thumb.png	emu/MEDIA/DOS/images/Miner 2049er-thumb.png	carátulas, capturas y logos de ScreenScraper
MOVIDO	emu/dos/images/Mini Putt-image.png	emu/MEDIA/DOS/images/Mini Putt-image.png	carátulas, capturas y logos de ScreenScraper
MOVIDO	emu/dos/images/Mini Putt-marquee.png	emu/MEDIA/DOS/images/Mini Putt-marquee.png	carátulas, capturas y logos de ScreenScraper
MOVIDO	emu/dos/images/Mini Putt-thumb.png	emu/MEDIA/DOS/images/Mini Putt-thumb.png	carátulas, capturas y logos de ScreenScraper
MOVIDO	emu/dos/images/Mixed up Mother Goose-image.png	emu/MEDIA/DOS/images/Mixed up Mother Goose-image.png	carátulas, capturas y logos de ScreenScraper
MOVIDO	emu/dos/images/Mixed up Mother Goose-marquee.png	emu/MEDIA/DOS/images/Mixed up Mother Goose-marquee.png	carátulas, capturas y logos de ScreenScraper
MOVIDO	emu/dos/images/Mixed up Mother Goose-thumb.png	emu/MEDIA/DOS/images/Mixed up Mother Goose-thumb.png	carátulas, capturas y logos de ScreenScraper
MOVIDO	emu/dos/images/Mixed-Up Fairy Tales-image.png	emu/MEDIA/DOS/images/Mixed-Up Fairy Tales-image.png	carátulas, capturas y logos de ScreenScraper
MOVIDO	emu/dos/images/Mixed-Up Fairy Tales-marquee.png	emu/MEDIA/DOS/images/Mixed-Up Fairy Tales-marquee.png	carátulas, capturas y logos de ScreenScraper
MOVIDO	emu/dos/images/Mixed-Up Fairy Tales-thumb.png	emu/MEDIA/DOS/images/Mixed-Up Fairy Tales-thumb.png	carátulas, capturas y logos de ScreenScraper
MOVIDO	emu/dos/images/Monopoly Deluxe-image.png	emu/MEDIA/DOS/images/Monopoly Deluxe-image.png	carátulas, capturas y logos de ScreenScraper
MOVIDO	emu/dos/images/Monopoly Deluxe-marquee.png	emu/MEDIA/DOS/images/Monopoly Deluxe-marquee.png	carátulas, capturas y logos de ScreenScraper
MOVIDO	emu/dos/images/Monopoly Deluxe-thumb.png	emu/MEDIA/DOS/images/Monopoly Deluxe-thumb.png	carátulas, capturas y logos de ScreenScraper
MOVIDO	emu/dos/images/Monopoly-image.png	emu/MEDIA/DOS/images/Monopoly-image.png	carátulas, capturas y logos de ScreenScraper
MOVIDO	emu/dos/images/Monopoly-marquee.png	emu/MEDIA/DOS/images/Monopoly-marquee.png	carátulas, capturas y logos de ScreenScraper
MOVIDO	emu/dos/images/Monopoly-thumb.png	emu/MEDIA/DOS/images/Monopoly-thumb.png	carátulas, capturas y logos de ScreenScraper
MOVIDO	emu/dos/images/Monster Math-image.png	emu/MEDIA/DOS/images/Monster Math-image.png	carátulas, capturas y logos de ScreenScraper
MOVIDO	emu/dos/images/Monster Math-marquee.png	emu/MEDIA/DOS/images/Monster Math-marquee.png	carátulas, capturas y logos de ScreenScraper
MOVIDO	emu/dos/images/Monster Math-thumb.png	emu/MEDIA/DOS/images/Monster Math-thumb.png	carátulas, capturas y logos de ScreenScraper
MOVIDO	emu/dos/images/Montezuma's Return-image.png	emu/MEDIA/DOS/images/Montezuma's Return-image.png	carátulas, capturas y logos de ScreenScraper
MOVIDO	emu/dos/images/Montezuma's Return-marquee.png	emu/MEDIA/DOS/images/Montezuma's Return-marquee.png	carátulas, capturas y logos de ScreenScraper
MOVIDO	emu/dos/images/Montezuma's Return-thumb.png	emu/MEDIA/DOS/images/Montezuma's Return-thumb.png	carátulas, capturas y logos de ScreenScraper
MOVIDO	emu/dos/images/Montezuma's Revenge-image.png	emu/MEDIA/DOS/images/Montezuma's Revenge-image.png	carátulas, capturas y logos de ScreenScraper
MOVIDO	emu/dos/images/Montezuma's Revenge-marquee.png	emu/MEDIA/DOS/images/Montezuma's Revenge-marquee.png	carátulas, capturas y logos de ScreenScraper
MOVIDO	emu/dos/images/Montezuma's Revenge-thumb.png	emu/MEDIA/DOS/images/Montezuma's Revenge-thumb.png	carátulas, capturas y logos de ScreenScraper
MOVIDO	emu/dos/images/Monty Python's Flying Circus-image.png	emu/MEDIA/DOS/images/Monty Python's Flying Circus-image.png	carátulas, capturas y logos de ScreenScraper
MOVIDO	emu/dos/images/Monty Python's Flying Circus-marquee.png	emu/MEDIA/DOS/images/Monty Python's Flying Circus-marquee.png	carátulas, capturas y logos de ScreenScraper
MOVIDO	emu/dos/images/Monty Python's Flying Circus-thumb.png	emu/MEDIA/DOS/images/Monty Python's Flying Circus-thumb.png	carátulas, capturas y logos de ScreenScraper
MOVIDO	emu/dos/images/Moon Patrol-image.png	emu/MEDIA/DOS/images/Moon Patrol-image.png	carátulas, capturas y logos de ScreenScraper
MOVIDO	emu/dos/images/Moon Patrol-marquee.png	emu/MEDIA/DOS/images/Moon Patrol-marquee.png	carátulas, capturas y logos de ScreenScraper
MOVIDO	emu/dos/images/Moon Patrol-thumb.png	emu/MEDIA/DOS/images/Moon Patrol-thumb.png	carátulas, capturas y logos de ScreenScraper
MOVIDO	emu/dos/images/Moonbase-image.png	emu/MEDIA/DOS/images/Moonbase-image.png	carátulas, capturas y logos de ScreenScraper
MOVIDO	emu/dos/images/Moonbase-marquee.png	emu/MEDIA/DOS/images/Moonbase-marquee.png	carátulas, capturas y logos de ScreenScraper
MOVIDO	emu/dos/images/Moonbase-thumb.png	emu/MEDIA/DOS/images/Moonbase-thumb.png	carátulas, capturas y logos de ScreenScraper
MOVIDO	emu/dos/images/Moonstone - A hard days Knight-image.png	emu/MEDIA/DOS/images/Moonstone - A hard days Knight-image.png	carátulas, capturas y logos de ScreenScraper
MOVIDO	emu/dos/images/Moonstone - A hard days Knight-marquee.png	emu/MEDIA/DOS/images/Moonstone - A hard days Knight-marquee.png	carátulas, capturas y logos de ScreenScraper
MOVIDO	emu/dos/images/Moonstone - A hard days Knight-thumb.png	emu/MEDIA/DOS/images/Moonstone - A hard days Knight-thumb.png	carátulas, capturas y logos de ScreenScraper
MOVIDO	emu/dos/images/Mortal Kombat 2-image.png	emu/MEDIA/DOS/images/Mortal Kombat 2-image.png	carátulas, capturas y logos de ScreenScraper
MOVIDO	emu/dos/images/Mortal Kombat 2-marquee.png	emu/MEDIA/DOS/images/Mortal Kombat 2-marquee.png	carátulas, capturas y logos de ScreenScraper
MOVIDO	emu/dos/images/Mortal Kombat 2-thumb.png	emu/MEDIA/DOS/images/Mortal Kombat 2-thumb.png	carátulas, capturas y logos de ScreenScraper
MOVIDO	emu/dos/images/Mortal Kombat 3-image.png	emu/MEDIA/DOS/images/Mortal Kombat 3-image.png	carátulas, capturas y logos de ScreenScraper
MOVIDO	emu/dos/images/Mortal Kombat 3-marquee.png	emu/MEDIA/DOS/images/Mortal Kombat 3-marquee.png	carátulas, capturas y logos de ScreenScraper
MOVIDO	emu/dos/images/Mortal Kombat 3-thumb.png	emu/MEDIA/DOS/images/Mortal Kombat 3-thumb.png	carátulas, capturas y logos de ScreenScraper
MOVIDO	emu/dos/images/Mortal Kombat-image.png	emu/MEDIA/DOS/images/Mortal Kombat-image.png	carátulas, capturas y logos de ScreenScraper
MOVIDO	emu/dos/images/Mortal Kombat-marquee.png	emu/MEDIA/DOS/images/Mortal Kombat-marquee.png	carátulas, capturas y logos de ScreenScraper
MOVIDO	emu/dos/images/Mortal Kombat-thumb.png	emu/MEDIA/DOS/images/Mortal Kombat-thumb.png	carátulas, capturas y logos de ScreenScraper
MOVIDO	emu/dos/images/Ms. Pac-Man-image.png	emu/MEDIA/DOS/images/Ms. Pac-Man-image.png	carátulas, capturas y logos de ScreenScraper
MOVIDO	emu/dos/images/Ms. Pac-Man-marquee.png	emu/MEDIA/DOS/images/Ms. Pac-Man-marquee.png	carátulas, capturas y logos de ScreenScraper
MOVIDO	emu/dos/images/Ms. Pac-Man-thumb.png	emu/MEDIA/DOS/images/Ms. Pac-Man-thumb.png	carátulas, capturas y logos de ScreenScraper
MOVIDO	emu/dos/images/Murder on the Atlantic-image.png	emu/MEDIA/DOS/images/Murder on the Atlantic-image.png	carátulas, capturas y logos de ScreenScraper
MOVIDO	emu/dos/images/Murder on the Atlantic-marquee.png	emu/MEDIA/DOS/images/Murder on the Atlantic-marquee.png	carátulas, capturas y logos de ScreenScraper
MOVIDO	emu/dos/images/Murder on the Atlantic-thumb.png	emu/MEDIA/DOS/images/Murder on the Atlantic-thumb.png	carátulas, capturas y logos de ScreenScraper
MOVIDO	emu/dos/images/Murder on the Zinderneuf-image.png	emu/MEDIA/DOS/images/Murder on the Zinderneuf-image.png	carátulas, capturas y logos de ScreenScraper
MOVIDO	emu/dos/images/Murder on the Zinderneuf-thumb.png	emu/MEDIA/DOS/images/Murder on the Zinderneuf-thumb.png	carátulas, capturas y logos de ScreenScraper
MOVIDO	emu/dos/images/Murders in Venice-image.png	emu/MEDIA/DOS/images/Murders in Venice-image.png	carátulas, capturas y logos de ScreenScraper
MOVIDO	emu/dos/images/Murders in Venice-marquee.png	emu/MEDIA/DOS/images/Murders in Venice-marquee.png	carátulas, capturas y logos de ScreenScraper
MOVIDO	emu/dos/images/Murders in Venice-thumb.png	emu/MEDIA/DOS/images/Murders in Venice-thumb.png	carátulas, capturas y logos de ScreenScraper
MOVIDO	emu/dos/images/Museum Madness-image.png	emu/MEDIA/DOS/images/Museum Madness-image.png	carátulas, capturas y logos de ScreenScraper
MOVIDO	emu/dos/images/Museum Madness-marquee.png	emu/MEDIA/DOS/images/Museum Madness-marquee.png	carátulas, capturas y logos de ScreenScraper
MOVIDO	emu/dos/images/Museum Madness-thumb.png	emu/MEDIA/DOS/images/Museum Madness-thumb.png	carátulas, capturas y logos de ScreenScraper
MOVIDO	emu/dos/images/Mystery at the Museums-image.png	emu/MEDIA/DOS/images/Mystery at the Museums-image.png	carátulas, capturas y logos de ScreenScraper
MOVIDO	emu/dos/images/Mystery at the Museums-marquee.png	emu/MEDIA/DOS/images/Mystery at the Museums-marquee.png	carátulas, capturas y logos de ScreenScraper
MOVIDO	emu/dos/images/Mystery at the Museums-thumb.png	emu/MEDIA/DOS/images/Mystery at the Museums-thumb.png	carátulas, capturas y logos de ScreenScraper
MOVIDO	emu/dos/images/Narco Police-image.png	emu/MEDIA/DOS/images/Narco Police-image.png	carátulas, capturas y logos de ScreenScraper
MOVIDO	emu/dos/images/Narco Police-marquee.png	emu/MEDIA/DOS/images/Narco Police-marquee.png	carátulas, capturas y logos de ScreenScraper
MOVIDO	emu/dos/images/Narco Police-thumb.png	emu/MEDIA/DOS/images/Narco Police-thumb.png	carátulas, capturas y logos de ScreenScraper
MOVIDO	emu/dos/images/Nebulus-image.png	emu/MEDIA/DOS/images/Nebulus-image.png	carátulas, capturas y logos de ScreenScraper
MOVIDO	emu/dos/images/Nebulus-marquee.png	emu/MEDIA/DOS/images/Nebulus-marquee.png	carátulas, capturas y logos de ScreenScraper
MOVIDO	emu/dos/images/Nebulus-thumb.png	emu/MEDIA/DOS/images/Nebulus-thumb.png	carátulas, capturas y logos de ScreenScraper
MOVIDO	emu/dos/images/Nectaris-image.png	emu/MEDIA/DOS/images/Nectaris-image.png	carátulas, capturas y logos de ScreenScraper
MOVIDO	emu/dos/images/Nectaris-marquee.png	emu/MEDIA/DOS/images/Nectaris-marquee.png	carátulas, capturas y logos de ScreenScraper
MOVIDO	emu/dos/images/Nectaris-thumb.png	emu/MEDIA/DOS/images/Nectaris-thumb.png	carátulas, capturas y logos de ScreenScraper
MOVIDO	emu/dos/images/Network Q RAC Rally Championship-image.png	emu/MEDIA/DOS/images/Network Q RAC Rally Championship-image.png	carátulas, capturas y logos de ScreenScraper
MOVIDO	emu/dos/images/Network Q RAC Rally Championship-marquee.png	emu/MEDIA/DOS/images/Network Q RAC Rally Championship-marquee.png	carátulas, capturas y logos de ScreenScraper
MOVIDO	emu/dos/images/Network Q RAC Rally Championship-thumb.png	emu/MEDIA/DOS/images/Network Q RAC Rally Championship-thumb.png	carátulas, capturas y logos de ScreenScraper
MOVIDO	emu/dos/images/Neuromancer-image.png	emu/MEDIA/DOS/images/Neuromancer-image.png	carátulas, capturas y logos de ScreenScraper
MOVIDO	emu/dos/images/Neuromancer-marquee.png	emu/MEDIA/DOS/images/Neuromancer-marquee.png	carátulas, capturas y logos de ScreenScraper
MOVIDO	emu/dos/images/Neuromancer-thumb.png	emu/MEDIA/DOS/images/Neuromancer-thumb.png	carátulas, capturas y logos de ScreenScraper
MOVIDO	emu/dos/images/Nicky Boom-image.png	emu/MEDIA/DOS/images/Nicky Boom-image.png	carátulas, capturas y logos de ScreenScraper
MOVIDO	emu/dos/images/Nicky Boom-marquee.png	emu/MEDIA/DOS/images/Nicky Boom-marquee.png	carátulas, capturas y logos de ScreenScraper
MOVIDO	emu/dos/images/Nicky Boom-thumb.png	emu/MEDIA/DOS/images/Nicky Boom-thumb.png	carátulas, capturas y logos de ScreenScraper
MOVIDO	emu/dos/images/Night Hunter-image.png	emu/MEDIA/DOS/images/Night Hunter-image.png	carátulas, capturas y logos de ScreenScraper
MOVIDO	emu/dos/images/Night Hunter-marquee.png	emu/MEDIA/DOS/images/Night Hunter-marquee.png	carátulas, capturas y logos de ScreenScraper
MOVIDO	emu/dos/images/Night Hunter-thumb.png	emu/MEDIA/DOS/images/Night Hunter-thumb.png	carátulas, capturas y logos de ScreenScraper
MOVIDO	emu/dos/images/Night Mission Pinball-image.png	emu/MEDIA/DOS/images/Night Mission Pinball-image.png	carátulas, capturas y logos de ScreenScraper
MOVIDO	emu/dos/images/Night Mission Pinball-marquee.png	emu/MEDIA/DOS/images/Night Mission Pinball-marquee.png	carátulas, capturas y logos de ScreenScraper
MOVIDO	emu/dos/images/Night Mission Pinball-thumb.png	emu/MEDIA/DOS/images/Night Mission Pinball-thumb.png	carátulas, capturas y logos de ScreenScraper
MOVIDO	emu/dos/images/Ninja Rabbits-image.png	emu/MEDIA/DOS/images/Ninja Rabbits-image.png	carátulas, capturas y logos de ScreenScraper
MOVIDO	emu/dos/images/Ninja Rabbits-marquee.png	emu/MEDIA/DOS/images/Ninja Rabbits-marquee.png	carátulas, capturas y logos de ScreenScraper
MOVIDO	emu/dos/images/Ninja Rabbits-thumb.png	emu/MEDIA/DOS/images/Ninja Rabbits-thumb.png	carátulas, capturas y logos de ScreenScraper
MOVIDO	emu/dos/images/Ninja-image.png	emu/MEDIA/DOS/images/Ninja-image.png	carátulas, capturas y logos de ScreenScraper
MOVIDO	emu/dos/images/Ninja-marquee.png	emu/MEDIA/DOS/images/Ninja-marquee.png	carátulas, capturas y logos de ScreenScraper
MOVIDO	emu/dos/images/Ninja-thumb.png	emu/MEDIA/DOS/images/Ninja-thumb.png	carátulas, capturas y logos de ScreenScraper
MOVIDO	emu/dos/images/Nippon Safes, Inc.-image.png	emu/MEDIA/DOS/images/Nippon Safes, Inc.-image.png	carátulas, capturas y logos de ScreenScraper
MOVIDO	emu/dos/images/Nippon Safes, Inc.-marquee.png	emu/MEDIA/DOS/images/Nippon Safes, Inc.-marquee.png	carátulas, capturas y logos de ScreenScraper
MOVIDO	emu/dos/images/Nippon Safes, Inc.-thumb.png	emu/MEDIA/DOS/images/Nippon Safes, Inc.-thumb.png	carátulas, capturas y logos de ScreenScraper
MOVIDO	emu/dos/images/Nobunagas Ambition II-image.png	emu/MEDIA/DOS/images/Nobunagas Ambition II-image.png	carátulas, capturas y logos de ScreenScraper
MOVIDO	emu/dos/images/Nobunagas Ambition II-marquee.png	emu/MEDIA/DOS/images/Nobunagas Ambition II-marquee.png	carátulas, capturas y logos de ScreenScraper
MOVIDO	emu/dos/images/Nobunagas Ambition II-thumb.png	emu/MEDIA/DOS/images/Nobunagas Ambition II-thumb.png	carátulas, capturas y logos de ScreenScraper
MOVIDO	emu/dos/images/Nobunagas Ambition-image.png	emu/MEDIA/DOS/images/Nobunagas Ambition-image.png	carátulas, capturas y logos de ScreenScraper
MOVIDO	emu/dos/images/Nobunagas Ambition-marquee.png	emu/MEDIA/DOS/images/Nobunagas Ambition-marquee.png	carátulas, capturas y logos de ScreenScraper
MOVIDO	emu/dos/images/Nobunagas Ambition-thumb.png	emu/MEDIA/DOS/images/Nobunagas Ambition-thumb.png	carátulas, capturas y logos de ScreenScraper
MOVIDO	emu/dos/images/North & South-image.png	emu/MEDIA/DOS/images/North & South-image.png	carátulas, capturas y logos de ScreenScraper
MOVIDO	emu/dos/images/North & South-marquee.png	emu/MEDIA/DOS/images/North & South-marquee.png	carátulas, capturas y logos de ScreenScraper
MOVIDO	emu/dos/images/North & South-thumb.png	emu/MEDIA/DOS/images/North & South-thumb.png	carátulas, capturas y logos de ScreenScraper
MOVIDO	emu/dos/images/Nova 9 - Return of Gir Draxon-image.png	emu/MEDIA/DOS/images/Nova 9 - Return of Gir Draxon-image.png	carátulas, capturas y logos de ScreenScraper
MOVIDO	emu/dos/images/Nova 9 - Return of Gir Draxon-marquee.png	emu/MEDIA/DOS/images/Nova 9 - Return of Gir Draxon-marquee.png	carátulas, capturas y logos de ScreenScraper
MOVIDO	emu/dos/images/Nova 9 - Return of Gir Draxon-thumb.png	emu/MEDIA/DOS/images/Nova 9 - Return of Gir Draxon-thumb.png	carátulas, capturas y logos de ScreenScraper
MOVIDO	emu/dos/images/Novatron-image.png	emu/MEDIA/DOS/images/Novatron-image.png	carátulas, capturas y logos de ScreenScraper
MOVIDO	emu/dos/images/Novatron-thumb.png	emu/MEDIA/DOS/images/Novatron-thumb.png	carátulas, capturas y logos de ScreenScraper
MOVIDO	emu/dos/images/Number Munchers-image.png	emu/MEDIA/DOS/images/Number Munchers-image.png	carátulas, capturas y logos de ScreenScraper
MOVIDO	emu/dos/images/Number Munchers-marquee.png	emu/MEDIA/DOS/images/Number Munchers-marquee.png	carátulas, capturas y logos de ScreenScraper
MOVIDO	emu/dos/images/Number Munchers-thumb.png	emu/MEDIA/DOS/images/Number Munchers-thumb.png	carátulas, capturas y logos de ScreenScraper
MOVIDO	emu/dos/images/Obitus-image.png	emu/MEDIA/DOS/images/Obitus-image.png	carátulas, capturas y logos de ScreenScraper
MOVIDO	emu/dos/images/Obitus-marquee.png	emu/MEDIA/DOS/images/Obitus-marquee.png	carátulas, capturas y logos de ScreenScraper
MOVIDO	emu/dos/images/Obitus-thumb.png	emu/MEDIA/DOS/images/Obitus-thumb.png	carátulas, capturas y logos de ScreenScraper
MOVIDO	emu/dos/images/Obliterator-image.png	emu/MEDIA/DOS/images/Obliterator-image.png	carátulas, capturas y logos de ScreenScraper
MOVIDO	emu/dos/images/Obliterator-marquee.png	emu/MEDIA/DOS/images/Obliterator-marquee.png	carátulas, capturas y logos de ScreenScraper
MOVIDO	emu/dos/images/Obliterator-thumb.png	emu/MEDIA/DOS/images/Obliterator-thumb.png	carátulas, capturas y logos de ScreenScraper
MOVIDO	emu/dos/images/Ocean Ranger-image.png	emu/MEDIA/DOS/images/Ocean Ranger-image.png	carátulas, capturas y logos de ScreenScraper
MOVIDO	emu/dos/images/Ocean Ranger-marquee.png	emu/MEDIA/DOS/images/Ocean Ranger-marquee.png	carátulas, capturas y logos de ScreenScraper
MOVIDO	emu/dos/images/Ocean Ranger-thumb.png	emu/MEDIA/DOS/images/Ocean Ranger-thumb.png	carátulas, capturas y logos de ScreenScraper
MOVIDO	emu/dos/images/Offensive-image.png	emu/MEDIA/DOS/images/Offensive-image.png	carátulas, capturas y logos de ScreenScraper
MOVIDO	emu/dos/images/Offensive-marquee.png	emu/MEDIA/DOS/images/Offensive-marquee.png	carátulas, capturas y logos de ScreenScraper
MOVIDO	emu/dos/images/Offensive-thumb.png	emu/MEDIA/DOS/images/Offensive-thumb.png	carátulas, capturas y logos de ScreenScraper
MOVIDO	emu/dos/images/Oh No, More Lemmings-image.png	emu/MEDIA/DOS/images/Oh No, More Lemmings-image.png	carátulas, capturas y logos de ScreenScraper
MOVIDO	emu/dos/images/Oh No, More Lemmings-marquee.png	emu/MEDIA/DOS/images/Oh No, More Lemmings-marquee.png	carátulas, capturas y logos de ScreenScraper
MOVIDO	emu/dos/images/Oh No, More Lemmings-thumb.png	emu/MEDIA/DOS/images/Oh No, More Lemmings-thumb.png	carátulas, capturas y logos de ScreenScraper
MOVIDO	emu/dos/images/Oligopoly-image.png	emu/MEDIA/DOS/images/Oligopoly-image.png	carátulas, capturas y logos de ScreenScraper
MOVIDO	emu/dos/images/Oligopoly-thumb.png	emu/MEDIA/DOS/images/Oligopoly-thumb.png	carátulas, capturas y logos de ScreenScraper
MOVIDO	emu/dos/images/Omnicron Conspiracy-image.png	emu/MEDIA/DOS/images/Omnicron Conspiracy-image.png	carátulas, capturas y logos de ScreenScraper
MOVIDO	emu/dos/images/Omnicron Conspiracy-marquee.png	emu/MEDIA/DOS/images/Omnicron Conspiracy-marquee.png	carátulas, capturas y logos de ScreenScraper
MOVIDO	emu/dos/images/Omnicron Conspiracy-thumb.png	emu/MEDIA/DOS/images/Omnicron Conspiracy-thumb.png	carátulas, capturas y logos de ScreenScraper
MOVIDO	emu/dos/images/On the Ball - World Cup Edition-image.png	emu/MEDIA/DOS/images/On the Ball - World Cup Edition-image.png	carátulas, capturas y logos de ScreenScraper
MOVIDO	emu/dos/images/On the Ball - World Cup Edition-thumb.png	emu/MEDIA/DOS/images/On the Ball - World Cup Edition-thumb.png	carátulas, capturas y logos de ScreenScraper
MOVIDO	emu/dos/images/One Must Fall 2097-image.png	emu/MEDIA/DOS/images/One Must Fall 2097-image.png	carátulas, capturas y logos de ScreenScraper
MOVIDO	emu/dos/images/One Must Fall 2097-marquee.png	emu/MEDIA/DOS/images/One Must Fall 2097-marquee.png	carátulas, capturas y logos de ScreenScraper
MOVIDO	emu/dos/images/One Must Fall 2097-thumb.png	emu/MEDIA/DOS/images/One Must Fall 2097-thumb.png	carátulas, capturas y logos de ScreenScraper
MOVIDO	emu/dos/images/One Step Beyond-image.png	emu/MEDIA/DOS/images/One Step Beyond-image.png	carátulas, capturas y logos de ScreenScraper
MOVIDO	emu/dos/images/One Step Beyond-marquee.png	emu/MEDIA/DOS/images/One Step Beyond-marquee.png	carátulas, capturas y logos de ScreenScraper
MOVIDO	emu/dos/images/One Step Beyond-thumb.png	emu/MEDIA/DOS/images/One Step Beyond-thumb.png	carátulas, capturas y logos de ScreenScraper
MOVIDO	emu/dos/images/Oo-Topos-image.png	emu/MEDIA/DOS/images/Oo-Topos-image.png	carátulas, capturas y logos de ScreenScraper
MOVIDO	emu/dos/images/Oo-Topos-marquee.png	emu/MEDIA/DOS/images/Oo-Topos-marquee.png	carátulas, capturas y logos de ScreenScraper
MOVIDO	emu/dos/images/Oo-Topos-thumb.png	emu/MEDIA/DOS/images/Oo-Topos-thumb.png	carátulas, capturas y logos de ScreenScraper
MOVIDO	emu/dos/images/Operation Europe - Path to Victory 1939-45-image.png	emu/MEDIA/DOS/images/Operation Europe - Path to Victory 1939-45-image.png	carátulas, capturas y logos de ScreenScraper
MOVIDO	emu/dos/images/Operation Europe - Path to Victory 1939-45-marquee.png	emu/MEDIA/DOS/images/Operation Europe - Path to Victory 1939-45-marquee.png	carátulas, capturas y logos de ScreenScraper
MOVIDO	emu/dos/images/Operation Europe - Path to Victory 1939-45-thumb.png	emu/MEDIA/DOS/images/Operation Europe - Path to Victory 1939-45-thumb.png	carátulas, capturas y logos de ScreenScraper
MOVIDO	emu/dos/images/Operation Frog-image.png	emu/MEDIA/DOS/images/Operation Frog-image.png	carátulas, capturas y logos de ScreenScraper
MOVIDO	emu/dos/images/Operation Frog-thumb.png	emu/MEDIA/DOS/images/Operation Frog-thumb.png	carátulas, capturas y logos de ScreenScraper
MOVIDO	emu/dos/images/Operation Stealth-image.png	emu/MEDIA/DOS/images/Operation Stealth-image.png	carátulas, capturas y logos de ScreenScraper
MOVIDO	emu/dos/images/Operation Stealth-marquee.png	emu/MEDIA/DOS/images/Operation Stealth-marquee.png	carátulas, capturas y logos de ScreenScraper
MOVIDO	emu/dos/images/Operation Stealth-thumb.png	emu/MEDIA/DOS/images/Operation Stealth-thumb.png	carátulas, capturas y logos de ScreenScraper
MOVIDO	emu/dos/images/Operation Wolf-image.png	emu/MEDIA/DOS/images/Operation Wolf-image.png	carátulas, capturas y logos de ScreenScraper
MOVIDO	emu/dos/images/Operation Wolf-marquee.png	emu/MEDIA/DOS/images/Operation Wolf-marquee.png	carátulas, capturas y logos de ScreenScraper
MOVIDO	emu/dos/images/Operation Wolf-thumb.png	emu/MEDIA/DOS/images/Operation Wolf-thumb.png	carátulas, capturas y logos de ScreenScraper
MOVIDO	emu/dos/images/Origamo-image.png	emu/MEDIA/DOS/images/Origamo-image.png	carátulas, capturas y logos de ScreenScraper
MOVIDO	emu/dos/images/Origamo-marquee.png	emu/MEDIA/DOS/images/Origamo-marquee.png	carátulas, capturas y logos de ScreenScraper
MOVIDO	emu/dos/images/Origamo-thumb.png	emu/MEDIA/DOS/images/Origamo-thumb.png	carátulas, capturas y logos de ScreenScraper
MOVIDO	emu/dos/images/Oscar-image.png	emu/MEDIA/DOS/images/Oscar-image.png	carátulas, capturas y logos de ScreenScraper
MOVIDO	emu/dos/images/Oscar-marquee.png	emu/MEDIA/DOS/images/Oscar-marquee.png	carátulas, capturas y logos de ScreenScraper
MOVIDO	emu/dos/images/Oscar-thumb.png	emu/MEDIA/DOS/images/Oscar-thumb.png	carátulas, capturas y logos de ScreenScraper
MOVIDO	emu/dos/images/Outrun-image.png	emu/MEDIA/DOS/images/Outrun-image.png	carátulas, capturas y logos de ScreenScraper
MOVIDO	emu/dos/images/Outrun-marquee.png	emu/MEDIA/DOS/images/Outrun-marquee.png	carátulas, capturas y logos de ScreenScraper
MOVIDO	emu/dos/images/Outrun-thumb.png	emu/MEDIA/DOS/images/Outrun-thumb.png	carátulas, capturas y logos de ScreenScraper
MOVIDO	emu/dos/images/Overkill-image.png	emu/MEDIA/DOS/images/Overkill-image.png	carátulas, capturas y logos de ScreenScraper
MOVIDO	emu/dos/images/Overkill-marquee.png	emu/MEDIA/DOS/images/Overkill-marquee.png	carátulas, capturas y logos de ScreenScraper
MOVIDO	emu/dos/images/Overkill-thumb.png	emu/MEDIA/DOS/images/Overkill-thumb.png	carátulas, capturas y logos de ScreenScraper
MOVIDO	emu/dos/images/P.H.M. Pegasus-image.png	emu/MEDIA/DOS/images/P.H.M. Pegasus-image.png	carátulas, capturas y logos de ScreenScraper
MOVIDO	emu/dos/images/P.H.M. Pegasus-marquee.png	emu/MEDIA/DOS/images/P.H.M. Pegasus-marquee.png	carátulas, capturas y logos de ScreenScraper
MOVIDO	emu/dos/images/P.H.M. Pegasus-thumb.png	emu/MEDIA/DOS/images/P.H.M. Pegasus-thumb.png	carátulas, capturas y logos de ScreenScraper
MOVIDO	emu/dos/images/PC-Man-image.png	emu/MEDIA/DOS/images/PC-Man-image.png	carátulas, capturas y logos de ScreenScraper
MOVIDO	emu/dos/images/PC-Man-marquee.png	emu/MEDIA/DOS/images/PC-Man-marquee.png	carátulas, capturas y logos de ScreenScraper
MOVIDO	emu/dos/images/PC-Man-thumb.png	emu/MEDIA/DOS/images/PC-Man-thumb.png	carátulas, capturas y logos de ScreenScraper
MOVIDO	emu/dos/images/Pac PC-image.png	emu/MEDIA/DOS/images/Pac PC-image.png	carátulas, capturas y logos de ScreenScraper
MOVIDO	emu/dos/images/Pac-in-Time (1994)-image.png	emu/MEDIA/DOS/images/Pac-in-Time (1994)-image.png	carátulas, capturas y logos de ScreenScraper
MOVIDO	emu/dos/images/Pac-in-Time (1994)-marquee.png	emu/MEDIA/DOS/images/Pac-in-Time (1994)-marquee.png	carátulas, capturas y logos de ScreenScraper
MOVIDO	emu/dos/images/Pac-in-Time (1994)-thumb.png	emu/MEDIA/DOS/images/Pac-in-Time (1994)-thumb.png	carátulas, capturas y logos de ScreenScraper
MOVIDO	emu/dos/images/Pang-image.png	emu/MEDIA/DOS/images/Pang-image.png	carátulas, capturas y logos de ScreenScraper
MOVIDO	emu/dos/images/Pang-marquee.png	emu/MEDIA/DOS/images/Pang-marquee.png	carátulas, capturas y logos de ScreenScraper
MOVIDO	emu/dos/images/Pang-thumb.png	emu/MEDIA/DOS/images/Pang-thumb.png	carátulas, capturas y logos de ScreenScraper
MOVIDO	emu/dos/images/Panza Kick Boxing-image.png	emu/MEDIA/DOS/images/Panza Kick Boxing-image.png	carátulas, capturas y logos de ScreenScraper
MOVIDO	emu/dos/images/Panza Kick Boxing-marquee.png	emu/MEDIA/DOS/images/Panza Kick Boxing-marquee.png	carátulas, capturas y logos de ScreenScraper
MOVIDO	emu/dos/images/Panza Kick Boxing-thumb.png	emu/MEDIA/DOS/images/Panza Kick Boxing-thumb.png	carátulas, capturas y logos de ScreenScraper
MOVIDO	emu/dos/images/Panzer General-image.png	emu/MEDIA/DOS/images/Panzer General-image.png	carátulas, capturas y logos de ScreenScraper
MOVIDO	emu/dos/images/Panzer General-marquee.png	emu/MEDIA/DOS/images/Panzer General-marquee.png	carátulas, capturas y logos de ScreenScraper
MOVIDO	emu/dos/images/Panzer General-thumb.png	emu/MEDIA/DOS/images/Panzer General-thumb.png	carátulas, capturas y logos de ScreenScraper
MOVIDO	emu/dos/images/Paperboy 2-image.png	emu/MEDIA/DOS/images/Paperboy 2-image.png	carátulas, capturas y logos de ScreenScraper
MOVIDO	emu/dos/images/Paperboy 2-marquee.png	emu/MEDIA/DOS/images/Paperboy 2-marquee.png	carátulas, capturas y logos de ScreenScraper
MOVIDO	emu/dos/images/Paperboy 2-thumb.png	emu/MEDIA/DOS/images/Paperboy 2-thumb.png	carátulas, capturas y logos de ScreenScraper
MOVIDO	emu/dos/images/Paperboy-image.png	emu/MEDIA/DOS/images/Paperboy-image.png	carátulas, capturas y logos de ScreenScraper
MOVIDO	emu/dos/images/Paperboy-marquee.png	emu/MEDIA/DOS/images/Paperboy-marquee.png	carátulas, capturas y logos de ScreenScraper
MOVIDO	emu/dos/images/Paperboy-thumb.png	emu/MEDIA/DOS/images/Paperboy-thumb.png	carátulas, capturas y logos de ScreenScraper
MOVIDO	emu/dos/images/Paratrooper-image.png	emu/MEDIA/DOS/images/Paratrooper-image.png	carátulas, capturas y logos de ScreenScraper
MOVIDO	emu/dos/images/Paratrooper-marquee.png	emu/MEDIA/DOS/images/Paratrooper-marquee.png	carátulas, capturas y logos de ScreenScraper
MOVIDO	emu/dos/images/Paratrooper-thumb.png	emu/MEDIA/DOS/images/Paratrooper-thumb.png	carátulas, capturas y logos de ScreenScraper
MOVIDO	emu/dos/images/Patton vs. Rommel-image.png	emu/MEDIA/DOS/images/Patton vs. Rommel-image.png	carátulas, capturas y logos de ScreenScraper
MOVIDO	emu/dos/images/Patton vs. Rommel-marquee.png	emu/MEDIA/DOS/images/Patton vs. Rommel-marquee.png	carátulas, capturas y logos de ScreenScraper
MOVIDO	emu/dos/images/Patton vs. Rommel-thumb.png	emu/MEDIA/DOS/images/Patton vs. Rommel-thumb.png	carátulas, capturas y logos de ScreenScraper
MOVIDO	emu/dos/images/Pepper's Adventures in Time-image.png	emu/MEDIA/DOS/images/Pepper's Adventures in Time-image.png	carátulas, capturas y logos de ScreenScraper
MOVIDO	emu/dos/images/Pepper's Adventures in Time-marquee.png	emu/MEDIA/DOS/images/Pepper's Adventures in Time-marquee.png	carátulas, capturas y logos de ScreenScraper
MOVIDO	emu/dos/images/Pepper's Adventures in Time-thumb.png	emu/MEDIA/DOS/images/Pepper's Adventures in Time-thumb.png	carátulas, capturas y logos de ScreenScraper
MOVIDO	emu/dos/images/Personal Nightmare-image.png	emu/MEDIA/DOS/images/Personal Nightmare-image.png	carátulas, capturas y logos de ScreenScraper
MOVIDO	emu/dos/images/Personal Nightmare-marquee.png	emu/MEDIA/DOS/images/Personal Nightmare-marquee.png	carátulas, capturas y logos de ScreenScraper
MOVIDO	emu/dos/images/Personal Nightmare-thumb.png	emu/MEDIA/DOS/images/Personal Nightmare-thumb.png	carátulas, capturas y logos de ScreenScraper
MOVIDO	emu/dos/images/Phantasie-image.png	emu/MEDIA/DOS/images/Phantasie-image.png	carátulas, capturas y logos de ScreenScraper
MOVIDO	emu/dos/images/Phantasie-marquee.png	emu/MEDIA/DOS/images/Phantasie-marquee.png	carátulas, capturas y logos de ScreenScraper
MOVIDO	emu/dos/images/Phantasie-thumb.png	emu/MEDIA/DOS/images/Phantasie-thumb.png	carátulas, capturas y logos de ScreenScraper
MOVIDO	emu/dos/images/Pick 'n' Pile-image.png	emu/MEDIA/DOS/images/Pick 'n' Pile-image.png	carátulas, capturas y logos de ScreenScraper
MOVIDO	emu/dos/images/Pick 'n' Pile-marquee.png	emu/MEDIA/DOS/images/Pick 'n' Pile-marquee.png	carátulas, capturas y logos de ScreenScraper
MOVIDO	emu/dos/images/Pick 'n' Pile-thumb.png	emu/MEDIA/DOS/images/Pick 'n' Pile-thumb.png	carátulas, capturas y logos de ScreenScraper
MOVIDO	emu/dos/images/Pinball Dreams 2-image.png	emu/MEDIA/DOS/images/Pinball Dreams 2-image.png	carátulas, capturas y logos de ScreenScraper
MOVIDO	emu/dos/images/Pinball Dreams 2-marquee.png	emu/MEDIA/DOS/images/Pinball Dreams 2-marquee.png	carátulas, capturas y logos de ScreenScraper
MOVIDO	emu/dos/images/Pinball Dreams 2-thumb.png	emu/MEDIA/DOS/images/Pinball Dreams 2-thumb.png	carátulas, capturas y logos de ScreenScraper
MOVIDO	emu/dos/images/Pinball Dreams-image.png	emu/MEDIA/DOS/images/Pinball Dreams-image.png	carátulas, capturas y logos de ScreenScraper
MOVIDO	emu/dos/images/Pinball Dreams-marquee.png	emu/MEDIA/DOS/images/Pinball Dreams-marquee.png	carátulas, capturas y logos de ScreenScraper
MOVIDO	emu/dos/images/Pinball Dreams-thumb.png	emu/MEDIA/DOS/images/Pinball Dreams-thumb.png	carátulas, capturas y logos de ScreenScraper
MOVIDO	emu/dos/images/Pinball Fantasies-image.png	emu/MEDIA/DOS/images/Pinball Fantasies-image.png	carátulas, capturas y logos de ScreenScraper
MOVIDO	emu/dos/images/Pinball Fantasies-marquee.png	emu/MEDIA/DOS/images/Pinball Fantasies-marquee.png	carátulas, capturas y logos de ScreenScraper
MOVIDO	emu/dos/images/Pinball Fantasies-thumb.png	emu/MEDIA/DOS/images/Pinball Fantasies-thumb.png	carátulas, capturas y logos de ScreenScraper
MOVIDO	emu/dos/images/Pinball Illusions-image.png	emu/MEDIA/DOS/images/Pinball Illusions-image.png	carátulas, capturas y logos de ScreenScraper
MOVIDO	emu/dos/images/Pinball Illusions-marquee.png	emu/MEDIA/DOS/images/Pinball Illusions-marquee.png	carátulas, capturas y logos de ScreenScraper
MOVIDO	emu/dos/images/Pinball Illusions-thumb.png	emu/MEDIA/DOS/images/Pinball Illusions-thumb.png	carátulas, capturas y logos de ScreenScraper
MOVIDO	emu/dos/images/Pinball World-image.png	emu/MEDIA/DOS/images/Pinball World-image.png	carátulas, capturas y logos de ScreenScraper
MOVIDO	emu/dos/images/Pinball World-marquee.png	emu/MEDIA/DOS/images/Pinball World-marquee.png	carátulas, capturas y logos de ScreenScraper
MOVIDO	emu/dos/images/Pinball World-thumb.png	emu/MEDIA/DOS/images/Pinball World-thumb.png	carátulas, capturas y logos de ScreenScraper
MOVIDO	emu/dos/images/Pipe Dream-image.png	emu/MEDIA/DOS/images/Pipe Dream-image.png	carátulas, capturas y logos de ScreenScraper
MOVIDO	emu/dos/images/Pipe Dream-marquee.png	emu/MEDIA/DOS/images/Pipe Dream-marquee.png	carátulas, capturas y logos de ScreenScraper
MOVIDO	emu/dos/images/Pipe Dream-thumb.png	emu/MEDIA/DOS/images/Pipe Dream-thumb.png	carátulas, capturas y logos de ScreenScraper
MOVIDO	emu/dos/images/Pipes-image.png	emu/MEDIA/DOS/images/Pipes-image.png	carátulas, capturas y logos de ScreenScraper
MOVIDO	emu/dos/images/Pipes-marquee.png	emu/MEDIA/DOS/images/Pipes-marquee.png	carátulas, capturas y logos de ScreenScraper
MOVIDO	emu/dos/images/Pipes-thumb.png	emu/MEDIA/DOS/images/Pipes-thumb.png	carátulas, capturas y logos de ScreenScraper
MOVIDO	emu/dos/images/Piranha-image.png	emu/MEDIA/DOS/images/Piranha-image.png	carátulas, capturas y logos de ScreenScraper
MOVIDO	emu/dos/images/Piranha-thumb.png	emu/MEDIA/DOS/images/Piranha-thumb.png	carátulas, capturas y logos de ScreenScraper
MOVIDO	emu/dos/images/Pirates of the Barbary Coast-image.png	emu/MEDIA/DOS/images/Pirates of the Barbary Coast-image.png	carátulas, capturas y logos de ScreenScraper
MOVIDO	emu/dos/images/Pirates of the Barbary Coast-marquee.png	emu/MEDIA/DOS/images/Pirates of the Barbary Coast-marquee.png	carátulas, capturas y logos de ScreenScraper
MOVIDO	emu/dos/images/Pirates of the Barbary Coast-thumb.png	emu/MEDIA/DOS/images/Pirates of the Barbary Coast-thumb.png	carátulas, capturas y logos de ScreenScraper
MOVIDO	emu/dos/images/Pirates! Gold-image.png	emu/MEDIA/DOS/images/Pirates! Gold-image.png	carátulas, capturas y logos de ScreenScraper
MOVIDO	emu/dos/images/Pirates! Gold-marquee.png	emu/MEDIA/DOS/images/Pirates! Gold-marquee.png	carátulas, capturas y logos de ScreenScraper
MOVIDO	emu/dos/images/Pirates! Gold-thumb.png	emu/MEDIA/DOS/images/Pirates! Gold-thumb.png	carátulas, capturas y logos de ScreenScraper
MOVIDO	emu/dos/images/Pitstop 2-image.png	emu/MEDIA/DOS/images/Pitstop 2-image.png	carátulas, capturas y logos de ScreenScraper
MOVIDO	emu/dos/images/Pitstop 2-marquee.png	emu/MEDIA/DOS/images/Pitstop 2-marquee.png	carátulas, capturas y logos de ScreenScraper
MOVIDO	emu/dos/images/Pitstop 2-thumb.png	emu/MEDIA/DOS/images/Pitstop 2-thumb.png	carátulas, capturas y logos de ScreenScraper
MOVIDO	emu/dos/images/Pizza Tycoon-image.png	emu/MEDIA/DOS/images/Pizza Tycoon-image.png	carátulas, capturas y logos de ScreenScraper
MOVIDO	emu/dos/images/Pizza Tycoon-marquee.png	emu/MEDIA/DOS/images/Pizza Tycoon-marquee.png	carátulas, capturas y logos de ScreenScraper
MOVIDO	emu/dos/images/Pizza Tycoon-thumb.png	emu/MEDIA/DOS/images/Pizza Tycoon-thumb.png	carátulas, capturas y logos de ScreenScraper
MOVIDO	emu/dos/images/Plan 9 from Outer Space-image.png	emu/MEDIA/DOS/images/Plan 9 from Outer Space-image.png	carátulas, capturas y logos de ScreenScraper
MOVIDO	emu/dos/images/Plan 9 from Outer Space-marquee.png	emu/MEDIA/DOS/images/Plan 9 from Outer Space-marquee.png	carátulas, capturas y logos de ScreenScraper
MOVIDO	emu/dos/images/Plan 9 from Outer Space-thumb.png	emu/MEDIA/DOS/images/Plan 9 from Outer Space-thumb.png	carátulas, capturas y logos de ScreenScraper
MOVIDO	emu/dos/images/Planetfall-image.png	emu/MEDIA/DOS/images/Planetfall-image.png	carátulas, capturas y logos de ScreenScraper
MOVIDO	emu/dos/images/Planetfall-marquee.png	emu/MEDIA/DOS/images/Planetfall-marquee.png	carátulas, capturas y logos de ScreenScraper
MOVIDO	emu/dos/images/Planetfall-thumb.png	emu/MEDIA/DOS/images/Planetfall-thumb.png	carátulas, capturas y logos de ScreenScraper
MOVIDO	emu/dos/images/Platoon-image.png	emu/MEDIA/DOS/images/Platoon-image.png	carátulas, capturas y logos de ScreenScraper
MOVIDO	emu/dos/images/Platoon-marquee.png	emu/MEDIA/DOS/images/Platoon-marquee.png	carátulas, capturas y logos de ScreenScraper
MOVIDO	emu/dos/images/Platoon-thumb.png	emu/MEDIA/DOS/images/Platoon-thumb.png	carátulas, capturas y logos de ScreenScraper
MOVIDO	emu/dos/images/Player Manager 2-image.png	emu/MEDIA/DOS/images/Player Manager 2-image.png	carátulas, capturas y logos de ScreenScraper
MOVIDO	emu/dos/images/Player Manager 2-thumb.png	emu/MEDIA/DOS/images/Player Manager 2-thumb.png	carátulas, capturas y logos de ScreenScraper
MOVIDO	emu/dos/images/Pole Position II-image.png	emu/MEDIA/DOS/images/Pole Position II-image.png	carátulas, capturas y logos de ScreenScraper
MOVIDO	emu/dos/images/Pole Position II-marquee.png	emu/MEDIA/DOS/images/Pole Position II-marquee.png	carátulas, capturas y logos de ScreenScraper
MOVIDO	emu/dos/images/Pole Position II-thumb.png	emu/MEDIA/DOS/images/Pole Position II-thumb.png	carátulas, capturas y logos de ScreenScraper
MOVIDO	emu/dos/images/Pole Position-image.png	emu/MEDIA/DOS/images/Pole Position-image.png	carátulas, capturas y logos de ScreenScraper
MOVIDO	emu/dos/images/Pole Position-marquee.png	emu/MEDIA/DOS/images/Pole Position-marquee.png	carátulas, capturas y logos de ScreenScraper
MOVIDO	emu/dos/images/Pole Position-thumb.png	emu/MEDIA/DOS/images/Pole Position-thumb.png	carátulas, capturas y logos de ScreenScraper
MOVIDO	emu/dos/images/Police Quest 2 - The Vengeance-image.png	emu/MEDIA/DOS/images/Police Quest 2 - The Vengeance-image.png	carátulas, capturas y logos de ScreenScraper
MOVIDO	emu/dos/images/Police Quest 2 - The Vengeance-marquee.png	emu/MEDIA/DOS/images/Police Quest 2 - The Vengeance-marquee.png	carátulas, capturas y logos de ScreenScraper
MOVIDO	emu/dos/images/Police Quest 2 - The Vengeance-thumb.png	emu/MEDIA/DOS/images/Police Quest 2 - The Vengeance-thumb.png	carátulas, capturas y logos de ScreenScraper
MOVIDO	emu/dos/images/Police Quest 3 - The Kindred-image.png	emu/MEDIA/DOS/images/Police Quest 3 - The Kindred-image.png	carátulas, capturas y logos de ScreenScraper
MOVIDO	emu/dos/images/Police Quest 3 - The Kindred-marquee.png	emu/MEDIA/DOS/images/Police Quest 3 - The Kindred-marquee.png	carátulas, capturas y logos de ScreenScraper
MOVIDO	emu/dos/images/Police Quest 3 - The Kindred-thumb.png	emu/MEDIA/DOS/images/Police Quest 3 - The Kindred-thumb.png	carátulas, capturas y logos de ScreenScraper
MOVIDO	emu/dos/images/Pool of Radiance-image.png	emu/MEDIA/DOS/images/Pool of Radiance-image.png	carátulas, capturas y logos de ScreenScraper
MOVIDO	emu/dos/images/Pool of Radiance-marquee.png	emu/MEDIA/DOS/images/Pool of Radiance-marquee.png	carátulas, capturas y logos de ScreenScraper
MOVIDO	emu/dos/images/Pool of Radiance-thumb.png	emu/MEDIA/DOS/images/Pool of Radiance-thumb.png	carátulas, capturas y logos de ScreenScraper
MOVIDO	emu/dos/images/Popeye 2-image.png	emu/MEDIA/DOS/images/Popeye 2-image.png	carátulas, capturas y logos de ScreenScraper
MOVIDO	emu/dos/images/Popeye 2-marquee.png	emu/MEDIA/DOS/images/Popeye 2-marquee.png	carátulas, capturas y logos de ScreenScraper
MOVIDO	emu/dos/images/Popeye 2-thumb.png	emu/MEDIA/DOS/images/Popeye 2-thumb.png	carátulas, capturas y logos de ScreenScraper
MOVIDO	emu/dos/images/Populous-image.png	emu/MEDIA/DOS/images/Populous-image.png	carátulas, capturas y logos de ScreenScraper
MOVIDO	emu/dos/images/Populous-marquee.png	emu/MEDIA/DOS/images/Populous-marquee.png	carátulas, capturas y logos de ScreenScraper
MOVIDO	emu/dos/images/Populous-thumb.png	emu/MEDIA/DOS/images/Populous-thumb.png	carátulas, capturas y logos de ScreenScraper
MOVIDO	emu/dos/images/Portal-image.png	emu/MEDIA/DOS/images/Portal-image.png	carátulas, capturas y logos de ScreenScraper
MOVIDO	emu/dos/images/Portal-marquee.png	emu/MEDIA/DOS/images/Portal-marquee.png	carátulas, capturas y logos de ScreenScraper
MOVIDO	emu/dos/images/Portal-thumb.png	emu/MEDIA/DOS/images/Portal-thumb.png	carátulas, capturas y logos de ScreenScraper
MOVIDO	emu/dos/images/Power Dolls-image.png	emu/MEDIA/DOS/images/Power Dolls-image.png	carátulas, capturas y logos de ScreenScraper
MOVIDO	emu/dos/images/Power Dolls-marquee.png	emu/MEDIA/DOS/images/Power Dolls-marquee.png	carátulas, capturas y logos de ScreenScraper
MOVIDO	emu/dos/images/Power Dolls-thumb.png	emu/MEDIA/DOS/images/Power Dolls-thumb.png	carátulas, capturas y logos de ScreenScraper
MOVIDO	emu/dos/images/Power Drive-image.png	emu/MEDIA/DOS/images/Power Drive-image.png	carátulas, capturas y logos de ScreenScraper
MOVIDO	emu/dos/images/Power Drive-marquee.png	emu/MEDIA/DOS/images/Power Drive-marquee.png	carátulas, capturas y logos de ScreenScraper
MOVIDO	emu/dos/images/Power Drive-thumb.png	emu/MEDIA/DOS/images/Power Drive-thumb.png	carátulas, capturas y logos de ScreenScraper
MOVIDO	emu/dos/images/Powermonger-image.png	emu/MEDIA/DOS/images/Powermonger-image.png	carátulas, capturas y logos de ScreenScraper
MOVIDO	emu/dos/images/Powermonger-marquee.png	emu/MEDIA/DOS/images/Powermonger-marquee.png	carátulas, capturas y logos de ScreenScraper
MOVIDO	emu/dos/images/Powermonger-thumb.png	emu/MEDIA/DOS/images/Powermonger-thumb.png	carátulas, capturas y logos de ScreenScraper
MOVIDO	emu/dos/images/Prehistorik 2-image.png	emu/MEDIA/DOS/images/Prehistorik 2-image.png	carátulas, capturas y logos de ScreenScraper
MOVIDO	emu/dos/images/Prehistorik 2-marquee.png	emu/MEDIA/DOS/images/Prehistorik 2-marquee.png	carátulas, capturas y logos de ScreenScraper
MOVIDO	emu/dos/images/Prehistorik-image.png	emu/MEDIA/DOS/images/Prehistorik-image.png	carátulas, capturas y logos de ScreenScraper
MOVIDO	emu/dos/images/Prehistorik-marquee.png	emu/MEDIA/DOS/images/Prehistorik-marquee.png	carátulas, capturas y logos de ScreenScraper
MOVIDO	emu/dos/images/Prehistorik-thumb.png	emu/MEDIA/DOS/images/Prehistorik-thumb.png	carátulas, capturas y logos de ScreenScraper
MOVIDO	emu/dos/images/Prince of Persia-image.png	emu/MEDIA/DOS/images/Prince of Persia-image.png	carátulas, capturas y logos de ScreenScraper
MOVIDO	emu/dos/images/Prince of Persia-marquee.png	emu/MEDIA/DOS/images/Prince of Persia-marquee.png	carátulas, capturas y logos de ScreenScraper
MOVIDO	emu/dos/images/Prince of Persia-thumb.png	emu/MEDIA/DOS/images/Prince of Persia-thumb.png	carátulas, capturas y logos de ScreenScraper
MOVIDO	emu/dos/images/Project Neptune-image.png	emu/MEDIA/DOS/images/Project Neptune-image.png	carátulas, capturas y logos de ScreenScraper
MOVIDO	emu/dos/images/Project Neptune-marquee.png	emu/MEDIA/DOS/images/Project Neptune-marquee.png	carátulas, capturas y logos de ScreenScraper
MOVIDO	emu/dos/images/Project Neptune-thumb.png	emu/MEDIA/DOS/images/Project Neptune-thumb.png	carátulas, capturas y logos de ScreenScraper
MOVIDO	emu/dos/images/Project Space Station-image.png	emu/MEDIA/DOS/images/Project Space Station-image.png	carátulas, capturas y logos de ScreenScraper
MOVIDO	emu/dos/images/Project Space Station-thumb.png	emu/MEDIA/DOS/images/Project Space Station-thumb.png	carátulas, capturas y logos de ScreenScraper
MOVIDO	emu/dos/images/Prophecy 1 - The Viking Child-image.png	emu/MEDIA/DOS/images/Prophecy 1 - The Viking Child-image.png	carátulas, capturas y logos de ScreenScraper
MOVIDO	emu/dos/images/Prophecy 1 - The Viking Child-marquee.png	emu/MEDIA/DOS/images/Prophecy 1 - The Viking Child-marquee.png	carátulas, capturas y logos de ScreenScraper
MOVIDO	emu/dos/images/Prophecy 1 - The Viking Child-thumb.png	emu/MEDIA/DOS/images/Prophecy 1 - The Viking Child-thumb.png	carátulas, capturas y logos de ScreenScraper
MOVIDO	emu/dos/images/Psycho Pinball-image.png	emu/MEDIA/DOS/images/Psycho Pinball-image.png	carátulas, capturas y logos de ScreenScraper
MOVIDO	emu/dos/images/Psycho Pinball-marquee.png	emu/MEDIA/DOS/images/Psycho Pinball-marquee.png	carátulas, capturas y logos de ScreenScraper
MOVIDO	emu/dos/images/Psycho Pinball-thumb.png	emu/MEDIA/DOS/images/Psycho Pinball-thumb.png	carátulas, capturas y logos de ScreenScraper
MOVIDO	emu/dos/images/Purple Saturn Day-image.png	emu/MEDIA/DOS/images/Purple Saturn Day-image.png	carátulas, capturas y logos de ScreenScraper
MOVIDO	emu/dos/images/Purple Saturn Day-marquee.png	emu/MEDIA/DOS/images/Purple Saturn Day-marquee.png	carátulas, capturas y logos de ScreenScraper
MOVIDO	emu/dos/images/Purple Saturn Day-thumb.png	emu/MEDIA/DOS/images/Purple Saturn Day-thumb.png	carátulas, capturas y logos de ScreenScraper
MOVIDO	emu/dos/images/Pushover-image.png	emu/MEDIA/DOS/images/Pushover-image.png	carátulas, capturas y logos de ScreenScraper
MOVIDO	emu/dos/images/Pushover-marquee.png	emu/MEDIA/DOS/images/Pushover-marquee.png	carátulas, capturas y logos de ScreenScraper
MOVIDO	emu/dos/images/Pushover-thumb.png	emu/MEDIA/DOS/images/Pushover-thumb.png	carátulas, capturas y logos de ScreenScraper
MOVIDO	emu/dos/images/Qix-image.png	emu/MEDIA/DOS/images/Qix-image.png	carátulas, capturas y logos de ScreenScraper
MOVIDO	emu/dos/images/Qix-marquee.png	emu/MEDIA/DOS/images/Qix-marquee.png	carátulas, capturas y logos de ScreenScraper
MOVIDO	emu/dos/images/Qix-thumb.png	emu/MEDIA/DOS/images/Qix-thumb.png	carátulas, capturas y logos de ScreenScraper
MOVIDO	emu/dos/images/Quadralien-image.png	emu/MEDIA/DOS/images/Quadralien-image.png	carátulas, capturas y logos de ScreenScraper
MOVIDO	emu/dos/images/Quadralien-marquee.png	emu/MEDIA/DOS/images/Quadralien-marquee.png	carátulas, capturas y logos de ScreenScraper
MOVIDO	emu/dos/images/Quadralien-thumb.png	emu/MEDIA/DOS/images/Quadralien-thumb.png	carátulas, capturas y logos de ScreenScraper
MOVIDO	emu/dos/images/Quadrel-image.png	emu/MEDIA/DOS/images/Quadrel-image.png	carátulas, capturas y logos de ScreenScraper
MOVIDO	emu/dos/images/Quadrel-marquee.png	emu/MEDIA/DOS/images/Quadrel-marquee.png	carátulas, capturas y logos de ScreenScraper
MOVIDO	emu/dos/images/Quadrel-thumb.png	emu/MEDIA/DOS/images/Quadrel-thumb.png	carátulas, capturas y logos de ScreenScraper
MOVIDO	emu/dos/images/Quake-image.png	emu/MEDIA/DOS/images/Quake-image.png	carátulas, capturas y logos de ScreenScraper
MOVIDO	emu/dos/images/Quake-marquee.png	emu/MEDIA/DOS/images/Quake-marquee.png	carátulas, capturas y logos de ScreenScraper
MOVIDO	emu/dos/images/Quake-thumb.png	emu/MEDIA/DOS/images/Quake-thumb.png	carátulas, capturas y logos de ScreenScraper
MOVIDO	emu/dos/images/Quarantine-image.png	emu/MEDIA/DOS/images/Quarantine-image.png	carátulas, capturas y logos de ScreenScraper
MOVIDO	emu/dos/images/Quarantine-marquee.png	emu/MEDIA/DOS/images/Quarantine-marquee.png	carátulas, capturas y logos de ScreenScraper
MOVIDO	emu/dos/images/Quarantine-thumb.png	emu/MEDIA/DOS/images/Quarantine-thumb.png	carátulas, capturas y logos de ScreenScraper
MOVIDO	emu/dos/images/Quest for Glory II - Trial By Fire-image.png	emu/MEDIA/DOS/images/Quest for Glory II - Trial By Fire-image.png	carátulas, capturas y logos de ScreenScraper
MOVIDO	emu/dos/images/Quest for Glory II - Trial By Fire-marquee.png	emu/MEDIA/DOS/images/Quest for Glory II - Trial By Fire-marquee.png	carátulas, capturas y logos de ScreenScraper
MOVIDO	emu/dos/images/Quest for Glory II - Trial By Fire-thumb.png	emu/MEDIA/DOS/images/Quest for Glory II - Trial By Fire-thumb.png	carátulas, capturas y logos de ScreenScraper
MOVIDO	emu/dos/images/Quest for Glory III - Wages of War-image.png	emu/MEDIA/DOS/images/Quest for Glory III - Wages of War-image.png	carátulas, capturas y logos de ScreenScraper
MOVIDO	emu/dos/images/Quest for Glory III - Wages of War-marquee.png	emu/MEDIA/DOS/images/Quest for Glory III - Wages of War-marquee.png	carátulas, capturas y logos de ScreenScraper
MOVIDO	emu/dos/images/Quest for Glory III - Wages of War-thumb.png	emu/MEDIA/DOS/images/Quest for Glory III - Wages of War-thumb.png	carátulas, capturas y logos de ScreenScraper
MOVIDO	emu/dos/images/Rack 'em-image.png	emu/MEDIA/DOS/images/Rack 'em-image.png	carátulas, capturas y logos de ScreenScraper
MOVIDO	emu/dos/images/Rack 'em-marquee.png	emu/MEDIA/DOS/images/Rack 'em-marquee.png	carátulas, capturas y logos de ScreenScraper
MOVIDO	emu/dos/images/Rack 'em-thumb.png	emu/MEDIA/DOS/images/Rack 'em-thumb.png	carátulas, capturas y logos de ScreenScraper
MOVIDO	emu/dos/images/Rad Warrior-image.png	emu/MEDIA/DOS/images/Rad Warrior-image.png	carátulas, capturas y logos de ScreenScraper
MOVIDO	emu/dos/images/Rad Warrior-marquee.png	emu/MEDIA/DOS/images/Rad Warrior-marquee.png	carátulas, capturas y logos de ScreenScraper
MOVIDO	emu/dos/images/Rad Warrior-thumb.png	emu/MEDIA/DOS/images/Rad Warrior-thumb.png	carátulas, capturas y logos de ScreenScraper
MOVIDO	emu/dos/images/Rags to Riches - The Financial Market Simulation-image.png	emu/MEDIA/DOS/images/Rags to Riches - The Financial Market Simulation-image.png	carátulas, capturas y logos de ScreenScraper
MOVIDO	emu/dos/images/Rags to Riches - The Financial Market Simulation-thumb.png	emu/MEDIA/DOS/images/Rags to Riches - The Financial Market Simulation-thumb.png	carátulas, capturas y logos de ScreenScraper
MOVIDO	emu/dos/images/Raiden-image.png	emu/MEDIA/DOS/images/Raiden-image.png	carátulas, capturas y logos de ScreenScraper
MOVIDO	emu/dos/images/Raiden-marquee.png	emu/MEDIA/DOS/images/Raiden-marquee.png	carátulas, capturas y logos de ScreenScraper
MOVIDO	emu/dos/images/Raiden-thumb.png	emu/MEDIA/DOS/images/Raiden-thumb.png	carátulas, capturas y logos de ScreenScraper
MOVIDO	emu/dos/images/Rambo III-image.png	emu/MEDIA/DOS/images/Rambo III-image.png	carátulas, capturas y logos de ScreenScraper
MOVIDO	emu/dos/images/Rambo III-marquee.png	emu/MEDIA/DOS/images/Rambo III-marquee.png	carátulas, capturas y logos de ScreenScraper
MOVIDO	emu/dos/images/Rambo III-thumb.png	emu/MEDIA/DOS/images/Rambo III-thumb.png	carátulas, capturas y logos de ScreenScraper
MOVIDO	emu/dos/images/Rampage-image.png	emu/MEDIA/DOS/images/Rampage-image.png	carátulas, capturas y logos de ScreenScraper
MOVIDO	emu/dos/images/Rampage-marquee.png	emu/MEDIA/DOS/images/Rampage-marquee.png	carátulas, capturas y logos de ScreenScraper
MOVIDO	emu/dos/images/Rampage-thumb.png	emu/MEDIA/DOS/images/Rampage-thumb.png	carátulas, capturas y logos de ScreenScraper
MOVIDO	emu/dos/images/Rampart-image.png	emu/MEDIA/DOS/images/Rampart-image.png	carátulas, capturas y logos de ScreenScraper
MOVIDO	emu/dos/images/Rampart-marquee.png	emu/MEDIA/DOS/images/Rampart-marquee.png	carátulas, capturas y logos de ScreenScraper
MOVIDO	emu/dos/images/Rampart-thumb.png	emu/MEDIA/DOS/images/Rampart-thumb.png	carátulas, capturas y logos de ScreenScraper
MOVIDO	emu/dos/images/Rastan-image.png	emu/MEDIA/DOS/images/Rastan-image.png	carátulas, capturas y logos de ScreenScraper
MOVIDO	emu/dos/images/Rastan-marquee.png	emu/MEDIA/DOS/images/Rastan-marquee.png	carátulas, capturas y logos de ScreenScraper
MOVIDO	emu/dos/images/Rastan-thumb.png	emu/MEDIA/DOS/images/Rastan-thumb.png	carátulas, capturas y logos de ScreenScraper
MOVIDO	emu/dos/images/Realms of Arkania - 2. Star Trail-image.png	emu/MEDIA/DOS/images/Realms of Arkania - 2. Star Trail-image.png	carátulas, capturas y logos de ScreenScraper
MOVIDO	emu/dos/images/Realms of Arkania - 2. Star Trail-marquee.png	emu/MEDIA/DOS/images/Realms of Arkania - 2. Star Trail-marquee.png	carátulas, capturas y logos de ScreenScraper
MOVIDO	emu/dos/images/Realms of Arkania - 2. Star Trail-thumb.png	emu/MEDIA/DOS/images/Realms of Arkania - 2. Star Trail-thumb.png	carátulas, capturas y logos de ScreenScraper
MOVIDO	emu/dos/images/Realms of the Haunting-image.png	emu/MEDIA/DOS/images/Realms of the Haunting-image.png	carátulas, capturas y logos de ScreenScraper
MOVIDO	emu/dos/images/Realms of the Haunting-marquee.png	emu/MEDIA/DOS/images/Realms of the Haunting-marquee.png	carátulas, capturas y logos de ScreenScraper
MOVIDO	emu/dos/images/Realms of the Haunting-thumb.png	emu/MEDIA/DOS/images/Realms of the Haunting-thumb.png	carátulas, capturas y logos de ScreenScraper
MOVIDO	emu/dos/images/Realms-image.png	emu/MEDIA/DOS/images/Realms-image.png	carátulas, capturas y logos de ScreenScraper
MOVIDO	emu/dos/images/Realms-marquee.png	emu/MEDIA/DOS/images/Realms-marquee.png	carátulas, capturas y logos de ScreenScraper
MOVIDO	emu/dos/images/Realms-thumb.png	emu/MEDIA/DOS/images/Realms-thumb.png	carátulas, capturas y logos de ScreenScraper
MOVIDO	emu/dos/images/Red Baron [1990]-image.png	emu/MEDIA/DOS/images/Red Baron [1990]-image.png	carátulas, capturas y logos de ScreenScraper
MOVIDO	emu/dos/images/Red Baron [1990]-marquee.png	emu/MEDIA/DOS/images/Red Baron [1990]-marquee.png	carátulas, capturas y logos de ScreenScraper
MOVIDO	emu/dos/images/Red Baron [1990]-thumb.png	emu/MEDIA/DOS/images/Red Baron [1990]-thumb.png	carátulas, capturas y logos de ScreenScraper
MOVIDO	emu/dos/images/Red Lightning-image.png	emu/MEDIA/DOS/images/Red Lightning-image.png	carátulas, capturas y logos de ScreenScraper
MOVIDO	emu/dos/images/Red Lightning-thumb.png	emu/MEDIA/DOS/images/Red Lightning-thumb.png	carátulas, capturas y logos de ScreenScraper
MOVIDO	emu/dos/images/Red Storm Rising-image.png	emu/MEDIA/DOS/images/Red Storm Rising-image.png	carátulas, capturas y logos de ScreenScraper
MOVIDO	emu/dos/images/Red Storm Rising-marquee.png	emu/MEDIA/DOS/images/Red Storm Rising-marquee.png	carátulas, capturas y logos de ScreenScraper
MOVIDO	emu/dos/images/Red Storm Rising-thumb.png	emu/MEDIA/DOS/images/Red Storm Rising-thumb.png	carátulas, capturas y logos de ScreenScraper
MOVIDO	emu/dos/images/Remote Control-image.png	emu/MEDIA/DOS/images/Remote Control-image.png	carátulas, capturas y logos de ScreenScraper
MOVIDO	emu/dos/images/Remote Control-marquee.png	emu/MEDIA/DOS/images/Remote Control-marquee.png	carátulas, capturas y logos de ScreenScraper
MOVIDO	emu/dos/images/Remote Control-thumb.png	emu/MEDIA/DOS/images/Remote Control-thumb.png	carátulas, capturas y logos de ScreenScraper
MOVIDO	emu/dos/images/Rendez-Vous with Rama-image.png	emu/MEDIA/DOS/images/Rendez-Vous with Rama-image.png	carátulas, capturas y logos de ScreenScraper
MOVIDO	emu/dos/images/Rendez-Vous with Rama-marquee.png	emu/MEDIA/DOS/images/Rendez-Vous with Rama-marquee.png	carátulas, capturas y logos de ScreenScraper
MOVIDO	emu/dos/images/Rendez-Vous with Rama-thumb.png	emu/MEDIA/DOS/images/Rendez-Vous with Rama-thumb.png	carátulas, capturas y logos de ScreenScraper
MOVIDO	emu/dos/images/Renegade-image.png	emu/MEDIA/DOS/images/Renegade-image.png	carátulas, capturas y logos de ScreenScraper
MOVIDO	emu/dos/images/Renegade-marquee.png	emu/MEDIA/DOS/images/Renegade-marquee.png	carátulas, capturas y logos de ScreenScraper
MOVIDO	emu/dos/images/Renegade-thumb.png	emu/MEDIA/DOS/images/Renegade-thumb.png	carátulas, capturas y logos de ScreenScraper
MOVIDO	emu/dos/images/Return of the Phantom-image.png	emu/MEDIA/DOS/images/Return of the Phantom-image.png	carátulas, capturas y logos de ScreenScraper
MOVIDO	emu/dos/images/Return of the Phantom-marquee.png	emu/MEDIA/DOS/images/Return of the Phantom-marquee.png	carátulas, capturas y logos de ScreenScraper
MOVIDO	emu/dos/images/Return of the Phantom-thumb.png	emu/MEDIA/DOS/images/Return of the Phantom-thumb.png	carátulas, capturas y logos de ScreenScraper
MOVIDO	emu/dos/images/Return to Ringworld-image.png	emu/MEDIA/DOS/images/Return to Ringworld-image.png	carátulas, capturas y logos de ScreenScraper
MOVIDO	emu/dos/images/Return to Ringworld-marquee.png	emu/MEDIA/DOS/images/Return to Ringworld-marquee.png	carátulas, capturas y logos de ScreenScraper
MOVIDO	emu/dos/images/Return to Ringworld-thumb.png	emu/MEDIA/DOS/images/Return to Ringworld-thumb.png	carátulas, capturas y logos de ScreenScraper
MOVIDO	emu/dos/images/Reunion-image.png	emu/MEDIA/DOS/images/Reunion-image.png	carátulas, capturas y logos de ScreenScraper
MOVIDO	emu/dos/images/Reunion-marquee.png	emu/MEDIA/DOS/images/Reunion-marquee.png	carátulas, capturas y logos de ScreenScraper
MOVIDO	emu/dos/images/Reunion-thumb.png	emu/MEDIA/DOS/images/Reunion-thumb.png	carátulas, capturas y logos de ScreenScraper
MOVIDO	emu/dos/images/Rex Nebular and the cosmic Gender-Bender-image.png	emu/MEDIA/DOS/images/Rex Nebular and the cosmic Gender-Bender-image.png	carátulas, capturas y logos de ScreenScraper
MOVIDO	emu/dos/images/Rex Nebular and the cosmic Gender-Bender-marquee.png	emu/MEDIA/DOS/images/Rex Nebular and the cosmic Gender-Bender-marquee.png	carátulas, capturas y logos de ScreenScraper
MOVIDO	emu/dos/images/Rex Nebular and the cosmic Gender-Bender-thumb.png	emu/MEDIA/DOS/images/Rex Nebular and the cosmic Gender-Bender-thumb.png	carátulas, capturas y logos de ScreenScraper
MOVIDO	emu/dos/images/Rick Dangerous 2-image.png	emu/MEDIA/DOS/images/Rick Dangerous 2-image.png	carátulas, capturas y logos de ScreenScraper
MOVIDO	emu/dos/images/Rick Dangerous 2-marquee.png	emu/MEDIA/DOS/images/Rick Dangerous 2-marquee.png	carátulas, capturas y logos de ScreenScraper
MOVIDO	emu/dos/images/Rick Dangerous 2-thumb.png	emu/MEDIA/DOS/images/Rick Dangerous 2-thumb.png	carátulas, capturas y logos de ScreenScraper
MOVIDO	emu/dos/images/Rick Dangerous-image.png	emu/MEDIA/DOS/images/Rick Dangerous-image.png	carátulas, capturas y logos de ScreenScraper
MOVIDO	emu/dos/images/Rick Dangerous-marquee.png	emu/MEDIA/DOS/images/Rick Dangerous-marquee.png	carátulas, capturas y logos de ScreenScraper
MOVIDO	emu/dos/images/Rick Dangerous-thumb.png	emu/MEDIA/DOS/images/Rick Dangerous-thumb.png	carátulas, capturas y logos de ScreenScraper
MOVIDO	emu/dos/images/Rings of Medusa-image.png	emu/MEDIA/DOS/images/Rings of Medusa-image.png	carátulas, capturas y logos de ScreenScraper
MOVIDO	emu/dos/images/Rings of Medusa-marquee.png	emu/MEDIA/DOS/images/Rings of Medusa-marquee.png	carátulas, capturas y logos de ScreenScraper
MOVIDO	emu/dos/images/Rings of Medusa-thumb.png	emu/MEDIA/DOS/images/Rings of Medusa-thumb.png	carátulas, capturas y logos de ScreenScraper
MOVIDO	emu/dos/images/Ringworld - Revenge of the Patriarch-image.png	emu/MEDIA/DOS/images/Ringworld - Revenge of the Patriarch-image.png	carátulas, capturas y logos de ScreenScraper
MOVIDO	emu/dos/images/Ringworld - Revenge of the Patriarch-marquee.png	emu/MEDIA/DOS/images/Ringworld - Revenge of the Patriarch-marquee.png	carátulas, capturas y logos de ScreenScraper
MOVIDO	emu/dos/images/Ringworld - Revenge of the Patriarch-thumb.png	emu/MEDIA/DOS/images/Ringworld - Revenge of the Patriarch-thumb.png	carátulas, capturas y logos de ScreenScraper
MOVIDO	emu/dos/images/Rise of the Dragon-image.png	emu/MEDIA/DOS/images/Rise of the Dragon-image.png	carátulas, capturas y logos de ScreenScraper
MOVIDO	emu/dos/images/Rise of the Dragon-marquee.png	emu/MEDIA/DOS/images/Rise of the Dragon-marquee.png	carátulas, capturas y logos de ScreenScraper
MOVIDO	emu/dos/images/Rise of the Dragon-thumb.png	emu/MEDIA/DOS/images/Rise of the Dragon-thumb.png	carátulas, capturas y logos de ScreenScraper
MOVIDO	emu/dos/images/Risky Woods-image.png	emu/MEDIA/DOS/images/Risky Woods-image.png	carátulas, capturas y logos de ScreenScraper
MOVIDO	emu/dos/images/Risky Woods-marquee.png	emu/MEDIA/DOS/images/Risky Woods-marquee.png	carátulas, capturas y logos de ScreenScraper
MOVIDO	emu/dos/images/Risky Woods-thumb.png	emu/MEDIA/DOS/images/Risky Woods-thumb.png	carátulas, capturas y logos de ScreenScraper
MOVIDO	emu/dos/images/Roadrunner-image.png	emu/MEDIA/DOS/images/Roadrunner-image.png	carátulas, capturas y logos de ScreenScraper
MOVIDO	emu/dos/images/Roadrunner-marquee.png	emu/MEDIA/DOS/images/Roadrunner-marquee.png	carátulas, capturas y logos de ScreenScraper
MOVIDO	emu/dos/images/Roadrunner-thumb.png	emu/MEDIA/DOS/images/Roadrunner-thumb.png	carátulas, capturas y logos de ScreenScraper
MOVIDO	emu/dos/images/Roadwar 2000-image.png	emu/MEDIA/DOS/images/Roadwar 2000-image.png	carátulas, capturas y logos de ScreenScraper
MOVIDO	emu/dos/images/Roadwar 2000-marquee.png	emu/MEDIA/DOS/images/Roadwar 2000-marquee.png	carátulas, capturas y logos de ScreenScraper
MOVIDO	emu/dos/images/Roadwar 2000-thumb.png	emu/MEDIA/DOS/images/Roadwar 2000-thumb.png	carátulas, capturas y logos de ScreenScraper
MOVIDO	emu/dos/images/Roadwar Europe-image.png	emu/MEDIA/DOS/images/Roadwar Europe-image.png	carátulas, capturas y logos de ScreenScraper
MOVIDO	emu/dos/images/Roadwar Europe-thumb.png	emu/MEDIA/DOS/images/Roadwar Europe-thumb.png	carátulas, capturas y logos de ScreenScraper
MOVIDO	emu/dos/images/Robinson's Requiem-image.png	emu/MEDIA/DOS/images/Robinson's Requiem-image.png	carátulas, capturas y logos de ScreenScraper
MOVIDO	emu/dos/images/Robinson's Requiem-marquee.png	emu/MEDIA/DOS/images/Robinson's Requiem-marquee.png	carátulas, capturas y logos de ScreenScraper
MOVIDO	emu/dos/images/Robinson's Requiem-thumb.png	emu/MEDIA/DOS/images/Robinson's Requiem-thumb.png	carátulas, capturas y logos de ScreenScraper
MOVIDO	emu/dos/images/Robocop-image.png	emu/MEDIA/DOS/images/Robocop-image.png	carátulas, capturas y logos de ScreenScraper
MOVIDO	emu/dos/images/Robocop-marquee.png	emu/MEDIA/DOS/images/Robocop-marquee.png	carátulas, capturas y logos de ScreenScraper
MOVIDO	emu/dos/images/Robocop-thumb.png	emu/MEDIA/DOS/images/Robocop-thumb.png	carátulas, capturas y logos de ScreenScraper
MOVIDO	emu/dos/images/Robot Rascals-image.png	emu/MEDIA/DOS/images/Robot Rascals-image.png	carátulas, capturas y logos de ScreenScraper
MOVIDO	emu/dos/images/Robot Rascals-marquee.png	emu/MEDIA/DOS/images/Robot Rascals-marquee.png	carátulas, capturas y logos de ScreenScraper
MOVIDO	emu/dos/images/Robot Rascals-thumb.png	emu/MEDIA/DOS/images/Robot Rascals-thumb.png	carátulas, capturas y logos de ScreenScraper
MOVIDO	emu/dos/images/Robotron 2084-image.png	emu/MEDIA/DOS/images/Robotron 2084-image.png	carátulas, capturas y logos de ScreenScraper
MOVIDO	emu/dos/images/Robotron 2084-marquee.png	emu/MEDIA/DOS/images/Robotron 2084-marquee.png	carátulas, capturas y logos de ScreenScraper
MOVIDO	emu/dos/images/Robotron 2084-thumb.png	emu/MEDIA/DOS/images/Robotron 2084-thumb.png	carátulas, capturas y logos de ScreenScraper
MOVIDO	emu/dos/images/Rocky's Boots-image.png	emu/MEDIA/DOS/images/Rocky's Boots-image.png	carátulas, capturas y logos de ScreenScraper
MOVIDO	emu/dos/images/Rocky's Boots-marquee.png	emu/MEDIA/DOS/images/Rocky's Boots-marquee.png	carátulas, capturas y logos de ScreenScraper
MOVIDO	emu/dos/images/Rocky's Boots-thumb.png	emu/MEDIA/DOS/images/Rocky's Boots-thumb.png	carátulas, capturas y logos de ScreenScraper
MOVIDO	emu/dos/images/Rollercoaster Rumbler-image.png	emu/MEDIA/DOS/images/Rollercoaster Rumbler-image.png	carátulas, capturas y logos de ScreenScraper
MOVIDO	emu/dos/images/Rollercoaster Rumbler-marquee.png	emu/MEDIA/DOS/images/Rollercoaster Rumbler-marquee.png	carátulas, capturas y logos de ScreenScraper
MOVIDO	emu/dos/images/Rollercoaster Rumbler-thumb.png	emu/MEDIA/DOS/images/Rollercoaster Rumbler-thumb.png	carátulas, capturas y logos de ScreenScraper
MOVIDO	emu/dos/images/Romance of the Three Kingdoms 2-image.png	emu/MEDIA/DOS/images/Romance of the Three Kingdoms 2-image.png	carátulas, capturas y logos de ScreenScraper
MOVIDO	emu/dos/images/Romance of the Three Kingdoms 2-marquee.png	emu/MEDIA/DOS/images/Romance of the Three Kingdoms 2-marquee.png	carátulas, capturas y logos de ScreenScraper
MOVIDO	emu/dos/images/Romance of the Three Kingdoms 2-thumb.png	emu/MEDIA/DOS/images/Romance of the Three Kingdoms 2-thumb.png	carátulas, capturas y logos de ScreenScraper
MOVIDO	emu/dos/images/Romance of the Three Kingdoms-image.png	emu/MEDIA/DOS/images/Romance of the Three Kingdoms-image.png	carátulas, capturas y logos de ScreenScraper
MOVIDO	emu/dos/images/Romance of the Three Kingdoms-marquee.png	emu/MEDIA/DOS/images/Romance of the Three Kingdoms-marquee.png	carátulas, capturas y logos de ScreenScraper
MOVIDO	emu/dos/images/Romance of the Three Kingdoms-thumb.png	emu/MEDIA/DOS/images/Romance of the Three Kingdoms-thumb.png	carátulas, capturas y logos de ScreenScraper
MOVIDO	emu/dos/images/Ruckus Poker-image.png	emu/MEDIA/DOS/images/Ruckus Poker-image.png	carátulas, capturas y logos de ScreenScraper
MOVIDO	emu/dos/images/Ruckus Poker-thumb.png	emu/MEDIA/DOS/images/Ruckus Poker-thumb.png	carátulas, capturas y logos de ScreenScraper
MOVIDO	emu/dos/images/Rules of Engagement-image.png	emu/MEDIA/DOS/images/Rules of Engagement-image.png	carátulas, capturas y logos de ScreenScraper
MOVIDO	emu/dos/images/Rules of Engagement-thumb.png	emu/MEDIA/DOS/images/Rules of Engagement-thumb.png	carátulas, capturas y logos de ScreenScraper
MOVIDO	emu/dos/images/Rush 'n' Attack-image.png	emu/MEDIA/DOS/images/Rush 'n' Attack-image.png	carátulas, capturas y logos de ScreenScraper
MOVIDO	emu/dos/images/Rush 'n' Attack-marquee.png	emu/MEDIA/DOS/images/Rush 'n' Attack-marquee.png	carátulas, capturas y logos de ScreenScraper
MOVIDO	emu/dos/images/Rush 'n' Attack-thumb.png	emu/MEDIA/DOS/images/Rush 'n' Attack-thumb.png	carátulas, capturas y logos de ScreenScraper
MOVIDO	emu/dos/images/S.C. Out-image.png	emu/MEDIA/DOS/images/S.C. Out-image.png	carátulas, capturas y logos de ScreenScraper
MOVIDO	emu/dos/images/S.C. Out-marquee.png	emu/MEDIA/DOS/images/S.C. Out-marquee.png	carátulas, capturas y logos de ScreenScraper
MOVIDO	emu/dos/images/S.C. Out-thumb.png	emu/MEDIA/DOS/images/S.C. Out-thumb.png	carátulas, capturas y logos de ScreenScraper
MOVIDO	emu/dos/images/S.D.I.-image.png	emu/MEDIA/DOS/images/S.D.I.-image.png	carátulas, capturas y logos de ScreenScraper
MOVIDO	emu/dos/images/S.D.I.-marquee.png	emu/MEDIA/DOS/images/S.D.I.-marquee.png	carátulas, capturas y logos de ScreenScraper
MOVIDO	emu/dos/images/S.D.I.-thumb.png	emu/MEDIA/DOS/images/S.D.I.-thumb.png	carátulas, capturas y logos de ScreenScraper
MOVIDO	emu/dos/images/Sand Storm-image.png	emu/MEDIA/DOS/images/Sand Storm-image.png	carátulas, capturas y logos de ScreenScraper
MOVIDO	emu/dos/images/Sand Storm-marquee.png	emu/MEDIA/DOS/images/Sand Storm-marquee.png	carátulas, capturas y logos de ScreenScraper
MOVIDO	emu/dos/images/Sand Storm-thumb.png	emu/MEDIA/DOS/images/Sand Storm-thumb.png	carátulas, capturas y logos de ScreenScraper
MOVIDO	emu/dos/images/Sango Fighter-image.png	emu/MEDIA/DOS/images/Sango Fighter-image.png	carátulas, capturas y logos de ScreenScraper
MOVIDO	emu/dos/images/Sango Fighter-marquee.png	emu/MEDIA/DOS/images/Sango Fighter-marquee.png	carátulas, capturas y logos de ScreenScraper
MOVIDO	emu/dos/images/Sango Fighter-thumb.png	emu/MEDIA/DOS/images/Sango Fighter-thumb.png	carátulas, capturas y logos de ScreenScraper
MOVIDO	emu/dos/images/Sarge-image.png	emu/MEDIA/DOS/images/Sarge-image.png	carátulas, capturas y logos de ScreenScraper
MOVIDO	emu/dos/images/Sarge-thumb.png	emu/MEDIA/DOS/images/Sarge-thumb.png	carátulas, capturas y logos de ScreenScraper
MOVIDO	emu/dos/images/Scapeghost-image.png	emu/MEDIA/DOS/images/Scapeghost-image.png	carátulas, capturas y logos de ScreenScraper
MOVIDO	emu/dos/images/Scapeghost-marquee.png	emu/MEDIA/DOS/images/Scapeghost-marquee.png	carátulas, capturas y logos de ScreenScraper
MOVIDO	emu/dos/images/Scapeghost-thumb.png	emu/MEDIA/DOS/images/Scapeghost-thumb.png	carátulas, capturas y logos de ScreenScraper
MOVIDO	emu/dos/images/Sea Dragon-image.png	emu/MEDIA/DOS/images/Sea Dragon-image.png	carátulas, capturas y logos de ScreenScraper
MOVIDO	emu/dos/images/Sea Dragon-marquee.png	emu/MEDIA/DOS/images/Sea Dragon-marquee.png	carátulas, capturas y logos de ScreenScraper
MOVIDO	emu/dos/images/Sea Dragon-thumb.png	emu/MEDIA/DOS/images/Sea Dragon-thumb.png	carátulas, capturas y logos de ScreenScraper
MOVIDO	emu/dos/images/Sea Rogue-image.png	emu/MEDIA/DOS/images/Sea Rogue-image.png	carátulas, capturas y logos de ScreenScraper
MOVIDO	emu/dos/images/Sea Rogue-thumb.png	emu/MEDIA/DOS/images/Sea Rogue-thumb.png	carátulas, capturas y logos de ScreenScraper
MOVIDO	emu/dos/images/Secret of the Silverblades-image.png	emu/MEDIA/DOS/images/Secret of the Silverblades-image.png	carátulas, capturas y logos de ScreenScraper
MOVIDO	emu/dos/images/Secret of the Silverblades-marquee.png	emu/MEDIA/DOS/images/Secret of the Silverblades-marquee.png	carátulas, capturas y logos de ScreenScraper
MOVIDO	emu/dos/images/Secret of the Silverblades-thumb.png	emu/MEDIA/DOS/images/Secret of the Silverblades-thumb.png	carátulas, capturas y logos de ScreenScraper
MOVIDO	emu/dos/images/Sensible World of Soccer-image.png	emu/MEDIA/DOS/images/Sensible World of Soccer-image.png	carátulas, capturas y logos de ScreenScraper
MOVIDO	emu/dos/images/Sensible World of Soccer-marquee.png	emu/MEDIA/DOS/images/Sensible World of Soccer-marquee.png	carátulas, capturas y logos de ScreenScraper
MOVIDO	emu/dos/images/Sensible World of Soccer-thumb.png	emu/MEDIA/DOS/images/Sensible World of Soccer-thumb.png	carátulas, capturas y logos de ScreenScraper
MOVIDO	emu/dos/images/Shadow Knights-image.png	emu/MEDIA/DOS/images/Shadow Knights-image.png	carátulas, capturas y logos de ScreenScraper
MOVIDO	emu/dos/images/Shadow Knights-marquee.png	emu/MEDIA/DOS/images/Shadow Knights-marquee.png	carátulas, capturas y logos de ScreenScraper
MOVIDO	emu/dos/images/Shadow Knights-thumb.png	emu/MEDIA/DOS/images/Shadow Knights-thumb.png	carátulas, capturas y logos de ScreenScraper
MOVIDO	emu/dos/images/Shadow President-image.png	emu/MEDIA/DOS/images/Shadow President-image.png	carátulas, capturas y logos de ScreenScraper
MOVIDO	emu/dos/images/Shadow President-marquee.png	emu/MEDIA/DOS/images/Shadow President-marquee.png	carátulas, capturas y logos de ScreenScraper
MOVIDO	emu/dos/images/Shadow President-thumb.png	emu/MEDIA/DOS/images/Shadow President-thumb.png	carátulas, capturas y logos de ScreenScraper
MOVIDO	emu/dos/images/Shadow Warrior-image.png	emu/MEDIA/DOS/images/Shadow Warrior-image.png	carátulas, capturas y logos de ScreenScraper
MOVIDO	emu/dos/images/Shadow Warrior-marquee.png	emu/MEDIA/DOS/images/Shadow Warrior-marquee.png	carátulas, capturas y logos de ScreenScraper
MOVIDO	emu/dos/images/Shadow Warrior-thumb.png	emu/MEDIA/DOS/images/Shadow Warrior-thumb.png	carátulas, capturas y logos de ScreenScraper
MOVIDO	emu/dos/images/Shadowgate-image.png	emu/MEDIA/DOS/images/Shadowgate-image.png	carátulas, capturas y logos de ScreenScraper
MOVIDO	emu/dos/images/Shadowgate-marquee.png	emu/MEDIA/DOS/images/Shadowgate-marquee.png	carátulas, capturas y logos de ScreenScraper
MOVIDO	emu/dos/images/Shadowgate-thumb.png	emu/MEDIA/DOS/images/Shadowgate-thumb.png	carátulas, capturas y logos de ScreenScraper
MOVIDO	emu/dos/images/Shadows of Mordor-image.png	emu/MEDIA/DOS/images/Shadows of Mordor-image.png	carátulas, capturas y logos de ScreenScraper
MOVIDO	emu/dos/images/Shadows of Mordor-marquee.png	emu/MEDIA/DOS/images/Shadows of Mordor-marquee.png	carátulas, capturas y logos de ScreenScraper
MOVIDO	emu/dos/images/Shadows of Mordor-thumb.png	emu/MEDIA/DOS/images/Shadows of Mordor-thumb.png	carátulas, capturas y logos de ScreenScraper
MOVIDO	emu/dos/images/Shamus-image.png	emu/MEDIA/DOS/images/Shamus-image.png	carátulas, capturas y logos de ScreenScraper
MOVIDO	emu/dos/images/Shamus-marquee.png	emu/MEDIA/DOS/images/Shamus-marquee.png	carátulas, capturas y logos de ScreenScraper
MOVIDO	emu/dos/images/Shamus-thumb.png	emu/MEDIA/DOS/images/Shamus-thumb.png	carátulas, capturas y logos de ScreenScraper
MOVIDO	emu/dos/images/Sherlock Holmes - Another Bow-image.png	emu/MEDIA/DOS/images/Sherlock Holmes - Another Bow-image.png	carátulas, capturas y logos de ScreenScraper
MOVIDO	emu/dos/images/Sherlock Holmes - Another Bow-marquee.png	emu/MEDIA/DOS/images/Sherlock Holmes - Another Bow-marquee.png	carátulas, capturas y logos de ScreenScraper
MOVIDO	emu/dos/images/Sherlock Holmes - Another Bow-thumb.png	emu/MEDIA/DOS/images/Sherlock Holmes - Another Bow-thumb.png	carátulas, capturas y logos de ScreenScraper
MOVIDO	emu/dos/images/Sherman M4-image.png	emu/MEDIA/DOS/images/Sherman M4-image.png	carátulas, capturas y logos de ScreenScraper
MOVIDO	emu/dos/images/Sherman M4-marquee.png	emu/MEDIA/DOS/images/Sherman M4-marquee.png	carátulas, capturas y logos de ScreenScraper
MOVIDO	emu/dos/images/Sherman M4-thumb.png	emu/MEDIA/DOS/images/Sherman M4-thumb.png	carátulas, capturas y logos de ScreenScraper
MOVIDO	emu/dos/images/Shinobi-image.png	emu/MEDIA/DOS/images/Shinobi-image.png	carátulas, capturas y logos de ScreenScraper
MOVIDO	emu/dos/images/Shinobi-marquee.png	emu/MEDIA/DOS/images/Shinobi-marquee.png	carátulas, capturas y logos de ScreenScraper
MOVIDO	emu/dos/images/Shinobi-thumb.png	emu/MEDIA/DOS/images/Shinobi-thumb.png	carátulas, capturas y logos de ScreenScraper
MOVIDO	emu/dos/images/Shogun-image.png	emu/MEDIA/DOS/images/Shogun-image.png	carátulas, capturas y logos de ScreenScraper
MOVIDO	emu/dos/images/Shogun-marquee.png	emu/MEDIA/DOS/images/Shogun-marquee.png	carátulas, capturas y logos de ScreenScraper
MOVIDO	emu/dos/images/Shogun-thumb.png	emu/MEDIA/DOS/images/Shogun-thumb.png	carátulas, capturas y logos de ScreenScraper
MOVIDO	emu/dos/images/Shufflepuck Café-image.png	emu/MEDIA/DOS/images/Shufflepuck Café-image.png	carátulas, capturas y logos de ScreenScraper
MOVIDO	emu/dos/images/Shufflepuck Café-marquee.png	emu/MEDIA/DOS/images/Shufflepuck Café-marquee.png	carátulas, capturas y logos de ScreenScraper
MOVIDO	emu/dos/images/Shufflepuck Café-thumb.png	emu/MEDIA/DOS/images/Shufflepuck Café-thumb.png	carátulas, capturas y logos de ScreenScraper
MOVIDO	emu/dos/images/Siege-image.png	emu/MEDIA/DOS/images/Siege-image.png	carátulas, capturas y logos de ScreenScraper
MOVIDO	emu/dos/images/Siege-marquee.png	emu/MEDIA/DOS/images/Siege-marquee.png	carátulas, capturas y logos de ScreenScraper
MOVIDO	emu/dos/images/Siege-thumb.png	emu/MEDIA/DOS/images/Siege-thumb.png	carátulas, capturas y logos de ScreenScraper
MOVIDO	emu/dos/images/Sierra Championship Boxing-image.png	emu/MEDIA/DOS/images/Sierra Championship Boxing-image.png	carátulas, capturas y logos de ScreenScraper
MOVIDO	emu/dos/images/Sierra Championship Boxing-thumb.png	emu/MEDIA/DOS/images/Sierra Championship Boxing-thumb.png	carátulas, capturas y logos de ScreenScraper
MOVIDO	emu/dos/images/Silent Service 2-image.png	emu/MEDIA/DOS/images/Silent Service 2-image.png	carátulas, capturas y logos de ScreenScraper
MOVIDO	emu/dos/images/Silent Service 2-marquee.png	emu/MEDIA/DOS/images/Silent Service 2-marquee.png	carátulas, capturas y logos de ScreenScraper
MOVIDO	emu/dos/images/Silent Service 2-thumb.png	emu/MEDIA/DOS/images/Silent Service 2-thumb.png	carátulas, capturas y logos de ScreenScraper
MOVIDO	emu/dos/images/Silent Service-image.png	emu/MEDIA/DOS/images/Silent Service-image.png	carátulas, capturas y logos de ScreenScraper
MOVIDO	emu/dos/images/Silent Service-marquee.png	emu/MEDIA/DOS/images/Silent Service-marquee.png	carátulas, capturas y logos de ScreenScraper
MOVIDO	emu/dos/images/Silent Service-thumb.png	emu/MEDIA/DOS/images/Silent Service-thumb.png	carátulas, capturas y logos de ScreenScraper
MOVIDO	emu/dos/images/Silpheed-image.png	emu/MEDIA/DOS/images/Silpheed-image.png	carátulas, capturas y logos de ScreenScraper
MOVIDO	emu/dos/images/Silpheed-marquee.png	emu/MEDIA/DOS/images/Silpheed-marquee.png	carátulas, capturas y logos de ScreenScraper
MOVIDO	emu/dos/images/Silpheed-thumb.png	emu/MEDIA/DOS/images/Silpheed-thumb.png	carátulas, capturas y logos de ScreenScraper
MOVIDO	emu/dos/images/Silverball-image.png	emu/MEDIA/DOS/images/Silverball-image.png	carátulas, capturas y logos de ScreenScraper
MOVIDO	emu/dos/images/Silverball-marquee.png	emu/MEDIA/DOS/images/Silverball-marquee.png	carátulas, capturas y logos de ScreenScraper
MOVIDO	emu/dos/images/Silverball-thumb.png	emu/MEDIA/DOS/images/Silverball-thumb.png	carátulas, capturas y logos de ScreenScraper
MOVIDO	emu/dos/images/SimCity 2000-image.png	emu/MEDIA/DOS/images/SimCity 2000-image.png	carátulas, capturas y logos de ScreenScraper
MOVIDO	emu/dos/images/SimCity 2000-marquee.png	emu/MEDIA/DOS/images/SimCity 2000-marquee.png	carátulas, capturas y logos de ScreenScraper
MOVIDO	emu/dos/images/SimCity 2000-thumb.png	emu/MEDIA/DOS/images/SimCity 2000-thumb.png	carátulas, capturas y logos de ScreenScraper
MOVIDO	emu/dos/images/SimCity-image.png	emu/MEDIA/DOS/images/SimCity-image.png	carátulas, capturas y logos de ScreenScraper
MOVIDO	emu/dos/images/SimCity-marquee.png	emu/MEDIA/DOS/images/SimCity-marquee.png	carátulas, capturas y logos de ScreenScraper
MOVIDO	emu/dos/images/SimCity-thumb.png	emu/MEDIA/DOS/images/SimCity-thumb.png	carátulas, capturas y logos de ScreenScraper
MOVIDO	emu/dos/images/Sinbad and the Throne of the Falcon-image.png	emu/MEDIA/DOS/images/Sinbad and the Throne of the Falcon-image.png	carátulas, capturas y logos de ScreenScraper
MOVIDO	emu/dos/images/Sinbad and the Throne of the Falcon-marquee.png	emu/MEDIA/DOS/images/Sinbad and the Throne of the Falcon-marquee.png	carátulas, capturas y logos de ScreenScraper
MOVIDO	emu/dos/images/Sinbad and the Throne of the Falcon-thumb.png	emu/MEDIA/DOS/images/Sinbad and the Throne of the Falcon-thumb.png	carátulas, capturas y logos de ScreenScraper
MOVIDO	emu/dos/images/Skate or Die-image.png	emu/MEDIA/DOS/images/Skate or Die-image.png	carátulas, capturas y logos de ScreenScraper
MOVIDO	emu/dos/images/Skate or Die-marquee.png	emu/MEDIA/DOS/images/Skate or Die-marquee.png	carátulas, capturas y logos de ScreenScraper
MOVIDO	emu/dos/images/Skate or Die-thumb.png	emu/MEDIA/DOS/images/Skate or Die-thumb.png	carátulas, capturas y logos de ScreenScraper
MOVIDO	emu/dos/images/Ski or Die-image.png	emu/MEDIA/DOS/images/Ski or Die-image.png	carátulas, capturas y logos de ScreenScraper
MOVIDO	emu/dos/images/Ski or Die-marquee.png	emu/MEDIA/DOS/images/Ski or Die-marquee.png	carátulas, capturas y logos de ScreenScraper
MOVIDO	emu/dos/images/Ski or Die-thumb.png	emu/MEDIA/DOS/images/Ski or Die-thumb.png	carátulas, capturas y logos de ScreenScraper
MOVIDO	emu/dos/images/Sky Shark-image.png	emu/MEDIA/DOS/images/Sky Shark-image.png	carátulas, capturas y logos de ScreenScraper
MOVIDO	emu/dos/images/Sky Shark-marquee.png	emu/MEDIA/DOS/images/Sky Shark-marquee.png	carátulas, capturas y logos de ScreenScraper
MOVIDO	emu/dos/images/Sky Shark-thumb.png	emu/MEDIA/DOS/images/Sky Shark-thumb.png	carátulas, capturas y logos de ScreenScraper
MOVIDO	emu/dos/images/Skyfox 2 - The Cygnus Conflict-image.png	emu/MEDIA/DOS/images/Skyfox 2 - The Cygnus Conflict-image.png	carátulas, capturas y logos de ScreenScraper
MOVIDO	emu/dos/images/Skyfox 2 - The Cygnus Conflict-marquee.png	emu/MEDIA/DOS/images/Skyfox 2 - The Cygnus Conflict-marquee.png	carátulas, capturas y logos de ScreenScraper
MOVIDO	emu/dos/images/Skyfox 2 - The Cygnus Conflict-thumb.png	emu/MEDIA/DOS/images/Skyfox 2 - The Cygnus Conflict-thumb.png	carátulas, capturas y logos de ScreenScraper
MOVIDO	emu/dos/images/Skyroads-image.png	emu/MEDIA/DOS/images/Skyroads-image.png	carátulas, capturas y logos de ScreenScraper
MOVIDO	emu/dos/images/Skyroads-marquee.png	emu/MEDIA/DOS/images/Skyroads-marquee.png	carátulas, capturas y logos de ScreenScraper
MOVIDO	emu/dos/images/Skyroads-thumb.png	emu/MEDIA/DOS/images/Skyroads-thumb.png	carátulas, capturas y logos de ScreenScraper
MOVIDO	emu/dos/images/Skyrunner-image.png	emu/MEDIA/DOS/images/Skyrunner-image.png	carátulas, capturas y logos de ScreenScraper
MOVIDO	emu/dos/images/Skyrunner-marquee.png	emu/MEDIA/DOS/images/Skyrunner-marquee.png	carátulas, capturas y logos de ScreenScraper
MOVIDO	emu/dos/images/Skyrunner-thumb.png	emu/MEDIA/DOS/images/Skyrunner-thumb.png	carátulas, capturas y logos de ScreenScraper
MOVIDO	emu/dos/images/Sleepwalker-image.png	emu/MEDIA/DOS/images/Sleepwalker-image.png	carátulas, capturas y logos de ScreenScraper
MOVIDO	emu/dos/images/Sleepwalker-marquee.png	emu/MEDIA/DOS/images/Sleepwalker-marquee.png	carátulas, capturas y logos de ScreenScraper
MOVIDO	emu/dos/images/Sleepwalker-thumb.png	emu/MEDIA/DOS/images/Sleepwalker-thumb.png	carátulas, capturas y logos de ScreenScraper
MOVIDO	emu/dos/images/Slipstream 5000-image.png	emu/MEDIA/DOS/images/Slipstream 5000-image.png	carátulas, capturas y logos de ScreenScraper
MOVIDO	emu/dos/images/Slipstream 5000-marquee.png	emu/MEDIA/DOS/images/Slipstream 5000-marquee.png	carátulas, capturas y logos de ScreenScraper
MOVIDO	emu/dos/images/Slipstream 5000-thumb.png	emu/MEDIA/DOS/images/Slipstream 5000-thumb.png	carátulas, capturas y logos de ScreenScraper
MOVIDO	emu/dos/images/Snack Attack 2-image.png	emu/MEDIA/DOS/images/Snack Attack 2-image.png	carátulas, capturas y logos de ScreenScraper
MOVIDO	emu/dos/images/Snack Attack 2-thumb.png	emu/MEDIA/DOS/images/Snack Attack 2-thumb.png	carátulas, capturas y logos de ScreenScraper
MOVIDO	emu/dos/images/Snipes-image.png	emu/MEDIA/DOS/images/Snipes-image.png	carátulas, capturas y logos de ScreenScraper
MOVIDO	emu/dos/images/Snipes-thumb.png	emu/MEDIA/DOS/images/Snipes-thumb.png	carátulas, capturas y logos de ScreenScraper
MOVIDO	emu/dos/images/Snoopy-image.png	emu/MEDIA/DOS/images/Snoopy-image.png	carátulas, capturas y logos de ScreenScraper
MOVIDO	emu/dos/images/Snoopy-marquee.png	emu/MEDIA/DOS/images/Snoopy-marquee.png	carátulas, capturas y logos de ScreenScraper
MOVIDO	emu/dos/images/Snoopy-thumb.png	emu/MEDIA/DOS/images/Snoopy-thumb.png	carátulas, capturas y logos de ScreenScraper
MOVIDO	emu/dos/images/Soccer Kid-image.png	emu/MEDIA/DOS/images/Soccer Kid-image.png	carátulas, capturas y logos de ScreenScraper
MOVIDO	emu/dos/images/Soccer Kid-marquee.png	emu/MEDIA/DOS/images/Soccer Kid-marquee.png	carátulas, capturas y logos de ScreenScraper
MOVIDO	emu/dos/images/Soccer Kid-thumb.png	emu/MEDIA/DOS/images/Soccer Kid-thumb.png	carátulas, capturas y logos de ScreenScraper
MOVIDO	emu/dos/images/Sokoban-image.png	emu/MEDIA/DOS/images/Sokoban-image.png	carátulas, capturas y logos de ScreenScraper
MOVIDO	emu/dos/images/Sokoban-marquee.png	emu/MEDIA/DOS/images/Sokoban-marquee.png	carátulas, capturas y logos de ScreenScraper
MOVIDO	emu/dos/images/Sokoban-thumb.png	emu/MEDIA/DOS/images/Sokoban-thumb.png	carátulas, capturas y logos de ScreenScraper
MOVIDO	emu/dos/images/Solo Flight-image.png	emu/MEDIA/DOS/images/Solo Flight-image.png	carátulas, capturas y logos de ScreenScraper
MOVIDO	emu/dos/images/Solo Flight-marquee.png	emu/MEDIA/DOS/images/Solo Flight-marquee.png	carátulas, capturas y logos de ScreenScraper
MOVIDO	emu/dos/images/Solo Flight-thumb.png	emu/MEDIA/DOS/images/Solo Flight-thumb.png	carátulas, capturas y logos de ScreenScraper
MOVIDO	emu/dos/images/Solomon's Key-image.png	emu/MEDIA/DOS/images/Solomon's Key-image.png	carátulas, capturas y logos de ScreenScraper
MOVIDO	emu/dos/images/Solomon's Key-marquee.png	emu/MEDIA/DOS/images/Solomon's Key-marquee.png	carátulas, capturas y logos de ScreenScraper
MOVIDO	emu/dos/images/Solomon's Key-thumb.png	emu/MEDIA/DOS/images/Solomon's Key-thumb.png	carátulas, capturas y logos de ScreenScraper
MOVIDO	emu/dos/images/Sorcerer Lord-image.png	emu/MEDIA/DOS/images/Sorcerer Lord-image.png	carátulas, capturas y logos de ScreenScraper
MOVIDO	emu/dos/images/Sorcerer Lord-marquee.png	emu/MEDIA/DOS/images/Sorcerer Lord-marquee.png	carátulas, capturas y logos de ScreenScraper
MOVIDO	emu/dos/images/Sorcerer Lord-thumb.png	emu/MEDIA/DOS/images/Sorcerer Lord-thumb.png	carátulas, capturas y logos de ScreenScraper
MOVIDO	emu/dos/images/Sorcerian-image.png	emu/MEDIA/DOS/images/Sorcerian-image.png	carátulas, capturas y logos de ScreenScraper
MOVIDO	emu/dos/images/Sorcerian-marquee.png	emu/MEDIA/DOS/images/Sorcerian-marquee.png	carátulas, capturas y logos de ScreenScraper
MOVIDO	emu/dos/images/Sorcerian-thumb.png	emu/MEDIA/DOS/images/Sorcerian-thumb.png	carátulas, capturas y logos de ScreenScraper
MOVIDO	emu/dos/images/Space Crusade-image.png	emu/MEDIA/DOS/images/Space Crusade-image.png	carátulas, capturas y logos de ScreenScraper
MOVIDO	emu/dos/images/Space Crusade-marquee.png	emu/MEDIA/DOS/images/Space Crusade-marquee.png	carátulas, capturas y logos de ScreenScraper
MOVIDO	emu/dos/images/Space Crusade-thumb.png	emu/MEDIA/DOS/images/Space Crusade-thumb.png	carátulas, capturas y logos de ScreenScraper
MOVIDO	emu/dos/images/Space Harrier-image.png	emu/MEDIA/DOS/images/Space Harrier-image.png	carátulas, capturas y logos de ScreenScraper
MOVIDO	emu/dos/images/Space Harrier-marquee.png	emu/MEDIA/DOS/images/Space Harrier-marquee.png	carátulas, capturas y logos de ScreenScraper
MOVIDO	emu/dos/images/Space Harrier-thumb.png	emu/MEDIA/DOS/images/Space Harrier-thumb.png	carátulas, capturas y logos de ScreenScraper
MOVIDO	emu/dos/images/Space Miner-image.png	emu/MEDIA/DOS/images/Space Miner-image.png	carátulas, capturas y logos de ScreenScraper
MOVIDO	emu/dos/images/Space Miner-marquee.png	emu/MEDIA/DOS/images/Space Miner-marquee.png	carátulas, capturas y logos de ScreenScraper
MOVIDO	emu/dos/images/Space Miner-thumb.png	emu/MEDIA/DOS/images/Space Miner-thumb.png	carátulas, capturas y logos de ScreenScraper
MOVIDO	emu/dos/images/Space Quest 2 - Vohaul's Revenge-image.png	emu/MEDIA/DOS/images/Space Quest 2 - Vohaul's Revenge-image.png	carátulas, capturas y logos de ScreenScraper
MOVIDO	emu/dos/images/Space Quest 2 - Vohaul's Revenge-marquee.png	emu/MEDIA/DOS/images/Space Quest 2 - Vohaul's Revenge-marquee.png	carátulas, capturas y logos de ScreenScraper
MOVIDO	emu/dos/images/Space Quest 2 - Vohaul's Revenge-thumb.png	emu/MEDIA/DOS/images/Space Quest 2 - Vohaul's Revenge-thumb.png	carátulas, capturas y logos de ScreenScraper
MOVIDO	emu/dos/images/Space Quest 3 - The Pirates of Pestulon-image.png	emu/MEDIA/DOS/images/Space Quest 3 - The Pirates of Pestulon-image.png	carátulas, capturas y logos de ScreenScraper
MOVIDO	emu/dos/images/Space Quest 3 - The Pirates of Pestulon-marquee.png	emu/MEDIA/DOS/images/Space Quest 3 - The Pirates of Pestulon-marquee.png	carátulas, capturas y logos de ScreenScraper
MOVIDO	emu/dos/images/Space Quest 3 - The Pirates of Pestulon-thumb.png	emu/MEDIA/DOS/images/Space Quest 3 - The Pirates of Pestulon-thumb.png	carátulas, capturas y logos de ScreenScraper
MOVIDO	emu/dos/images/Space Quest 4 - Roger Wilco and the Time Rippers-image.png	emu/MEDIA/DOS/images/Space Quest 4 - Roger Wilco and the Time Rippers-image.png	carátulas, capturas y logos de ScreenScraper
MOVIDO	emu/dos/images/Space Quest 4 - Roger Wilco and the Time Rippers-marquee.png	emu/MEDIA/DOS/images/Space Quest 4 - Roger Wilco and the Time Rippers-marquee.png	carátulas, capturas y logos de ScreenScraper
MOVIDO	emu/dos/images/Space Quest 4 - Roger Wilco and the Time Rippers-thumb.png	emu/MEDIA/DOS/images/Space Quest 4 - Roger Wilco and the Time Rippers-thumb.png	carátulas, capturas y logos de ScreenScraper
MOVIDO	emu/dos/images/Space Quest 5 - The Next Mutation-image.png	emu/MEDIA/DOS/images/Space Quest 5 - The Next Mutation-image.png	carátulas, capturas y logos de ScreenScraper
MOVIDO	emu/dos/images/Space Quest 5 - The Next Mutation-marquee.png	emu/MEDIA/DOS/images/Space Quest 5 - The Next Mutation-marquee.png	carátulas, capturas y logos de ScreenScraper
MOVIDO	emu/dos/images/Space Quest 5 - The Next Mutation-thumb.png	emu/MEDIA/DOS/images/Space Quest 5 - The Next Mutation-thumb.png	carátulas, capturas y logos de ScreenScraper
MOVIDO	emu/dos/images/Space Rogue-image.png	emu/MEDIA/DOS/images/Space Rogue-image.png	carátulas, capturas y logos de ScreenScraper
MOVIDO	emu/dos/images/Space Rogue-marquee.png	emu/MEDIA/DOS/images/Space Rogue-marquee.png	carátulas, capturas y logos de ScreenScraper
MOVIDO	emu/dos/images/Space Rogue-thumb.png	emu/MEDIA/DOS/images/Space Rogue-thumb.png	carátulas, capturas y logos de ScreenScraper
MOVIDO	emu/dos/images/Space Strike-image.png	emu/MEDIA/DOS/images/Space Strike-image.png	carátulas, capturas y logos de ScreenScraper
MOVIDO	emu/dos/images/Space Strike-marquee.png	emu/MEDIA/DOS/images/Space Strike-marquee.png	carátulas, capturas y logos de ScreenScraper
MOVIDO	emu/dos/images/Space Strike-thumb.png	emu/MEDIA/DOS/images/Space Strike-thumb.png	carátulas, capturas y logos de ScreenScraper
MOVIDO	emu/dos/images/Speedball 2 - Brutal Deluxe-image.png	emu/MEDIA/DOS/images/Speedball 2 - Brutal Deluxe-image.png	carátulas, capturas y logos de ScreenScraper
MOVIDO	emu/dos/images/Speedball 2 - Brutal Deluxe-marquee.png	emu/MEDIA/DOS/images/Speedball 2 - Brutal Deluxe-marquee.png	carátulas, capturas y logos de ScreenScraper
MOVIDO	emu/dos/images/Speedball 2 - Brutal Deluxe-thumb.png	emu/MEDIA/DOS/images/Speedball 2 - Brutal Deluxe-thumb.png	carátulas, capturas y logos de ScreenScraper
MOVIDO	emu/dos/images/Speedball-image.png	emu/MEDIA/DOS/images/Speedball-image.png	carátulas, capturas y logos de ScreenScraper
MOVIDO	emu/dos/images/Speedball-marquee.png	emu/MEDIA/DOS/images/Speedball-marquee.png	carátulas, capturas y logos de ScreenScraper
MOVIDO	emu/dos/images/Speedball-thumb.png	emu/MEDIA/DOS/images/Speedball-thumb.png	carátulas, capturas y logos de ScreenScraper
MOVIDO	emu/dos/images/SpellCraft - Aspects of Valor-image.png	emu/MEDIA/DOS/images/SpellCraft - Aspects of Valor-image.png	carátulas, capturas y logos de ScreenScraper
MOVIDO	emu/dos/images/SpellCraft - Aspects of Valor-thumb.png	emu/MEDIA/DOS/images/SpellCraft - Aspects of Valor-thumb.png	carátulas, capturas y logos de ScreenScraper
MOVIDO	emu/dos/images/Spellcasting 201 - The Sorcerers Appliance-image.png	emu/MEDIA/DOS/images/Spellcasting 201 - The Sorcerers Appliance-image.png	carátulas, capturas y logos de ScreenScraper
MOVIDO	emu/dos/images/Spellcasting 201 - The Sorcerers Appliance-marquee.png	emu/MEDIA/DOS/images/Spellcasting 201 - The Sorcerers Appliance-marquee.png	carátulas, capturas y logos de ScreenScraper
MOVIDO	emu/dos/images/Spellcasting 201 - The Sorcerers Appliance-thumb.png	emu/MEDIA/DOS/images/Spellcasting 201 - The Sorcerers Appliance-thumb.png	carátulas, capturas y logos de ScreenScraper
MOVIDO	emu/dos/images/Spellcasting 301 - Spring Break-image.png	emu/MEDIA/DOS/images/Spellcasting 301 - Spring Break-image.png	carátulas, capturas y logos de ScreenScraper
MOVIDO	emu/dos/images/Spellcasting 301 - Spring Break-marquee.png	emu/MEDIA/DOS/images/Spellcasting 301 - Spring Break-marquee.png	carátulas, capturas y logos de ScreenScraper
MOVIDO	emu/dos/images/Spellcasting 301 - Spring Break-thumb.png	emu/MEDIA/DOS/images/Spellcasting 301 - Spring Break-thumb.png	carátulas, capturas y logos de ScreenScraper
MOVIDO	emu/dos/images/Spiderbot-image.png	emu/MEDIA/DOS/images/Spiderbot-image.png	carátulas, capturas y logos de ScreenScraper
MOVIDO	emu/dos/images/Spiderbot-marquee.png	emu/MEDIA/DOS/images/Spiderbot-marquee.png	carátulas, capturas y logos de ScreenScraper
MOVIDO	emu/dos/images/Spiderbot-thumb.png	emu/MEDIA/DOS/images/Spiderbot-thumb.png	carátulas, capturas y logos de ScreenScraper
MOVIDO	emu/dos/images/Spirit of Excalibur-image.png	emu/MEDIA/DOS/images/Spirit of Excalibur-image.png	carátulas, capturas y logos de ScreenScraper
MOVIDO	emu/dos/images/Spirit of Excalibur-marquee.png	emu/MEDIA/DOS/images/Spirit of Excalibur-marquee.png	carátulas, capturas y logos de ScreenScraper
MOVIDO	emu/dos/images/Spirit of Excalibur-thumb.png	emu/MEDIA/DOS/images/Spirit of Excalibur-thumb.png	carátulas, capturas y logos de ScreenScraper
MOVIDO	emu/dos/images/Sports Spectacular-image.png	emu/MEDIA/DOS/images/Sports Spectacular-image.png	carátulas, capturas y logos de ScreenScraper
MOVIDO	emu/dos/images/Sports Spectacular-thumb.png	emu/MEDIA/DOS/images/Sports Spectacular-thumb.png	carátulas, capturas y logos de ScreenScraper
MOVIDO	emu/dos/images/Star Control 2-image.png	emu/MEDIA/DOS/images/Star Control 2-image.png	carátulas, capturas y logos de ScreenScraper
MOVIDO	emu/dos/images/Star Control 2-marquee.png	emu/MEDIA/DOS/images/Star Control 2-marquee.png	carátulas, capturas y logos de ScreenScraper
MOVIDO	emu/dos/images/Star Control 2-thumb.png	emu/MEDIA/DOS/images/Star Control 2-thumb.png	carátulas, capturas y logos de ScreenScraper
MOVIDO	emu/dos/images/Star Control 3-image.png	emu/MEDIA/DOS/images/Star Control 3-image.png	carátulas, capturas y logos de ScreenScraper
MOVIDO	emu/dos/images/Star Control 3-marquee.png	emu/MEDIA/DOS/images/Star Control 3-marquee.png	carátulas, capturas y logos de ScreenScraper
MOVIDO	emu/dos/images/Star Control 3-thumb.png	emu/MEDIA/DOS/images/Star Control 3-thumb.png	carátulas, capturas y logos de ScreenScraper
MOVIDO	emu/dos/images/Star Control-image.png	emu/MEDIA/DOS/images/Star Control-image.png	carátulas, capturas y logos de ScreenScraper
MOVIDO	emu/dos/images/Star Control-marquee.png	emu/MEDIA/DOS/images/Star Control-marquee.png	carátulas, capturas y logos de ScreenScraper
MOVIDO	emu/dos/images/Star Control-thumb.png	emu/MEDIA/DOS/images/Star Control-thumb.png	carátulas, capturas y logos de ScreenScraper
MOVIDO	emu/dos/images/Star Legions-image.png	emu/MEDIA/DOS/images/Star Legions-image.png	carátulas, capturas y logos de ScreenScraper
MOVIDO	emu/dos/images/Star Legions-marquee.png	emu/MEDIA/DOS/images/Star Legions-marquee.png	carátulas, capturas y logos de ScreenScraper
MOVIDO	emu/dos/images/Star Legions-thumb.png	emu/MEDIA/DOS/images/Star Legions-thumb.png	carátulas, capturas y logos de ScreenScraper
MOVIDO	emu/dos/images/Star Reach-image.png	emu/MEDIA/DOS/images/Star Reach-image.png	carátulas, capturas y logos de ScreenScraper
MOVIDO	emu/dos/images/Star Reach-marquee.png	emu/MEDIA/DOS/images/Star Reach-marquee.png	carátulas, capturas y logos de ScreenScraper
MOVIDO	emu/dos/images/Star Reach-thumb.png	emu/MEDIA/DOS/images/Star Reach-thumb.png	carátulas, capturas y logos de ScreenScraper
MOVIDO	emu/dos/images/Star Trek - 25th Anniversary-image.png	emu/MEDIA/DOS/images/Star Trek - 25th Anniversary-image.png	carátulas, capturas y logos de ScreenScraper
MOVIDO	emu/dos/images/Star Trek - 25th Anniversary-marquee.png	emu/MEDIA/DOS/images/Star Trek - 25th Anniversary-marquee.png	carátulas, capturas y logos de ScreenScraper
MOVIDO	emu/dos/images/Star Trek - 25th Anniversary-thumb.png	emu/MEDIA/DOS/images/Star Trek - 25th Anniversary-thumb.png	carátulas, capturas y logos de ScreenScraper
MOVIDO	emu/dos/images/Star Trek - The Kobayashi Alternative-image.png	emu/MEDIA/DOS/images/Star Trek - The Kobayashi Alternative-image.png	carátulas, capturas y logos de ScreenScraper
MOVIDO	emu/dos/images/Star Trek - The Kobayashi Alternative-marquee.png	emu/MEDIA/DOS/images/Star Trek - The Kobayashi Alternative-marquee.png	carátulas, capturas y logos de ScreenScraper
MOVIDO	emu/dos/images/Star Trek - The Kobayashi Alternative-thumb.png	emu/MEDIA/DOS/images/Star Trek - The Kobayashi Alternative-thumb.png	carátulas, capturas y logos de ScreenScraper
MOVIDO	emu/dos/images/Star Trek - The Next Generation - The Transinium Challenge-image.png	emu/MEDIA/DOS/images/Star Trek - The Next Generation - The Transinium Challenge-image.png	carátulas, capturas y logos de ScreenScraper
MOVIDO	emu/dos/images/Star Trek - The Next Generation - The Transinium Challenge-marquee.png	emu/MEDIA/DOS/images/Star Trek - The Next Generation - The Transinium Challenge-marquee.png	carátulas, capturas y logos de ScreenScraper
MOVIDO	emu/dos/images/Star Trek - The Next Generation - The Transinium Challenge-thumb.png	emu/MEDIA/DOS/images/Star Trek - The Next Generation - The Transinium Challenge-thumb.png	carátulas, capturas y logos de ScreenScraper
MOVIDO	emu/dos/images/Star Trek - The Promethean Prophecy-image.png	emu/MEDIA/DOS/images/Star Trek - The Promethean Prophecy-image.png	carátulas, capturas y logos de ScreenScraper
MOVIDO	emu/dos/images/Star Trek - The Promethean Prophecy-thumb.png	emu/MEDIA/DOS/images/Star Trek - The Promethean Prophecy-thumb.png	carátulas, capturas y logos de ScreenScraper
MOVIDO	emu/dos/images/Star Trek - The Rebel Universe-image.png	emu/MEDIA/DOS/images/Star Trek - The Rebel Universe-image.png	carátulas, capturas y logos de ScreenScraper
MOVIDO	emu/dos/images/Star Trek - The Rebel Universe-marquee.png	emu/MEDIA/DOS/images/Star Trek - The Rebel Universe-marquee.png	carátulas, capturas y logos de ScreenScraper
MOVIDO	emu/dos/images/Star Trek - The Rebel Universe-thumb.png	emu/MEDIA/DOS/images/Star Trek - The Rebel Universe-thumb.png	carátulas, capturas y logos de ScreenScraper
MOVIDO	emu/dos/images/Star Trek V - The Final Frontier-image.png	emu/MEDIA/DOS/images/Star Trek V - The Final Frontier-image.png	carátulas, capturas y logos de ScreenScraper
MOVIDO	emu/dos/images/Star Trek V - The Final Frontier-marquee.png	emu/MEDIA/DOS/images/Star Trek V - The Final Frontier-marquee.png	carátulas, capturas y logos de ScreenScraper
MOVIDO	emu/dos/images/Star Trek V - The Final Frontier-thumb.png	emu/MEDIA/DOS/images/Star Trek V - The Final Frontier-thumb.png	carátulas, capturas y logos de ScreenScraper
MOVIDO	emu/dos/images/Star Wars Dark Forces-image.png	emu/MEDIA/DOS/images/Star Wars Dark Forces-image.png	carátulas, capturas y logos de ScreenScraper
MOVIDO	emu/dos/images/Star Wars Dark Forces-marquee.png	emu/MEDIA/DOS/images/Star Wars Dark Forces-marquee.png	carátulas, capturas y logos de ScreenScraper
MOVIDO	emu/dos/images/Star Wars Dark Forces-thumb.png	emu/MEDIA/DOS/images/Star Wars Dark Forces-thumb.png	carátulas, capturas y logos de ScreenScraper
MOVIDO	emu/dos/images/Star Wars-image.png	emu/MEDIA/DOS/images/Star Wars-image.png	carátulas, capturas y logos de ScreenScraper
MOVIDO	emu/dos/images/Star Wars-marquee.png	emu/MEDIA/DOS/images/Star Wars-marquee.png	carátulas, capturas y logos de ScreenScraper
MOVIDO	emu/dos/images/Star Wars-thumb.png	emu/MEDIA/DOS/images/Star Wars-thumb.png	carátulas, capturas y logos de ScreenScraper
MOVIDO	emu/dos/images/Starflight 2 - Trade Routes of the Cloud Nebula-image.png	emu/MEDIA/DOS/images/Starflight 2 - Trade Routes of the Cloud Nebula-image.png	carátulas, capturas y logos de ScreenScraper
MOVIDO	emu/dos/images/Starflight 2 - Trade Routes of the Cloud Nebula-marquee.png	emu/MEDIA/DOS/images/Starflight 2 - Trade Routes of the Cloud Nebula-marquee.png	carátulas, capturas y logos de ScreenScraper
MOVIDO	emu/dos/images/Starflight 2 - Trade Routes of the Cloud Nebula-thumb.png	emu/MEDIA/DOS/images/Starflight 2 - Trade Routes of the Cloud Nebula-thumb.png	carátulas, capturas y logos de ScreenScraper
MOVIDO	emu/dos/images/Starflight-image.png	emu/MEDIA/DOS/images/Starflight-image.png	carátulas, capturas y logos de ScreenScraper
MOVIDO	emu/dos/images/Starflight-marquee.png	emu/MEDIA/DOS/images/Starflight-marquee.png	carátulas, capturas y logos de ScreenScraper
MOVIDO	emu/dos/images/Starflight-thumb.png	emu/MEDIA/DOS/images/Starflight-thumb.png	carátulas, capturas y logos de ScreenScraper
MOVIDO	emu/dos/images/Stargate-image.png	emu/MEDIA/DOS/images/Stargate-image.png	carátulas, capturas y logos de ScreenScraper
MOVIDO	emu/dos/images/Stargate-marquee.png	emu/MEDIA/DOS/images/Stargate-marquee.png	carátulas, capturas y logos de ScreenScraper
MOVIDO	emu/dos/images/Stargate-thumb.png	emu/MEDIA/DOS/images/Stargate-thumb.png	carátulas, capturas y logos de ScreenScraper
MOVIDO	emu/dos/images/Starglider-image.png	emu/MEDIA/DOS/images/Starglider-image.png	carátulas, capturas y logos de ScreenScraper
MOVIDO	emu/dos/images/Starglider-marquee.png	emu/MEDIA/DOS/images/Starglider-marquee.png	carátulas, capturas y logos de ScreenScraper
MOVIDO	emu/dos/images/Starglider-thumb.png	emu/MEDIA/DOS/images/Starglider-thumb.png	carátulas, capturas y logos de ScreenScraper
MOVIDO	emu/dos/images/Starquake-image.png	emu/MEDIA/DOS/images/Starquake-image.png	carátulas, capturas y logos de ScreenScraper
MOVIDO	emu/dos/images/Starquake-marquee.png	emu/MEDIA/DOS/images/Starquake-marquee.png	carátulas, capturas y logos de ScreenScraper
MOVIDO	emu/dos/images/Starquake-thumb.png	emu/MEDIA/DOS/images/Starquake-thumb.png	carátulas, capturas y logos de ScreenScraper
MOVIDO	emu/dos/images/Steel Panthers-image.png	emu/MEDIA/DOS/images/Steel Panthers-image.png	carátulas, capturas y logos de ScreenScraper
MOVIDO	emu/dos/images/Steel Panthers-marquee.png	emu/MEDIA/DOS/images/Steel Panthers-marquee.png	carátulas, capturas y logos de ScreenScraper
MOVIDO	emu/dos/images/Steel Panthers-thumb.png	emu/MEDIA/DOS/images/Steel Panthers-thumb.png	carátulas, capturas y logos de ScreenScraper
MOVIDO	emu/dos/images/Steel Thunder-image.png	emu/MEDIA/DOS/images/Steel Thunder-image.png	carátulas, capturas y logos de ScreenScraper
MOVIDO	emu/dos/images/Steel Thunder-marquee.png	emu/MEDIA/DOS/images/Steel Thunder-marquee.png	carátulas, capturas y logos de ScreenScraper
MOVIDO	emu/dos/images/Steel Thunder-thumb.png	emu/MEDIA/DOS/images/Steel Thunder-thumb.png	carátulas, capturas y logos de ScreenScraper
MOVIDO	emu/dos/images/Steg the Slug-image.png	emu/MEDIA/DOS/images/Steg the Slug-image.png	carátulas, capturas y logos de ScreenScraper
MOVIDO	emu/dos/images/Steg the Slug-marquee.png	emu/MEDIA/DOS/images/Steg the Slug-marquee.png	carátulas, capturas y logos de ScreenScraper
MOVIDO	emu/dos/images/Steg the Slug-thumb.png	emu/MEDIA/DOS/images/Steg the Slug-thumb.png	carátulas, capturas y logos de ScreenScraper
MOVIDO	emu/dos/images/Stellar 7-image.png	emu/MEDIA/DOS/images/Stellar 7-image.png	carátulas, capturas y logos de ScreenScraper
MOVIDO	emu/dos/images/Stellar 7-marquee.png	emu/MEDIA/DOS/images/Stellar 7-marquee.png	carátulas, capturas y logos de ScreenScraper
MOVIDO	emu/dos/images/Stellar 7-thumb.png	emu/MEDIA/DOS/images/Stellar 7-thumb.png	carátulas, capturas y logos de ScreenScraper
MOVIDO	emu/dos/images/Stone Age-image.png	emu/MEDIA/DOS/images/Stone Age-image.png	carátulas, capturas y logos de ScreenScraper
MOVIDO	emu/dos/images/Stone Age-marquee.png	emu/MEDIA/DOS/images/Stone Age-marquee.png	carátulas, capturas y logos de ScreenScraper
MOVIDO	emu/dos/images/Stone Age-thumb.png	emu/MEDIA/DOS/images/Stone Age-thumb.png	carátulas, capturas y logos de ScreenScraper
MOVIDO	emu/dos/images/Storm Across Europe-image.png	emu/MEDIA/DOS/images/Storm Across Europe-image.png	carátulas, capturas y logos de ScreenScraper
MOVIDO	emu/dos/images/Storm Across Europe-marquee.png	emu/MEDIA/DOS/images/Storm Across Europe-marquee.png	carátulas, capturas y logos de ScreenScraper
MOVIDO	emu/dos/images/Storm Across Europe-thumb.png	emu/MEDIA/DOS/images/Storm Across Europe-thumb.png	carátulas, capturas y logos de ScreenScraper
MOVIDO	emu/dos/images/Storm Master-image.png	emu/MEDIA/DOS/images/Storm Master-image.png	carátulas, capturas y logos de ScreenScraper
MOVIDO	emu/dos/images/Storm Master-marquee.png	emu/MEDIA/DOS/images/Storm Master-marquee.png	carátulas, capturas y logos de ScreenScraper
MOVIDO	emu/dos/images/Storm Master-thumb.png	emu/MEDIA/DOS/images/Storm Master-thumb.png	carátulas, capturas y logos de ScreenScraper
MOVIDO	emu/dos/images/Stormlord-image.png	emu/MEDIA/DOS/images/Stormlord-image.png	carátulas, capturas y logos de ScreenScraper
MOVIDO	emu/dos/images/Stormlord-marquee.png	emu/MEDIA/DOS/images/Stormlord-marquee.png	carátulas, capturas y logos de ScreenScraper
MOVIDO	emu/dos/images/Stormlord-thumb.png	emu/MEDIA/DOS/images/Stormlord-thumb.png	carátulas, capturas y logos de ScreenScraper
MOVIDO	emu/dos/images/Stratego-image.png	emu/MEDIA/DOS/images/Stratego-image.png	carátulas, capturas y logos de ScreenScraper
MOVIDO	emu/dos/images/Stratego-marquee.png	emu/MEDIA/DOS/images/Stratego-marquee.png	carátulas, capturas y logos de ScreenScraper
MOVIDO	emu/dos/images/Stratego-thumb.png	emu/MEDIA/DOS/images/Stratego-thumb.png	carátulas, capturas y logos de ScreenScraper
MOVIDO	emu/dos/images/Street Fighter 2-image.png	emu/MEDIA/DOS/images/Street Fighter 2-image.png	carátulas, capturas y logos de ScreenScraper
MOVIDO	emu/dos/images/Street Fighter 2-marquee.png	emu/MEDIA/DOS/images/Street Fighter 2-marquee.png	carátulas, capturas y logos de ScreenScraper
MOVIDO	emu/dos/images/Street Fighter 2-thumb.png	emu/MEDIA/DOS/images/Street Fighter 2-thumb.png	carátulas, capturas y logos de ScreenScraper
MOVIDO	emu/dos/images/Street Fighter-image.png	emu/MEDIA/DOS/images/Street Fighter-image.png	carátulas, capturas y logos de ScreenScraper
MOVIDO	emu/dos/images/Street Fighter-marquee.png	emu/MEDIA/DOS/images/Street Fighter-marquee.png	carátulas, capturas y logos de ScreenScraper
MOVIDO	emu/dos/images/Street Fighter-thumb.png	emu/MEDIA/DOS/images/Street Fighter-thumb.png	carátulas, capturas y logos de ScreenScraper
MOVIDO	emu/dos/images/Street Rod-image.png	emu/MEDIA/DOS/images/Street Rod-image.png	carátulas, capturas y logos de ScreenScraper
MOVIDO	emu/dos/images/Street Rod-marquee.png	emu/MEDIA/DOS/images/Street Rod-marquee.png	carátulas, capturas y logos de ScreenScraper
MOVIDO	emu/dos/images/Street Rod-thumb.png	emu/MEDIA/DOS/images/Street Rod-thumb.png	carátulas, capturas y logos de ScreenScraper
MOVIDO	emu/dos/images/Street Sports Basketball-image.png	emu/MEDIA/DOS/images/Street Sports Basketball-image.png	carátulas, capturas y logos de ScreenScraper
MOVIDO	emu/dos/images/Street Sports Basketball-marquee.png	emu/MEDIA/DOS/images/Street Sports Basketball-marquee.png	carátulas, capturas y logos de ScreenScraper
MOVIDO	emu/dos/images/Street Sports Basketball-thumb.png	emu/MEDIA/DOS/images/Street Sports Basketball-thumb.png	carátulas, capturas y logos de ScreenScraper
MOVIDO	emu/dos/images/Streetball-image.png	emu/MEDIA/DOS/images/Streetball-image.png	carátulas, capturas y logos de ScreenScraper
MOVIDO	emu/dos/images/Streetball-marquee.png	emu/MEDIA/DOS/images/Streetball-marquee.png	carátulas, capturas y logos de ScreenScraper
MOVIDO	emu/dos/images/Streetball-thumb.png	emu/MEDIA/DOS/images/Streetball-thumb.png	carátulas, capturas y logos de ScreenScraper
MOVIDO	emu/dos/images/Strife-image.png	emu/MEDIA/DOS/images/Strife-image.png	carátulas, capturas y logos de ScreenScraper
MOVIDO	emu/dos/images/Strife-marquee.png	emu/MEDIA/DOS/images/Strife-marquee.png	carátulas, capturas y logos de ScreenScraper
MOVIDO	emu/dos/images/Strife-thumb.png	emu/MEDIA/DOS/images/Strife-thumb.png	carátulas, capturas y logos de ScreenScraper
MOVIDO	emu/dos/images/Striker '95-image.png	emu/MEDIA/DOS/images/Striker '95-image.png	carátulas, capturas y logos de ScreenScraper
MOVIDO	emu/dos/images/Striker '95-marquee.png	emu/MEDIA/DOS/images/Striker '95-marquee.png	carátulas, capturas y logos de ScreenScraper
MOVIDO	emu/dos/images/Striker '95-thumb.png	emu/MEDIA/DOS/images/Striker '95-thumb.png	carátulas, capturas y logos de ScreenScraper
MOVIDO	emu/dos/images/Striker-image.png	emu/MEDIA/DOS/images/Striker-image.png	carátulas, capturas y logos de ScreenScraper
MOVIDO	emu/dos/images/Striker-marquee.png	emu/MEDIA/DOS/images/Striker-marquee.png	carátulas, capturas y logos de ScreenScraper
MOVIDO	emu/dos/images/Striker-thumb.png	emu/MEDIA/DOS/images/Striker-thumb.png	carátulas, capturas y logos de ScreenScraper
MOVIDO	emu/dos/images/Stronghold-image.png	emu/MEDIA/DOS/images/Stronghold-image.png	carátulas, capturas y logos de ScreenScraper
MOVIDO	emu/dos/images/Stronghold-marquee.png	emu/MEDIA/DOS/images/Stronghold-marquee.png	carátulas, capturas y logos de ScreenScraper
MOVIDO	emu/dos/images/Stronghold-thumb.png	emu/MEDIA/DOS/images/Stronghold-thumb.png	carátulas, capturas y logos de ScreenScraper
MOVIDO	emu/dos/images/Stunt Car Racer-image.png	emu/MEDIA/DOS/images/Stunt Car Racer-image.png	carátulas, capturas y logos de ScreenScraper
MOVIDO	emu/dos/images/Stunt Car Racer-marquee.png	emu/MEDIA/DOS/images/Stunt Car Racer-marquee.png	carátulas, capturas y logos de ScreenScraper
MOVIDO	emu/dos/images/Stunt Car Racer-thumb.png	emu/MEDIA/DOS/images/Stunt Car Racer-thumb.png	carátulas, capturas y logos de ScreenScraper
MOVIDO	emu/dos/images/Stunt Driver-image.png	emu/MEDIA/DOS/images/Stunt Driver-image.png	carátulas, capturas y logos de ScreenScraper
MOVIDO	emu/dos/images/Stunt Driver-marquee.png	emu/MEDIA/DOS/images/Stunt Driver-marquee.png	carátulas, capturas y logos de ScreenScraper
MOVIDO	emu/dos/images/Stunt Driver-thumb.png	emu/MEDIA/DOS/images/Stunt Driver-thumb.png	carátulas, capturas y logos de ScreenScraper
MOVIDO	emu/dos/images/Stunt Island-image.png	emu/MEDIA/DOS/images/Stunt Island-image.png	carátulas, capturas y logos de ScreenScraper
MOVIDO	emu/dos/images/Stunt Island-marquee.png	emu/MEDIA/DOS/images/Stunt Island-marquee.png	carátulas, capturas y logos de ScreenScraper
MOVIDO	emu/dos/images/Stunt Island-thumb.png	emu/MEDIA/DOS/images/Stunt Island-thumb.png	carátulas, capturas y logos de ScreenScraper
MOVIDO	emu/dos/images/Stunts-image.png	emu/MEDIA/DOS/images/Stunts-image.png	carátulas, capturas y logos de ScreenScraper
MOVIDO	emu/dos/images/Stunts-marquee.png	emu/MEDIA/DOS/images/Stunts-marquee.png	carátulas, capturas y logos de ScreenScraper
MOVIDO	emu/dos/images/Stunts-thumb.png	emu/MEDIA/DOS/images/Stunts-thumb.png	carátulas, capturas y logos de ScreenScraper
MOVIDO	emu/dos/images/Styx-image.png	emu/MEDIA/DOS/images/Styx-image.png	carátulas, capturas y logos de ScreenScraper
MOVIDO	emu/dos/images/Styx-thumb.png	emu/MEDIA/DOS/images/Styx-thumb.png	carátulas, capturas y logos de ScreenScraper
MOVIDO	emu/dos/images/Sub Battle Simulator-image.png	emu/MEDIA/DOS/images/Sub Battle Simulator-image.png	carátulas, capturas y logos de ScreenScraper
MOVIDO	emu/dos/images/Sub Battle Simulator-marquee.png	emu/MEDIA/DOS/images/Sub Battle Simulator-marquee.png	carátulas, capturas y logos de ScreenScraper
MOVIDO	emu/dos/images/Sub Battle Simulator-thumb.png	emu/MEDIA/DOS/images/Sub Battle Simulator-thumb.png	carátulas, capturas y logos de ScreenScraper
MOVIDO	emu/dos/images/Suburban Commando-image.png	emu/MEDIA/DOS/images/Suburban Commando-image.png	carátulas, capturas y logos de ScreenScraper
MOVIDO	emu/dos/images/Suburban Commando-marquee.png	emu/MEDIA/DOS/images/Suburban Commando-marquee.png	carátulas, capturas y logos de ScreenScraper
MOVIDO	emu/dos/images/Suburban Commando-thumb.png	emu/MEDIA/DOS/images/Suburban Commando-thumb.png	carátulas, capturas y logos de ScreenScraper
MOVIDO	emu/dos/images/Summer Challenge-image.png	emu/MEDIA/DOS/images/Summer Challenge-image.png	carátulas, capturas y logos de ScreenScraper
MOVIDO	emu/dos/images/Summer Challenge-marquee.png	emu/MEDIA/DOS/images/Summer Challenge-marquee.png	carátulas, capturas y logos de ScreenScraper
MOVIDO	emu/dos/images/Summer Challenge-thumb.png	emu/MEDIA/DOS/images/Summer Challenge-thumb.png	carátulas, capturas y logos de ScreenScraper
MOVIDO	emu/dos/images/Summer Games 2-image.png	emu/MEDIA/DOS/images/Summer Games 2-image.png	carátulas, capturas y logos de ScreenScraper
MOVIDO	emu/dos/images/Summer Games 2-marquee.png	emu/MEDIA/DOS/images/Summer Games 2-marquee.png	carátulas, capturas y logos de ScreenScraper
MOVIDO	emu/dos/images/Summer Games 2-thumb.png	emu/MEDIA/DOS/images/Summer Games 2-thumb.png	carátulas, capturas y logos de ScreenScraper
MOVIDO	emu/dos/images/Supaplex-image.png	emu/MEDIA/DOS/images/Supaplex-image.png	carátulas, capturas y logos de ScreenScraper
MOVIDO	emu/dos/images/Supaplex-marquee.png	emu/MEDIA/DOS/images/Supaplex-marquee.png	carátulas, capturas y logos de ScreenScraper
MOVIDO	emu/dos/images/Supaplex-thumb.png	emu/MEDIA/DOS/images/Supaplex-thumb.png	carátulas, capturas y logos de ScreenScraper
MOVIDO	emu/dos/images/Super Huey 2-image.png	emu/MEDIA/DOS/images/Super Huey 2-image.png	carátulas, capturas y logos de ScreenScraper
MOVIDO	emu/dos/images/Super Huey 2-marquee.png	emu/MEDIA/DOS/images/Super Huey 2-marquee.png	carátulas, capturas y logos de ScreenScraper
MOVIDO	emu/dos/images/Super Huey 2-thumb.png	emu/MEDIA/DOS/images/Super Huey 2-thumb.png	carátulas, capturas y logos de ScreenScraper
MOVIDO	emu/dos/images/Super Huey-image.png	emu/MEDIA/DOS/images/Super Huey-image.png	carátulas, capturas y logos de ScreenScraper
MOVIDO	emu/dos/images/Super Huey-thumb.png	emu/MEDIA/DOS/images/Super Huey-thumb.png	carátulas, capturas y logos de ScreenScraper
MOVIDO	emu/dos/images/Super Karts-image.png	emu/MEDIA/DOS/images/Super Karts-image.png	carátulas, capturas y logos de ScreenScraper
MOVIDO	emu/dos/images/Super Karts-marquee.png	emu/MEDIA/DOS/images/Super Karts-marquee.png	carátulas, capturas y logos de ScreenScraper
MOVIDO	emu/dos/images/Super Karts-thumb.png	emu/MEDIA/DOS/images/Super Karts-thumb.png	carátulas, capturas y logos de ScreenScraper
MOVIDO	emu/dos/images/Super Solvers - Midnight Rescue-image.png	emu/MEDIA/DOS/images/Super Solvers - Midnight Rescue-image.png	carátulas, capturas y logos de ScreenScraper
MOVIDO	emu/dos/images/Super Solvers - Midnight Rescue-thumb.png	emu/MEDIA/DOS/images/Super Solvers - Midnight Rescue-thumb.png	carátulas, capturas y logos de ScreenScraper
MOVIDO	emu/dos/images/Super Solvers - Operation Neptune-image.png	emu/MEDIA/DOS/images/Super Solvers - Operation Neptune-image.png	carátulas, capturas y logos de ScreenScraper
MOVIDO	emu/dos/images/Super Solvers - Operation Neptune-thumb.png	emu/MEDIA/DOS/images/Super Solvers - Operation Neptune-thumb.png	carátulas, capturas y logos de ScreenScraper
MOVIDO	emu/dos/images/Super Solvers - Outnumbered!-image.png	emu/MEDIA/DOS/images/Super Solvers - Outnumbered!-image.png	carátulas, capturas y logos de ScreenScraper
MOVIDO	emu/dos/images/Super Solvers - Outnumbered!-thumb.png	emu/MEDIA/DOS/images/Super Solvers - Outnumbered!-thumb.png	carátulas, capturas y logos de ScreenScraper
MOVIDO	emu/dos/images/Super Street Fighter II Turbo-image.png	emu/MEDIA/DOS/images/Super Street Fighter II Turbo-image.png	carátulas, capturas y logos de ScreenScraper
MOVIDO	emu/dos/images/Super Street Fighter II Turbo-marquee.png	emu/MEDIA/DOS/images/Super Street Fighter II Turbo-marquee.png	carátulas, capturas y logos de ScreenScraper
MOVIDO	emu/dos/images/Super Street Fighter II Turbo-thumb.png	emu/MEDIA/DOS/images/Super Street Fighter II Turbo-thumb.png	carátulas, capturas y logos de ScreenScraper
MOVIDO	emu/dos/images/Super Tetris-image.png	emu/MEDIA/DOS/images/Super Tetris-image.png	carátulas, capturas y logos de ScreenScraper
MOVIDO	emu/dos/images/Super Tetris-marquee.png	emu/MEDIA/DOS/images/Super Tetris-marquee.png	carátulas, capturas y logos de ScreenScraper
MOVIDO	emu/dos/images/Super Tetris-thumb.png	emu/MEDIA/DOS/images/Super Tetris-thumb.png	carátulas, capturas y logos de ScreenScraper
MOVIDO	emu/dos/images/Superhero League of Hoboken-image.png	emu/MEDIA/DOS/images/Superhero League of Hoboken-image.png	carátulas, capturas y logos de ScreenScraper
MOVIDO	emu/dos/images/Superhero League of Hoboken-marquee.png	emu/MEDIA/DOS/images/Superhero League of Hoboken-marquee.png	carátulas, capturas y logos de ScreenScraper
MOVIDO	emu/dos/images/Superhero League of Hoboken-thumb.png	emu/MEDIA/DOS/images/Superhero League of Hoboken-thumb.png	carátulas, capturas y logos de ScreenScraper
MOVIDO	emu/dos/images/Superstar Ice Hockey-image.png	emu/MEDIA/DOS/images/Superstar Ice Hockey-image.png	carátulas, capturas y logos de ScreenScraper
MOVIDO	emu/dos/images/Superstar Ice Hockey-marquee.png	emu/MEDIA/DOS/images/Superstar Ice Hockey-marquee.png	carátulas, capturas y logos de ScreenScraper
MOVIDO	emu/dos/images/Superstar Ice Hockey-thumb.png	emu/MEDIA/DOS/images/Superstar Ice Hockey-thumb.png	carátulas, capturas y logos de ScreenScraper
MOVIDO	emu/dos/images/Suspended-image.png	emu/MEDIA/DOS/images/Suspended-image.png	carátulas, capturas y logos de ScreenScraper
MOVIDO	emu/dos/images/Suspended-marquee.png	emu/MEDIA/DOS/images/Suspended-marquee.png	carátulas, capturas y logos de ScreenScraper
MOVIDO	emu/dos/images/Suspended-thumb.png	emu/MEDIA/DOS/images/Suspended-thumb.png	carátulas, capturas y logos de ScreenScraper
MOVIDO	emu/dos/images/Swap-image.png	emu/MEDIA/DOS/images/Swap-image.png	carátulas, capturas y logos de ScreenScraper
MOVIDO	emu/dos/images/Swap-marquee.png	emu/MEDIA/DOS/images/Swap-marquee.png	carátulas, capturas y logos de ScreenScraper
MOVIDO	emu/dos/images/Swap-thumb.png	emu/MEDIA/DOS/images/Swap-thumb.png	carátulas, capturas y logos de ScreenScraper
MOVIDO	emu/dos/images/Sword of the Samurai-image.png	emu/MEDIA/DOS/images/Sword of the Samurai-image.png	carátulas, capturas y logos de ScreenScraper
MOVIDO	emu/dos/images/Sword of the Samurai-marquee.png	emu/MEDIA/DOS/images/Sword of the Samurai-marquee.png	carátulas, capturas y logos de ScreenScraper
MOVIDO	emu/dos/images/Sword of the Samurai-thumb.png	emu/MEDIA/DOS/images/Sword of the Samurai-thumb.png	carátulas, capturas y logos de ScreenScraper
MOVIDO	emu/dos/images/Tag Team Wrestling-image.png	emu/MEDIA/DOS/images/Tag Team Wrestling-image.png	carátulas, capturas y logos de ScreenScraper
MOVIDO	emu/dos/images/Tag Team Wrestling-marquee.png	emu/MEDIA/DOS/images/Tag Team Wrestling-marquee.png	carátulas, capturas y logos de ScreenScraper
MOVIDO	emu/dos/images/Tag Team Wrestling-thumb.png	emu/MEDIA/DOS/images/Tag Team Wrestling-thumb.png	carátulas, capturas y logos de ScreenScraper
MOVIDO	emu/dos/images/Tapper-image.png	emu/MEDIA/DOS/images/Tapper-image.png	carátulas, capturas y logos de ScreenScraper
MOVIDO	emu/dos/images/Tapper-marquee.png	emu/MEDIA/DOS/images/Tapper-marquee.png	carátulas, capturas y logos de ScreenScraper
MOVIDO	emu/dos/images/Tapper-thumb.png	emu/MEDIA/DOS/images/Tapper-thumb.png	carátulas, capturas y logos de ScreenScraper
MOVIDO	emu/dos/images/Tass Times in Tonetown-image.png	emu/MEDIA/DOS/images/Tass Times in Tonetown-image.png	carátulas, capturas y logos de ScreenScraper
MOVIDO	emu/dos/images/Tass Times in Tonetown-marquee.png	emu/MEDIA/DOS/images/Tass Times in Tonetown-marquee.png	carátulas, capturas y logos de ScreenScraper
MOVIDO	emu/dos/images/Tass Times in Tonetown-thumb.png	emu/MEDIA/DOS/images/Tass Times in Tonetown-thumb.png	carátulas, capturas y logos de ScreenScraper
MOVIDO	emu/dos/images/Team Suzuki-image.png	emu/MEDIA/DOS/images/Team Suzuki-image.png	carátulas, capturas y logos de ScreenScraper
MOVIDO	emu/dos/images/Team Suzuki-marquee.png	emu/MEDIA/DOS/images/Team Suzuki-marquee.png	carátulas, capturas y logos de ScreenScraper
MOVIDO	emu/dos/images/Team Suzuki-thumb.png	emu/MEDIA/DOS/images/Team Suzuki-thumb.png	carátulas, capturas y logos de ScreenScraper
MOVIDO	emu/dos/images/Teenage Mutant Ninja Turtles 2 - The Arcade Game-image.png	emu/MEDIA/DOS/images/Teenage Mutant Ninja Turtles 2 - The Arcade Game-image.png	carátulas, capturas y logos de ScreenScraper
MOVIDO	emu/dos/images/Teenage Mutant Ninja Turtles 2 - The Arcade Game-thumb.png	emu/MEDIA/DOS/images/Teenage Mutant Ninja Turtles 2 - The Arcade Game-thumb.png	carátulas, capturas y logos de ScreenScraper
MOVIDO	emu/dos/images/Teenage Mutant Ninja Turtles-image.png	emu/MEDIA/DOS/images/Teenage Mutant Ninja Turtles-image.png	carátulas, capturas y logos de ScreenScraper
MOVIDO	emu/dos/images/Teenage Mutant Ninja Turtles-marquee.png	emu/MEDIA/DOS/images/Teenage Mutant Ninja Turtles-marquee.png	carátulas, capturas y logos de ScreenScraper
MOVIDO	emu/dos/images/Teenage Mutant Ninja Turtles-thumb.png	emu/MEDIA/DOS/images/Teenage Mutant Ninja Turtles-thumb.png	carátulas, capturas y logos de ScreenScraper
MOVIDO	emu/dos/images/Telengard-image.png	emu/MEDIA/DOS/images/Telengard-image.png	carátulas, capturas y logos de ScreenScraper
MOVIDO	emu/dos/images/Telengard-marquee.png	emu/MEDIA/DOS/images/Telengard-marquee.png	carátulas, capturas y logos de ScreenScraper
MOVIDO	emu/dos/images/Telengard-thumb.png	emu/MEDIA/DOS/images/Telengard-thumb.png	carátulas, capturas y logos de ScreenScraper
MOVIDO	emu/dos/images/Tempest 2000-image.png	emu/MEDIA/DOS/images/Tempest 2000-image.png	carátulas, capturas y logos de ScreenScraper
MOVIDO	emu/dos/images/Tempest 2000-marquee.png	emu/MEDIA/DOS/images/Tempest 2000-marquee.png	carátulas, capturas y logos de ScreenScraper
MOVIDO	emu/dos/images/Tempest 2000-thumb.png	emu/MEDIA/DOS/images/Tempest 2000-thumb.png	carátulas, capturas y logos de ScreenScraper
MOVIDO	emu/dos/images/Temple of Apshai Trilogy-image.png	emu/MEDIA/DOS/images/Temple of Apshai Trilogy-image.png	carátulas, capturas y logos de ScreenScraper
MOVIDO	emu/dos/images/Temple of Apshai Trilogy-marquee.png	emu/MEDIA/DOS/images/Temple of Apshai Trilogy-marquee.png	carátulas, capturas y logos de ScreenScraper
MOVIDO	emu/dos/images/Temple of Apshai Trilogy-thumb.png	emu/MEDIA/DOS/images/Temple of Apshai Trilogy-thumb.png	carátulas, capturas y logos de ScreenScraper
MOVIDO	emu/dos/images/Tennis Cup 2-image.png	emu/MEDIA/DOS/images/Tennis Cup 2-image.png	carátulas, capturas y logos de ScreenScraper
MOVIDO	emu/dos/images/Tennis Cup 2-marquee.png	emu/MEDIA/DOS/images/Tennis Cup 2-marquee.png	carátulas, capturas y logos de ScreenScraper
MOVIDO	emu/dos/images/Tennis Cup 2-thumb.png	emu/MEDIA/DOS/images/Tennis Cup 2-thumb.png	carátulas, capturas y logos de ScreenScraper
MOVIDO	emu/dos/images/Tennis Cup-image.png	emu/MEDIA/DOS/images/Tennis Cup-image.png	carátulas, capturas y logos de ScreenScraper
MOVIDO	emu/dos/images/Tennis Cup-marquee.png	emu/MEDIA/DOS/images/Tennis Cup-marquee.png	carátulas, capturas y logos de ScreenScraper
MOVIDO	emu/dos/images/Tennis Cup-thumb.png	emu/MEDIA/DOS/images/Tennis Cup-thumb.png	carátulas, capturas y logos de ScreenScraper
MOVIDO	emu/dos/images/Tennis PC-image.png	emu/MEDIA/DOS/images/Tennis PC-image.png	carátulas, capturas y logos de ScreenScraper
MOVIDO	emu/dos/images/Tennis PC-thumb.png	emu/MEDIA/DOS/images/Tennis PC-thumb.png	carátulas, capturas y logos de ScreenScraper
MOVIDO	emu/dos/images/Terminator 2 - The Judgment Day-image.png	emu/MEDIA/DOS/images/Terminator 2 - The Judgment Day-image.png	carátulas, capturas y logos de ScreenScraper
MOVIDO	emu/dos/images/Terminator 2 - The Judgment Day-marquee.png	emu/MEDIA/DOS/images/Terminator 2 - The Judgment Day-marquee.png	carátulas, capturas y logos de ScreenScraper
MOVIDO	emu/dos/images/Terminator 2 - The Judgment Day-thumb.png	emu/MEDIA/DOS/images/Terminator 2 - The Judgment Day-thumb.png	carátulas, capturas y logos de ScreenScraper
MOVIDO	emu/dos/images/Test Drive-image.png	emu/MEDIA/DOS/images/Test Drive-image.png	carátulas, capturas y logos de ScreenScraper
MOVIDO	emu/dos/images/Test Drive-marquee.png	emu/MEDIA/DOS/images/Test Drive-marquee.png	carátulas, capturas y logos de ScreenScraper
MOVIDO	emu/dos/images/Test Drive-thumb.png	emu/MEDIA/DOS/images/Test Drive-thumb.png	carátulas, capturas y logos de ScreenScraper
MOVIDO	emu/dos/images/Tetris Classic-image.png	emu/MEDIA/DOS/images/Tetris Classic-image.png	carátulas, capturas y logos de ScreenScraper
MOVIDO	emu/dos/images/Tetris Classic-thumb.png	emu/MEDIA/DOS/images/Tetris Classic-thumb.png	carátulas, capturas y logos de ScreenScraper
MOVIDO	emu/dos/images/Tetris-image.png	emu/MEDIA/DOS/images/Tetris-image.png	carátulas, capturas y logos de ScreenScraper
MOVIDO	emu/dos/images/Tetris-marquee.png	emu/MEDIA/DOS/images/Tetris-marquee.png	carátulas, capturas y logos de ScreenScraper
MOVIDO	emu/dos/images/Tetris-thumb.png	emu/MEDIA/DOS/images/Tetris-thumb.png	carátulas, capturas y logos de ScreenScraper
MOVIDO	emu/dos/images/The Adventures of Maddog Williams-image.png	emu/MEDIA/DOS/images/The Adventures of Maddog Williams-image.png	carátulas, capturas y logos de ScreenScraper
MOVIDO	emu/dos/images/The Adventures of Maddog Williams-marquee.png	emu/MEDIA/DOS/images/The Adventures of Maddog Williams-marquee.png	carátulas, capturas y logos de ScreenScraper
MOVIDO	emu/dos/images/The Adventures of Maddog Williams-thumb.png	emu/MEDIA/DOS/images/The Adventures of Maddog Williams-thumb.png	carátulas, capturas y logos de ScreenScraper
MOVIDO	emu/dos/images/The Alpine Encounter-image.png	emu/MEDIA/DOS/images/The Alpine Encounter-image.png	carátulas, capturas y logos de ScreenScraper
MOVIDO	emu/dos/images/The Alpine Encounter-marquee.png	emu/MEDIA/DOS/images/The Alpine Encounter-marquee.png	carátulas, capturas y logos de ScreenScraper
MOVIDO	emu/dos/images/The Alpine Encounter-thumb.png	emu/MEDIA/DOS/images/The Alpine Encounter-thumb.png	carátulas, capturas y logos de ScreenScraper
MOVIDO	emu/dos/images/The Amazing Spider-man-image.png	emu/MEDIA/DOS/images/The Amazing Spider-man-image.png	carátulas, capturas y logos de ScreenScraper
MOVIDO	emu/dos/images/The Amazing Spider-man-marquee.png	emu/MEDIA/DOS/images/The Amazing Spider-man-marquee.png	carátulas, capturas y logos de ScreenScraper
MOVIDO	emu/dos/images/The Amazing Spider-man-thumb.png	emu/MEDIA/DOS/images/The Amazing Spider-man-thumb.png	carátulas, capturas y logos de ScreenScraper
MOVIDO	emu/dos/images/The Beverly Hillbillies-image.png	emu/MEDIA/DOS/images/The Beverly Hillbillies-image.png	carátulas, capturas y logos de ScreenScraper
MOVIDO	emu/dos/images/The Beverly Hillbillies-marquee.png	emu/MEDIA/DOS/images/The Beverly Hillbillies-marquee.png	carátulas, capturas y logos de ScreenScraper
MOVIDO	emu/dos/images/The Beverly Hillbillies-thumb.png	emu/MEDIA/DOS/images/The Beverly Hillbillies-thumb.png	carátulas, capturas y logos de ScreenScraper
MOVIDO	emu/dos/images/The Black Cauldron-image.png	emu/MEDIA/DOS/images/The Black Cauldron-image.png	carátulas, capturas y logos de ScreenScraper
MOVIDO	emu/dos/images/The Black Cauldron-marquee.png	emu/MEDIA/DOS/images/The Black Cauldron-marquee.png	carátulas, capturas y logos de ScreenScraper
MOVIDO	emu/dos/images/The Black Cauldron-thumb.png	emu/MEDIA/DOS/images/The Black Cauldron-thumb.png	carátulas, capturas y logos de ScreenScraper
MOVIDO	emu/dos/images/The Bugs Bunny Hare-Brained Adventure-image.png	emu/MEDIA/DOS/images/The Bugs Bunny Hare-Brained Adventure-image.png	carátulas, capturas y logos de ScreenScraper
MOVIDO	emu/dos/images/The Bugs Bunny Hare-Brained Adventure-thumb.png	emu/MEDIA/DOS/images/The Bugs Bunny Hare-Brained Adventure-thumb.png	carátulas, capturas y logos de ScreenScraper
MOVIDO	emu/dos/images/The Chaos Engine-image.png	emu/MEDIA/DOS/images/The Chaos Engine-image.png	carátulas, capturas y logos de ScreenScraper
MOVIDO	emu/dos/images/The Chaos Engine-marquee.png	emu/MEDIA/DOS/images/The Chaos Engine-marquee.png	carátulas, capturas y logos de ScreenScraper
MOVIDO	emu/dos/images/The Chaos Engine-thumb.png	emu/MEDIA/DOS/images/The Chaos Engine-thumb.png	carátulas, capturas y logos de ScreenScraper
MOVIDO	emu/dos/images/The Civil War-image.png	emu/MEDIA/DOS/images/The Civil War-image.png	carátulas, capturas y logos de ScreenScraper
MOVIDO	emu/dos/images/The Civil War-thumb.png	emu/MEDIA/DOS/images/The Civil War-thumb.png	carátulas, capturas y logos de ScreenScraper
MOVIDO	emu/dos/images/The Clue!-image.png	emu/MEDIA/DOS/images/The Clue!-image.png	carátulas, capturas y logos de ScreenScraper
MOVIDO	emu/dos/images/The Clue!-marquee.png	emu/MEDIA/DOS/images/The Clue!-marquee.png	carátulas, capturas y logos de ScreenScraper
MOVIDO	emu/dos/images/The Clue!-thumb.png	emu/MEDIA/DOS/images/The Clue!-thumb.png	carátulas, capturas y logos de ScreenScraper
MOVIDO	emu/dos/images/The Dam Busters-image.png	emu/MEDIA/DOS/images/The Dam Busters-image.png	carátulas, capturas y logos de ScreenScraper
MOVIDO	emu/dos/images/The Dam Busters-marquee.png	emu/MEDIA/DOS/images/The Dam Busters-marquee.png	carátulas, capturas y logos de ScreenScraper
MOVIDO	emu/dos/images/The Dam Busters-thumb.png	emu/MEDIA/DOS/images/The Dam Busters-thumb.png	carátulas, capturas y logos de ScreenScraper
MOVIDO	emu/dos/images/The Dark Half-image.png	emu/MEDIA/DOS/images/The Dark Half-image.png	carátulas, capturas y logos de ScreenScraper
MOVIDO	emu/dos/images/The Dark Half-marquee.png	emu/MEDIA/DOS/images/The Dark Half-marquee.png	carátulas, capturas y logos de ScreenScraper
MOVIDO	emu/dos/images/The Dark Half-thumb.png	emu/MEDIA/DOS/images/The Dark Half-thumb.png	carátulas, capturas y logos de ScreenScraper
MOVIDO	emu/dos/images/The Dark Queen of Krynn-image.png	emu/MEDIA/DOS/images/The Dark Queen of Krynn-image.png	carátulas, capturas y logos de ScreenScraper
MOVIDO	emu/dos/images/The Dark Queen of Krynn-marquee.png	emu/MEDIA/DOS/images/The Dark Queen of Krynn-marquee.png	carátulas, capturas y logos de ScreenScraper
MOVIDO	emu/dos/images/The Dark Queen of Krynn-thumb.png	emu/MEDIA/DOS/images/The Dark Queen of Krynn-thumb.png	carátulas, capturas y logos de ScreenScraper
MOVIDO	emu/dos/images/The Dark heart of Uukrul-image.png	emu/MEDIA/DOS/images/The Dark heart of Uukrul-image.png	carátulas, capturas y logos de ScreenScraper
MOVIDO	emu/dos/images/The Dark heart of Uukrul-thumb.png	emu/MEDIA/DOS/images/The Dark heart of Uukrul-thumb.png	carátulas, capturas y logos de ScreenScraper
MOVIDO	emu/dos/images/The Even More Incredible Machine-image.png	emu/MEDIA/DOS/images/The Even More Incredible Machine-image.png	carátulas, capturas y logos de ScreenScraper
MOVIDO	emu/dos/images/The Even More Incredible Machine-marquee.png	emu/MEDIA/DOS/images/The Even More Incredible Machine-marquee.png	carátulas, capturas y logos de ScreenScraper
MOVIDO	emu/dos/images/The Even More Incredible Machine-thumb.png	emu/MEDIA/DOS/images/The Even More Incredible Machine-thumb.png	carátulas, capturas y logos de ScreenScraper
MOVIDO	emu/dos/images/The Final Conflict-image.png	emu/MEDIA/DOS/images/The Final Conflict-image.png	carátulas, capturas y logos de ScreenScraper
MOVIDO	emu/dos/images/The Final Conflict-thumb.png	emu/MEDIA/DOS/images/The Final Conflict-thumb.png	carátulas, capturas y logos de ScreenScraper
MOVIDO	emu/dos/images/The Fool's Errand-image.png	emu/MEDIA/DOS/images/The Fool's Errand-image.png	carátulas, capturas y logos de ScreenScraper
MOVIDO	emu/dos/images/The Fool's Errand-marquee.png	emu/MEDIA/DOS/images/The Fool's Errand-marquee.png	carátulas, capturas y logos de ScreenScraper
MOVIDO	emu/dos/images/The Fool's Errand-thumb.png	emu/MEDIA/DOS/images/The Fool's Errand-thumb.png	carátulas, capturas y logos de ScreenScraper
MOVIDO	emu/dos/images/The Gene Machine-image.png	emu/MEDIA/DOS/images/The Gene Machine-image.png	carátulas, capturas y logos de ScreenScraper
MOVIDO	emu/dos/images/The Gene Machine-thumb.png	emu/MEDIA/DOS/images/The Gene Machine-thumb.png	carátulas, capturas y logos de ScreenScraper
MOVIDO	emu/dos/images/The Great Escape-image.png	emu/MEDIA/DOS/images/The Great Escape-image.png	carátulas, capturas y logos de ScreenScraper
MOVIDO	emu/dos/images/The Great Escape-marquee.png	emu/MEDIA/DOS/images/The Great Escape-marquee.png	carátulas, capturas y logos de ScreenScraper
MOVIDO	emu/dos/images/The Great Escape-thumb.png	emu/MEDIA/DOS/images/The Great Escape-thumb.png	carátulas, capturas y logos de ScreenScraper
MOVIDO	emu/dos/images/The Guild of Thieves-image.png	emu/MEDIA/DOS/images/The Guild of Thieves-image.png	carátulas, capturas y logos de ScreenScraper
MOVIDO	emu/dos/images/The Guild of Thieves-marquee.png	emu/MEDIA/DOS/images/The Guild of Thieves-marquee.png	carátulas, capturas y logos de ScreenScraper
MOVIDO	emu/dos/images/The Guild of Thieves-thumb.png	emu/MEDIA/DOS/images/The Guild of Thieves-thumb.png	carátulas, capturas y logos de ScreenScraper
MOVIDO	emu/dos/images/The Hobbit-image.png	emu/MEDIA/DOS/images/The Hobbit-image.png	carátulas, capturas y logos de ScreenScraper
MOVIDO	emu/dos/images/The Hobbit-marquee.png	emu/MEDIA/DOS/images/The Hobbit-marquee.png	carátulas, capturas y logos de ScreenScraper
MOVIDO	emu/dos/images/The Hobbit-thumb.png	emu/MEDIA/DOS/images/The Hobbit-thumb.png	carátulas, capturas y logos de ScreenScraper
MOVIDO	emu/dos/images/The Holy Grail-image.png	emu/MEDIA/DOS/images/The Holy Grail-image.png	carátulas, capturas y logos de ScreenScraper
MOVIDO	emu/dos/images/The Holy Grail-thumb.png	emu/MEDIA/DOS/images/The Holy Grail-thumb.png	carátulas, capturas y logos de ScreenScraper
MOVIDO	emu/dos/images/The Horde-image.png	emu/MEDIA/DOS/images/The Horde-image.png	carátulas, capturas y logos de ScreenScraper
MOVIDO	emu/dos/images/The Horde-marquee.png	emu/MEDIA/DOS/images/The Horde-marquee.png	carátulas, capturas y logos de ScreenScraper
MOVIDO	emu/dos/images/The Horde-thumb.png	emu/MEDIA/DOS/images/The Horde-thumb.png	carátulas, capturas y logos de ScreenScraper
MOVIDO	emu/dos/images/The Hunt for Red October-image.png	emu/MEDIA/DOS/images/The Hunt for Red October-image.png	carátulas, capturas y logos de ScreenScraper
MOVIDO	emu/dos/images/The Hunt for Red October-marquee.png	emu/MEDIA/DOS/images/The Hunt for Red October-marquee.png	carátulas, capturas y logos de ScreenScraper
MOVIDO	emu/dos/images/The Hunt for Red October-thumb.png	emu/MEDIA/DOS/images/The Hunt for Red October-thumb.png	carátulas, capturas y logos de ScreenScraper
MOVIDO	emu/dos/images/The Immortal-image.png	emu/MEDIA/DOS/images/The Immortal-image.png	carátulas, capturas y logos de ScreenScraper
MOVIDO	emu/dos/images/The Immortal-marquee.png	emu/MEDIA/DOS/images/The Immortal-marquee.png	carátulas, capturas y logos de ScreenScraper
MOVIDO	emu/dos/images/The Immortal-thumb.png	emu/MEDIA/DOS/images/The Immortal-thumb.png	carátulas, capturas y logos de ScreenScraper
MOVIDO	emu/dos/images/The Incredible Machine-image.png	emu/MEDIA/DOS/images/The Incredible Machine-image.png	carátulas, capturas y logos de ScreenScraper
MOVIDO	emu/dos/images/The Incredible Machine-marquee.png	emu/MEDIA/DOS/images/The Incredible Machine-marquee.png	carátulas, capturas y logos de ScreenScraper
MOVIDO	emu/dos/images/The Incredible Machine-thumb.png	emu/MEDIA/DOS/images/The Incredible Machine-thumb.png	carátulas, capturas y logos de ScreenScraper
MOVIDO	emu/dos/images/The Keys to Maramon-image.png	emu/MEDIA/DOS/images/The Keys to Maramon-image.png	carátulas, capturas y logos de ScreenScraper
MOVIDO	emu/dos/images/The Keys to Maramon-marquee.png	emu/MEDIA/DOS/images/The Keys to Maramon-marquee.png	carátulas, capturas y logos de ScreenScraper
MOVIDO	emu/dos/images/The Keys to Maramon-thumb.png	emu/MEDIA/DOS/images/The Keys to Maramon-thumb.png	carátulas, capturas y logos de ScreenScraper
MOVIDO	emu/dos/images/The King of Chicago-image.png	emu/MEDIA/DOS/images/The King of Chicago-image.png	carátulas, capturas y logos de ScreenScraper
MOVIDO	emu/dos/images/The King of Chicago-marquee.png	emu/MEDIA/DOS/images/The King of Chicago-marquee.png	carátulas, capturas y logos de ScreenScraper
MOVIDO	emu/dos/images/The King of Chicago-thumb.png	emu/MEDIA/DOS/images/The King of Chicago-thumb.png	carátulas, capturas y logos de ScreenScraper
MOVIDO	emu/dos/images/The Last Mission-image.png	emu/MEDIA/DOS/images/The Last Mission-image.png	carátulas, capturas y logos de ScreenScraper
MOVIDO	emu/dos/images/The Last Mission-thumb.png	emu/MEDIA/DOS/images/The Last Mission-thumb.png	carátulas, capturas y logos de ScreenScraper
MOVIDO	emu/dos/images/The Lion King-image.png	emu/MEDIA/DOS/images/The Lion King-image.png	carátulas, capturas y logos de ScreenScraper
MOVIDO	emu/dos/images/The Lion King-marquee.png	emu/MEDIA/DOS/images/The Lion King-marquee.png	carátulas, capturas y logos de ScreenScraper
MOVIDO	emu/dos/images/The Lion King-thumb.png	emu/MEDIA/DOS/images/The Lion King-thumb.png	carátulas, capturas y logos de ScreenScraper
MOVIDO	emu/dos/images/The Lost Admiral-image.png	emu/MEDIA/DOS/images/The Lost Admiral-image.png	carátulas, capturas y logos de ScreenScraper
MOVIDO	emu/dos/images/The Lost Admiral-thumb.png	emu/MEDIA/DOS/images/The Lost Admiral-thumb.png	carátulas, capturas y logos de ScreenScraper
MOVIDO	emu/dos/images/The Lost Dutchman Mine-image.png	emu/MEDIA/DOS/images/The Lost Dutchman Mine-image.png	carátulas, capturas y logos de ScreenScraper
MOVIDO	emu/dos/images/The Lost Dutchman Mine-marquee.png	emu/MEDIA/DOS/images/The Lost Dutchman Mine-marquee.png	carátulas, capturas y logos de ScreenScraper
MOVIDO	emu/dos/images/The Lost Dutchman Mine-thumb.png	emu/MEDIA/DOS/images/The Lost Dutchman Mine-thumb.png	carátulas, capturas y logos de ScreenScraper
MOVIDO	emu/dos/images/The Lost Tribe-image.png	emu/MEDIA/DOS/images/The Lost Tribe-image.png	carátulas, capturas y logos de ScreenScraper
MOVIDO	emu/dos/images/The Lost Tribe-thumb.png	emu/MEDIA/DOS/images/The Lost Tribe-thumb.png	carátulas, capturas y logos de ScreenScraper
MOVIDO	emu/dos/images/The Lost Vikings-image.png	emu/MEDIA/DOS/images/The Lost Vikings-image.png	carátulas, capturas y logos de ScreenScraper
MOVIDO	emu/dos/images/The Lost Vikings-marquee.png	emu/MEDIA/DOS/images/The Lost Vikings-marquee.png	carátulas, capturas y logos de ScreenScraper
MOVIDO	emu/dos/images/The Lost Vikings-thumb.png	emu/MEDIA/DOS/images/The Lost Vikings-thumb.png	carátulas, capturas y logos de ScreenScraper
MOVIDO	emu/dos/images/The Lurking Horror-image.png	emu/MEDIA/DOS/images/The Lurking Horror-image.png	carátulas, capturas y logos de ScreenScraper
MOVIDO	emu/dos/images/The Lurking Horror-marquee.png	emu/MEDIA/DOS/images/The Lurking Horror-marquee.png	carátulas, capturas y logos de ScreenScraper
MOVIDO	emu/dos/images/The Lurking Horror-thumb.png	emu/MEDIA/DOS/images/The Lurking Horror-thumb.png	carátulas, capturas y logos de ScreenScraper
MOVIDO	emu/dos/images/The Oregon Trail-image.png	emu/MEDIA/DOS/images/The Oregon Trail-image.png	carátulas, capturas y logos de ScreenScraper
MOVIDO	emu/dos/images/The Oregon Trail-marquee.png	emu/MEDIA/DOS/images/The Oregon Trail-marquee.png	carátulas, capturas y logos de ScreenScraper
MOVIDO	emu/dos/images/The Oregon Trail-thumb.png	emu/MEDIA/DOS/images/The Oregon Trail-thumb.png	carátulas, capturas y logos de ScreenScraper
MOVIDO	emu/dos/images/The Patrician-image.png	emu/MEDIA/DOS/images/The Patrician-image.png	carátulas, capturas y logos de ScreenScraper
MOVIDO	emu/dos/images/The Patrician-marquee.png	emu/MEDIA/DOS/images/The Patrician-marquee.png	carátulas, capturas y logos de ScreenScraper
MOVIDO	emu/dos/images/The Patrician-thumb.png	emu/MEDIA/DOS/images/The Patrician-thumb.png	carátulas, capturas y logos de ScreenScraper
MOVIDO	emu/dos/images/The Pawn-image.png	emu/MEDIA/DOS/images/The Pawn-image.png	carátulas, capturas y logos de ScreenScraper
MOVIDO	emu/dos/images/The Pawn-marquee.png	emu/MEDIA/DOS/images/The Pawn-marquee.png	carátulas, capturas y logos de ScreenScraper
MOVIDO	emu/dos/images/The Pawn-thumb.png	emu/MEDIA/DOS/images/The Pawn-thumb.png	carátulas, capturas y logos de ScreenScraper
MOVIDO	emu/dos/images/The Punisher-image.png	emu/MEDIA/DOS/images/The Punisher-image.png	carátulas, capturas y logos de ScreenScraper
MOVIDO	emu/dos/images/The Punisher-thumb.png	emu/MEDIA/DOS/images/The Punisher-thumb.png	carátulas, capturas y logos de ScreenScraper
MOVIDO	emu/dos/images/The Scoop-image.png	emu/MEDIA/DOS/images/The Scoop-image.png	carátulas, capturas y logos de ScreenScraper
MOVIDO	emu/dos/images/The Scoop-thumb.png	emu/MEDIA/DOS/images/The Scoop-thumb.png	carátulas, capturas y logos de ScreenScraper
MOVIDO	emu/dos/images/The Scrabble-image.png	emu/MEDIA/DOS/images/The Scrabble-image.png	carátulas, capturas y logos de ScreenScraper
MOVIDO	emu/dos/images/The Scrabble-thumb.png	emu/MEDIA/DOS/images/The Scrabble-thumb.png	carátulas, capturas y logos de ScreenScraper
MOVIDO	emu/dos/images/The Sentinel-image.png	emu/MEDIA/DOS/images/The Sentinel-image.png	carátulas, capturas y logos de ScreenScraper
MOVIDO	emu/dos/images/The Sentinel-marquee.png	emu/MEDIA/DOS/images/The Sentinel-marquee.png	carátulas, capturas y logos de ScreenScraper
MOVIDO	emu/dos/images/The Sentinel-thumb.png	emu/MEDIA/DOS/images/The Sentinel-thumb.png	carátulas, capturas y logos de ScreenScraper
MOVIDO	emu/dos/images/The Simpsons - Bart vs. The Space Mutants-image.png	emu/MEDIA/DOS/images/The Simpsons - Bart vs. The Space Mutants-image.png	carátulas, capturas y logos de ScreenScraper
MOVIDO	emu/dos/images/The Simpsons - Bart vs. The Space Mutants-marquee.png	emu/MEDIA/DOS/images/The Simpsons - Bart vs. The Space Mutants-marquee.png	carátulas, capturas y logos de ScreenScraper
MOVIDO	emu/dos/images/The Simpsons - Bart vs. The Space Mutants-thumb.png	emu/MEDIA/DOS/images/The Simpsons - Bart vs. The Space Mutants-thumb.png	carátulas, capturas y logos de ScreenScraper
MOVIDO	emu/dos/images/The Slugger-image.png	emu/MEDIA/DOS/images/The Slugger-image.png	carátulas, capturas y logos de ScreenScraper
MOVIDO	emu/dos/images/The Slugger-marquee.png	emu/MEDIA/DOS/images/The Slugger-marquee.png	carátulas, capturas y logos de ScreenScraper
MOVIDO	emu/dos/images/The Slugger-thumb.png	emu/MEDIA/DOS/images/The Slugger-thumb.png	carátulas, capturas y logos de ScreenScraper
MOVIDO	emu/dos/images/The Third Courier-image.png	emu/MEDIA/DOS/images/The Third Courier-image.png	carátulas, capturas y logos de ScreenScraper
MOVIDO	emu/dos/images/The Third Courier-thumb.png	emu/MEDIA/DOS/images/The Third Courier-thumb.png	carátulas, capturas y logos de ScreenScraper
MOVIDO	emu/dos/images/The Universal Military Simulator (UMS)-image.png	emu/MEDIA/DOS/images/The Universal Military Simulator (UMS)-image.png	carátulas, capturas y logos de ScreenScraper
MOVIDO	emu/dos/images/The Universal Military Simulator (UMS)-marquee.png	emu/MEDIA/DOS/images/The Universal Military Simulator (UMS)-marquee.png	carátulas, capturas y logos de ScreenScraper
MOVIDO	emu/dos/images/The Universal Military Simulator (UMS)-thumb.png	emu/MEDIA/DOS/images/The Universal Military Simulator (UMS)-thumb.png	carátulas, capturas y logos de ScreenScraper
MOVIDO	emu/dos/images/The Warp Factor-image.png	emu/MEDIA/DOS/images/The Warp Factor-image.png	carátulas, capturas y logos de ScreenScraper
MOVIDO	emu/dos/images/The Warp Factor-thumb.png	emu/MEDIA/DOS/images/The Warp Factor-thumb.png	carátulas, capturas y logos de ScreenScraper
MOVIDO	emu/dos/images/The four crystals of Trazere-image.png	emu/MEDIA/DOS/images/The four crystals of Trazere-image.png	carátulas, capturas y logos de ScreenScraper
MOVIDO	emu/dos/images/The four crystals of Trazere-thumb.png	emu/MEDIA/DOS/images/The four crystals of Trazere-thumb.png	carátulas, capturas y logos de ScreenScraper
MOVIDO	emu/dos/images/Theatre of Death-image.png	emu/MEDIA/DOS/images/Theatre of Death-image.png	carátulas, capturas y logos de ScreenScraper
MOVIDO	emu/dos/images/Theatre of Death-marquee.png	emu/MEDIA/DOS/images/Theatre of Death-marquee.png	carátulas, capturas y logos de ScreenScraper
MOVIDO	emu/dos/images/Theatre of Death-thumb.png	emu/MEDIA/DOS/images/Theatre of Death-thumb.png	carátulas, capturas y logos de ScreenScraper
MOVIDO	emu/dos/images/Thexder-image.png	emu/MEDIA/DOS/images/Thexder-image.png	carátulas, capturas y logos de ScreenScraper
MOVIDO	emu/dos/images/Thexder-marquee.png	emu/MEDIA/DOS/images/Thexder-marquee.png	carátulas, capturas y logos de ScreenScraper
MOVIDO	emu/dos/images/Thexder-thumb.png	emu/MEDIA/DOS/images/Thexder-thumb.png	carátulas, capturas y logos de ScreenScraper
MOVIDO	emu/dos/images/Tie Break-image.png	emu/MEDIA/DOS/images/Tie Break-image.png	carátulas, capturas y logos de ScreenScraper
MOVIDO	emu/dos/images/Tie Break-marquee.png	emu/MEDIA/DOS/images/Tie Break-marquee.png	carátulas, capturas y logos de ScreenScraper
MOVIDO	emu/dos/images/Tie Break-thumb.png	emu/MEDIA/DOS/images/Tie Break-thumb.png	carátulas, capturas y logos de ScreenScraper
MOVIDO	emu/dos/images/Time Bandit-image.png	emu/MEDIA/DOS/images/Time Bandit-image.png	carátulas, capturas y logos de ScreenScraper
MOVIDO	emu/dos/images/Time Bandit-marquee.png	emu/MEDIA/DOS/images/Time Bandit-marquee.png	carátulas, capturas y logos de ScreenScraper
MOVIDO	emu/dos/images/Time Bandit-thumb.png	emu/MEDIA/DOS/images/Time Bandit-thumb.png	carátulas, capturas y logos de ScreenScraper
MOVIDO	emu/dos/images/Time Riders in American History-image.png	emu/MEDIA/DOS/images/Time Riders in American History-image.png	carátulas, capturas y logos de ScreenScraper
MOVIDO	emu/dos/images/Time Riders in American History-thumb.png	emu/MEDIA/DOS/images/Time Riders in American History-thumb.png	carátulas, capturas y logos de ScreenScraper
MOVIDO	emu/dos/images/Times of Lore-image.png	emu/MEDIA/DOS/images/Times of Lore-image.png	carátulas, capturas y logos de ScreenScraper
MOVIDO	emu/dos/images/Times of Lore-marquee.png	emu/MEDIA/DOS/images/Times of Lore-marquee.png	carátulas, capturas y logos de ScreenScraper
MOVIDO	emu/dos/images/Times of Lore-thumb.png	emu/MEDIA/DOS/images/Times of Lore-thumb.png	carátulas, capturas y logos de ScreenScraper
MOVIDO	emu/dos/images/Tintin on the Moon-image.png	emu/MEDIA/DOS/images/Tintin on the Moon-image.png	carátulas, capturas y logos de ScreenScraper
MOVIDO	emu/dos/images/Tintin on the Moon-marquee.png	emu/MEDIA/DOS/images/Tintin on the Moon-marquee.png	carátulas, capturas y logos de ScreenScraper
MOVIDO	emu/dos/images/Tintin on the Moon-thumb.png	emu/MEDIA/DOS/images/Tintin on the Moon-thumb.png	carátulas, capturas y logos de ScreenScraper
MOVIDO	emu/dos/images/Tom & Jerry-image.png	emu/MEDIA/DOS/images/Tom & Jerry-image.png	carátulas, capturas y logos de ScreenScraper
MOVIDO	emu/dos/images/Tom & Jerry-marquee.png	emu/MEDIA/DOS/images/Tom & Jerry-marquee.png	carátulas, capturas y logos de ScreenScraper
MOVIDO	emu/dos/images/Tom & Jerry-thumb.png	emu/MEDIA/DOS/images/Tom & Jerry-thumb.png	carátulas, capturas y logos de ScreenScraper
MOVIDO	emu/dos/images/Tomahawk-image.png	emu/MEDIA/DOS/images/Tomahawk-image.png	carátulas, capturas y logos de ScreenScraper
MOVIDO	emu/dos/images/Tomahawk-marquee.png	emu/MEDIA/DOS/images/Tomahawk-marquee.png	carátulas, capturas y logos de ScreenScraper
MOVIDO	emu/dos/images/Tomahawk-thumb.png	emu/MEDIA/DOS/images/Tomahawk-thumb.png	carátulas, capturas y logos de ScreenScraper
MOVIDO	emu/dos/images/Top Gun-image.png	emu/MEDIA/DOS/images/Top Gun-image.png	carátulas, capturas y logos de ScreenScraper
MOVIDO	emu/dos/images/Top Gun-marquee.png	emu/MEDIA/DOS/images/Top Gun-marquee.png	carátulas, capturas y logos de ScreenScraper
MOVIDO	emu/dos/images/Top Gun-thumb.png	emu/MEDIA/DOS/images/Top Gun-thumb.png	carátulas, capturas y logos de ScreenScraper
MOVIDO	emu/dos/images/Total Eclipse-image.png	emu/MEDIA/DOS/images/Total Eclipse-image.png	carátulas, capturas y logos de ScreenScraper
MOVIDO	emu/dos/images/Total Eclipse-marquee.png	emu/MEDIA/DOS/images/Total Eclipse-marquee.png	carátulas, capturas y logos de ScreenScraper
MOVIDO	emu/dos/images/Total Eclipse-thumb.png	emu/MEDIA/DOS/images/Total Eclipse-thumb.png	carátulas, capturas y logos de ScreenScraper
MOVIDO	emu/dos/images/Toyota Celica GT Rally-image.png	emu/MEDIA/DOS/images/Toyota Celica GT Rally-image.png	carátulas, capturas y logos de ScreenScraper
MOVIDO	emu/dos/images/Toyota Celica GT Rally-marquee.png	emu/MEDIA/DOS/images/Toyota Celica GT Rally-marquee.png	carátulas, capturas y logos de ScreenScraper
MOVIDO	emu/dos/images/Toyota Celica GT Rally-thumb.png	emu/MEDIA/DOS/images/Toyota Celica GT Rally-thumb.png	carátulas, capturas y logos de ScreenScraper
MOVIDO	emu/dos/images/Traffic Department 2192-image.png	emu/MEDIA/DOS/images/Traffic Department 2192-image.png	carátulas, capturas y logos de ScreenScraper
MOVIDO	emu/dos/images/Traffic Department 2192-marquee.png	emu/MEDIA/DOS/images/Traffic Department 2192-marquee.png	carátulas, capturas y logos de ScreenScraper
MOVIDO	emu/dos/images/Traffic Department 2192-thumb.png	emu/MEDIA/DOS/images/Traffic Department 2192-thumb.png	carátulas, capturas y logos de ScreenScraper
MOVIDO	emu/dos/images/Trains-image.png	emu/MEDIA/DOS/images/Trains-image.png	carátulas, capturas y logos de ScreenScraper
MOVIDO	emu/dos/images/Trains-marquee.png	emu/MEDIA/DOS/images/Trains-marquee.png	carátulas, capturas y logos de ScreenScraper
MOVIDO	emu/dos/images/Trains-thumb.png	emu/MEDIA/DOS/images/Trains-thumb.png	carátulas, capturas y logos de ScreenScraper
MOVIDO	emu/dos/images/Transarctica-image.png	emu/MEDIA/DOS/images/Transarctica-image.png	carátulas, capturas y logos de ScreenScraper
MOVIDO	emu/dos/images/Transarctica-marquee.png	emu/MEDIA/DOS/images/Transarctica-marquee.png	carátulas, capturas y logos de ScreenScraper
MOVIDO	emu/dos/images/Transarctica-thumb.png	emu/MEDIA/DOS/images/Transarctica-thumb.png	carátulas, capturas y logos de ScreenScraper
MOVIDO	emu/dos/images/Transport Tycoon Deluxe (for Windows)-image.png	emu/MEDIA/DOS/images/Transport Tycoon Deluxe (for Windows)-image.png	carátulas, capturas y logos de ScreenScraper
MOVIDO	emu/dos/images/Transport Tycoon Deluxe (for Windows)-marquee.png	emu/MEDIA/DOS/images/Transport Tycoon Deluxe (for Windows)-marquee.png	carátulas, capturas y logos de ScreenScraper
MOVIDO	emu/dos/images/Transport Tycoon Deluxe (for Windows)-thumb.png	emu/MEDIA/DOS/images/Transport Tycoon Deluxe (for Windows)-thumb.png	carátulas, capturas y logos de ScreenScraper
MOVIDO	emu/dos/images/Transport Tycoon-image.png	emu/MEDIA/DOS/images/Transport Tycoon-image.png	carátulas, capturas y logos de ScreenScraper
MOVIDO	emu/dos/images/Transport Tycoon-marquee.png	emu/MEDIA/DOS/images/Transport Tycoon-marquee.png	carátulas, capturas y logos de ScreenScraper
MOVIDO	emu/dos/images/Transport Tycoon-thumb.png	emu/MEDIA/DOS/images/Transport Tycoon-thumb.png	carátulas, capturas y logos de ScreenScraper
MOVIDO	emu/dos/images/Treasure Island-image.png	emu/MEDIA/DOS/images/Treasure Island-image.png	carátulas, capturas y logos de ScreenScraper
MOVIDO	emu/dos/images/Treasure Island-marquee.png	emu/MEDIA/DOS/images/Treasure Island-marquee.png	carátulas, capturas y logos de ScreenScraper
MOVIDO	emu/dos/images/Treasure Island-thumb.png	emu/MEDIA/DOS/images/Treasure Island-thumb.png	carátulas, capturas y logos de ScreenScraper
MOVIDO	emu/dos/images/Treasure Trap-image.png	emu/MEDIA/DOS/images/Treasure Trap-image.png	carátulas, capturas y logos de ScreenScraper
MOVIDO	emu/dos/images/Treasure Trap-marquee.png	emu/MEDIA/DOS/images/Treasure Trap-marquee.png	carátulas, capturas y logos de ScreenScraper
MOVIDO	emu/dos/images/Treasure Trap-thumb.png	emu/MEDIA/DOS/images/Treasure Trap-thumb.png	carátulas, capturas y logos de ScreenScraper
MOVIDO	emu/dos/images/Trinity-image.png	emu/MEDIA/DOS/images/Trinity-image.png	carátulas, capturas y logos de ScreenScraper
MOVIDO	emu/dos/images/Trinity-marquee.png	emu/MEDIA/DOS/images/Trinity-marquee.png	carátulas, capturas y logos de ScreenScraper
MOVIDO	emu/dos/images/Trinity-thumb.png	emu/MEDIA/DOS/images/Trinity-thumb.png	carátulas, capturas y logos de ScreenScraper
MOVIDO	emu/dos/images/Trog!-image.png	emu/MEDIA/DOS/images/Trog!-image.png	carátulas, capturas y logos de ScreenScraper
MOVIDO	emu/dos/images/Trog!-marquee.png	emu/MEDIA/DOS/images/Trog!-marquee.png	carátulas, capturas y logos de ScreenScraper
MOVIDO	emu/dos/images/Trog!-thumb.png	emu/MEDIA/DOS/images/Trog!-thumb.png	carátulas, capturas y logos de ScreenScraper
MOVIDO	emu/dos/images/Troll's Tale-image.png	emu/MEDIA/DOS/images/Troll's Tale-image.png	carátulas, capturas y logos de ScreenScraper
MOVIDO	emu/dos/images/Troll's Tale-marquee.png	emu/MEDIA/DOS/images/Troll's Tale-marquee.png	carátulas, capturas y logos de ScreenScraper
MOVIDO	emu/dos/images/Troll's Tale-thumb.png	emu/MEDIA/DOS/images/Troll's Tale-thumb.png	carátulas, capturas y logos de ScreenScraper
MOVIDO	emu/dos/images/Trolls-image.png	emu/MEDIA/DOS/images/Trolls-image.png	carátulas, capturas y logos de ScreenScraper
MOVIDO	emu/dos/images/Trolls-marquee.png	emu/MEDIA/DOS/images/Trolls-marquee.png	carátulas, capturas y logos de ScreenScraper
MOVIDO	emu/dos/images/Trolls-thumb.png	emu/MEDIA/DOS/images/Trolls-thumb.png	carátulas, capturas y logos de ScreenScraper
MOVIDO	emu/dos/images/Tubular Worlds-image.png	emu/MEDIA/DOS/images/Tubular Worlds-image.png	carátulas, capturas y logos de ScreenScraper
MOVIDO	emu/dos/images/Tubular Worlds-thumb.png	emu/MEDIA/DOS/images/Tubular Worlds-thumb.png	carátulas, capturas y logos de ScreenScraper
MOVIDO	emu/dos/images/Tunnels of Armageddon-image.png	emu/MEDIA/DOS/images/Tunnels of Armageddon-image.png	carátulas, capturas y logos de ScreenScraper
MOVIDO	emu/dos/images/Tunnels of Armageddon-marquee.png	emu/MEDIA/DOS/images/Tunnels of Armageddon-marquee.png	carátulas, capturas y logos de ScreenScraper
MOVIDO	emu/dos/images/Tunnels of Armageddon-thumb.png	emu/MEDIA/DOS/images/Tunnels of Armageddon-thumb.png	carátulas, capturas y logos de ScreenScraper
MOVIDO	emu/dos/images/Turbo Cup-image.png	emu/MEDIA/DOS/images/Turbo Cup-image.png	carátulas, capturas y logos de ScreenScraper
MOVIDO	emu/dos/images/Turbo Cup-marquee.png	emu/MEDIA/DOS/images/Turbo Cup-marquee.png	carátulas, capturas y logos de ScreenScraper
MOVIDO	emu/dos/images/Turbo Cup-thumb.png	emu/MEDIA/DOS/images/Turbo Cup-thumb.png	carátulas, capturas y logos de ScreenScraper
MOVIDO	emu/dos/images/Turbo Outrun-image.png	emu/MEDIA/DOS/images/Turbo Outrun-image.png	carátulas, capturas y logos de ScreenScraper
MOVIDO	emu/dos/images/Turbo Outrun-marquee.png	emu/MEDIA/DOS/images/Turbo Outrun-marquee.png	carátulas, capturas y logos de ScreenScraper
MOVIDO	emu/dos/images/Turbo Outrun-thumb.png	emu/MEDIA/DOS/images/Turbo Outrun-thumb.png	carátulas, capturas y logos de ScreenScraper
MOVIDO	emu/dos/images/Twilight Zone-image.png	emu/MEDIA/DOS/images/Twilight Zone-image.png	carátulas, capturas y logos de ScreenScraper
MOVIDO	emu/dos/images/Twilight Zone-marquee.png	emu/MEDIA/DOS/images/Twilight Zone-marquee.png	carátulas, capturas y logos de ScreenScraper
MOVIDO	emu/dos/images/Twilight Zone-thumb.png	emu/MEDIA/DOS/images/Twilight Zone-thumb.png	carátulas, capturas y logos de ScreenScraper
MOVIDO	emu/dos/images/Typhoon of Steel-image.png	emu/MEDIA/DOS/images/Typhoon of Steel-image.png	carátulas, capturas y logos de ScreenScraper
MOVIDO	emu/dos/images/Typhoon of Steel-marquee.png	emu/MEDIA/DOS/images/Typhoon of Steel-marquee.png	carátulas, capturas y logos de ScreenScraper
MOVIDO	emu/dos/images/Typhoon of Steel-thumb.png	emu/MEDIA/DOS/images/Typhoon of Steel-thumb.png	carátulas, capturas y logos de ScreenScraper
MOVIDO	emu/dos/images/Tyrian 2000-image.png	emu/MEDIA/DOS/images/Tyrian 2000-image.png	carátulas, capturas y logos de ScreenScraper
MOVIDO	emu/dos/images/Tyrian 2000-marquee.png	emu/MEDIA/DOS/images/Tyrian 2000-marquee.png	carátulas, capturas y logos de ScreenScraper
MOVIDO	emu/dos/images/Tyrian 2000-thumb.png	emu/MEDIA/DOS/images/Tyrian 2000-thumb.png	carátulas, capturas y logos de ScreenScraper
MOVIDO	emu/dos/images/UFO - Enemy Unknown-image.png	emu/MEDIA/DOS/images/UFO - Enemy Unknown-image.png	carátulas, capturas y logos de ScreenScraper
MOVIDO	emu/dos/images/UFO - Enemy Unknown-marquee.png	emu/MEDIA/DOS/images/UFO - Enemy Unknown-marquee.png	carátulas, capturas y logos de ScreenScraper
MOVIDO	emu/dos/images/UFO - Enemy Unknown-thumb.png	emu/MEDIA/DOS/images/UFO - Enemy Unknown-thumb.png	carátulas, capturas y logos de ScreenScraper
MOVIDO	emu/dos/images/UMS II - Nations at War-image.png	emu/MEDIA/DOS/images/UMS II - Nations at War-image.png	carátulas, capturas y logos de ScreenScraper
MOVIDO	emu/dos/images/UMS II - Nations at War-marquee.png	emu/MEDIA/DOS/images/UMS II - Nations at War-marquee.png	carátulas, capturas y logos de ScreenScraper
MOVIDO	emu/dos/images/UMS II - Nations at War-thumb.png	emu/MEDIA/DOS/images/UMS II - Nations at War-thumb.png	carátulas, capturas y logos de ScreenScraper
MOVIDO	emu/dos/images/Ugh!-image.png	emu/MEDIA/DOS/images/Ugh!-image.png	carátulas, capturas y logos de ScreenScraper
MOVIDO	emu/dos/images/Ugh!-marquee.png	emu/MEDIA/DOS/images/Ugh!-marquee.png	carátulas, capturas y logos de ScreenScraper
MOVIDO	emu/dos/images/Ugh!-thumb.png	emu/MEDIA/DOS/images/Ugh!-thumb.png	carátulas, capturas y logos de ScreenScraper
MOVIDO	emu/dos/images/Ultima - Worlds of Adventure 2 - Martian Dreams-image.png	emu/MEDIA/DOS/images/Ultima - Worlds of Adventure 2 - Martian Dreams-image.png	carátulas, capturas y logos de ScreenScraper
MOVIDO	emu/dos/images/Ultima - Worlds of Adventure 2 - Martian Dreams-marquee.png	emu/MEDIA/DOS/images/Ultima - Worlds of Adventure 2 - Martian Dreams-marquee.png	carátulas, capturas y logos de ScreenScraper
MOVIDO	emu/dos/images/Ultima - Worlds of Adventure 2 - Martian Dreams-thumb.png	emu/MEDIA/DOS/images/Ultima - Worlds of Adventure 2 - Martian Dreams-thumb.png	carátulas, capturas y logos de ScreenScraper
MOVIDO	emu/dos/images/Ultima Underworld - The Stygian Abyss-image.png	emu/MEDIA/DOS/images/Ultima Underworld - The Stygian Abyss-image.png	carátulas, capturas y logos de ScreenScraper
MOVIDO	emu/dos/images/Ultima Underworld - The Stygian Abyss-marquee.png	emu/MEDIA/DOS/images/Ultima Underworld - The Stygian Abyss-marquee.png	carátulas, capturas y logos de ScreenScraper
MOVIDO	emu/dos/images/Ultima Underworld - The Stygian Abyss-thumb.png	emu/MEDIA/DOS/images/Ultima Underworld - The Stygian Abyss-thumb.png	carátulas, capturas y logos de ScreenScraper
MOVIDO	emu/dos/images/Ultima Underworld 2 - Labyrinth of Worlds-image.png	emu/MEDIA/DOS/images/Ultima Underworld 2 - Labyrinth of Worlds-image.png	carátulas, capturas y logos de ScreenScraper
MOVIDO	emu/dos/images/Ultima Underworld 2 - Labyrinth of Worlds-marquee.png	emu/MEDIA/DOS/images/Ultima Underworld 2 - Labyrinth of Worlds-marquee.png	carátulas, capturas y logos de ScreenScraper
MOVIDO	emu/dos/images/Ultima Underworld 2 - Labyrinth of Worlds-thumb.png	emu/MEDIA/DOS/images/Ultima Underworld 2 - Labyrinth of Worlds-thumb.png	carátulas, capturas y logos de ScreenScraper
MOVIDO	emu/dos/images/Ultima V - Warriors of Destiny-image.png	emu/MEDIA/DOS/images/Ultima V - Warriors of Destiny-image.png	carátulas, capturas y logos de ScreenScraper
MOVIDO	emu/dos/images/Ultima V - Warriors of Destiny-marquee.png	emu/MEDIA/DOS/images/Ultima V - Warriors of Destiny-marquee.png	carátulas, capturas y logos de ScreenScraper
MOVIDO	emu/dos/images/Ultima V - Warriors of Destiny-thumb.png	emu/MEDIA/DOS/images/Ultima V - Warriors of Destiny-thumb.png	carátulas, capturas y logos de ScreenScraper
MOVIDO	emu/dos/images/Ultima VI - The False Prophet-image.png	emu/MEDIA/DOS/images/Ultima VI - The False Prophet-image.png	carátulas, capturas y logos de ScreenScraper
MOVIDO	emu/dos/images/Ultima VI - The False Prophet-marquee.png	emu/MEDIA/DOS/images/Ultima VI - The False Prophet-marquee.png	carátulas, capturas y logos de ScreenScraper
MOVIDO	emu/dos/images/Ultima VI - The False Prophet-thumb.png	emu/MEDIA/DOS/images/Ultima VI - The False Prophet-thumb.png	carátulas, capturas y logos de ScreenScraper
MOVIDO	emu/dos/images/Uncharted Waters 2 - New Horizons-image.png	emu/MEDIA/DOS/images/Uncharted Waters 2 - New Horizons-image.png	carátulas, capturas y logos de ScreenScraper
MOVIDO	emu/dos/images/Uncharted Waters 2 - New Horizons-marquee.png	emu/MEDIA/DOS/images/Uncharted Waters 2 - New Horizons-marquee.png	carátulas, capturas y logos de ScreenScraper
MOVIDO	emu/dos/images/Uncharted Waters 2 - New Horizons-thumb.png	emu/MEDIA/DOS/images/Uncharted Waters 2 - New Horizons-thumb.png	carátulas, capturas y logos de ScreenScraper
MOVIDO	emu/dos/images/Uncharted Waters-image.png	emu/MEDIA/DOS/images/Uncharted Waters-image.png	carátulas, capturas y logos de ScreenScraper
MOVIDO	emu/dos/images/Uncharted Waters-marquee.png	emu/MEDIA/DOS/images/Uncharted Waters-marquee.png	carátulas, capturas y logos de ScreenScraper
MOVIDO	emu/dos/images/Uncharted Waters-thumb.png	emu/MEDIA/DOS/images/Uncharted Waters-thumb.png	carátulas, capturas y logos de ScreenScraper
MOVIDO	emu/dos/images/Under Fire!-image.png	emu/MEDIA/DOS/images/Under Fire!-image.png	carátulas, capturas y logos de ScreenScraper
MOVIDO	emu/dos/images/Under Fire!-marquee.png	emu/MEDIA/DOS/images/Under Fire!-marquee.png	carátulas, capturas y logos de ScreenScraper
MOVIDO	emu/dos/images/Under Fire!-thumb.png	emu/MEDIA/DOS/images/Under Fire!-thumb.png	carátulas, capturas y logos de ScreenScraper
MOVIDO	emu/dos/images/Universe 3-image.png	emu/MEDIA/DOS/images/Universe 3-image.png	carátulas, capturas y logos de ScreenScraper
MOVIDO	emu/dos/images/Universe 3-thumb.png	emu/MEDIA/DOS/images/Universe 3-thumb.png	carátulas, capturas y logos de ScreenScraper
MOVIDO	emu/dos/images/Universe-image.png	emu/MEDIA/DOS/images/Universe-image.png	carátulas, capturas y logos de ScreenScraper
MOVIDO	emu/dos/images/Universe-marquee.png	emu/MEDIA/DOS/images/Universe-marquee.png	carátulas, capturas y logos de ScreenScraper
MOVIDO	emu/dos/images/Universe-thumb.png	emu/MEDIA/DOS/images/Universe-thumb.png	carátulas, capturas y logos de ScreenScraper
MOVIDO	emu/dos/images/Up Periscope-image.png	emu/MEDIA/DOS/images/Up Periscope-image.png	carátulas, capturas y logos de ScreenScraper
MOVIDO	emu/dos/images/Up Periscope-marquee.png	emu/MEDIA/DOS/images/Up Periscope-marquee.png	carátulas, capturas y logos de ScreenScraper
MOVIDO	emu/dos/images/Up Periscope-thumb.png	emu/MEDIA/DOS/images/Up Periscope-thumb.png	carátulas, capturas y logos de ScreenScraper
MOVIDO	emu/dos/images/Uridium-image.png	emu/MEDIA/DOS/images/Uridium-image.png	carátulas, capturas y logos de ScreenScraper
MOVIDO	emu/dos/images/Uridium-marquee.png	emu/MEDIA/DOS/images/Uridium-marquee.png	carátulas, capturas y logos de ScreenScraper
MOVIDO	emu/dos/images/Uridium-thumb.png	emu/MEDIA/DOS/images/Uridium-thumb.png	carátulas, capturas y logos de ScreenScraper
MOVIDO	emu/dos/images/VR Soccer '96-image.png	emu/MEDIA/DOS/images/VR Soccer '96-image.png	carátulas, capturas y logos de ScreenScraper
MOVIDO	emu/dos/images/VR Soccer '96-marquee.png	emu/MEDIA/DOS/images/VR Soccer '96-marquee.png	carátulas, capturas y logos de ScreenScraper
MOVIDO	emu/dos/images/VR Soccer '96-thumb.png	emu/MEDIA/DOS/images/VR Soccer '96-thumb.png	carátulas, capturas y logos de ScreenScraper
MOVIDO	emu/dos/images/Vaxine-image.png	emu/MEDIA/DOS/images/Vaxine-image.png	carátulas, capturas y logos de ScreenScraper
MOVIDO	emu/dos/images/Vaxine-marquee.png	emu/MEDIA/DOS/images/Vaxine-marquee.png	carátulas, capturas y logos de ScreenScraper
MOVIDO	emu/dos/images/Vaxine-thumb.png	emu/MEDIA/DOS/images/Vaxine-thumb.png	carátulas, capturas y logos de ScreenScraper
MOVIDO	emu/dos/images/Vectorball-image.png	emu/MEDIA/DOS/images/Vectorball-image.png	carátulas, capturas y logos de ScreenScraper
MOVIDO	emu/dos/images/Vectorball-marquee.png	emu/MEDIA/DOS/images/Vectorball-marquee.png	carátulas, capturas y logos de ScreenScraper
MOVIDO	emu/dos/images/Vectorball-thumb.png	emu/MEDIA/DOS/images/Vectorball-thumb.png	carátulas, capturas y logos de ScreenScraper
MOVIDO	emu/dos/images/Veil of Darkness-image.png	emu/MEDIA/DOS/images/Veil of Darkness-image.png	carátulas, capturas y logos de ScreenScraper
MOVIDO	emu/dos/images/Veil of Darkness-marquee.png	emu/MEDIA/DOS/images/Veil of Darkness-marquee.png	carátulas, capturas y logos de ScreenScraper
MOVIDO	emu/dos/images/Veil of Darkness-thumb.png	emu/MEDIA/DOS/images/Veil of Darkness-thumb.png	carátulas, capturas y logos de ScreenScraper
MOVIDO	emu/dos/images/Vengeance of Excalibur-image.png	emu/MEDIA/DOS/images/Vengeance of Excalibur-image.png	carátulas, capturas y logos de ScreenScraper
MOVIDO	emu/dos/images/Vengeance of Excalibur-marquee.png	emu/MEDIA/DOS/images/Vengeance of Excalibur-marquee.png	carátulas, capturas y logos de ScreenScraper
MOVIDO	emu/dos/images/Vengeance of Excalibur-thumb.png	emu/MEDIA/DOS/images/Vengeance of Excalibur-thumb.png	carátulas, capturas y logos de ScreenScraper
MOVIDO	emu/dos/images/Vette!-image.png	emu/MEDIA/DOS/images/Vette!-image.png	carátulas, capturas y logos de ScreenScraper
MOVIDO	emu/dos/images/Vette!-thumb.png	emu/MEDIA/DOS/images/Vette!-thumb.png	carátulas, capturas y logos de ScreenScraper
MOVIDO	emu/dos/images/Virtual Pool-image.png	emu/MEDIA/DOS/images/Virtual Pool-image.png	carátulas, capturas y logos de ScreenScraper
MOVIDO	emu/dos/images/Virtual Pool-marquee.png	emu/MEDIA/DOS/images/Virtual Pool-marquee.png	carátulas, capturas y logos de ScreenScraper
MOVIDO	emu/dos/images/Virtual Pool-thumb.png	emu/MEDIA/DOS/images/Virtual Pool-thumb.png	carátulas, capturas y logos de ScreenScraper
MOVIDO	emu/dos/images/Volfied-image.png	emu/MEDIA/DOS/images/Volfied-image.png	carátulas, capturas y logos de ScreenScraper
MOVIDO	emu/dos/images/Volfied-marquee.png	emu/MEDIA/DOS/images/Volfied-marquee.png	carátulas, capturas y logos de ScreenScraper
MOVIDO	emu/dos/images/Volfied-thumb.png	emu/MEDIA/DOS/images/Volfied-thumb.png	carátulas, capturas y logos de ScreenScraper
MOVIDO	emu/dos/images/Voodoo Island-image.png	emu/MEDIA/DOS/images/Voodoo Island-image.png	carátulas, capturas y logos de ScreenScraper
MOVIDO	emu/dos/images/Voodoo Island-thumb.png	emu/MEDIA/DOS/images/Voodoo Island-thumb.png	carátulas, capturas y logos de ScreenScraper
MOVIDO	emu/dos/images/Vulcan-image.png	emu/MEDIA/DOS/images/Vulcan-image.png	carátulas, capturas y logos de ScreenScraper
MOVIDO	emu/dos/images/Vulcan-marquee.png	emu/MEDIA/DOS/images/Vulcan-marquee.png	carátulas, capturas y logos de ScreenScraper
MOVIDO	emu/dos/images/Vulcan-thumb.png	emu/MEDIA/DOS/images/Vulcan-thumb.png	carátulas, capturas y logos de ScreenScraper
MOVIDO	emu/dos/images/WWF Wrestlemania-image.png	emu/MEDIA/DOS/images/WWF Wrestlemania-image.png	carátulas, capturas y logos de ScreenScraper
MOVIDO	emu/dos/images/WWF Wrestlemania-marquee.png	emu/MEDIA/DOS/images/WWF Wrestlemania-marquee.png	carátulas, capturas y logos de ScreenScraper
MOVIDO	emu/dos/images/WWF Wrestlemania-thumb.png	emu/MEDIA/DOS/images/WWF Wrestlemania-thumb.png	carátulas, capturas y logos de ScreenScraper
MOVIDO	emu/dos/images/WWF in your House-image.png	emu/MEDIA/DOS/images/WWF in your House-image.png	carátulas, capturas y logos de ScreenScraper
MOVIDO	emu/dos/images/WWF in your House-marquee.png	emu/MEDIA/DOS/images/WWF in your House-marquee.png	carátulas, capturas y logos de ScreenScraper
MOVIDO	emu/dos/images/WWF in your House-thumb.png	emu/MEDIA/DOS/images/WWF in your House-thumb.png	carátulas, capturas y logos de ScreenScraper
MOVIDO	emu/dos/images/Walls of Rome-image.png	emu/MEDIA/DOS/images/Walls of Rome-image.png	carátulas, capturas y logos de ScreenScraper
MOVIDO	emu/dos/images/Walls of Rome-marquee.png	emu/MEDIA/DOS/images/Walls of Rome-marquee.png	carátulas, capturas y logos de ScreenScraper
MOVIDO	emu/dos/images/Walls of Rome-thumb.png	emu/MEDIA/DOS/images/Walls of Rome-thumb.png	carátulas, capturas y logos de ScreenScraper
MOVIDO	emu/dos/images/War of the Lance-image.png	emu/MEDIA/DOS/images/War of the Lance-image.png	carátulas, capturas y logos de ScreenScraper
MOVIDO	emu/dos/images/War of the Lance-marquee.png	emu/MEDIA/DOS/images/War of the Lance-marquee.png	carátulas, capturas y logos de ScreenScraper
MOVIDO	emu/dos/images/War of the Lance-thumb.png	emu/MEDIA/DOS/images/War of the Lance-thumb.png	carátulas, capturas y logos de ScreenScraper
MOVIDO	emu/dos/images/Warcraft-image.png	emu/MEDIA/DOS/images/Warcraft-image.png	carátulas, capturas y logos de ScreenScraper
MOVIDO	emu/dos/images/Warcraft-marquee.png	emu/MEDIA/DOS/images/Warcraft-marquee.png	carátulas, capturas y logos de ScreenScraper
MOVIDO	emu/dos/images/Warcraft-thumb.png	emu/MEDIA/DOS/images/Warcraft-thumb.png	carátulas, capturas y logos de ScreenScraper
MOVIDO	emu/dos/images/Warlords 2-image.png	emu/MEDIA/DOS/images/Warlords 2-image.png	carátulas, capturas y logos de ScreenScraper
MOVIDO	emu/dos/images/Warlords 2-thumb.png	emu/MEDIA/DOS/images/Warlords 2-thumb.png	carátulas, capturas y logos de ScreenScraper
MOVIDO	emu/dos/images/Warlords-image.png	emu/MEDIA/DOS/images/Warlords-image.png	carátulas, capturas y logos de ScreenScraper
MOVIDO	emu/dos/images/Warlords-marquee.png	emu/MEDIA/DOS/images/Warlords-marquee.png	carátulas, capturas y logos de ScreenScraper
MOVIDO	emu/dos/images/Warlords-thumb.png	emu/MEDIA/DOS/images/Warlords-thumb.png	carátulas, capturas y logos de ScreenScraper
MOVIDO	emu/dos/images/Wasteland-image.png	emu/MEDIA/DOS/images/Wasteland-image.png	carátulas, capturas y logos de ScreenScraper
MOVIDO	emu/dos/images/Wasteland-marquee.png	emu/MEDIA/DOS/images/Wasteland-marquee.png	carátulas, capturas y logos de ScreenScraper
MOVIDO	emu/dos/images/Wasteland-thumb.png	emu/MEDIA/DOS/images/Wasteland-thumb.png	carátulas, capturas y logos de ScreenScraper
MOVIDO	emu/dos/images/Wayne's World-image.png	emu/MEDIA/DOS/images/Wayne's World-image.png	carátulas, capturas y logos de ScreenScraper
MOVIDO	emu/dos/images/Wayne's World-marquee.png	emu/MEDIA/DOS/images/Wayne's World-marquee.png	carátulas, capturas y logos de ScreenScraper
MOVIDO	emu/dos/images/Wayne's World-thumb.png	emu/MEDIA/DOS/images/Wayne's World-thumb.png	carátulas, capturas y logos de ScreenScraper
MOVIDO	emu/dos/images/Ween - The Prophecy-image.png	emu/MEDIA/DOS/images/Ween - The Prophecy-image.png	carátulas, capturas y logos de ScreenScraper
MOVIDO	emu/dos/images/Ween - The Prophecy-marquee.png	emu/MEDIA/DOS/images/Ween - The Prophecy-marquee.png	carátulas, capturas y logos de ScreenScraper
MOVIDO	emu/dos/images/Ween - The Prophecy-thumb.png	emu/MEDIA/DOS/images/Ween - The Prophecy-thumb.png	carátulas, capturas y logos de ScreenScraper
MOVIDO	emu/dos/images/Weird Dreams-image.png	emu/MEDIA/DOS/images/Weird Dreams-image.png	carátulas, capturas y logos de ScreenScraper
MOVIDO	emu/dos/images/Weird Dreams-marquee.png	emu/MEDIA/DOS/images/Weird Dreams-marquee.png	carátulas, capturas y logos de ScreenScraper
MOVIDO	emu/dos/images/Weird Dreams-thumb.png	emu/MEDIA/DOS/images/Weird Dreams-thumb.png	carátulas, capturas y logos de ScreenScraper
MOVIDO	emu/dos/images/Welltris-image.png	emu/MEDIA/DOS/images/Welltris-image.png	carátulas, capturas y logos de ScreenScraper
MOVIDO	emu/dos/images/Welltris-marquee.png	emu/MEDIA/DOS/images/Welltris-marquee.png	carátulas, capturas y logos de ScreenScraper
MOVIDO	emu/dos/images/Welltris-thumb.png	emu/MEDIA/DOS/images/Welltris-thumb.png	carátulas, capturas y logos de ScreenScraper
MOVIDO	emu/dos/images/Whale's Voyage-image.png	emu/MEDIA/DOS/images/Whale's Voyage-image.png	carátulas, capturas y logos de ScreenScraper
MOVIDO	emu/dos/images/Whale's Voyage-thumb.png	emu/MEDIA/DOS/images/Whale's Voyage-thumb.png	carátulas, capturas y logos de ScreenScraper
MOVIDO	emu/dos/images/Wheel of Fortune-image.png	emu/MEDIA/DOS/images/Wheel of Fortune-image.png	carátulas, capturas y logos de ScreenScraper
MOVIDO	emu/dos/images/Wheel of Fortune-marquee.png	emu/MEDIA/DOS/images/Wheel of Fortune-marquee.png	carátulas, capturas y logos de ScreenScraper
MOVIDO	emu/dos/images/Wheel of Fortune-thumb.png	emu/MEDIA/DOS/images/Wheel of Fortune-thumb.png	carátulas, capturas y logos de ScreenScraper
MOVIDO	emu/dos/images/Where in America's past is Carmen Sandiego-image.png	emu/MEDIA/DOS/images/Where in America's past is Carmen Sandiego-image.png	carátulas, capturas y logos de ScreenScraper
MOVIDO	emu/dos/images/Where in America's past is Carmen Sandiego-marquee.png	emu/MEDIA/DOS/images/Where in America's past is Carmen Sandiego-marquee.png	carátulas, capturas y logos de ScreenScraper
MOVIDO	emu/dos/images/Where in America's past is Carmen Sandiego-thumb.png	emu/MEDIA/DOS/images/Where in America's past is Carmen Sandiego-thumb.png	carátulas, capturas y logos de ScreenScraper
MOVIDO	emu/dos/images/Where in Europe is Carmen Sandiego-image.png	emu/MEDIA/DOS/images/Where in Europe is Carmen Sandiego-image.png	carátulas, capturas y logos de ScreenScraper
MOVIDO	emu/dos/images/Where in Europe is Carmen Sandiego-marquee.png	emu/MEDIA/DOS/images/Where in Europe is Carmen Sandiego-marquee.png	carátulas, capturas y logos de ScreenScraper
MOVIDO	emu/dos/images/Where in Europe is Carmen Sandiego-thumb.png	emu/MEDIA/DOS/images/Where in Europe is Carmen Sandiego-thumb.png	carátulas, capturas y logos de ScreenScraper
MOVIDO	emu/dos/images/Where in the USA is Carmen Sandiego-image.png	emu/MEDIA/DOS/images/Where in the USA is Carmen Sandiego-image.png	carátulas, capturas y logos de ScreenScraper
MOVIDO	emu/dos/images/Where in the USA is Carmen Sandiego-marquee.png	emu/MEDIA/DOS/images/Where in the USA is Carmen Sandiego-marquee.png	carátulas, capturas y logos de ScreenScraper
MOVIDO	emu/dos/images/Where in the USA is Carmen Sandiego-thumb.png	emu/MEDIA/DOS/images/Where in the USA is Carmen Sandiego-thumb.png	carátulas, capturas y logos de ScreenScraper
MOVIDO	emu/dos/images/Where in the World is Carmen Sandiego-image.png	emu/MEDIA/DOS/images/Where in the World is Carmen Sandiego-image.png	carátulas, capturas y logos de ScreenScraper
MOVIDO	emu/dos/images/Where in the World is Carmen Sandiego-marquee.png	emu/MEDIA/DOS/images/Where in the World is Carmen Sandiego-marquee.png	carátulas, capturas y logos de ScreenScraper
MOVIDO	emu/dos/images/Where in the World is Carmen Sandiego-thumb.png	emu/MEDIA/DOS/images/Where in the World is Carmen Sandiego-thumb.png	carátulas, capturas y logos de ScreenScraper
MOVIDO	emu/dos/images/Where time stood Still-image.png	emu/MEDIA/DOS/images/Where time stood Still-image.png	carátulas, capturas y logos de ScreenScraper
MOVIDO	emu/dos/images/Where time stood Still-marquee.png	emu/MEDIA/DOS/images/Where time stood Still-marquee.png	carátulas, capturas y logos de ScreenScraper
MOVIDO	emu/dos/images/Where time stood Still-thumb.png	emu/MEDIA/DOS/images/Where time stood Still-thumb.png	carátulas, capturas y logos de ScreenScraper
MOVIDO	emu/dos/images/Wing Commander-image.png	emu/MEDIA/DOS/images/Wing Commander-image.png	carátulas, capturas y logos de ScreenScraper
MOVIDO	emu/dos/images/Wing Commander-marquee.png	emu/MEDIA/DOS/images/Wing Commander-marquee.png	carátulas, capturas y logos de ScreenScraper
MOVIDO	emu/dos/images/Wing Commander-thumb.png	emu/MEDIA/DOS/images/Wing Commander-thumb.png	carátulas, capturas y logos de ScreenScraper
MOVIDO	emu/dos/images/Wings of Fury-image.png	emu/MEDIA/DOS/images/Wings of Fury-image.png	carátulas, capturas y logos de ScreenScraper
MOVIDO	emu/dos/images/Wings of Fury-marquee.png	emu/MEDIA/DOS/images/Wings of Fury-marquee.png	carátulas, capturas y logos de ScreenScraper
MOVIDO	emu/dos/images/Wings of Fury-thumb.png	emu/MEDIA/DOS/images/Wings of Fury-thumb.png	carátulas, capturas y logos de ScreenScraper
MOVIDO	emu/dos/images/Winnie the Pooh - In the hundred acre Wood-image.png	emu/MEDIA/DOS/images/Winnie the Pooh - In the hundred acre Wood-image.png	carátulas, capturas y logos de ScreenScraper
MOVIDO	emu/dos/images/Winnie the Pooh - In the hundred acre Wood-marquee.png	emu/MEDIA/DOS/images/Winnie the Pooh - In the hundred acre Wood-marquee.png	carátulas, capturas y logos de ScreenScraper
MOVIDO	emu/dos/images/Winnie the Pooh - In the hundred acre Wood-thumb.png	emu/MEDIA/DOS/images/Winnie the Pooh - In the hundred acre Wood-thumb.png	carátulas, capturas y logos de ScreenScraper
MOVIDO	emu/dos/images/Winter Games-image.png	emu/MEDIA/DOS/images/Winter Games-image.png	carátulas, capturas y logos de ScreenScraper
MOVIDO	emu/dos/images/Winter Games-marquee.png	emu/MEDIA/DOS/images/Winter Games-marquee.png	carátulas, capturas y logos de ScreenScraper
MOVIDO	emu/dos/images/Winter Games-thumb.png	emu/MEDIA/DOS/images/Winter Games-thumb.png	carátulas, capturas y logos de ScreenScraper
MOVIDO	emu/dos/images/Winter Olympics - Lillehammer '94-image.png	emu/MEDIA/DOS/images/Winter Olympics - Lillehammer '94-image.png	carátulas, capturas y logos de ScreenScraper
MOVIDO	emu/dos/images/Winter Olympics - Lillehammer '94-marquee.png	emu/MEDIA/DOS/images/Winter Olympics - Lillehammer '94-marquee.png	carátulas, capturas y logos de ScreenScraper
MOVIDO	emu/dos/images/Winter Olympics - Lillehammer '94-thumb.png	emu/MEDIA/DOS/images/Winter Olympics - Lillehammer '94-thumb.png	carátulas, capturas y logos de ScreenScraper
MOVIDO	emu/dos/images/Wizard Warz-image.png	emu/MEDIA/DOS/images/Wizard Warz-image.png	carátulas, capturas y logos de ScreenScraper
MOVIDO	emu/dos/images/Wizard Warz-marquee.png	emu/MEDIA/DOS/images/Wizard Warz-marquee.png	carátulas, capturas y logos de ScreenScraper
MOVIDO	emu/dos/images/Wizard Warz-thumb.png	emu/MEDIA/DOS/images/Wizard Warz-thumb.png	carátulas, capturas y logos de ScreenScraper
MOVIDO	emu/dos/images/Wizard of Oz-image.png	emu/MEDIA/DOS/images/Wizard of Oz-image.png	carátulas, capturas y logos de ScreenScraper
MOVIDO	emu/dos/images/Wizard of Oz-marquee.png	emu/MEDIA/DOS/images/Wizard of Oz-marquee.png	carátulas, capturas y logos de ScreenScraper
MOVIDO	emu/dos/images/Wizard of Oz-thumb.png	emu/MEDIA/DOS/images/Wizard of Oz-thumb.png	carátulas, capturas y logos de ScreenScraper
MOVIDO	emu/dos/images/Wizball-image.png	emu/MEDIA/DOS/images/Wizball-image.png	carátulas, capturas y logos de ScreenScraper
MOVIDO	emu/dos/images/Wizball-marquee.png	emu/MEDIA/DOS/images/Wizball-marquee.png	carátulas, capturas y logos de ScreenScraper
MOVIDO	emu/dos/images/Wizball-thumb.png	emu/MEDIA/DOS/images/Wizball-thumb.png	carátulas, capturas y logos de ScreenScraper
MOVIDO	emu/dos/images/Wolf-image.png	emu/MEDIA/DOS/images/Wolf-image.png	carátulas, capturas y logos de ScreenScraper
MOVIDO	emu/dos/images/Wolf-thumb.png	emu/MEDIA/DOS/images/Wolf-thumb.png	carátulas, capturas y logos de ScreenScraper
MOVIDO	emu/dos/images/Wolfenstein 3D-image.png	emu/MEDIA/DOS/images/Wolfenstein 3D-image.png	carátulas, capturas y logos de ScreenScraper
MOVIDO	emu/dos/images/Wolfenstein 3D-marquee.png	emu/MEDIA/DOS/images/Wolfenstein 3D-marquee.png	carátulas, capturas y logos de ScreenScraper
MOVIDO	emu/dos/images/Wolfenstein 3D-thumb.png	emu/MEDIA/DOS/images/Wolfenstein 3D-thumb.png	carátulas, capturas y logos de ScreenScraper
MOVIDO	emu/dos/images/Wolfpack-image.png	emu/MEDIA/DOS/images/Wolfpack-image.png	carátulas, capturas y logos de ScreenScraper
MOVIDO	emu/dos/images/Wolfpack-marquee.png	emu/MEDIA/DOS/images/Wolfpack-marquee.png	carátulas, capturas y logos de ScreenScraper
MOVIDO	emu/dos/images/Wolfpack-thumb.png	emu/MEDIA/DOS/images/Wolfpack-thumb.png	carátulas, capturas y logos de ScreenScraper
MOVIDO	emu/dos/images/World Class Leader Board-image.png	emu/MEDIA/DOS/images/World Class Leader Board-image.png	carátulas, capturas y logos de ScreenScraper
MOVIDO	emu/dos/images/World Class Leader Board-marquee.png	emu/MEDIA/DOS/images/World Class Leader Board-marquee.png	carátulas, capturas y logos de ScreenScraper
MOVIDO	emu/dos/images/World Class Leader Board-thumb.png	emu/MEDIA/DOS/images/World Class Leader Board-thumb.png	carátulas, capturas y logos de ScreenScraper
MOVIDO	emu/dos/images/World Class Rugby-image.png	emu/MEDIA/DOS/images/World Class Rugby-image.png	carátulas, capturas y logos de ScreenScraper
MOVIDO	emu/dos/images/World Class Rugby-marquee.png	emu/MEDIA/DOS/images/World Class Rugby-marquee.png	carátulas, capturas y logos de ScreenScraper
MOVIDO	emu/dos/images/World Class Rugby-thumb.png	emu/MEDIA/DOS/images/World Class Rugby-thumb.png	carátulas, capturas y logos de ScreenScraper
MOVIDO	emu/dos/images/World Games-image.png	emu/MEDIA/DOS/images/World Games-image.png	carátulas, capturas y logos de ScreenScraper
MOVIDO	emu/dos/images/World Games-marquee.png	emu/MEDIA/DOS/images/World Games-marquee.png	carátulas, capturas y logos de ScreenScraper
MOVIDO	emu/dos/images/World Games-thumb.png	emu/MEDIA/DOS/images/World Games-thumb.png	carátulas, capturas y logos de ScreenScraper
MOVIDO	emu/dos/images/World Karate Championship-image.png	emu/MEDIA/DOS/images/World Karate Championship-image.png	carátulas, capturas y logos de ScreenScraper
MOVIDO	emu/dos/images/World Karate Championship-marquee.png	emu/MEDIA/DOS/images/World Karate Championship-marquee.png	carátulas, capturas y logos de ScreenScraper
MOVIDO	emu/dos/images/World Karate Championship-thumb.png	emu/MEDIA/DOS/images/World Karate Championship-thumb.png	carátulas, capturas y logos de ScreenScraper
MOVIDO	emu/dos/images/World Tour Golf-image.png	emu/MEDIA/DOS/images/World Tour Golf-image.png	carátulas, capturas y logos de ScreenScraper
MOVIDO	emu/dos/images/World Tour Golf-marquee.png	emu/MEDIA/DOS/images/World Tour Golf-marquee.png	carátulas, capturas y logos de ScreenScraper
MOVIDO	emu/dos/images/World Tour Golf-thumb.png	emu/MEDIA/DOS/images/World Tour Golf-thumb.png	carátulas, capturas y logos de ScreenScraper
MOVIDO	emu/dos/images/World at War - Stalingrad-image.png	emu/MEDIA/DOS/images/World at War - Stalingrad-image.png	carátulas, capturas y logos de ScreenScraper
MOVIDO	emu/dos/images/World at War - Stalingrad-thumb.png	emu/MEDIA/DOS/images/World at War - Stalingrad-thumb.png	carátulas, capturas y logos de ScreenScraper
MOVIDO	emu/dos/images/World of Xeen-image.png	emu/MEDIA/DOS/images/World of Xeen-image.png	carátulas, capturas y logos de ScreenScraper
MOVIDO	emu/dos/images/World of Xeen-marquee.png	emu/MEDIA/DOS/images/World of Xeen-marquee.png	carátulas, capturas y logos de ScreenScraper
MOVIDO	emu/dos/images/World of Xeen-thumb.png	emu/MEDIA/DOS/images/World of Xeen-thumb.png	carátulas, capturas y logos de ScreenScraper
MOVIDO	emu/dos/images/Worms-marquee.png	emu/MEDIA/DOS/images/Worms-marquee.png	carátulas, capturas y logos de ScreenScraper
MOVIDO	emu/dos/images/Worms-thumb.png	emu/MEDIA/DOS/images/Worms-thumb.png	carátulas, capturas y logos de ScreenScraper
MOVIDO	emu/dos/images/Wrath of the Demon-image.png	emu/MEDIA/DOS/images/Wrath of the Demon-image.png	carátulas, capturas y logos de ScreenScraper
MOVIDO	emu/dos/images/Wrath of the Demon-marquee.png	emu/MEDIA/DOS/images/Wrath of the Demon-marquee.png	carátulas, capturas y logos de ScreenScraper
MOVIDO	emu/dos/images/Wrath of the Demon-thumb.png	emu/MEDIA/DOS/images/Wrath of the Demon-thumb.png	carátulas, capturas y logos de ScreenScraper
MOVIDO	emu/dos/images/X-Com - Apocalypse-image.png	emu/MEDIA/DOS/images/X-Com - Apocalypse-image.png	carátulas, capturas y logos de ScreenScraper
MOVIDO	emu/dos/images/X-Com - Apocalypse-marquee.png	emu/MEDIA/DOS/images/X-Com - Apocalypse-marquee.png	carátulas, capturas y logos de ScreenScraper
MOVIDO	emu/dos/images/X-Com - Apocalypse-thumb.png	emu/MEDIA/DOS/images/X-Com - Apocalypse-thumb.png	carátulas, capturas y logos de ScreenScraper
MOVIDO	emu/dos/images/X-Com - Terror from the Deep-image.png	emu/MEDIA/DOS/images/X-Com - Terror from the Deep-image.png	carátulas, capturas y logos de ScreenScraper
MOVIDO	emu/dos/images/X-Com - Terror from the Deep-marquee.png	emu/MEDIA/DOS/images/X-Com - Terror from the Deep-marquee.png	carátulas, capturas y logos de ScreenScraper
MOVIDO	emu/dos/images/X-Com - Terror from the Deep-thumb.png	emu/MEDIA/DOS/images/X-Com - Terror from the Deep-thumb.png	carátulas, capturas y logos de ScreenScraper
MOVIDO	emu/dos/images/X-Men 2 - The Fall of the Mutants-image.png	emu/MEDIA/DOS/images/X-Men 2 - The Fall of the Mutants-image.png	carátulas, capturas y logos de ScreenScraper
MOVIDO	emu/dos/images/X-Men 2 - The Fall of the Mutants-marquee.png	emu/MEDIA/DOS/images/X-Men 2 - The Fall of the Mutants-marquee.png	carátulas, capturas y logos de ScreenScraper
MOVIDO	emu/dos/images/X-Men 2 - The Fall of the Mutants-thumb.png	emu/MEDIA/DOS/images/X-Men 2 - The Fall of the Mutants-thumb.png	carátulas, capturas y logos de ScreenScraper
MOVIDO	emu/dos/images/X-Men Children of the Atom-image.png	emu/MEDIA/DOS/images/X-Men Children of the Atom-image.png	carátulas, capturas y logos de ScreenScraper
MOVIDO	emu/dos/images/X-Men Children of the Atom-marquee.png	emu/MEDIA/DOS/images/X-Men Children of the Atom-marquee.png	carátulas, capturas y logos de ScreenScraper
MOVIDO	emu/dos/images/X-Men Children of the Atom-thumb.png	emu/MEDIA/DOS/images/X-Men Children of the Atom-thumb.png	carátulas, capturas y logos de ScreenScraper
MOVIDO	emu/dos/images/Xargon-image.png	emu/MEDIA/DOS/images/Xargon-image.png	carátulas, capturas y logos de ScreenScraper
MOVIDO	emu/dos/images/Xargon-marquee.png	emu/MEDIA/DOS/images/Xargon-marquee.png	carátulas, capturas y logos de ScreenScraper
MOVIDO	emu/dos/images/Xargon-thumb.png	emu/MEDIA/DOS/images/Xargon-thumb.png	carátulas, capturas y logos de ScreenScraper
MOVIDO	emu/dos/images/Xenon 2 - Megablast-image.png	emu/MEDIA/DOS/images/Xenon 2 - Megablast-image.png	carátulas, capturas y logos de ScreenScraper
MOVIDO	emu/dos/images/Xenon 2 - Megablast-marquee.png	emu/MEDIA/DOS/images/Xenon 2 - Megablast-marquee.png	carátulas, capturas y logos de ScreenScraper
MOVIDO	emu/dos/images/Xenon 2 - Megablast-thumb.png	emu/MEDIA/DOS/images/Xenon 2 - Megablast-thumb.png	carátulas, capturas y logos de ScreenScraper
MOVIDO	emu/dos/images/Xenon-image.png	emu/MEDIA/DOS/images/Xenon-image.png	carátulas, capturas y logos de ScreenScraper
MOVIDO	emu/dos/images/Xenon-marquee.png	emu/MEDIA/DOS/images/Xenon-marquee.png	carátulas, capturas y logos de ScreenScraper
MOVIDO	emu/dos/images/Xenon-thumb.png	emu/MEDIA/DOS/images/Xenon-thumb.png	carátulas, capturas y logos de ScreenScraper
MOVIDO	emu/dos/images/Xiphos-image.png	emu/MEDIA/DOS/images/Xiphos-image.png	carátulas, capturas y logos de ScreenScraper
MOVIDO	emu/dos/images/Xiphos-marquee.png	emu/MEDIA/DOS/images/Xiphos-marquee.png	carátulas, capturas y logos de ScreenScraper
MOVIDO	emu/dos/images/Xiphos-thumb.png	emu/MEDIA/DOS/images/Xiphos-thumb.png	carátulas, capturas y logos de ScreenScraper
MOVIDO	emu/dos/images/Zak McKracken and the Alien Mindbenders-image.png	emu/MEDIA/DOS/images/Zak McKracken and the Alien Mindbenders-image.png	carátulas, capturas y logos de ScreenScraper
MOVIDO	emu/dos/images/Zak McKracken and the Alien Mindbenders-marquee.png	emu/MEDIA/DOS/images/Zak McKracken and the Alien Mindbenders-marquee.png	carátulas, capturas y logos de ScreenScraper
MOVIDO	emu/dos/images/Zak McKracken and the Alien Mindbenders-thumb.png	emu/MEDIA/DOS/images/Zak McKracken and the Alien Mindbenders-thumb.png	carátulas, capturas y logos de ScreenScraper
MOVIDO	emu/dos/images/Zaxxon-image.png	emu/MEDIA/DOS/images/Zaxxon-image.png	carátulas, capturas y logos de ScreenScraper
MOVIDO	emu/dos/images/Zaxxon-marquee.png	emu/MEDIA/DOS/images/Zaxxon-marquee.png	carátulas, capturas y logos de ScreenScraper
MOVIDO	emu/dos/images/Zaxxon-thumb.png	emu/MEDIA/DOS/images/Zaxxon-thumb.png	carátulas, capturas y logos de ScreenScraper
MOVIDO	emu/dos/images/Zeliard-image.png	emu/MEDIA/DOS/images/Zeliard-image.png	carátulas, capturas y logos de ScreenScraper
MOVIDO	emu/dos/images/Zeliard-marquee.png	emu/MEDIA/DOS/images/Zeliard-marquee.png	carátulas, capturas y logos de ScreenScraper
MOVIDO	emu/dos/images/Zeliard-thumb.png	emu/MEDIA/DOS/images/Zeliard-thumb.png	carátulas, capturas y logos de ScreenScraper
MOVIDO	emu/dos/images/Zeppelin - Giants of the Sky-image.png	emu/MEDIA/DOS/images/Zeppelin - Giants of the Sky-image.png	carátulas, capturas y logos de ScreenScraper
MOVIDO	emu/dos/images/Zeppelin - Giants of the Sky-marquee.png	emu/MEDIA/DOS/images/Zeppelin - Giants of the Sky-marquee.png	carátulas, capturas y logos de ScreenScraper
MOVIDO	emu/dos/images/Zeppelin - Giants of the Sky-thumb.png	emu/MEDIA/DOS/images/Zeppelin - Giants of the Sky-thumb.png	carátulas, capturas y logos de ScreenScraper
MOVIDO	emu/dos/images/Zombi-image.png	emu/MEDIA/DOS/images/Zombi-image.png	carátulas, capturas y logos de ScreenScraper
MOVIDO	emu/dos/images/Zombi-marquee.png	emu/MEDIA/DOS/images/Zombi-marquee.png	carátulas, capturas y logos de ScreenScraper
MOVIDO	emu/dos/images/Zombi-thumb.png	emu/MEDIA/DOS/images/Zombi-thumb.png	carátulas, capturas y logos de ScreenScraper
MOVIDO	emu/dos/images/Zone 66-image.png	emu/MEDIA/DOS/images/Zone 66-image.png	carátulas, capturas y logos de ScreenScraper
MOVIDO	emu/dos/images/Zone 66-marquee.png	emu/MEDIA/DOS/images/Zone 66-marquee.png	carátulas, capturas y logos de ScreenScraper
MOVIDO	emu/dos/images/Zone 66-thumb.png	emu/MEDIA/DOS/images/Zone 66-thumb.png	carátulas, capturas y logos de ScreenScraper
MOVIDO	emu/dos/images/Zool 2-image.png	emu/MEDIA/DOS/images/Zool 2-image.png	carátulas, capturas y logos de ScreenScraper
MOVIDO	emu/dos/images/Zool 2-marquee.png	emu/MEDIA/DOS/images/Zool 2-marquee.png	carátulas, capturas y logos de ScreenScraper
MOVIDO	emu/dos/images/Zool 2-thumb.png	emu/MEDIA/DOS/images/Zool 2-thumb.png	carátulas, capturas y logos de ScreenScraper
MOVIDO	emu/dos/images/Zool-image.png	emu/MEDIA/DOS/images/Zool-image.png	carátulas, capturas y logos de ScreenScraper
MOVIDO	emu/dos/images/Zool-marquee.png	emu/MEDIA/DOS/images/Zool-marquee.png	carátulas, capturas y logos de ScreenScraper
MOVIDO	emu/dos/images/Zool-thumb.png	emu/MEDIA/DOS/images/Zool-thumb.png	carátulas, capturas y logos de ScreenScraper
MOVIDO	emu/dos/images/Zork 2 - The Wizard of Frobozz-image.png	emu/MEDIA/DOS/images/Zork 2 - The Wizard of Frobozz-image.png	carátulas, capturas y logos de ScreenScraper
MOVIDO	emu/dos/images/Zork 2 - The Wizard of Frobozz-thumb.png	emu/MEDIA/DOS/images/Zork 2 - The Wizard of Frobozz-thumb.png	carátulas, capturas y logos de ScreenScraper
MOVIDO	emu/dos/images/Zork 3 - The Dungeon Master-image.png	emu/MEDIA/DOS/images/Zork 3 - The Dungeon Master-image.png	carátulas, capturas y logos de ScreenScraper
MOVIDO	emu/dos/images/Zork 3 - The Dungeon Master-marquee.png	emu/MEDIA/DOS/images/Zork 3 - The Dungeon Master-marquee.png	carátulas, capturas y logos de ScreenScraper
MOVIDO	emu/dos/images/Zork 3 - The Dungeon Master-thumb.png	emu/MEDIA/DOS/images/Zork 3 - The Dungeon Master-thumb.png	carátulas, capturas y logos de ScreenScraper
MOVIDO	emu/dos/images/Zork Quest - Assault on Egreth Castle-image.png	emu/MEDIA/DOS/images/Zork Quest - Assault on Egreth Castle-image.png	carátulas, capturas y logos de ScreenScraper
MOVIDO	emu/dos/images/Zork Quest - Assault on Egreth Castle-marquee.png	emu/MEDIA/DOS/images/Zork Quest - Assault on Egreth Castle-marquee.png	carátulas, capturas y logos de ScreenScraper
MOVIDO	emu/dos/images/Zork Quest - Assault on Egreth Castle-thumb.png	emu/MEDIA/DOS/images/Zork Quest - Assault on Egreth Castle-thumb.png	carátulas, capturas y logos de ScreenScraper
MOVIDO	emu/dos/images/Zorro-image.png	emu/MEDIA/DOS/images/Zorro-image.png	carátulas, capturas y logos de ScreenScraper
MOVIDO	emu/dos/images/Zorro-marquee.png	emu/MEDIA/DOS/images/Zorro-marquee.png	carátulas, capturas y logos de ScreenScraper
MOVIDO	emu/dos/images/Zorro-thumb.png	emu/MEDIA/DOS/images/Zorro-thumb.png	carátulas, capturas y logos de ScreenScraper
MOVIDO	emu/dos/images/Zyll-image.png	emu/MEDIA/DOS/images/Zyll-image.png	carátulas, capturas y logos de ScreenScraper
MOVIDO	emu/dos/images/Zyll-marquee.png	emu/MEDIA/DOS/images/Zyll-marquee.png	carátulas, capturas y logos de ScreenScraper
MOVIDO	emu/dos/images/Zyll-thumb.png	emu/MEDIA/DOS/images/Zyll-thumb.png	carátulas, capturas y logos de ScreenScraper
MOVIDO	emu/dos/videos/1830 Railroads & Robber Barons-video.mp4	emu/MEDIA/DOS/videos/1830 Railroads & Robber Barons-video.mp4	vídeo de ScreenScraper (RetroArch 1.8.8 no los usa)
MOVIDO	emu/dos/videos/2400 a.d.-video.mp4	emu/MEDIA/DOS/videos/2400 a.d.-video.mp4	vídeo de ScreenScraper (RetroArch 1.8.8 no los usa)
MOVIDO	emu/dos/videos/4x4 Off-Road Racing-video.mp4	emu/MEDIA/DOS/videos/4x4 Off-Road Racing-video.mp4	vídeo de ScreenScraper (RetroArch 1.8.8 no los usa)
MOVIDO	emu/dos/videos/A-Train-video.mp4	emu/MEDIA/DOS/videos/A-Train-video.mp4	vídeo de ScreenScraper (RetroArch 1.8.8 no los usa)
MOVIDO	emu/dos/videos/Abrams Battle Tank-video.mp4	emu/MEDIA/DOS/videos/Abrams Battle Tank-video.mp4	vídeo de ScreenScraper (RetroArch 1.8.8 no los usa)
MOVIDO	emu/dos/videos/Absolute Pinball-video.mp4	emu/MEDIA/DOS/videos/Absolute Pinball-video.mp4	vídeo de ScreenScraper (RetroArch 1.8.8 no los usa)
MOVIDO	emu/dos/videos/Abuse-video.mp4	emu/MEDIA/DOS/videos/Abuse-video.mp4	vídeo de ScreenScraper (RetroArch 1.8.8 no los usa)
MOVIDO	emu/dos/videos/After Burner-video.mp4	emu/MEDIA/DOS/videos/After Burner-video.mp4	vídeo de ScreenScraper (RetroArch 1.8.8 no los usa)
MOVIDO	emu/dos/videos/Airborne Ranger-video.mp4	emu/MEDIA/DOS/videos/Airborne Ranger-video.mp4	vídeo de ScreenScraper (RetroArch 1.8.8 no los usa)
MOVIDO	emu/dos/videos/Airbucks-video.mp4	emu/MEDIA/DOS/videos/Airbucks-video.mp4	vídeo de ScreenScraper (RetroArch 1.8.8 no los usa)
MOVIDO	emu/dos/videos/Al Qadim - The Genie's Curse-video.mp4	emu/MEDIA/DOS/videos/Al Qadim - The Genie's Curse-video.mp4	vídeo de ScreenScraper (RetroArch 1.8.8 no los usa)
MOVIDO	emu/dos/videos/Aladdin-video.mp4	emu/MEDIA/DOS/videos/Aladdin-video.mp4	vídeo de ScreenScraper (RetroArch 1.8.8 no los usa)
MOVIDO	emu/dos/videos/Albion-video.mp4	emu/MEDIA/DOS/videos/Albion-video.mp4	vídeo de ScreenScraper (RetroArch 1.8.8 no los usa)
MOVIDO	emu/dos/videos/Aleshar - World of Ice-video.mp4	emu/MEDIA/DOS/videos/Aleshar - World of Ice-video.mp4	vídeo de ScreenScraper (RetroArch 1.8.8 no los usa)
MOVIDO	emu/dos/videos/Alien Breed-video.mp4	emu/MEDIA/DOS/videos/Alien Breed-video.mp4	vídeo de ScreenScraper (RetroArch 1.8.8 no los usa)
MOVIDO	emu/dos/videos/Alien Carnage - Halloween Harry-video.mp4	emu/MEDIA/DOS/videos/Alien Carnage - Halloween Harry-video.mp4	vídeo de ScreenScraper (RetroArch 1.8.8 no los usa)
MOVIDO	emu/dos/videos/Alien Incident-video.mp4	emu/MEDIA/DOS/videos/Alien Incident-video.mp4	vídeo de ScreenScraper (RetroArch 1.8.8 no los usa)
MOVIDO	emu/dos/videos/Alien Rampage-video.mp4	emu/MEDIA/DOS/videos/Alien Rampage-video.mp4	vídeo de ScreenScraper (RetroArch 1.8.8 no los usa)
MOVIDO	emu/dos/videos/Alien Syndrome-video.mp4	emu/MEDIA/DOS/videos/Alien Syndrome-video.mp4	vídeo de ScreenScraper (RetroArch 1.8.8 no los usa)
MOVIDO	emu/dos/videos/Alien Trilogy-video.mp4	emu/MEDIA/DOS/videos/Alien Trilogy-video.mp4	vídeo de ScreenScraper (RetroArch 1.8.8 no los usa)
MOVIDO	emu/dos/videos/Alley Cat-video.mp4	emu/MEDIA/DOS/videos/Alley Cat-video.mp4	vídeo de ScreenScraper (RetroArch 1.8.8 no los usa)
MOVIDO	emu/dos/videos/Alone in the Dark 2-video.mp4	emu/MEDIA/DOS/videos/Alone in the Dark 2-video.mp4	vídeo de ScreenScraper (RetroArch 1.8.8 no los usa)
MOVIDO	emu/dos/videos/Alone in the Dark-video.mp4	emu/MEDIA/DOS/videos/Alone in the Dark-video.mp4	vídeo de ScreenScraper (RetroArch 1.8.8 no los usa)
MOVIDO	emu/dos/videos/Altered Beast-video.mp4	emu/MEDIA/DOS/videos/Altered Beast-video.mp4	vídeo de ScreenScraper (RetroArch 1.8.8 no los usa)
MOVIDO	emu/dos/videos/Altered Destiny-video.mp4	emu/MEDIA/DOS/videos/Altered Destiny-video.mp4	vídeo de ScreenScraper (RetroArch 1.8.8 no los usa)
MOVIDO	emu/dos/videos/Alternate Reality - The City-video.mp4	emu/MEDIA/DOS/videos/Alternate Reality - The City-video.mp4	vídeo de ScreenScraper (RetroArch 1.8.8 no los usa)
MOVIDO	emu/dos/videos/Amulets and Armor-video.mp4	emu/MEDIA/DOS/videos/Amulets and Armor-video.mp4	vídeo de ScreenScraper (RetroArch 1.8.8 no los usa)
MOVIDO	emu/dos/videos/Ancient Domains of Mystery-video.mp4	emu/MEDIA/DOS/videos/Ancient Domains of Mystery-video.mp4	vídeo de ScreenScraper (RetroArch 1.8.8 no los usa)
MOVIDO	emu/dos/videos/Ancients II - Approaching Evil-video.mp4	emu/MEDIA/DOS/videos/Ancients II - Approaching Evil-video.mp4	vídeo de ScreenScraper (RetroArch 1.8.8 no los usa)
MOVIDO	emu/dos/videos/Another World-video.mp4	emu/MEDIA/DOS/videos/Another World-video.mp4	vídeo de ScreenScraper (RetroArch 1.8.8 no los usa)
MOVIDO	emu/dos/videos/Anvil of Dawn-video.mp4	emu/MEDIA/DOS/videos/Anvil of Dawn-video.mp4	vídeo de ScreenScraper (RetroArch 1.8.8 no los usa)
MOVIDO	emu/dos/videos/Apple Panic-video.mp4	emu/MEDIA/DOS/videos/Apple Panic-video.mp4	vídeo de ScreenScraper (RetroArch 1.8.8 no los usa)
MOVIDO	emu/dos/videos/Arcade Volleyball-video.mp4	emu/MEDIA/DOS/videos/Arcade Volleyball-video.mp4	vídeo de ScreenScraper (RetroArch 1.8.8 no los usa)
MOVIDO	emu/dos/videos/Archon Ultra-video.mp4	emu/MEDIA/DOS/videos/Archon Ultra-video.mp4	vídeo de ScreenScraper (RetroArch 1.8.8 no los usa)
MOVIDO	emu/dos/videos/Arkanoid 2 - Revenge of Doh-video.mp4	emu/MEDIA/DOS/videos/Arkanoid 2 - Revenge of Doh-video.mp4	vídeo de ScreenScraper (RetroArch 1.8.8 no los usa)
MOVIDO	emu/dos/videos/Arkanoid-video.mp4	emu/MEDIA/DOS/videos/Arkanoid-video.mp4	vídeo de ScreenScraper (RetroArch 1.8.8 no los usa)
MOVIDO	emu/dos/videos/Auto Duel-video.mp4	emu/MEDIA/DOS/videos/Auto Duel-video.mp4	vídeo de ScreenScraper (RetroArch 1.8.8 no los usa)
MOVIDO	emu/dos/videos/B.A.T.-video.mp4	emu/MEDIA/DOS/videos/B.A.T.-video.mp4	vídeo de ScreenScraper (RetroArch 1.8.8 no los usa)
MOVIDO	emu/dos/videos/BLOOD-video.mp4	emu/MEDIA/DOS/videos/BLOOD-video.mp4	vídeo de ScreenScraper (RetroArch 1.8.8 no los usa)
MOVIDO	emu/dos/videos/Baal-video.mp4	emu/MEDIA/DOS/videos/Baal-video.mp4	vídeo de ScreenScraper (RetroArch 1.8.8 no los usa)
MOVIDO	emu/dos/videos/Baby Jo in Going Home-video.mp4	emu/MEDIA/DOS/videos/Baby Jo in Going Home-video.mp4	vídeo de ScreenScraper (RetroArch 1.8.8 no los usa)
MOVIDO	emu/dos/videos/Back to the Future II-video.mp4	emu/MEDIA/DOS/videos/Back to the Future II-video.mp4	vídeo de ScreenScraper (RetroArch 1.8.8 no los usa)
MOVIDO	emu/dos/videos/Back to the Future III-video.mp4	emu/MEDIA/DOS/videos/Back to the Future III-video.mp4	vídeo de ScreenScraper (RetroArch 1.8.8 no los usa)
MOVIDO	emu/dos/videos/Bactron-video.mp4	emu/MEDIA/DOS/videos/Bactron-video.mp4	vídeo de ScreenScraper (RetroArch 1.8.8 no los usa)
MOVIDO	emu/dos/videos/Bad Blood-video.mp4	emu/MEDIA/DOS/videos/Bad Blood-video.mp4	vídeo de ScreenScraper (RetroArch 1.8.8 no los usa)
MOVIDO	emu/dos/videos/Barbarian-video.mp4	emu/MEDIA/DOS/videos/Barbarian-video.mp4	vídeo de ScreenScraper (RetroArch 1.8.8 no los usa)
MOVIDO	emu/dos/videos/Bard's Tale - Construction Set-video.mp4	emu/MEDIA/DOS/videos/Bard's Tale - Construction Set-video.mp4	vídeo de ScreenScraper (RetroArch 1.8.8 no los usa)
MOVIDO	emu/dos/videos/Bard's Tale III - Thief of Fate-video.mp4	emu/MEDIA/DOS/videos/Bard's Tale III - Thief of Fate-video.mp4	vídeo de ScreenScraper (RetroArch 1.8.8 no los usa)
MOVIDO	emu/dos/videos/Bard's Tale-video.mp4	emu/MEDIA/DOS/videos/Bard's Tale-video.mp4	vídeo de ScreenScraper (RetroArch 1.8.8 no los usa)
MOVIDO	emu/dos/videos/Batman - The Caped Crusader-video.mp4	emu/MEDIA/DOS/videos/Batman - The Caped Crusader-video.mp4	vídeo de ScreenScraper (RetroArch 1.8.8 no los usa)
MOVIDO	emu/dos/videos/Batman - The Movie-video.mp4	emu/MEDIA/DOS/videos/Batman - The Movie-video.mp4	vídeo de ScreenScraper (RetroArch 1.8.8 no los usa)
MOVIDO	emu/dos/videos/Batman Forever-video.mp4	emu/MEDIA/DOS/videos/Batman Forever-video.mp4	vídeo de ScreenScraper (RetroArch 1.8.8 no los usa)
MOVIDO	emu/dos/videos/Battle Bugs-video.mp4	emu/MEDIA/DOS/videos/Battle Bugs-video.mp4	vídeo de ScreenScraper (RetroArch 1.8.8 no los usa)
MOVIDO	emu/dos/videos/Battle Chess (for Windows)-video.mp4	emu/MEDIA/DOS/videos/Battle Chess (for Windows)-video.mp4	vídeo de ScreenScraper (RetroArch 1.8.8 no los usa)
MOVIDO	emu/dos/videos/BattleTech - The Crescent Hawks Revenge-video.mp4	emu/MEDIA/DOS/videos/BattleTech - The Crescent Hawks Revenge-video.mp4	vídeo de ScreenScraper (RetroArch 1.8.8 no los usa)
MOVIDO	emu/dos/videos/Battlehawks 1942-video.mp4	emu/MEDIA/DOS/videos/Battlehawks 1942-video.mp4	vídeo de ScreenScraper (RetroArch 1.8.8 no los usa)
MOVIDO	emu/dos/videos/Beats Of Rage-video.mp4	emu/MEDIA/DOS/videos/Beats Of Rage-video.mp4	vídeo de ScreenScraper (RetroArch 1.8.8 no los usa)
MOVIDO	emu/dos/videos/Below the Root-video.mp4	emu/MEDIA/DOS/videos/Below the Root-video.mp4	vídeo de ScreenScraper (RetroArch 1.8.8 no los usa)
MOVIDO	emu/dos/videos/Bill & Ted's Excellent Adventure-video.mp4	emu/MEDIA/DOS/videos/Bill & Ted's Excellent Adventure-video.mp4	vídeo de ScreenScraper (RetroArch 1.8.8 no los usa)
MOVIDO	emu/dos/videos/Bio Menace-video.mp4	emu/MEDIA/DOS/videos/Bio Menace-video.mp4	vídeo de ScreenScraper (RetroArch 1.8.8 no los usa)
MOVIDO	emu/dos/videos/Bioforge-video.mp4	emu/MEDIA/DOS/videos/Bioforge-video.mp4	vídeo de ScreenScraper (RetroArch 1.8.8 no los usa)
MOVIDO	emu/dos/videos/Birds of Prey-video.mp4	emu/MEDIA/DOS/videos/Birds of Prey-video.mp4	vídeo de ScreenScraper (RetroArch 1.8.8 no los usa)
MOVIDO	emu/dos/videos/Blackthorne-video.mp4	emu/MEDIA/DOS/videos/Blackthorne-video.mp4	vídeo de ScreenScraper (RetroArch 1.8.8 no los usa)
MOVIDO	emu/dos/videos/Blockout-video.mp4	emu/MEDIA/DOS/videos/Blockout-video.mp4	vídeo de ScreenScraper (RetroArch 1.8.8 no los usa)
MOVIDO	emu/dos/videos/Bloodwych-video.mp4	emu/MEDIA/DOS/videos/Bloodwych-video.mp4	vídeo de ScreenScraper (RetroArch 1.8.8 no los usa)
MOVIDO	emu/dos/videos/Blues Brothers 2-video.mp4	emu/MEDIA/DOS/videos/Blues Brothers 2-video.mp4	vídeo de ScreenScraper (RetroArch 1.8.8 no los usa)
MOVIDO	emu/dos/videos/Boulder Dash [Remake]-video.mp4	emu/MEDIA/DOS/videos/Boulder Dash [Remake]-video.mp4	vídeo de ScreenScraper (RetroArch 1.8.8 no los usa)
MOVIDO	emu/dos/videos/Bram Stoker's Dracula-video.mp4	emu/MEDIA/DOS/videos/Bram Stoker's Dracula-video.mp4	vídeo de ScreenScraper (RetroArch 1.8.8 no los usa)
MOVIDO	emu/dos/videos/Brix-video.mp4	emu/MEDIA/DOS/videos/Brix-video.mp4	vídeo de ScreenScraper (RetroArch 1.8.8 no los usa)
MOVIDO	emu/dos/videos/Bubble Bobble-video.mp4	emu/MEDIA/DOS/videos/Bubble Bobble-video.mp4	vídeo de ScreenScraper (RetroArch 1.8.8 no los usa)
MOVIDO	emu/dos/videos/Bully's Sporting Darts-video.mp4	emu/MEDIA/DOS/videos/Bully's Sporting Darts-video.mp4	vídeo de ScreenScraper (RetroArch 1.8.8 no los usa)
MOVIDO	emu/dos/videos/Bumpy's Arcade Fantasy-video.mp4	emu/MEDIA/DOS/videos/Bumpy's Arcade Fantasy-video.mp4	vídeo de ScreenScraper (RetroArch 1.8.8 no los usa)
MOVIDO	emu/dos/videos/Bureau 13-video.mp4	emu/MEDIA/DOS/videos/Bureau 13-video.mp4	vídeo de ScreenScraper (RetroArch 1.8.8 no los usa)
MOVIDO	emu/dos/videos/Bush Buck - Global Treasure Hunter-video.mp4	emu/MEDIA/DOS/videos/Bush Buck - Global Treasure Hunter-video.mp4	vídeo de ScreenScraper (RetroArch 1.8.8 no los usa)
MOVIDO	emu/dos/videos/Cadaver-video.mp4	emu/MEDIA/DOS/videos/Cadaver-video.mp4	vídeo de ScreenScraper (RetroArch 1.8.8 no los usa)
MOVIDO	emu/dos/videos/Caesar-video.mp4	emu/MEDIA/DOS/videos/Caesar-video.mp4	vídeo de ScreenScraper (RetroArch 1.8.8 no los usa)
MOVIDO	emu/dos/videos/California Games-video.mp4	emu/MEDIA/DOS/videos/California Games-video.mp4	vídeo de ScreenScraper (RetroArch 1.8.8 no los usa)
MOVIDO	emu/dos/videos/Cannon Fodder 2-video.mp4	emu/MEDIA/DOS/videos/Cannon Fodder 2-video.mp4	vídeo de ScreenScraper (RetroArch 1.8.8 no los usa)
MOVIDO	emu/dos/videos/Cannon Fodder-video.mp4	emu/MEDIA/DOS/videos/Cannon Fodder-video.mp4	vídeo de ScreenScraper (RetroArch 1.8.8 no los usa)
MOVIDO	emu/dos/videos/Captive-video.mp4	emu/MEDIA/DOS/videos/Captive-video.mp4	vídeo de ScreenScraper (RetroArch 1.8.8 no los usa)
MOVIDO	emu/dos/videos/Carmageddon-video.mp4	emu/MEDIA/DOS/videos/Carmageddon-video.mp4	vídeo de ScreenScraper (RetroArch 1.8.8 no los usa)
MOVIDO	emu/dos/videos/Carrier Command-video.mp4	emu/MEDIA/DOS/videos/Carrier Command-video.mp4	vídeo de ScreenScraper (RetroArch 1.8.8 no los usa)
MOVIDO	emu/dos/videos/Castle of Dr. Brain-video.mp4	emu/MEDIA/DOS/videos/Castle of Dr. Brain-video.mp4	vídeo de ScreenScraper (RetroArch 1.8.8 no los usa)
MOVIDO	emu/dos/videos/Castles-video.mp4	emu/MEDIA/DOS/videos/Castles-video.mp4	vídeo de ScreenScraper (RetroArch 1.8.8 no los usa)
MOVIDO	emu/dos/videos/Castlevania-video.mp4	emu/MEDIA/DOS/videos/Castlevania-video.mp4	vídeo de ScreenScraper (RetroArch 1.8.8 no los usa)
MOVIDO	emu/dos/videos/Centurion - Defender of Rome-video.mp4	emu/MEDIA/DOS/videos/Centurion - Defender of Rome-video.mp4	vídeo de ScreenScraper (RetroArch 1.8.8 no los usa)
MOVIDO	emu/dos/videos/Champions of Krynn-video.mp4	emu/MEDIA/DOS/videos/Champions of Krynn-video.mp4	vídeo de ScreenScraper (RetroArch 1.8.8 no los usa)
MOVIDO	emu/dos/videos/Chasm The Rift-video.mp4	emu/MEDIA/DOS/videos/Chasm The Rift-video.mp4	vídeo de ScreenScraper (RetroArch 1.8.8 no los usa)
MOVIDO	emu/dos/videos/Chessmaster 2000-video.mp4	emu/MEDIA/DOS/videos/Chessmaster 2000-video.mp4	vídeo de ScreenScraper (RetroArch 1.8.8 no los usa)
MOVIDO	emu/dos/videos/Chopper Commando-video.mp4	emu/MEDIA/DOS/videos/Chopper Commando-video.mp4	vídeo de ScreenScraper (RetroArch 1.8.8 no los usa)
MOVIDO	emu/dos/videos/Civilization-video.mp4	emu/MEDIA/DOS/videos/Civilization-video.mp4	vídeo de ScreenScraper (RetroArch 1.8.8 no los usa)
MOVIDO	emu/dos/videos/Codename - Iceman-video.mp4	emu/MEDIA/DOS/videos/Codename - Iceman-video.mp4	vídeo de ScreenScraper (RetroArch 1.8.8 no los usa)
MOVIDO	emu/dos/videos/Colonization-video.mp4	emu/MEDIA/DOS/videos/Colonization-video.mp4	vídeo de ScreenScraper (RetroArch 1.8.8 no los usa)
MOVIDO	emu/dos/videos/Commander Keen - Keen Dreams-video.mp4	emu/MEDIA/DOS/videos/Commander Keen - Keen Dreams-video.mp4	vídeo de ScreenScraper (RetroArch 1.8.8 no los usa)
MOVIDO	emu/dos/videos/Commander Keen 1 - Marooned on Mars-video.mp4	emu/MEDIA/DOS/videos/Commander Keen 1 - Marooned on Mars-video.mp4	vídeo de ScreenScraper (RetroArch 1.8.8 no los usa)
MOVIDO	emu/dos/videos/Commander Keen 4 - Secret of the Oracle-video.mp4	emu/MEDIA/DOS/videos/Commander Keen 4 - Secret of the Oracle-video.mp4	vídeo de ScreenScraper (RetroArch 1.8.8 no los usa)
MOVIDO	emu/dos/videos/Commander Keen 6 - Aliens ate my Baby Sitter-video.mp4	emu/MEDIA/DOS/videos/Commander Keen 6 - Aliens ate my Baby Sitter-video.mp4	vídeo de ScreenScraper (RetroArch 1.8.8 no los usa)
MOVIDO	emu/dos/videos/Constructor-video.mp4	emu/MEDIA/DOS/videos/Constructor-video.mp4	vídeo de ScreenScraper (RetroArch 1.8.8 no los usa)
MOVIDO	emu/dos/videos/Contraption Zack-video.mp4	emu/MEDIA/DOS/videos/Contraption Zack-video.mp4	vídeo de ScreenScraper (RetroArch 1.8.8 no los usa)
MOVIDO	emu/dos/videos/Cool Spot-video.mp4	emu/MEDIA/DOS/videos/Cool Spot-video.mp4	vídeo de ScreenScraper (RetroArch 1.8.8 no los usa)
MOVIDO	emu/dos/videos/Crazy Cars II-video.mp4	emu/MEDIA/DOS/videos/Crazy Cars II-video.mp4	vídeo de ScreenScraper (RetroArch 1.8.8 no los usa)
MOVIDO	emu/dos/videos/Crazy Cars-video.mp4	emu/MEDIA/DOS/videos/Crazy Cars-video.mp4	vídeo de ScreenScraper (RetroArch 1.8.8 no los usa)
MOVIDO	emu/dos/videos/Crime Wave-video.mp4	emu/MEDIA/DOS/videos/Crime Wave-video.mp4	vídeo de ScreenScraper (RetroArch 1.8.8 no los usa)
MOVIDO	emu/dos/videos/Cruise for a Corpse-video.mp4	emu/MEDIA/DOS/videos/Cruise for a Corpse-video.mp4	vídeo de ScreenScraper (RetroArch 1.8.8 no los usa)
MOVIDO	emu/dos/videos/Crystals of Arborea-video.mp4	emu/MEDIA/DOS/videos/Crystals of Arborea-video.mp4	vídeo de ScreenScraper (RetroArch 1.8.8 no los usa)
MOVIDO	emu/dos/videos/Curse of Enchantia-video.mp4	emu/MEDIA/DOS/videos/Curse of Enchantia-video.mp4	vídeo de ScreenScraper (RetroArch 1.8.8 no los usa)
MOVIDO	emu/dos/videos/Curse of the Azure Bonds-video.mp4	emu/MEDIA/DOS/videos/Curse of the Azure Bonds-video.mp4	vídeo de ScreenScraper (RetroArch 1.8.8 no los usa)
MOVIDO	emu/dos/videos/CyClones-video.mp4	emu/MEDIA/DOS/videos/CyClones-video.mp4	vídeo de ScreenScraper (RetroArch 1.8.8 no los usa)
MOVIDO	emu/dos/videos/D-Generation-video.mp4	emu/MEDIA/DOS/videos/D-Generation-video.mp4	vídeo de ScreenScraper (RetroArch 1.8.8 no los usa)
MOVIDO	emu/dos/videos/Daemonsgate-video.mp4	emu/MEDIA/DOS/videos/Daemonsgate-video.mp4	vídeo de ScreenScraper (RetroArch 1.8.8 no los usa)
MOVIDO	emu/dos/videos/Dalek Attack-video.mp4	emu/MEDIA/DOS/videos/Dalek Attack-video.mp4	vídeo de ScreenScraper (RetroArch 1.8.8 no los usa)
MOVIDO	emu/dos/videos/Dangerous Dave-video.mp4	emu/MEDIA/DOS/videos/Dangerous Dave-video.mp4	vídeo de ScreenScraper (RetroArch 1.8.8 no los usa)
MOVIDO	emu/dos/videos/Dark Seed II-video.mp4	emu/MEDIA/DOS/videos/Dark Seed II-video.mp4	vídeo de ScreenScraper (RetroArch 1.8.8 no los usa)
MOVIDO	emu/dos/videos/Dark Seed-video.mp4	emu/MEDIA/DOS/videos/Dark Seed-video.mp4	vídeo de ScreenScraper (RetroArch 1.8.8 no los usa)
MOVIDO	emu/dos/videos/Darklands-video.mp4	emu/MEDIA/DOS/videos/Darklands-video.mp4	vídeo de ScreenScraper (RetroArch 1.8.8 no los usa)
MOVIDO	emu/dos/videos/Darkspyre-video.mp4	emu/MEDIA/DOS/videos/Darkspyre-video.mp4	vídeo de ScreenScraper (RetroArch 1.8.8 no los usa)
MOVIDO	emu/dos/videos/Death Rally-video.mp4	emu/MEDIA/DOS/videos/Death Rally-video.mp4	vídeo de ScreenScraper (RetroArch 1.8.8 no los usa)
MOVIDO	emu/dos/videos/Demons Winter-video.mp4	emu/MEDIA/DOS/videos/Demons Winter-video.mp4	vídeo de ScreenScraper (RetroArch 1.8.8 no los usa)
MOVIDO	emu/dos/videos/Descent (Shareware)-video.mp4	emu/MEDIA/DOS/videos/Descent (Shareware)-video.mp4	vídeo de ScreenScraper (RetroArch 1.8.8 no los usa)
MOVIDO	emu/dos/videos/Descent 2 (Shareware)-video.mp4	emu/MEDIA/DOS/videos/Descent 2 (Shareware)-video.mp4	vídeo de ScreenScraper (RetroArch 1.8.8 no los usa)
MOVIDO	emu/dos/videos/Die Hard-video.mp4	emu/MEDIA/DOS/videos/Die Hard-video.mp4	vídeo de ScreenScraper (RetroArch 1.8.8 no los usa)
MOVIDO	emu/dos/videos/Dinopark Tycoon-video.mp4	emu/MEDIA/DOS/videos/Dinopark Tycoon-video.mp4	vídeo de ScreenScraper (RetroArch 1.8.8 no los usa)
MOVIDO	emu/dos/videos/Disc-video.mp4	emu/MEDIA/DOS/videos/Disc-video.mp4	vídeo de ScreenScraper (RetroArch 1.8.8 no los usa)
MOVIDO	emu/dos/videos/Disciples of Steel-video.mp4	emu/MEDIA/DOS/videos/Disciples of Steel-video.mp4	vídeo de ScreenScraper (RetroArch 1.8.8 no los usa)
MOVIDO	emu/dos/videos/Discworld-video.mp4	emu/MEDIA/DOS/videos/Discworld-video.mp4	vídeo de ScreenScraper (RetroArch 1.8.8 no los usa)
MOVIDO	emu/dos/videos/Don't go Alone-video.mp4	emu/MEDIA/DOS/videos/Don't go Alone-video.mp4	vídeo de ScreenScraper (RetroArch 1.8.8 no los usa)
MOVIDO	emu/dos/videos/Donald Duck's Playground-video.mp4	emu/MEDIA/DOS/videos/Donald Duck's Playground-video.mp4	vídeo de ScreenScraper (RetroArch 1.8.8 no los usa)
MOVIDO	emu/dos/videos/Doom (Shareware)-video.mp4	emu/MEDIA/DOS/videos/Doom (Shareware)-video.mp4	vídeo de ScreenScraper (RetroArch 1.8.8 no los usa)
MOVIDO	emu/dos/videos/Double Dragon 2 - The Revenge-video.mp4	emu/MEDIA/DOS/videos/Double Dragon 2 - The Revenge-video.mp4	vídeo de ScreenScraper (RetroArch 1.8.8 no los usa)
MOVIDO	emu/dos/videos/Double Dragon 3 - The Rosetta Stone-video.mp4	emu/MEDIA/DOS/videos/Double Dragon 3 - The Rosetta Stone-video.mp4	vídeo de ScreenScraper (RetroArch 1.8.8 no los usa)
MOVIDO	emu/dos/videos/Double Dragon-video.mp4	emu/MEDIA/DOS/videos/Double Dragon-video.mp4	vídeo de ScreenScraper (RetroArch 1.8.8 no los usa)
MOVIDO	emu/dos/videos/Dragon Wars-video.mp4	emu/MEDIA/DOS/videos/Dragon Wars-video.mp4	vídeo de ScreenScraper (RetroArch 1.8.8 no los usa)
MOVIDO	emu/dos/videos/Dragons of Flame-video.mp4	emu/MEDIA/DOS/videos/Dragons of Flame-video.mp4	vídeo de ScreenScraper (RetroArch 1.8.8 no los usa)
MOVIDO	emu/dos/videos/Drakkhen-video.mp4	emu/MEDIA/DOS/videos/Drakkhen-video.mp4	vídeo de ScreenScraper (RetroArch 1.8.8 no los usa)
MOVIDO	emu/dos/videos/DreamWeb-video.mp4	emu/MEDIA/DOS/videos/DreamWeb-video.mp4	vídeo de ScreenScraper (RetroArch 1.8.8 no los usa)
MOVIDO	emu/dos/videos/Duke Nukem 3D-video.mp4	emu/MEDIA/DOS/videos/Duke Nukem 3D-video.mp4	vídeo de ScreenScraper (RetroArch 1.8.8 no los usa)
MOVIDO	emu/dos/videos/Duke Nukem II-video.mp4	emu/MEDIA/DOS/videos/Duke Nukem II-video.mp4	vídeo de ScreenScraper (RetroArch 1.8.8 no los usa)
MOVIDO	emu/dos/videos/Dune-video.mp4	emu/MEDIA/DOS/videos/Dune-video.mp4	vídeo de ScreenScraper (RetroArch 1.8.8 no los usa)
MOVIDO	emu/dos/videos/Dungeon Master-video.mp4	emu/MEDIA/DOS/videos/Dungeon Master-video.mp4	vídeo de ScreenScraper (RetroArch 1.8.8 no los usa)
MOVIDO	emu/dos/videos/Dusk of the Gods-video.mp4	emu/MEDIA/DOS/videos/Dusk of the Gods-video.mp4	vídeo de ScreenScraper (RetroArch 1.8.8 no los usa)
MOVIDO	emu/dos/videos/EWJ-video.mp4	emu/MEDIA/DOS/videos/EWJ-video.mp4	vídeo de ScreenScraper (RetroArch 1.8.8 no los usa)
MOVIDO	emu/dos/videos/EcoQuest - The Search for Cetus-video.mp4	emu/MEDIA/DOS/videos/EcoQuest - The Search for Cetus-video.mp4	vídeo de ScreenScraper (RetroArch 1.8.8 no los usa)
MOVIDO	emu/dos/videos/Escape from Hell-video.mp4	emu/MEDIA/DOS/videos/Escape from Hell-video.mp4	vídeo de ScreenScraper (RetroArch 1.8.8 no los usa)
MOVIDO	emu/dos/videos/Eye of the Beholder II - The Legend of Darkmoon-video.mp4	emu/MEDIA/DOS/videos/Eye of the Beholder II - The Legend of Darkmoon-video.mp4	vídeo de ScreenScraper (RetroArch 1.8.8 no los usa)
MOVIDO	emu/dos/videos/Eye of the Beholder-video.mp4	emu/MEDIA/DOS/videos/Eye of the Beholder-video.mp4	vídeo de ScreenScraper (RetroArch 1.8.8 no los usa)
MOVIDO	emu/dos/videos/F-15 Strike Eagle II-video.mp4	emu/MEDIA/DOS/videos/F-15 Strike Eagle II-video.mp4	vídeo de ScreenScraper (RetroArch 1.8.8 no los usa)
MOVIDO	emu/dos/videos/F-15 Strike Eagle III-video.mp4	emu/MEDIA/DOS/videos/F-15 Strike Eagle III-video.mp4	vídeo de ScreenScraper (RetroArch 1.8.8 no los usa)
MOVIDO	emu/dos/videos/F-19 - Stealth Fighter-video.mp4	emu/MEDIA/DOS/videos/F-19 - Stealth Fighter-video.mp4	vídeo de ScreenScraper (RetroArch 1.8.8 no los usa)
MOVIDO	emu/dos/videos/F-29 Retaliator-video.mp4	emu/MEDIA/DOS/videos/F-29 Retaliator-video.mp4	vídeo de ScreenScraper (RetroArch 1.8.8 no los usa)
MOVIDO	emu/dos/videos/Face Off!-video.mp4	emu/MEDIA/DOS/videos/Face Off!-video.mp4	vídeo de ScreenScraper (RetroArch 1.8.8 no los usa)
MOVIDO	emu/dos/videos/Fighter Bomber-video.mp4	emu/MEDIA/DOS/videos/Fighter Bomber-video.mp4	vídeo de ScreenScraper (RetroArch 1.8.8 no los usa)
MOVIDO	emu/dos/videos/Flashback (CD Version)-video.mp4	emu/MEDIA/DOS/videos/Flashback (CD Version)-video.mp4	vídeo de ScreenScraper (RetroArch 1.8.8 no los usa)
MOVIDO	emu/dos/videos/Flashback-video.mp4	emu/MEDIA/DOS/videos/Flashback-video.mp4	vídeo de ScreenScraper (RetroArch 1.8.8 no los usa)
MOVIDO	emu/dos/videos/Flight of the Amazon Queen-video.mp4	emu/MEDIA/DOS/videos/Flight of the Amazon Queen-video.mp4	vídeo de ScreenScraper (RetroArch 1.8.8 no los usa)
MOVIDO	emu/dos/videos/Freddy Pharkas - Frontier Pharmacist-video.mp4	emu/MEDIA/DOS/videos/Freddy Pharkas - Frontier Pharmacist-video.mp4	vídeo de ScreenScraper (RetroArch 1.8.8 no los usa)
MOVIDO	emu/dos/videos/Frogger-video.mp4	emu/MEDIA/DOS/videos/Frogger-video.mp4	vídeo de ScreenScraper (RetroArch 1.8.8 no los usa)
MOVIDO	emu/dos/videos/Future Wars-video.mp4	emu/MEDIA/DOS/videos/Future Wars-video.mp4	vídeo de ScreenScraper (RetroArch 1.8.8 no los usa)
MOVIDO	emu/dos/videos/Fuzzy's world of Miniature Space Golf-video.mp4	emu/MEDIA/DOS/videos/Fuzzy's world of Miniature Space Golf-video.mp4	vídeo de ScreenScraper (RetroArch 1.8.8 no los usa)
MOVIDO	emu/dos/videos/Galaxian-video.mp4	emu/MEDIA/DOS/videos/Galaxian-video.mp4	vídeo de ScreenScraper (RetroArch 1.8.8 no los usa)
MOVIDO	emu/dos/videos/Gateway to the Savage Frontier-video.mp4	emu/MEDIA/DOS/videos/Gateway to the Savage Frontier-video.mp4	vídeo de ScreenScraper (RetroArch 1.8.8 no los usa)
MOVIDO	emu/dos/videos/Gauntlet II-video.mp4	emu/MEDIA/DOS/videos/Gauntlet II-video.mp4	vídeo de ScreenScraper (RetroArch 1.8.8 no los usa)
MOVIDO	emu/dos/videos/Ghostbusters 2-video.mp4	emu/MEDIA/DOS/videos/Ghostbusters 2-video.mp4	vídeo de ScreenScraper (RetroArch 1.8.8 no los usa)
MOVIDO	emu/dos/videos/Ghosts 'n' Goblins-video.mp4	emu/MEDIA/DOS/videos/Ghosts 'n' Goblins-video.mp4	vídeo de ScreenScraper (RetroArch 1.8.8 no los usa)
MOVIDO	emu/dos/videos/Gobliiins-video.mp4	emu/MEDIA/DOS/videos/Gobliiins-video.mp4	vídeo de ScreenScraper (RetroArch 1.8.8 no los usa)
MOVIDO	emu/dos/videos/Gobliins 2 - The Prince Buffoon-video.mp4	emu/MEDIA/DOS/videos/Gobliins 2 - The Prince Buffoon-video.mp4	vídeo de ScreenScraper (RetroArch 1.8.8 no los usa)
MOVIDO	emu/dos/videos/Gods-video.mp4	emu/MEDIA/DOS/videos/Gods-video.mp4	vídeo de ScreenScraper (RetroArch 1.8.8 no los usa)
MOVIDO	emu/dos/videos/Golden Axe-video.mp4	emu/MEDIA/DOS/videos/Golden Axe-video.mp4	vídeo de ScreenScraper (RetroArch 1.8.8 no los usa)
MOVIDO	emu/dos/videos/Goody-video.mp4	emu/MEDIA/DOS/videos/Goody-video.mp4	vídeo de ScreenScraper (RetroArch 1.8.8 no los usa)
MOVIDO	emu/dos/videos/Grand Theft Auto-video.mp4	emu/MEDIA/DOS/videos/Grand Theft Auto-video.mp4	vídeo de ScreenScraper (RetroArch 1.8.8 no los usa)
MOVIDO	emu/dos/videos/Gremlins 2-video.mp4	emu/MEDIA/DOS/videos/Gremlins 2-video.mp4	vídeo de ScreenScraper (RetroArch 1.8.8 no los usa)
MOVIDO	emu/dos/videos/Gremlins-video.mp4	emu/MEDIA/DOS/videos/Gremlins-video.mp4	vídeo de ScreenScraper (RetroArch 1.8.8 no los usa)
MOVIDO	emu/dos/videos/Gunboat-video.mp4	emu/MEDIA/DOS/videos/Gunboat-video.mp4	vídeo de ScreenScraper (RetroArch 1.8.8 no los usa)
MOVIDO	emu/dos/videos/Gunship-video.mp4	emu/MEDIA/DOS/videos/Gunship-video.mp4	vídeo de ScreenScraper (RetroArch 1.8.8 no los usa)
MOVIDO	emu/dos/videos/Happyland Adventures-video.mp4	emu/MEDIA/DOS/videos/Happyland Adventures-video.mp4	vídeo de ScreenScraper (RetroArch 1.8.8 no los usa)
MOVIDO	emu/dos/videos/Harrier Jump Jet-video.mp4	emu/MEDIA/DOS/videos/Harrier Jump Jet-video.mp4	vídeo de ScreenScraper (RetroArch 1.8.8 no los usa)
MOVIDO	emu/dos/videos/Heart of China-video.mp4	emu/MEDIA/DOS/videos/Heart of China-video.mp4	vídeo de ScreenScraper (RetroArch 1.8.8 no los usa)
MOVIDO	emu/dos/videos/Heimdall 2 - Into the Hall of Worlds-video.mp4	emu/MEDIA/DOS/videos/Heimdall 2 - Into the Hall of Worlds-video.mp4	vídeo de ScreenScraper (RetroArch 1.8.8 no los usa)
MOVIDO	emu/dos/videos/Heimdall-video.mp4	emu/MEDIA/DOS/videos/Heimdall-video.mp4	vídeo de ScreenScraper (RetroArch 1.8.8 no los usa)
MOVIDO	emu/dos/videos/Hero Quest-video.mp4	emu/MEDIA/DOS/videos/Hero Quest-video.mp4	vídeo de ScreenScraper (RetroArch 1.8.8 no los usa)
MOVIDO	emu/dos/videos/Heroes of Might and Magic-video.mp4	emu/MEDIA/DOS/videos/Heroes of Might and Magic-video.mp4	vídeo de ScreenScraper (RetroArch 1.8.8 no los usa)
MOVIDO	emu/dos/videos/Heroes of the Lance-video.mp4	emu/MEDIA/DOS/videos/Heroes of the Lance-video.mp4	vídeo de ScreenScraper (RetroArch 1.8.8 no los usa)
MOVIDO	emu/dos/videos/Hexx - Heresy of The Wizard-video.mp4	emu/MEDIA/DOS/videos/Hexx - Heresy of The Wizard-video.mp4	vídeo de ScreenScraper (RetroArch 1.8.8 no los usa)
MOVIDO	emu/dos/videos/Hocus Pocus-video.mp4	emu/MEDIA/DOS/videos/Hocus Pocus-video.mp4	vídeo de ScreenScraper (RetroArch 1.8.8 no los usa)
MOVIDO	emu/dos/videos/Home Alone 2 - Lost in New York-video.mp4	emu/MEDIA/DOS/videos/Home Alone 2 - Lost in New York-video.mp4	vídeo de ScreenScraper (RetroArch 1.8.8 no los usa)
MOVIDO	emu/dos/videos/Home Alone-video.mp4	emu/MEDIA/DOS/videos/Home Alone-video.mp4	vídeo de ScreenScraper (RetroArch 1.8.8 no los usa)
MOVIDO	emu/dos/videos/Hook-video.mp4	emu/MEDIA/DOS/videos/Hook-video.mp4	vídeo de ScreenScraper (RetroArch 1.8.8 no los usa)
MOVIDO	emu/dos/videos/Hostages-video.mp4	emu/MEDIA/DOS/videos/Hostages-video.mp4	vídeo de ScreenScraper (RetroArch 1.8.8 no los usa)
MOVIDO	emu/dos/videos/Ikari Warriors-video.mp4	emu/MEDIA/DOS/videos/Ikari Warriors-video.mp4	vídeo de ScreenScraper (RetroArch 1.8.8 no los usa)
MOVIDO	emu/dos/videos/Indiana Jones and the Last Crusade-video.mp4	emu/MEDIA/DOS/videos/Indiana Jones and the Last Crusade-video.mp4	vídeo de ScreenScraper (RetroArch 1.8.8 no los usa)
MOVIDO	emu/dos/videos/Indiana Jones and the Temple of Doom-video.mp4	emu/MEDIA/DOS/videos/Indiana Jones and the Temple of Doom-video.mp4	vídeo de ScreenScraper (RetroArch 1.8.8 no los usa)
MOVIDO	emu/dos/videos/Indiana Jones in Revenge of the Ancients-video.mp4	emu/MEDIA/DOS/videos/Indiana Jones in Revenge of the Ancients-video.mp4	vídeo de ScreenScraper (RetroArch 1.8.8 no los usa)
MOVIDO	emu/dos/videos/Indianapolis 500-video.mp4	emu/MEDIA/DOS/videos/Indianapolis 500-video.mp4	vídeo de ScreenScraper (RetroArch 1.8.8 no los usa)
MOVIDO	emu/dos/videos/Innocent Until Caught-video.mp4	emu/MEDIA/DOS/videos/Innocent Until Caught-video.mp4	vídeo de ScreenScraper (RetroArch 1.8.8 no los usa)
MOVIDO	emu/dos/videos/International Athletics-video.mp4	emu/MEDIA/DOS/videos/International Athletics-video.mp4	vídeo de ScreenScraper (RetroArch 1.8.8 no los usa)
MOVIDO	emu/dos/videos/Ishar 2 - Messengers of Doom-video.mp4	emu/MEDIA/DOS/videos/Ishar 2 - Messengers of Doom-video.mp4	vídeo de ScreenScraper (RetroArch 1.8.8 no los usa)
MOVIDO	emu/dos/videos/Ishar 3 - The seven gates of Infinity-video.mp4	emu/MEDIA/DOS/videos/Ishar 3 - The seven gates of Infinity-video.mp4	vídeo de ScreenScraper (RetroArch 1.8.8 no los usa)
MOVIDO	emu/dos/videos/Jagged Alliance-video.mp4	emu/MEDIA/DOS/videos/Jagged Alliance-video.mp4	vídeo de ScreenScraper (RetroArch 1.8.8 no los usa)
MOVIDO	emu/dos/videos/Jazz Jackrabbit-video.mp4	emu/MEDIA/DOS/videos/Jazz Jackrabbit-video.mp4	vídeo de ScreenScraper (RetroArch 1.8.8 no los usa)
MOVIDO	emu/dos/videos/Joe & Mac Caveman Ninja-video.mp4	emu/MEDIA/DOS/videos/Joe & Mac Caveman Ninja-video.mp4	vídeo de ScreenScraper (RetroArch 1.8.8 no los usa)
MOVIDO	emu/dos/videos/Jurassic Park-video.mp4	emu/MEDIA/DOS/videos/Jurassic Park-video.mp4	vídeo de ScreenScraper (RetroArch 1.8.8 no los usa)
MOVIDO	emu/dos/videos/KGB-video.mp4	emu/MEDIA/DOS/videos/KGB-video.mp4	vídeo de ScreenScraper (RetroArch 1.8.8 no los usa)
MOVIDO	emu/dos/videos/Karateka-video.mp4	emu/MEDIA/DOS/videos/Karateka-video.mp4	vídeo de ScreenScraper (RetroArch 1.8.8 no los usa)
MOVIDO	emu/dos/videos/Ken's Labyrinth-video.mp4	emu/MEDIA/DOS/videos/Ken's Labyrinth-video.mp4	vídeo de ScreenScraper (RetroArch 1.8.8 no los usa)
MOVIDO	emu/dos/videos/King's Quest 2 - Romancing the Throne-video.mp4	emu/MEDIA/DOS/videos/King's Quest 2 - Romancing the Throne-video.mp4	vídeo de ScreenScraper (RetroArch 1.8.8 no los usa)
MOVIDO	emu/dos/videos/King's Quest 3 - To Heir is Human-video.mp4	emu/MEDIA/DOS/videos/King's Quest 3 - To Heir is Human-video.mp4	vídeo de ScreenScraper (RetroArch 1.8.8 no los usa)
MOVIDO	emu/dos/videos/King's Quest 4 - The Perils of Rosella-video.mp4	emu/MEDIA/DOS/videos/King's Quest 4 - The Perils of Rosella-video.mp4	vídeo de ScreenScraper (RetroArch 1.8.8 no los usa)
MOVIDO	emu/dos/videos/King's Quest 5 - Absence makes the heart go Yonder-video.mp4	emu/MEDIA/DOS/videos/King's Quest 5 - Absence makes the heart go Yonder-video.mp4	vídeo de ScreenScraper (RetroArch 1.8.8 no los usa)
MOVIDO	emu/dos/videos/King's Quest 6 - Heir today, Gone tomorrow-video.mp4	emu/MEDIA/DOS/videos/King's Quest 6 - Heir today, Gone tomorrow-video.mp4	vídeo de ScreenScraper (RetroArch 1.8.8 no los usa)
MOVIDO	emu/dos/videos/Kings of the Beach-video.mp4	emu/MEDIA/DOS/videos/Kings of the Beach-video.mp4	vídeo de ScreenScraper (RetroArch 1.8.8 no los usa)
MOVIDO	emu/dos/videos/Klax-video.mp4	emu/MEDIA/DOS/videos/Klax-video.mp4	vídeo de ScreenScraper (RetroArch 1.8.8 no los usa)
MOVIDO	emu/dos/videos/Lamborghini - American Challenge-video.mp4	emu/MEDIA/DOS/videos/Lamborghini - American Challenge-video.mp4	vídeo de ScreenScraper (RetroArch 1.8.8 no los usa)
MOVIDO	emu/dos/videos/Lands of Lore - The Throne of Chaos-video.mp4	emu/MEDIA/DOS/videos/Lands of Lore - The Throne of Chaos-video.mp4	vídeo de ScreenScraper (RetroArch 1.8.8 no los usa)
MOVIDO	emu/dos/videos/Laura Bow - The Colonel's Bequest-video.mp4	emu/MEDIA/DOS/videos/Laura Bow - The Colonel's Bequest-video.mp4	vídeo de ScreenScraper (RetroArch 1.8.8 no los usa)
MOVIDO	emu/dos/videos/Legend of Faerghail-video.mp4	emu/MEDIA/DOS/videos/Legend of Faerghail-video.mp4	vídeo de ScreenScraper (RetroArch 1.8.8 no los usa)
MOVIDO	emu/dos/videos/Legends of Valour-video.mp4	emu/MEDIA/DOS/videos/Legends of Valour-video.mp4	vídeo de ScreenScraper (RetroArch 1.8.8 no los usa)
MOVIDO	emu/dos/videos/Leisure Suit Larry - in the Land of the Lounge Lizards-video.mp4	emu/MEDIA/DOS/videos/Leisure Suit Larry - in the Land of the Lounge Lizards-video.mp4	vídeo de ScreenScraper (RetroArch 1.8.8 no los usa)
MOVIDO	emu/dos/videos/Leisure Suit Larry 2-video.mp4	emu/MEDIA/DOS/videos/Leisure Suit Larry 2-video.mp4	vídeo de ScreenScraper (RetroArch 1.8.8 no los usa)
MOVIDO	emu/dos/videos/Leisure Suit Larry 3 - Passionate Patti in Pursuit of the Pulsating Pectorals-video.mp4	emu/MEDIA/DOS/videos/Leisure Suit Larry 3 - Passionate Patti in Pursuit of the Pulsating Pectorals-video.mp4	vídeo de ScreenScraper (RetroArch 1.8.8 no los usa)
MOVIDO	emu/dos/videos/Lemmings-video.mp4	emu/MEDIA/DOS/videos/Lemmings-video.mp4	vídeo de ScreenScraper (RetroArch 1.8.8 no los usa)
MOVIDO	emu/dos/videos/Life & Death 2 - The Brain-video.mp4	emu/MEDIA/DOS/videos/Life & Death 2 - The Brain-video.mp4	vídeo de ScreenScraper (RetroArch 1.8.8 no los usa)
MOVIDO	emu/dos/videos/Life & Death-video.mp4	emu/MEDIA/DOS/videos/Life & Death-video.mp4	vídeo de ScreenScraper (RetroArch 1.8.8 no los usa)
MOVIDO	emu/dos/videos/Links 386 Pro-video.mp4	emu/MEDIA/DOS/videos/Links 386 Pro-video.mp4	vídeo de ScreenScraper (RetroArch 1.8.8 no los usa)
MOVIDO	emu/dos/videos/Little Big Adventure-video.mp4	emu/MEDIA/DOS/videos/Little Big Adventure-video.mp4	vídeo de ScreenScraper (RetroArch 1.8.8 no los usa)
MOVIDO	emu/dos/videos/Liverpool-video.mp4	emu/MEDIA/DOS/videos/Liverpool-video.mp4	vídeo de ScreenScraper (RetroArch 1.8.8 no los usa)
MOVIDO	emu/dos/videos/Livingstone, I Presume-video.mp4	emu/MEDIA/DOS/videos/Livingstone, I Presume-video.mp4	vídeo de ScreenScraper (RetroArch 1.8.8 no los usa)
MOVIDO	emu/dos/videos/Lode Runner-video.mp4	emu/MEDIA/DOS/videos/Lode Runner-video.mp4	vídeo de ScreenScraper (RetroArch 1.8.8 no los usa)
MOVIDO	emu/dos/videos/Loom-video.mp4	emu/MEDIA/DOS/videos/Loom-video.mp4	vídeo de ScreenScraper (RetroArch 1.8.8 no los usa)
MOVIDO	emu/dos/videos/Lords of the Realm-video.mp4	emu/MEDIA/DOS/videos/Lords of the Realm-video.mp4	vídeo de ScreenScraper (RetroArch 1.8.8 no los usa)
MOVIDO	emu/dos/videos/Lure of the Temptress-video.mp4	emu/MEDIA/DOS/videos/Lure of the Temptress-video.mp4	vídeo de ScreenScraper (RetroArch 1.8.8 no los usa)
MOVIDO	emu/dos/videos/MDK-video.mp4	emu/MEDIA/DOS/videos/MDK-video.mp4	vídeo de ScreenScraper (RetroArch 1.8.8 no los usa)
MOVIDO	emu/dos/videos/Mad TV-video.mp4	emu/MEDIA/DOS/videos/Mad TV-video.mp4	vídeo de ScreenScraper (RetroArch 1.8.8 no los usa)
MOVIDO	emu/dos/videos/Magic Carpet-video.mp4	emu/MEDIA/DOS/videos/Magic Carpet-video.mp4	vídeo de ScreenScraper (RetroArch 1.8.8 no los usa)
MOVIDO	emu/dos/videos/Manhunter - New York-video.mp4	emu/MEDIA/DOS/videos/Manhunter - New York-video.mp4	vídeo de ScreenScraper (RetroArch 1.8.8 no los usa)
MOVIDO	emu/dos/videos/Marble Madness-video.mp4	emu/MEDIA/DOS/videos/Marble Madness-video.mp4	vídeo de ScreenScraper (RetroArch 1.8.8 no los usa)
MOVIDO	emu/dos/videos/Mario & Luigi-video.mp4	emu/MEDIA/DOS/videos/Mario & Luigi-video.mp4	vídeo de ScreenScraper (RetroArch 1.8.8 no los usa)
MOVIDO	emu/dos/videos/Martian Memorandum-video.mp4	emu/MEDIA/DOS/videos/Martian Memorandum-video.mp4	vídeo de ScreenScraper (RetroArch 1.8.8 no los usa)
MOVIDO	emu/dos/videos/Master of Magic-video.mp4	emu/MEDIA/DOS/videos/Master of Magic-video.mp4	vídeo de ScreenScraper (RetroArch 1.8.8 no los usa)
MOVIDO	emu/dos/videos/Master of Orion-video.mp4	emu/MEDIA/DOS/videos/Master of Orion-video.mp4	vídeo de ScreenScraper (RetroArch 1.8.8 no los usa)
MOVIDO	emu/dos/videos/Maupiti Island-video.mp4	emu/MEDIA/DOS/videos/Maupiti Island-video.mp4	vídeo de ScreenScraper (RetroArch 1.8.8 no los usa)
MOVIDO	emu/dos/videos/Mean Streets-video.mp4	emu/MEDIA/DOS/videos/Mean Streets-video.mp4	vídeo de ScreenScraper (RetroArch 1.8.8 no los usa)
MOVIDO	emu/dos/videos/Mega Man X-video.mp4	emu/MEDIA/DOS/videos/Mega Man X-video.mp4	vídeo de ScreenScraper (RetroArch 1.8.8 no los usa)
MOVIDO	emu/dos/videos/Mega Man-video.mp4	emu/MEDIA/DOS/videos/Mega Man-video.mp4	vídeo de ScreenScraper (RetroArch 1.8.8 no los usa)
MOVIDO	emu/dos/videos/MegaTraveller 2 - Quest for the Ancients-video.mp4	emu/MEDIA/DOS/videos/MegaTraveller 2 - Quest for the Ancients-video.mp4	vídeo de ScreenScraper (RetroArch 1.8.8 no los usa)
MOVIDO	emu/dos/videos/Metal Gear-video.mp4	emu/MEDIA/DOS/videos/Metal Gear-video.mp4	vídeo de ScreenScraper (RetroArch 1.8.8 no los usa)
MOVIDO	emu/dos/videos/Metal Mutant-video.mp4	emu/MEDIA/DOS/videos/Metal Mutant-video.mp4	vídeo de ScreenScraper (RetroArch 1.8.8 no los usa)
MOVIDO	emu/dos/videos/Michael Jordan in Flight-video.mp4	emu/MEDIA/DOS/videos/Michael Jordan in Flight-video.mp4	vídeo de ScreenScraper (RetroArch 1.8.8 no los usa)
MOVIDO	emu/dos/videos/Micro Machines-video.mp4	emu/MEDIA/DOS/videos/Micro Machines-video.mp4	vídeo de ScreenScraper (RetroArch 1.8.8 no los usa)
MOVIDO	emu/dos/videos/Monopoly Deluxe-video.mp4	emu/MEDIA/DOS/videos/Monopoly Deluxe-video.mp4	vídeo de ScreenScraper (RetroArch 1.8.8 no los usa)
MOVIDO	emu/dos/videos/Montezuma's Return-video.mp4	emu/MEDIA/DOS/videos/Montezuma's Return-video.mp4	vídeo de ScreenScraper (RetroArch 1.8.8 no los usa)
MOVIDO	emu/dos/videos/Moonstone - A hard days Knight-video.mp4	emu/MEDIA/DOS/videos/Moonstone - A hard days Knight-video.mp4	vídeo de ScreenScraper (RetroArch 1.8.8 no los usa)
MOVIDO	emu/dos/videos/Mortal Kombat 2-video.mp4	emu/MEDIA/DOS/videos/Mortal Kombat 2-video.mp4	vídeo de ScreenScraper (RetroArch 1.8.8 no los usa)
MOVIDO	emu/dos/videos/Mortal Kombat-video.mp4	emu/MEDIA/DOS/videos/Mortal Kombat-video.mp4	vídeo de ScreenScraper (RetroArch 1.8.8 no los usa)
MOVIDO	emu/dos/videos/Narco Police-video.mp4	emu/MEDIA/DOS/videos/Narco Police-video.mp4	vídeo de ScreenScraper (RetroArch 1.8.8 no los usa)
MOVIDO	emu/dos/videos/Network Q RAC Rally Championship-video.mp4	emu/MEDIA/DOS/videos/Network Q RAC Rally Championship-video.mp4	vídeo de ScreenScraper (RetroArch 1.8.8 no los usa)
MOVIDO	emu/dos/videos/Neuromancer-video.mp4	emu/MEDIA/DOS/videos/Neuromancer-video.mp4	vídeo de ScreenScraper (RetroArch 1.8.8 no los usa)
MOVIDO	emu/dos/videos/Obitus-video.mp4	emu/MEDIA/DOS/videos/Obitus-video.mp4	vídeo de ScreenScraper (RetroArch 1.8.8 no los usa)
MOVIDO	emu/dos/videos/Oh No, More Lemmings-video.mp4	emu/MEDIA/DOS/videos/Oh No, More Lemmings-video.mp4	vídeo de ScreenScraper (RetroArch 1.8.8 no los usa)
MOVIDO	emu/dos/videos/One Must Fall 2097-video.mp4	emu/MEDIA/DOS/videos/One Must Fall 2097-video.mp4	vídeo de ScreenScraper (RetroArch 1.8.8 no los usa)
MOVIDO	emu/dos/videos/Operation Stealth-video.mp4	emu/MEDIA/DOS/videos/Operation Stealth-video.mp4	vídeo de ScreenScraper (RetroArch 1.8.8 no los usa)
MOVIDO	emu/dos/videos/Operation Wolf-video.mp4	emu/MEDIA/DOS/videos/Operation Wolf-video.mp4	vídeo de ScreenScraper (RetroArch 1.8.8 no los usa)
MOVIDO	emu/dos/videos/Outrun-video.mp4	emu/MEDIA/DOS/videos/Outrun-video.mp4	vídeo de ScreenScraper (RetroArch 1.8.8 no los usa)
MOVIDO	emu/dos/videos/Pac-in-Time (1994)-video.mp4	emu/MEDIA/DOS/videos/Pac-in-Time (1994)-video.mp4	vídeo de ScreenScraper (RetroArch 1.8.8 no los usa)
MOVIDO	emu/dos/videos/Panzer General-video.mp4	emu/MEDIA/DOS/videos/Panzer General-video.mp4	vídeo de ScreenScraper (RetroArch 1.8.8 no los usa)
MOVIDO	emu/dos/videos/Paperboy 2-video.mp4	emu/MEDIA/DOS/videos/Paperboy 2-video.mp4	vídeo de ScreenScraper (RetroArch 1.8.8 no los usa)
MOVIDO	emu/dos/videos/Phantasie-video.mp4	emu/MEDIA/DOS/videos/Phantasie-video.mp4	vídeo de ScreenScraper (RetroArch 1.8.8 no los usa)
MOVIDO	emu/dos/videos/Pinball Dreams 2-video.mp4	emu/MEDIA/DOS/videos/Pinball Dreams 2-video.mp4	vídeo de ScreenScraper (RetroArch 1.8.8 no los usa)
MOVIDO	emu/dos/videos/Pinball Dreams-video.mp4	emu/MEDIA/DOS/videos/Pinball Dreams-video.mp4	vídeo de ScreenScraper (RetroArch 1.8.8 no los usa)
MOVIDO	emu/dos/videos/Pinball Fantasies-video.mp4	emu/MEDIA/DOS/videos/Pinball Fantasies-video.mp4	vídeo de ScreenScraper (RetroArch 1.8.8 no los usa)
MOVIDO	emu/dos/videos/Pinball Illusions-video.mp4	emu/MEDIA/DOS/videos/Pinball Illusions-video.mp4	vídeo de ScreenScraper (RetroArch 1.8.8 no los usa)
MOVIDO	emu/dos/videos/Pipe Dream-video.mp4	emu/MEDIA/DOS/videos/Pipe Dream-video.mp4	vídeo de ScreenScraper (RetroArch 1.8.8 no los usa)
MOVIDO	emu/dos/videos/Pirates! Gold-video.mp4	emu/MEDIA/DOS/videos/Pirates! Gold-video.mp4	vídeo de ScreenScraper (RetroArch 1.8.8 no los usa)
MOVIDO	emu/dos/videos/Plan 9 from Outer Space-video.mp4	emu/MEDIA/DOS/videos/Plan 9 from Outer Space-video.mp4	vídeo de ScreenScraper (RetroArch 1.8.8 no los usa)
MOVIDO	emu/dos/videos/Police Quest 2 - The Vengeance-video.mp4	emu/MEDIA/DOS/videos/Police Quest 2 - The Vengeance-video.mp4	vídeo de ScreenScraper (RetroArch 1.8.8 no los usa)
MOVIDO	emu/dos/videos/Police Quest 3 - The Kindred-video.mp4	emu/MEDIA/DOS/videos/Police Quest 3 - The Kindred-video.mp4	vídeo de ScreenScraper (RetroArch 1.8.8 no los usa)
MOVIDO	emu/dos/videos/Pool of Radiance-video.mp4	emu/MEDIA/DOS/videos/Pool of Radiance-video.mp4	vídeo de ScreenScraper (RetroArch 1.8.8 no los usa)
MOVIDO	emu/dos/videos/Populous-video.mp4	emu/MEDIA/DOS/videos/Populous-video.mp4	vídeo de ScreenScraper (RetroArch 1.8.8 no los usa)
MOVIDO	emu/dos/videos/Powermonger-video.mp4	emu/MEDIA/DOS/videos/Powermonger-video.mp4	vídeo de ScreenScraper (RetroArch 1.8.8 no los usa)
MOVIDO	emu/dos/videos/Prehistorik 2-video.mp4	emu/MEDIA/DOS/videos/Prehistorik 2-video.mp4	vídeo de ScreenScraper (RetroArch 1.8.8 no los usa)
MOVIDO	emu/dos/videos/Prehistorik-video.mp4	emu/MEDIA/DOS/videos/Prehistorik-video.mp4	vídeo de ScreenScraper (RetroArch 1.8.8 no los usa)
MOVIDO	emu/dos/videos/Prince of Persia-video.mp4	emu/MEDIA/DOS/videos/Prince of Persia-video.mp4	vídeo de ScreenScraper (RetroArch 1.8.8 no los usa)
MOVIDO	emu/dos/videos/Psycho Pinball-video.mp4	emu/MEDIA/DOS/videos/Psycho Pinball-video.mp4	vídeo de ScreenScraper (RetroArch 1.8.8 no los usa)
MOVIDO	emu/dos/videos/Pushover-video.mp4	emu/MEDIA/DOS/videos/Pushover-video.mp4	vídeo de ScreenScraper (RetroArch 1.8.8 no los usa)
MOVIDO	emu/dos/videos/Quake-video.mp4	emu/MEDIA/DOS/videos/Quake-video.mp4	vídeo de ScreenScraper (RetroArch 1.8.8 no los usa)
MOVIDO	emu/dos/videos/Rad Warrior-video.mp4	emu/MEDIA/DOS/videos/Rad Warrior-video.mp4	vídeo de ScreenScraper (RetroArch 1.8.8 no los usa)
MOVIDO	emu/dos/videos/Rambo III-video.mp4	emu/MEDIA/DOS/videos/Rambo III-video.mp4	vídeo de ScreenScraper (RetroArch 1.8.8 no los usa)
MOVIDO	emu/dos/videos/Rampage-video.mp4	emu/MEDIA/DOS/videos/Rampage-video.mp4	vídeo de ScreenScraper (RetroArch 1.8.8 no los usa)
MOVIDO	emu/dos/videos/Rampart-video.mp4	emu/MEDIA/DOS/videos/Rampart-video.mp4	vídeo de ScreenScraper (RetroArch 1.8.8 no los usa)
MOVIDO	emu/dos/videos/Realms of Arkania - 2. Star Trail-video.mp4	emu/MEDIA/DOS/videos/Realms of Arkania - 2. Star Trail-video.mp4	vídeo de ScreenScraper (RetroArch 1.8.8 no los usa)
MOVIDO	emu/dos/videos/Red Baron [1990]-video.mp4	emu/MEDIA/DOS/videos/Red Baron [1990]-video.mp4	vídeo de ScreenScraper (RetroArch 1.8.8 no los usa)
MOVIDO	emu/dos/videos/Renegade-video.mp4	emu/MEDIA/DOS/videos/Renegade-video.mp4	vídeo de ScreenScraper (RetroArch 1.8.8 no los usa)
MOVIDO	emu/dos/videos/Rex Nebular and the cosmic Gender-Bender-video.mp4	emu/MEDIA/DOS/videos/Rex Nebular and the cosmic Gender-Bender-video.mp4	vídeo de ScreenScraper (RetroArch 1.8.8 no los usa)
MOVIDO	emu/dos/videos/Rick Dangerous 2-video.mp4	emu/MEDIA/DOS/videos/Rick Dangerous 2-video.mp4	vídeo de ScreenScraper (RetroArch 1.8.8 no los usa)
MOVIDO	emu/dos/videos/Rick Dangerous-video.mp4	emu/MEDIA/DOS/videos/Rick Dangerous-video.mp4	vídeo de ScreenScraper (RetroArch 1.8.8 no los usa)
MOVIDO	emu/dos/videos/Rise of the Dragon-video.mp4	emu/MEDIA/DOS/videos/Rise of the Dragon-video.mp4	vídeo de ScreenScraper (RetroArch 1.8.8 no los usa)
MOVIDO	emu/dos/videos/Risky Woods-video.mp4	emu/MEDIA/DOS/videos/Risky Woods-video.mp4	vídeo de ScreenScraper (RetroArch 1.8.8 no los usa)
MOVIDO	emu/dos/videos/Robinson's Requiem-video.mp4	emu/MEDIA/DOS/videos/Robinson's Requiem-video.mp4	vídeo de ScreenScraper (RetroArch 1.8.8 no los usa)
MOVIDO	emu/dos/videos/Robocop-video.mp4	emu/MEDIA/DOS/videos/Robocop-video.mp4	vídeo de ScreenScraper (RetroArch 1.8.8 no los usa)
MOVIDO	emu/dos/videos/Sango Fighter-video.mp4	emu/MEDIA/DOS/videos/Sango Fighter-video.mp4	vídeo de ScreenScraper (RetroArch 1.8.8 no los usa)
MOVIDO	emu/dos/videos/Secret of the Silverblades-video.mp4	emu/MEDIA/DOS/videos/Secret of the Silverblades-video.mp4	vídeo de ScreenScraper (RetroArch 1.8.8 no los usa)
MOVIDO	emu/dos/videos/Sensible World of Soccer-video.mp4	emu/MEDIA/DOS/videos/Sensible World of Soccer-video.mp4	vídeo de ScreenScraper (RetroArch 1.8.8 no los usa)
MOVIDO	emu/dos/videos/Shadow Knights-video.mp4	emu/MEDIA/DOS/videos/Shadow Knights-video.mp4	vídeo de ScreenScraper (RetroArch 1.8.8 no los usa)
MOVIDO	emu/dos/videos/Shadow Warrior-video.mp4	emu/MEDIA/DOS/videos/Shadow Warrior-video.mp4	vídeo de ScreenScraper (RetroArch 1.8.8 no los usa)
MOVIDO	emu/dos/videos/Silent Service 2-video.mp4	emu/MEDIA/DOS/videos/Silent Service 2-video.mp4	vídeo de ScreenScraper (RetroArch 1.8.8 no los usa)
MOVIDO	emu/dos/videos/Silent Service-video.mp4	emu/MEDIA/DOS/videos/Silent Service-video.mp4	vídeo de ScreenScraper (RetroArch 1.8.8 no los usa)
MOVIDO	emu/dos/videos/SimCity 2000-video.mp4	emu/MEDIA/DOS/videos/SimCity 2000-video.mp4	vídeo de ScreenScraper (RetroArch 1.8.8 no los usa)
MOVIDO	emu/dos/videos/Skate or Die-video.mp4	emu/MEDIA/DOS/videos/Skate or Die-video.mp4	vídeo de ScreenScraper (RetroArch 1.8.8 no los usa)
MOVIDO	emu/dos/videos/Ski or Die-video.mp4	emu/MEDIA/DOS/videos/Ski or Die-video.mp4	vídeo de ScreenScraper (RetroArch 1.8.8 no los usa)
MOVIDO	emu/dos/videos/Skyroads-video.mp4	emu/MEDIA/DOS/videos/Skyroads-video.mp4	vídeo de ScreenScraper (RetroArch 1.8.8 no los usa)
MOVIDO	emu/dos/videos/Slipstream 5000-video.mp4	emu/MEDIA/DOS/videos/Slipstream 5000-video.mp4	vídeo de ScreenScraper (RetroArch 1.8.8 no los usa)
MOVIDO	emu/dos/videos/Sokoban-video.mp4	emu/MEDIA/DOS/videos/Sokoban-video.mp4	vídeo de ScreenScraper (RetroArch 1.8.8 no los usa)
MOVIDO	emu/dos/videos/Sorcerian-video.mp4	emu/MEDIA/DOS/videos/Sorcerian-video.mp4	vídeo de ScreenScraper (RetroArch 1.8.8 no los usa)
MOVIDO	emu/dos/videos/Space Crusade-video.mp4	emu/MEDIA/DOS/videos/Space Crusade-video.mp4	vídeo de ScreenScraper (RetroArch 1.8.8 no los usa)
MOVIDO	emu/dos/videos/Space Quest 2 - Vohaul's Revenge-video.mp4	emu/MEDIA/DOS/videos/Space Quest 2 - Vohaul's Revenge-video.mp4	vídeo de ScreenScraper (RetroArch 1.8.8 no los usa)
MOVIDO	emu/dos/videos/Space Quest 3 - The Pirates of Pestulon-video.mp4	emu/MEDIA/DOS/videos/Space Quest 3 - The Pirates of Pestulon-video.mp4	vídeo de ScreenScraper (RetroArch 1.8.8 no los usa)
MOVIDO	emu/dos/videos/Space Quest 4 - Roger Wilco and the Time Rippers-video.mp4	emu/MEDIA/DOS/videos/Space Quest 4 - Roger Wilco and the Time Rippers-video.mp4	vídeo de ScreenScraper (RetroArch 1.8.8 no los usa)
MOVIDO	emu/dos/videos/Space Quest 4 - Roger Wilco and the Time Rippers-video.mp4.tmp	emu/MEDIA/DOS/videos/Space Quest 4 - Roger Wilco and the Time Rippers-video.mp4.tmp	vídeo de ScreenScraper (RetroArch 1.8.8 no los usa)
MOVIDO	emu/dos/videos/Space Quest 5 - The Next Mutation-video.mp4	emu/MEDIA/DOS/videos/Space Quest 5 - The Next Mutation-video.mp4	vídeo de ScreenScraper (RetroArch 1.8.8 no los usa)
MOVIDO	emu/dos/videos/Space Rogue-video.mp4	emu/MEDIA/DOS/videos/Space Rogue-video.mp4	vídeo de ScreenScraper (RetroArch 1.8.8 no los usa)
MOVIDO	emu/dos/videos/Speedball 2 - Brutal Deluxe-video.mp4	emu/MEDIA/DOS/videos/Speedball 2 - Brutal Deluxe-video.mp4	vídeo de ScreenScraper (RetroArch 1.8.8 no los usa)
MOVIDO	emu/dos/videos/Spirit of Excalibur-video.mp4	emu/MEDIA/DOS/videos/Spirit of Excalibur-video.mp4	vídeo de ScreenScraper (RetroArch 1.8.8 no los usa)
MOVIDO	emu/dos/videos/Star Control 2-video.mp4	emu/MEDIA/DOS/videos/Star Control 2-video.mp4	vídeo de ScreenScraper (RetroArch 1.8.8 no los usa)
MOVIDO	emu/dos/videos/Star Control 3-video.mp4	emu/MEDIA/DOS/videos/Star Control 3-video.mp4	vídeo de ScreenScraper (RetroArch 1.8.8 no los usa)
MOVIDO	emu/dos/videos/Star Control-video.mp4	emu/MEDIA/DOS/videos/Star Control-video.mp4	vídeo de ScreenScraper (RetroArch 1.8.8 no los usa)
MOVIDO	emu/dos/videos/Star Trek - 25th Anniversary-video.mp4	emu/MEDIA/DOS/videos/Star Trek - 25th Anniversary-video.mp4	vídeo de ScreenScraper (RetroArch 1.8.8 no los usa)
MOVIDO	emu/dos/videos/Star Wars Dark Forces-video.mp4	emu/MEDIA/DOS/videos/Star Wars Dark Forces-video.mp4	vídeo de ScreenScraper (RetroArch 1.8.8 no los usa)
MOVIDO	emu/dos/videos/Star Wars-video.mp4	emu/MEDIA/DOS/videos/Star Wars-video.mp4	vídeo de ScreenScraper (RetroArch 1.8.8 no los usa)
MOVIDO	emu/dos/videos/Starflight 2 - Trade Routes of the Cloud Nebula-video.mp4	emu/MEDIA/DOS/videos/Starflight 2 - Trade Routes of the Cloud Nebula-video.mp4	vídeo de ScreenScraper (RetroArch 1.8.8 no los usa)
MOVIDO	emu/dos/videos/Starflight-video.mp4	emu/MEDIA/DOS/videos/Starflight-video.mp4	vídeo de ScreenScraper (RetroArch 1.8.8 no los usa)
MOVIDO	emu/dos/videos/Street Fighter 2-video.mp4	emu/MEDIA/DOS/videos/Street Fighter 2-video.mp4	vídeo de ScreenScraper (RetroArch 1.8.8 no los usa)
MOVIDO	emu/dos/videos/Strife-video.mp4	emu/MEDIA/DOS/videos/Strife-video.mp4	vídeo de ScreenScraper (RetroArch 1.8.8 no los usa)
MOVIDO	emu/dos/videos/Striker '95-video.mp4	emu/MEDIA/DOS/videos/Striker '95-video.mp4	vídeo de ScreenScraper (RetroArch 1.8.8 no los usa)
MOVIDO	emu/dos/videos/Striker-video.mp4	emu/MEDIA/DOS/videos/Striker-video.mp4	vídeo de ScreenScraper (RetroArch 1.8.8 no los usa)
MOVIDO	emu/dos/videos/Stunt Island-video.mp4	emu/MEDIA/DOS/videos/Stunt Island-video.mp4	vídeo de ScreenScraper (RetroArch 1.8.8 no los usa)
MOVIDO	emu/dos/videos/Stunts-video.mp4	emu/MEDIA/DOS/videos/Stunts-video.mp4	vídeo de ScreenScraper (RetroArch 1.8.8 no los usa)
MOVIDO	emu/dos/videos/Supaplex-video.mp4	emu/MEDIA/DOS/videos/Supaplex-video.mp4	vídeo de ScreenScraper (RetroArch 1.8.8 no los usa)
MOVIDO	emu/dos/videos/Superhero League of Hoboken-video.mp4	emu/MEDIA/DOS/videos/Superhero League of Hoboken-video.mp4	vídeo de ScreenScraper (RetroArch 1.8.8 no los usa)
MOVIDO	emu/dos/videos/Tapper-video.mp4	emu/MEDIA/DOS/videos/Tapper-video.mp4	vídeo de ScreenScraper (RetroArch 1.8.8 no los usa)
MOVIDO	emu/dos/videos/Telengard-video.mp4	emu/MEDIA/DOS/videos/Telengard-video.mp4	vídeo de ScreenScraper (RetroArch 1.8.8 no los usa)
MOVIDO	emu/dos/videos/Temple of Apshai Trilogy-video.mp4	emu/MEDIA/DOS/videos/Temple of Apshai Trilogy-video.mp4	vídeo de ScreenScraper (RetroArch 1.8.8 no los usa)
MOVIDO	emu/dos/videos/Terminator 2 - The Judgment Day-video.mp4	emu/MEDIA/DOS/videos/Terminator 2 - The Judgment Day-video.mp4	vídeo de ScreenScraper (RetroArch 1.8.8 no los usa)
MOVIDO	emu/dos/videos/Test Drive-video.mp4	emu/MEDIA/DOS/videos/Test Drive-video.mp4	vídeo de ScreenScraper (RetroArch 1.8.8 no los usa)
MOVIDO	emu/dos/videos/Tetris-video.mp4	emu/MEDIA/DOS/videos/Tetris-video.mp4	vídeo de ScreenScraper (RetroArch 1.8.8 no los usa)
MOVIDO	emu/dos/videos/The Adventures of Maddog Williams-video.mp4	emu/MEDIA/DOS/videos/The Adventures of Maddog Williams-video.mp4	vídeo de ScreenScraper (RetroArch 1.8.8 no los usa)
MOVIDO	emu/dos/videos/The Amazing Spider-man-video.mp4	emu/MEDIA/DOS/videos/The Amazing Spider-man-video.mp4	vídeo de ScreenScraper (RetroArch 1.8.8 no los usa)
MOVIDO	emu/dos/videos/The Dark Queen of Krynn-video.mp4	emu/MEDIA/DOS/videos/The Dark Queen of Krynn-video.mp4	vídeo de ScreenScraper (RetroArch 1.8.8 no los usa)
MOVIDO	emu/dos/videos/The Dark heart of Uukrul-video.mp4	emu/MEDIA/DOS/videos/The Dark heart of Uukrul-video.mp4	vídeo de ScreenScraper (RetroArch 1.8.8 no los usa)
MOVIDO	emu/dos/videos/The Horde-video.mp4	emu/MEDIA/DOS/videos/The Horde-video.mp4	vídeo de ScreenScraper (RetroArch 1.8.8 no los usa)
MOVIDO	emu/dos/videos/The Incredible Machine-video.mp4	emu/MEDIA/DOS/videos/The Incredible Machine-video.mp4	vídeo de ScreenScraper (RetroArch 1.8.8 no los usa)
MOVIDO	emu/dos/videos/The Keys to Maramon-video.mp4	emu/MEDIA/DOS/videos/The Keys to Maramon-video.mp4	vídeo de ScreenScraper (RetroArch 1.8.8 no los usa)
MOVIDO	emu/dos/videos/The Lion King-video.mp4	emu/MEDIA/DOS/videos/The Lion King-video.mp4	vídeo de ScreenScraper (RetroArch 1.8.8 no los usa)
MOVIDO	emu/dos/videos/The Lost Vikings-video.mp4	emu/MEDIA/DOS/videos/The Lost Vikings-video.mp4	vídeo de ScreenScraper (RetroArch 1.8.8 no los usa)
MOVIDO	emu/dos/videos/The Oregon Trail-video.mp4	emu/MEDIA/DOS/videos/The Oregon Trail-video.mp4	vídeo de ScreenScraper (RetroArch 1.8.8 no los usa)
MOVIDO	emu/dos/videos/The Simpsons - Bart vs. The Space Mutants-video.mp4	emu/MEDIA/DOS/videos/The Simpsons - Bart vs. The Space Mutants-video.mp4	vídeo de ScreenScraper (RetroArch 1.8.8 no los usa)
MOVIDO	emu/dos/videos/The four crystals of Trazere-video.mp4	emu/MEDIA/DOS/videos/The four crystals of Trazere-video.mp4	vídeo de ScreenScraper (RetroArch 1.8.8 no los usa)
MOVIDO	emu/dos/videos/Thexder-video.mp4	emu/MEDIA/DOS/videos/Thexder-video.mp4	vídeo de ScreenScraper (RetroArch 1.8.8 no los usa)
MOVIDO	emu/dos/videos/Times of Lore-video.mp4	emu/MEDIA/DOS/videos/Times of Lore-video.mp4	vídeo de ScreenScraper (RetroArch 1.8.8 no los usa)
MOVIDO	emu/dos/videos/Transport Tycoon Deluxe (for Windows)-video.mp4	emu/MEDIA/DOS/videos/Transport Tycoon Deluxe (for Windows)-video.mp4	vídeo de ScreenScraper (RetroArch 1.8.8 no los usa)
MOVIDO	emu/dos/videos/Transport Tycoon-video.mp4	emu/MEDIA/DOS/videos/Transport Tycoon-video.mp4	vídeo de ScreenScraper (RetroArch 1.8.8 no los usa)
MOVIDO	emu/dos/videos/Trolls-video.mp4	emu/MEDIA/DOS/videos/Trolls-video.mp4	vídeo de ScreenScraper (RetroArch 1.8.8 no los usa)
MOVIDO	emu/dos/videos/Tyrian 2000-video.mp4	emu/MEDIA/DOS/videos/Tyrian 2000-video.mp4	vídeo de ScreenScraper (RetroArch 1.8.8 no los usa)
MOVIDO	emu/dos/videos/UFO - Enemy Unknown-video.mp4	emu/MEDIA/DOS/videos/UFO - Enemy Unknown-video.mp4	vídeo de ScreenScraper (RetroArch 1.8.8 no los usa)
MOVIDO	emu/dos/videos/Ultima - Worlds of Adventure 2 - Martian Dreams-video.mp4	emu/MEDIA/DOS/videos/Ultima - Worlds of Adventure 2 - Martian Dreams-video.mp4	vídeo de ScreenScraper (RetroArch 1.8.8 no los usa)
MOVIDO	emu/dos/videos/Ultima Underworld - The Stygian Abyss-video.mp4	emu/MEDIA/DOS/videos/Ultima Underworld - The Stygian Abyss-video.mp4	vídeo de ScreenScraper (RetroArch 1.8.8 no los usa)
MOVIDO	emu/dos/videos/Ultima Underworld 2 - Labyrinth of Worlds-video.mp4	emu/MEDIA/DOS/videos/Ultima Underworld 2 - Labyrinth of Worlds-video.mp4	vídeo de ScreenScraper (RetroArch 1.8.8 no los usa)
MOVIDO	emu/dos/videos/Ultima V - Warriors of Destiny-video.mp4	emu/MEDIA/DOS/videos/Ultima V - Warriors of Destiny-video.mp4	vídeo de ScreenScraper (RetroArch 1.8.8 no los usa)
MOVIDO	emu/dos/videos/Ultima VI - The False Prophet-video.mp4	emu/MEDIA/DOS/videos/Ultima VI - The False Prophet-video.mp4	vídeo de ScreenScraper (RetroArch 1.8.8 no los usa)
MOVIDO	emu/dos/videos/Uncharted Waters 2 - New Horizons-video.mp4	emu/MEDIA/DOS/videos/Uncharted Waters 2 - New Horizons-video.mp4	vídeo de ScreenScraper (RetroArch 1.8.8 no los usa)
MOVIDO	emu/dos/videos/Vette!-video.mp4	emu/MEDIA/DOS/videos/Vette!-video.mp4	vídeo de ScreenScraper (RetroArch 1.8.8 no los usa)
MOVIDO	emu/dos/videos/Volfied-video.mp4	emu/MEDIA/DOS/videos/Volfied-video.mp4	vídeo de ScreenScraper (RetroArch 1.8.8 no los usa)
MOVIDO	emu/dos/videos/Warcraft-video.mp4	emu/MEDIA/DOS/videos/Warcraft-video.mp4	vídeo de ScreenScraper (RetroArch 1.8.8 no los usa)
MOVIDO	emu/dos/videos/Wasteland-video.mp4	emu/MEDIA/DOS/videos/Wasteland-video.mp4	vídeo de ScreenScraper (RetroArch 1.8.8 no los usa)
MOVIDO	emu/dos/videos/Ween - The Prophecy-video.mp4	emu/MEDIA/DOS/videos/Ween - The Prophecy-video.mp4	vídeo de ScreenScraper (RetroArch 1.8.8 no los usa)
MOVIDO	emu/dos/videos/Whale's Voyage-video.mp4	emu/MEDIA/DOS/videos/Whale's Voyage-video.mp4	vídeo de ScreenScraper (RetroArch 1.8.8 no los usa)
MOVIDO	emu/dos/videos/Where in America's past is Carmen Sandiego-video.mp4	emu/MEDIA/DOS/videos/Where in America's past is Carmen Sandiego-video.mp4	vídeo de ScreenScraper (RetroArch 1.8.8 no los usa)
MOVIDO	emu/dos/videos/Where in the World is Carmen Sandiego-video.mp4	emu/MEDIA/DOS/videos/Where in the World is Carmen Sandiego-video.mp4	vídeo de ScreenScraper (RetroArch 1.8.8 no los usa)
MOVIDO	emu/dos/videos/Wing Commander-video.mp4	emu/MEDIA/DOS/videos/Wing Commander-video.mp4	vídeo de ScreenScraper (RetroArch 1.8.8 no los usa)
MOVIDO	emu/dos/videos/Wizard Warz-video.mp4	emu/MEDIA/DOS/videos/Wizard Warz-video.mp4	vídeo de ScreenScraper (RetroArch 1.8.8 no los usa)
MOVIDO	emu/dos/videos/Wolfenstein 3D-video.mp4	emu/MEDIA/DOS/videos/Wolfenstein 3D-video.mp4	vídeo de ScreenScraper (RetroArch 1.8.8 no los usa)
MOVIDO	emu/dos/videos/Wolfpack-video.mp4	emu/MEDIA/DOS/videos/Wolfpack-video.mp4	vídeo de ScreenScraper (RetroArch 1.8.8 no los usa)
MOVIDO	emu/dos/videos/World Karate Championship-video.mp4	emu/MEDIA/DOS/videos/World Karate Championship-video.mp4	vídeo de ScreenScraper (RetroArch 1.8.8 no los usa)
MOVIDO	emu/dos/videos/World of Xeen-video.mp4	emu/MEDIA/DOS/videos/World of Xeen-video.mp4	vídeo de ScreenScraper (RetroArch 1.8.8 no los usa)
MOVIDO	emu/dos/videos/X-Com - Apocalypse-video.mp4	emu/MEDIA/DOS/videos/X-Com - Apocalypse-video.mp4	vídeo de ScreenScraper (RetroArch 1.8.8 no los usa)
MOVIDO	emu/dos/videos/X-Com - Terror from the Deep-video.mp4	emu/MEDIA/DOS/videos/X-Com - Terror from the Deep-video.mp4	vídeo de ScreenScraper (RetroArch 1.8.8 no los usa)
MOVIDO	emu/dos/videos/X-Men 2 - The Fall of the Mutants-video.mp4	emu/MEDIA/DOS/videos/X-Men 2 - The Fall of the Mutants-video.mp4	vídeo de ScreenScraper (RetroArch 1.8.8 no los usa)
MOVIDO	emu/dos/videos/Xargon-video.mp4	emu/MEDIA/DOS/videos/Xargon-video.mp4	vídeo de ScreenScraper (RetroArch 1.8.8 no los usa)
MOVIDO	emu/dos/videos/Xenon 2 - Megablast-video.mp4	emu/MEDIA/DOS/videos/Xenon 2 - Megablast-video.mp4	vídeo de ScreenScraper (RetroArch 1.8.8 no los usa)
MOVIDO	emu/dos/videos/Zak McKracken and the Alien Mindbenders-video.mp4	emu/MEDIA/DOS/videos/Zak McKracken and the Alien Mindbenders-video.mp4	vídeo de ScreenScraper (RetroArch 1.8.8 no los usa)
MOVIDO	emu/dos/videos/Zaxxon-video.mp4	emu/MEDIA/DOS/videos/Zaxxon-video.mp4	vídeo de ScreenScraper (RetroArch 1.8.8 no los usa)
MOVIDO	emu/dos/videos/Zeliard-video.mp4	emu/MEDIA/DOS/videos/Zeliard-video.mp4	vídeo de ScreenScraper (RetroArch 1.8.8 no los usa)
MOVIDO	emu/dos/videos/Zorro-video.mp4	emu/MEDIA/DOS/videos/Zorro-video.mp4	vídeo de ScreenScraper (RetroArch 1.8.8 no los usa)
MOVIDO	emu/dos/gamelist.xml	emu/MEDIA/DOS/gamelist.xml	lista de EmulationStation con nombres, descripciones y géneros (1778 juegos; aquí hay 1002)
MOVIDO	emu/dos/Centurion - Defender of Rome.zip.p2k.cfg	emu/EXTRAS/DOS-otros/recalbox-p2k/Centurion - Defender of Rome.zip.p2k.cfg	mapeo de mando a teclado de Recalbox; RetroArch lo hace con sus propios remapeos
MOVIDO	emu/dos/Duke Nukem 3D.zip.p2k.cfg	emu/EXTRAS/DOS-otros/recalbox-p2k/Duke Nukem 3D.zip.p2k.cfg	mapeo de mando a teclado de Recalbox; RetroArch lo hace con sus propios remapeos
MOVIDO	emu/dos/Duke Nukem II.zip.p2k.cfg	emu/EXTRAS/DOS-otros/recalbox-p2k/Duke Nukem II.zip.p2k.cfg	mapeo de mando a teclado de Recalbox; RetroArch lo hace con sus propios remapeos
MOVIDO	emu/dos/Eye of the Beholder.zip.p2k.cfg	emu/EXTRAS/DOS-otros/recalbox-p2k/Eye of the Beholder.zip.p2k.cfg	mapeo de mando a teclado de Recalbox; RetroArch lo hace con sus propios remapeos
MOVIDO	emu/dos/Shadow Warrior.zip.p2k.cfg	emu/EXTRAS/DOS-otros/recalbox-p2k/Shadow Warrior.zip.p2k.cfg	mapeo de mando a teclado de Recalbox; RetroArch lo hace con sus propios remapeos
MOVIDO	emu/dos/SimFarm (for Windows).rar	emu/EXTRAS/DOS-otros/SimFarm (for Windows).rar	instalador de Windows 3.x: DOSBox no lo ejecuta sin Windows
EXTRAIDO	emu/dos/Warcraft II - Tides of Darkness.rar::Warcraft II.zip	emu/ROMS/DOS/Warcraft II - Tides of Darkness/	juego de DOS descomprimido para la consola (dudoso: WAR2.EXE)
EXTRAIDO	emu/dos/Warcraft II - Tides of Darkness.rar::Armory Campaigns.zip	emu/ROMS/DOS/Warcraft II - Tides of Darkness/ARMORY/	mapas extra de Warcraft II
CREADO		emu/ROMS/DOS/Warcraft II - Tides of Darkness.conf	lanzador de dosbox_svn (dudoso: WAR2.EXE)
MOVIDO	emu/dos/Warcraft II - Tides of Darkness.rar	emu/ORIGINALES/DOS/Warcraft II - Tides of Darkness.rar	original del juego, catalogado; la copia descomprimida está en emu/ROMS/DOS/Warcraft II - Tides of Darkness/
ELIMINADA-VACIA	emu/dos/images		carpeta vacía tras mover su contenido
ELIMINADA-VACIA	emu/dos/videos		carpeta vacía tras mover su contenido
ELIMINADA-VACIA	emu/dos		carpeta vacía tras mover su contenido
RENOMBRADO	emu/ROMS/DOS/American Gladiators/Glad/EKSKP   .DRV	emu/ROMS/DOS/American Gladiators/Glad/EKSKP   .DRV	nombre no ASCII dentro de un juego de DOS: FileZilla lo subiría con otra codificación
RENOMBRADO	emu/ROMS/DOS/Brett Hull Hockey '95/TRN-BHH1/─═TRC═─	emu/ROMS/DOS/Brett Hull Hockey '95/TRN-BHH1/TRC	nombre no ASCII dentro de un juego de DOS: FileZilla lo subiría con otra codificación
RENOMBRADO	emu/ROMS/DOS/Brett Hull Hockey '95/TRN-BHH2/─═TRC═─	emu/ROMS/DOS/Brett Hull Hockey '95/TRN-BHH2/TRC	nombre no ASCII dentro de un juego de DOS: FileZilla lo subiría con otra codificación
RENOMBRADO	emu/ROMS/DOS/Brett Hull Hockey '95/TRN-BHH3/─═TRC═─	emu/ROMS/DOS/Brett Hull Hockey '95/TRN-BHH3/TRC	nombre no ASCII dentro de un juego de DOS: FileZilla lo subiría con otra codificación
RENOMBRADO	emu/ROMS/DOS/Brett Hull Hockey '95/TRN-BHH4/─═TRC═─	emu/ROMS/DOS/Brett Hull Hockey '95/TRN-BHH4/TRC	nombre no ASCII dentro de un juego de DOS: FileZilla lo subiría con otra codificación
RENOMBRADO	emu/ROMS/DOS/Impossible Mission 2/$┼Θ∩εMÆ∩	emu/ROMS/DOS/Impossible Mission 2/$M	nombre no ASCII dentro de un juego de DOS: FileZilla lo subiría con otra codificación
RENOMBRADO	emu/ROMS/DOS/Realms/realms/SPÆMFILE.DOC	emu/ROMS/DOS/Realms/realms/SPMFILE.DOC	nombre no ASCII dentro de un juego de DOS: FileZilla lo subiría con otra codificación
RENOMBRADO	emu/ROMS/DOS/Shinobi/shinobi/ACUÑA.BAT	emu/ROMS/DOS/Shinobi/shinobi/ACUNA.BAT	nombre no ASCII dentro de un juego de DOS: FileZilla lo subiría con otra codificación
