accion	origen	destino	motivo
MOVIDO	emu/ROMS/ATARI2600/3-D Genesis (Prototype).png	emu/MEDIA/ATARI2600/3-D Genesis (Prototype).png	carátula a MEDIA
MOVIDO	emu/ROMS/ATARI2600/3-D Ghost Attack (Prototype).png	emu/MEDIA/ATARI2600/3-D Ghost Attack (Prototype).png	carátula a MEDIA
MOVIDO	emu/ROMS/ATARI2600/3-D Havoc (Prototype).png	emu/MEDIA/ATARI2600/3-D Havoc (Prototype).png	carátula a MEDIA
MOVIDO	emu/ROMS/ATARI2600/3-D Tic-Tac-Toe (NA).png	emu/MEDIA/ATARI2600/3-D Tic-Tac-Toe (NA).png	carátula a MEDIA
MOVIDO	emu/ROMS/ATARI2600/3-D Zapper (Prototype).png	emu/MEDIA/ATARI2600/3-D Zapper (Prototype).png	carátula a MEDIA
MOVIDO	emu/ROMS/ATARI2600/A Mysterious Thief (NA).png	emu/MEDIA/ATARI2600/A Mysterious Thief (NA).png	carátula a MEDIA
MOVIDO	emu/ROMS/ATARI2600/Acid Drop (NTSC Conversion).png	emu/MEDIA/ATARI2600/Acid Drop (NTSC Conversion).png	carátula a MEDIA
MOVIDO	emu/ROMS/ATARI2600/Action Man - Action Force (EU).png	emu/MEDIA/ATARI2600/Action Man - Action Force (EU).png	carátula a MEDIA
MOVIDO	emu/ROMS/ATARI2600/Actionauts (Prototype).png	emu/MEDIA/ATARI2600/Actionauts (Prototype).png	carátula a MEDIA
MOVIDO	emu/ROMS/ATARI2600/Adventure (NA).png	emu/MEDIA/ATARI2600/Adventure (NA).png	carátula a MEDIA
MOVIDO	emu/ROMS/ATARI2600/Adventures of Tron (NA).png	emu/MEDIA/ATARI2600/Adventures of Tron (NA).png	carátula a MEDIA
MOVIDO	emu/ROMS/ATARI2600/Air Raid (NA).png	emu/MEDIA/ATARI2600/Air Raid (NA).png	carátula a MEDIA
MOVIDO	emu/ROMS/ATARI2600/Air Raiders (NA).png	emu/MEDIA/ATARI2600/Air Raiders (NA).png	carátula a MEDIA
MOVIDO	emu/ROMS/ATARI2600/Air-Sea Battle (NA).png	emu/MEDIA/ATARI2600/Air-Sea Battle (NA).png	carátula a MEDIA
MOVIDO	emu/ROMS/ATARI2600/Airlock (NA).png	emu/MEDIA/ATARI2600/Airlock (NA).png	carátula a MEDIA
MOVIDO	emu/ROMS/ATARI2600/Alien (NA).png	emu/MEDIA/ATARI2600/Alien (NA).png	carátula a MEDIA
MOVIDO	emu/ROMS/ATARI2600/Alligator People (Prototype).png	emu/MEDIA/ATARI2600/Alligator People (Prototype).png	carátula a MEDIA
MOVIDO	emu/ROMS/ATARI2600/Alpha Beam With Ernie (NA).png	emu/MEDIA/ATARI2600/Alpha Beam With Ernie (NA).png	carátula a MEDIA
MOVIDO	emu/ROMS/ATARI2600/Amidar (NA).png	emu/MEDIA/ATARI2600/Amidar (NA).png	carátula a MEDIA
MOVIDO	emu/ROMS/ATARI2600/AndroMan on the Moon (Prototype).png	emu/MEDIA/ATARI2600/AndroMan on the Moon (Prototype).png	carátula a MEDIA
MOVIDO	emu/ROMS/ATARI2600/Apples and Dolls (BR).png	emu/MEDIA/ATARI2600/Apples and Dolls (BR).png	carátula a MEDIA
MOVIDO	emu/ROMS/ATARI2600/Aquaventure (Prototype).png	emu/MEDIA/ATARI2600/Aquaventure (Prototype).png	carátula a MEDIA
MOVIDO	emu/ROMS/ATARI2600/Armor Ambush (NA).png	emu/MEDIA/ATARI2600/Armor Ambush (NA).png	carátula a MEDIA
MOVIDO	emu/ROMS/ATARI2600/Artillery Duel (NA).png	emu/MEDIA/ATARI2600/Artillery Duel (NA).png	carátula a MEDIA
MOVIDO	emu/ROMS/ATARI2600/Assault (NA).png	emu/MEDIA/ATARI2600/Assault (NA).png	carátula a MEDIA
MOVIDO	emu/ROMS/ATARI2600/Asterix (NTSC Conversion).png	emu/MEDIA/ATARI2600/Asterix (NTSC Conversion).png	carátula a MEDIA
MOVIDO	emu/ROMS/ATARI2600/Asteroids (NA).png	emu/MEDIA/ATARI2600/Asteroids (NA).png	carátula a MEDIA
MOVIDO	emu/ROMS/ATARI2600/Astroblast (NA, Rev 1.1).png	emu/MEDIA/ATARI2600/Astroblast (NA, Rev 1.1).png	carátula a MEDIA
MOVIDO	emu/ROMS/ATARI2600/Astrowar (EU).png	emu/MEDIA/ATARI2600/Astrowar (EU).png	carátula a MEDIA
MOVIDO	emu/ROMS/ATARI2600/Atari Video Cube (NA).png	emu/MEDIA/ATARI2600/Atari Video Cube (NA).png	carátula a MEDIA
MOVIDO	emu/ROMS/ATARI2600/Atlantis (NA).png	emu/MEDIA/ATARI2600/Atlantis (NA).png	carátula a MEDIA
MOVIDO	emu/ROMS/ATARI2600/Atlantis II (NA).png	emu/MEDIA/ATARI2600/Atlantis II (NA).png	carátula a MEDIA
MOVIDO	emu/ROMS/ATARI2600/Atom Smasher (Prototype).png	emu/MEDIA/ATARI2600/Atom Smasher (Prototype).png	carátula a MEDIA
MOVIDO	emu/ROMS/ATARI2600/BASIC Programming (NA).png	emu/MEDIA/ATARI2600/BASIC Programming (NA).png	carátula a MEDIA
MOVIDO	emu/ROMS/ATARI2600/BMX Air Master (NA).png	emu/MEDIA/ATARI2600/BMX Air Master (NA).png	carátula a MEDIA
MOVIDO	emu/ROMS/ATARI2600/Bachelor Party (NA).png	emu/MEDIA/ATARI2600/Bachelor Party (NA).png	carátula a MEDIA
MOVIDO	emu/ROMS/ATARI2600/Bachelorette Party (NA).png	emu/MEDIA/ATARI2600/Bachelorette Party (NA).png	carátula a MEDIA
MOVIDO	emu/ROMS/ATARI2600/Backgammon (NA).png	emu/MEDIA/ATARI2600/Backgammon (NA).png	carátula a MEDIA
MOVIDO	emu/ROMS/ATARI2600/Bank Heist (NA).png	emu/MEDIA/ATARI2600/Bank Heist (NA).png	carátula a MEDIA
MOVIDO	emu/ROMS/ATARI2600/Barnstorming (NA).png	emu/MEDIA/ATARI2600/Barnstorming (NA).png	carátula a MEDIA
MOVIDO	emu/ROMS/ATARI2600/Base Attack (EU).png	emu/MEDIA/ATARI2600/Base Attack (EU).png	carátula a MEDIA
MOVIDO	emu/ROMS/ATARI2600/Basic Math (NA).png	emu/MEDIA/ATARI2600/Basic Math (NA).png	carátula a MEDIA
MOVIDO	emu/ROMS/ATARI2600/Basketball (NA).png	emu/MEDIA/ATARI2600/Basketball (NA).png	carátula a MEDIA
MOVIDO	emu/ROMS/ATARI2600/Battlezone (NA).png	emu/MEDIA/ATARI2600/Battlezone (NA).png	carátula a MEDIA
MOVIDO	emu/ROMS/ATARI2600/Beamrider (NA).png	emu/MEDIA/ATARI2600/Beamrider (NA).png	carátula a MEDIA
MOVIDO	emu/ROMS/ATARI2600/Beany Bopper (NA).png	emu/MEDIA/ATARI2600/Beany Bopper (NA).png	carátula a MEDIA
MOVIDO	emu/ROMS/ATARI2600/Beat 'em & Eat 'em (NA).png	emu/MEDIA/ATARI2600/Beat 'em & Eat 'em (NA).png	carátula a MEDIA
MOVIDO	emu/ROMS/ATARI2600/Bermuda Triangle (NA).png	emu/MEDIA/ATARI2600/Bermuda Triangle (NA).png	carátula a MEDIA
MOVIDO	emu/ROMS/ATARI2600/Berzerk (NA).png	emu/MEDIA/ATARI2600/Berzerk (NA).png	carátula a MEDIA
MOVIDO	emu/ROMS/ATARI2600/Big Bird's Egg Catch (NA).png	emu/MEDIA/ATARI2600/Big Bird's Egg Catch (NA).png	carátula a MEDIA
MOVIDO	emu/ROMS/ATARI2600/Bionic Breakthrough (Prototype).png	emu/MEDIA/ATARI2600/Bionic Breakthrough (Prototype).png	carátula a MEDIA
MOVIDO	emu/ROMS/ATARI2600/Birthday Mania (NA).png	emu/MEDIA/ATARI2600/Birthday Mania (NA).png	carátula a MEDIA
MOVIDO	emu/ROMS/ATARI2600/Black Jack (NA).png	emu/MEDIA/ATARI2600/Black Jack (NA).png	carátula a MEDIA
MOVIDO	emu/ROMS/ATARI2600/Bloody Human Freeway (Prototype).png	emu/MEDIA/ATARI2600/Bloody Human Freeway (Prototype).png	carátula a MEDIA
MOVIDO	emu/ROMS/ATARI2600/Blueprint (NA).png	emu/MEDIA/ATARI2600/Blueprint (NA).png	carátula a MEDIA
MOVIDO	emu/ROMS/ATARI2600/Bobby is Going Home (NA).png	emu/MEDIA/ATARI2600/Bobby is Going Home (NA).png	carátula a MEDIA
MOVIDO	emu/ROMS/ATARI2600/Boggle (Prototype).png	emu/MEDIA/ATARI2600/Boggle (Prototype).png	carátula a MEDIA
MOVIDO	emu/ROMS/ATARI2600/Boing! (NA).png	emu/MEDIA/ATARI2600/Boing! (NA).png	carátula a MEDIA
MOVIDO	emu/ROMS/ATARI2600/Bouncin' Baby Bunnies (Prototype).png	emu/MEDIA/ATARI2600/Bouncin' Baby Bunnies (Prototype).png	carátula a MEDIA
MOVIDO	emu/ROMS/ATARI2600/Bowling (NA).png	emu/MEDIA/ATARI2600/Bowling (NA).png	carátula a MEDIA
MOVIDO	emu/ROMS/ATARI2600/Boxing (NA).png	emu/MEDIA/ATARI2600/Boxing (NA).png	carátula a MEDIA
MOVIDO	emu/ROMS/ATARI2600/Brain Games (NA).png	emu/MEDIA/ATARI2600/Brain Games (NA).png	carátula a MEDIA
MOVIDO	emu/ROMS/ATARI2600/Breakout (NA).png	emu/MEDIA/ATARI2600/Breakout (NA).png	carátula a MEDIA
MOVIDO	emu/ROMS/ATARI2600/Bridge (NA, Rev 1.1).png	emu/MEDIA/ATARI2600/Bridge (NA, Rev 1.1).png	carátula a MEDIA
MOVIDO	emu/ROMS/ATARI2600/Buck Rogers - Planet of Zoom (NA).png	emu/MEDIA/ATARI2600/Buck Rogers - Planet of Zoom (NA).png	carátula a MEDIA
MOVIDO	emu/ROMS/ATARI2600/Bugs (NA).png	emu/MEDIA/ATARI2600/Bugs (NA).png	carátula a MEDIA
MOVIDO	emu/ROMS/ATARI2600/Bugs Bunny (Prototype).png	emu/MEDIA/ATARI2600/Bugs Bunny (Prototype).png	carátula a MEDIA
MOVIDO	emu/ROMS/ATARI2600/Bump 'n' Jump (NA).png	emu/MEDIA/ATARI2600/Bump 'n' Jump (NA).png	carátula a MEDIA
MOVIDO	emu/ROMS/ATARI2600/Bumper Bash (NA).png	emu/MEDIA/ATARI2600/Bumper Bash (NA).png	carátula a MEDIA
MOVIDO	emu/ROMS/ATARI2600/BurgerTime (NA).png	emu/MEDIA/ATARI2600/BurgerTime (NA).png	carátula a MEDIA
MOVIDO	emu/ROMS/ATARI2600/Burning Desire (NA).png	emu/MEDIA/ATARI2600/Burning Desire (NA).png	carátula a MEDIA
MOVIDO	emu/ROMS/ATARI2600/Busy Police (NA).png	emu/MEDIA/ATARI2600/Busy Police (NA).png	carátula a MEDIA
MOVIDO	emu/ROMS/ATARI2600/Cabbage Patch Kids - Adventures in the Park (Prototype).png	emu/MEDIA/ATARI2600/Cabbage Patch Kids - Adventures in the Park (Prototype).png	carátula a MEDIA
MOVIDO	emu/ROMS/ATARI2600/Cakewalk (NA).png	emu/MEDIA/ATARI2600/Cakewalk (NA).png	carátula a MEDIA
MOVIDO	emu/ROMS/ATARI2600/California Games (NA).png	emu/MEDIA/ATARI2600/California Games (NA).png	carátula a MEDIA
MOVIDO	emu/ROMS/ATARI2600/Canyon Bomber (NA).png	emu/MEDIA/ATARI2600/Canyon Bomber (NA).png	carátula a MEDIA
MOVIDO	emu/ROMS/ATARI2600/Care Bears (Prototype).png	emu/MEDIA/ATARI2600/Care Bears (Prototype).png	carátula a MEDIA
MOVIDO	emu/ROMS/ATARI2600/Carnival (NA).png	emu/MEDIA/ATARI2600/Carnival (NA).png	carátula a MEDIA
MOVIDO	emu/ROMS/ATARI2600/Casino (NA).png	emu/MEDIA/ATARI2600/Casino (NA).png	carátula a MEDIA
MOVIDO	emu/ROMS/ATARI2600/Cat Trax (NA).png	emu/MEDIA/ATARI2600/Cat Trax (NA).png	carátula a MEDIA
MOVIDO	emu/ROMS/ATARI2600/Cathouse Blues (NA).png	emu/MEDIA/ATARI2600/Cathouse Blues (NA).png	carátula a MEDIA
MOVIDO	emu/ROMS/ATARI2600/Centipede (NA).png	emu/MEDIA/ATARI2600/Centipede (NA).png	carátula a MEDIA
MOVIDO	emu/ROMS/ATARI2600/Challenge (NA).png	emu/MEDIA/ATARI2600/Challenge (NA).png	carátula a MEDIA
MOVIDO	emu/ROMS/ATARI2600/Championship Soccer (NA).png	emu/MEDIA/ATARI2600/Championship Soccer (NA).png	carátula a MEDIA
MOVIDO	emu/ROMS/ATARI2600/Chase the Chuck Wagon (NA).png	emu/MEDIA/ATARI2600/Chase the Chuck Wagon (NA).png	carátula a MEDIA
MOVIDO	emu/ROMS/ATARI2600/Checkers (NA).png	emu/MEDIA/ATARI2600/Checkers (NA).png	carátula a MEDIA
MOVIDO	emu/ROMS/ATARI2600/China Syndrome (NA).png	emu/MEDIA/ATARI2600/China Syndrome (NA).png	carátula a MEDIA
MOVIDO	emu/ROMS/ATARI2600/Chopper Command (NA).png	emu/MEDIA/ATARI2600/Chopper Command (NA).png	carátula a MEDIA
MOVIDO	emu/ROMS/ATARI2600/Chuck Norris Superkicks (NA).png	emu/MEDIA/ATARI2600/Chuck Norris Superkicks (NA).png	carátula a MEDIA
MOVIDO	emu/ROMS/ATARI2600/Circus Atari (NA).png	emu/MEDIA/ATARI2600/Circus Atari (NA).png	carátula a MEDIA
MOVIDO	emu/ROMS/ATARI2600/Coco Nuts (NA).png	emu/MEDIA/ATARI2600/Coco Nuts (NA).png	carátula a MEDIA
MOVIDO	emu/ROMS/ATARI2600/Codebreaker (NA).png	emu/MEDIA/ATARI2600/Codebreaker (NA).png	carátula a MEDIA
MOVIDO	emu/ROMS/ATARI2600/Colors (Prototype).png	emu/MEDIA/ATARI2600/Colors (Prototype).png	carátula a MEDIA
MOVIDO	emu/ROMS/ATARI2600/Combat (NA).png	emu/MEDIA/ATARI2600/Combat (NA).png	carátula a MEDIA
MOVIDO	emu/ROMS/ATARI2600/Combat Two (Prototype).png	emu/MEDIA/ATARI2600/Combat Two (Prototype).png	carátula a MEDIA
MOVIDO	emu/ROMS/ATARI2600/Commando (NA).png	emu/MEDIA/ATARI2600/Commando (NA).png	carátula a MEDIA
MOVIDO	emu/ROMS/ATARI2600/Commando Raid (NA).png	emu/MEDIA/ATARI2600/Commando Raid (NA).png	carátula a MEDIA
MOVIDO	emu/ROMS/ATARI2600/Communist Mutants from Space (NA).png	emu/MEDIA/ATARI2600/Communist Mutants from Space (NA).png	carátula a MEDIA
MOVIDO	emu/ROMS/ATARI2600/Condor Attack (NA).png	emu/MEDIA/ATARI2600/Condor Attack (NA).png	carátula a MEDIA
MOVIDO	emu/ROMS/ATARI2600/Confrontation (Prototype).png	emu/MEDIA/ATARI2600/Confrontation (Prototype).png	carátula a MEDIA
MOVIDO	emu/ROMS/ATARI2600/Congo Bongo (NA).png	emu/MEDIA/ATARI2600/Congo Bongo (NA).png	carátula a MEDIA
MOVIDO	emu/ROMS/ATARI2600/Cookie Monster Munch (NA).png	emu/MEDIA/ATARI2600/Cookie Monster Munch (NA).png	carátula a MEDIA
MOVIDO	emu/ROMS/ATARI2600/Cosmic Ark (NA).png	emu/MEDIA/ATARI2600/Cosmic Ark (NA).png	carátula a MEDIA
MOVIDO	emu/ROMS/ATARI2600/Cosmic Commuter (NA).png	emu/MEDIA/ATARI2600/Cosmic Commuter (NA).png	carátula a MEDIA
MOVIDO	emu/ROMS/ATARI2600/Cosmic Creeps (NA).png	emu/MEDIA/ATARI2600/Cosmic Creeps (NA).png	carátula a MEDIA
MOVIDO	emu/ROMS/ATARI2600/Cosmic Swarm (NA).png	emu/MEDIA/ATARI2600/Cosmic Swarm (NA).png	carátula a MEDIA
MOVIDO	emu/ROMS/ATARI2600/Crack'ed (Prototype).png	emu/MEDIA/ATARI2600/Crack'ed (Prototype).png	carátula a MEDIA
MOVIDO	emu/ROMS/ATARI2600/Crackpots (NA).png	emu/MEDIA/ATARI2600/Crackpots (NA).png	carátula a MEDIA
MOVIDO	emu/ROMS/ATARI2600/Crash Dive (NA).png	emu/MEDIA/ATARI2600/Crash Dive (NA).png	carátula a MEDIA
MOVIDO	emu/ROMS/ATARI2600/Crazy Climber (NA).png	emu/MEDIA/ATARI2600/Crazy Climber (NA).png	carátula a MEDIA
MOVIDO	emu/ROMS/ATARI2600/Cross Force (NA).png	emu/MEDIA/ATARI2600/Cross Force (NA).png	carátula a MEDIA
MOVIDO	emu/ROMS/ATARI2600/Crossbow (NA).png	emu/MEDIA/ATARI2600/Crossbow (NA).png	carátula a MEDIA
MOVIDO	emu/ROMS/ATARI2600/Cruise Missile (NA).png	emu/MEDIA/ATARI2600/Cruise Missile (NA).png	carátula a MEDIA
MOVIDO	emu/ROMS/ATARI2600/Crypts of Chaos (NA).png	emu/MEDIA/ATARI2600/Crypts of Chaos (NA).png	carátula a MEDIA
MOVIDO	emu/ROMS/ATARI2600/Crystal Castles (NA).png	emu/MEDIA/ATARI2600/Crystal Castles (NA).png	carátula a MEDIA
MOVIDO	emu/ROMS/ATARI2600/Cubicolor (Prototype).png	emu/MEDIA/ATARI2600/Cubicolor (Prototype).png	carátula a MEDIA
MOVIDO	emu/ROMS/ATARI2600/Custer's Revenge (NA).png	emu/MEDIA/ATARI2600/Custer's Revenge (NA).png	carátula a MEDIA
MOVIDO	emu/ROMS/ATARI2600/Dark Cavern (NA).png	emu/MEDIA/ATARI2600/Dark Cavern (NA).png	carátula a MEDIA
MOVIDO	emu/ROMS/ATARI2600/Dark Chambers (NA).png	emu/MEDIA/ATARI2600/Dark Chambers (NA).png	carátula a MEDIA
MOVIDO	emu/ROMS/ATARI2600/Deadly Duck (NA).png	emu/MEDIA/ATARI2600/Deadly Duck (NA).png	carátula a MEDIA
MOVIDO	emu/ROMS/ATARI2600/Death Trap (NA).png	emu/MEDIA/ATARI2600/Death Trap (NA).png	carátula a MEDIA
MOVIDO	emu/ROMS/ATARI2600/Defender (NA).png	emu/MEDIA/ATARI2600/Defender (NA).png	carátula a MEDIA
MOVIDO	emu/ROMS/ATARI2600/Defender II (NA).png	emu/MEDIA/ATARI2600/Defender II (NA).png	carátula a MEDIA
MOVIDO	emu/ROMS/ATARI2600/Demolition Herby (NA).png	emu/MEDIA/ATARI2600/Demolition Herby (NA).png	carátula a MEDIA
MOVIDO	emu/ROMS/ATARI2600/Demon Attack (NA, Rev 1).png	emu/MEDIA/ATARI2600/Demon Attack (NA, Rev 1).png	carátula a MEDIA
MOVIDO	emu/ROMS/ATARI2600/Demons to Diamonds (NA).png	emu/MEDIA/ATARI2600/Demons to Diamonds (NA).png	carátula a MEDIA
MOVIDO	emu/ROMS/ATARI2600/Depth Charge (Prototype).png	emu/MEDIA/ATARI2600/Depth Charge (Prototype).png	carátula a MEDIA
MOVIDO	emu/ROMS/ATARI2600/Desert Falcon (NA).png	emu/MEDIA/ATARI2600/Desert Falcon (NA).png	carátula a MEDIA
MOVIDO	emu/ROMS/ATARI2600/Diagnostic Cartridge (NA).png	emu/MEDIA/ATARI2600/Diagnostic Cartridge (NA).png	carátula a MEDIA
MOVIDO	emu/ROMS/ATARI2600/Dice Puzzle (NA).png	emu/MEDIA/ATARI2600/Dice Puzzle (NA).png	carátula a MEDIA
MOVIDO	emu/ROMS/ATARI2600/Dig Dug (NA).png	emu/MEDIA/ATARI2600/Dig Dug (NA).png	carátula a MEDIA
MOVIDO	emu/ROMS/ATARI2600/Dishaster (NA).png	emu/MEDIA/ATARI2600/Dishaster (NA).png	carátula a MEDIA
MOVIDO	emu/ROMS/ATARI2600/Dodge 'em (NA).png	emu/MEDIA/ATARI2600/Dodge 'em (NA).png	carátula a MEDIA
MOVIDO	emu/ROMS/ATARI2600/Dolphin (NA).png	emu/MEDIA/ATARI2600/Dolphin (NA).png	carátula a MEDIA
MOVIDO	emu/ROMS/ATARI2600/Donald Duck's Speedboat (Prototype).png	emu/MEDIA/ATARI2600/Donald Duck's Speedboat (Prototype).png	carátula a MEDIA
MOVIDO	emu/ROMS/ATARI2600/Donkey Kong (NA).png	emu/MEDIA/ATARI2600/Donkey Kong (NA).png	carátula a MEDIA
MOVIDO	emu/ROMS/ATARI2600/Donkey Kong Junior (NA).png	emu/MEDIA/ATARI2600/Donkey Kong Junior (NA).png	carátula a MEDIA
MOVIDO	emu/ROMS/ATARI2600/Double Dragon (NA).png	emu/MEDIA/ATARI2600/Double Dragon (NA).png	carátula a MEDIA
MOVIDO	emu/ROMS/ATARI2600/Double Dunk (NA).png	emu/MEDIA/ATARI2600/Double Dunk (NA).png	carátula a MEDIA
MOVIDO	emu/ROMS/ATARI2600/Dragon Defender (NTSC Conversion).png	emu/MEDIA/ATARI2600/Dragon Defender (NTSC Conversion).png	carátula a MEDIA
MOVIDO	emu/ROMS/ATARI2600/Dragonfire (NA).png	emu/MEDIA/ATARI2600/Dragonfire (NA).png	carátula a MEDIA
MOVIDO	emu/ROMS/ATARI2600/Dragonstomper (NA).png	emu/MEDIA/ATARI2600/Dragonstomper (NA).png	carátula a MEDIA
MOVIDO	emu/ROMS/ATARI2600/Dragster (NA).png	emu/MEDIA/ATARI2600/Dragster (NA).png	carátula a MEDIA
MOVIDO	emu/ROMS/ATARI2600/Dukes of Hazzard (Prototype).png	emu/MEDIA/ATARI2600/Dukes of Hazzard (Prototype).png	carátula a MEDIA
MOVIDO	emu/ROMS/ATARI2600/Dumbo's Flying Circus (Prototype).png	emu/MEDIA/ATARI2600/Dumbo's Flying Circus (Prototype).png	carátula a MEDIA
MOVIDO	emu/ROMS/ATARI2600/Dune (Prototype).png	emu/MEDIA/ATARI2600/Dune (Prototype).png	carátula a MEDIA
MOVIDO	emu/ROMS/ATARI2600/E.T. - The Extra-Terrestrial (NA).png	emu/MEDIA/ATARI2600/E.T. - The Extra-Terrestrial (NA).png	carátula a MEDIA
MOVIDO	emu/ROMS/ATARI2600/Eggomania (NA).png	emu/MEDIA/ATARI2600/Eggomania (NA).png	carátula a MEDIA
MOVIDO	emu/ROMS/ATARI2600/Elevator Action (Prototype).png	emu/MEDIA/ATARI2600/Elevator Action (Prototype).png	carátula a MEDIA
MOVIDO	emu/ROMS/ATARI2600/Elf Adventure (Prototype).png	emu/MEDIA/ATARI2600/Elf Adventure (Prototype).png	carátula a MEDIA
MOVIDO	emu/ROMS/ATARI2600/Eli's Ladder (NA).png	emu/MEDIA/ATARI2600/Eli's Ladder (NA).png	carátula a MEDIA
MOVIDO	emu/ROMS/ATARI2600/Elk Attack (Prototype).png	emu/MEDIA/ATARI2600/Elk Attack (Prototype).png	carátula a MEDIA
MOVIDO	emu/ROMS/ATARI2600/Encounter at L-5 (NA).png	emu/MEDIA/ATARI2600/Encounter at L-5 (NA).png	carátula a MEDIA
MOVIDO	emu/ROMS/ATARI2600/Enduro (NA).png	emu/MEDIA/ATARI2600/Enduro (NA).png	carátula a MEDIA
MOVIDO	emu/ROMS/ATARI2600/Entombed (NA).png	emu/MEDIA/ATARI2600/Entombed (NA).png	carátula a MEDIA
MOVIDO	emu/ROMS/ATARI2600/Escape from the Mindmaster (NA).png	emu/MEDIA/ATARI2600/Escape from the Mindmaster (NA).png	carátula a MEDIA
MOVIDO	emu/ROMS/ATARI2600/Espial (NA).png	emu/MEDIA/ATARI2600/Espial (NA).png	carátula a MEDIA
MOVIDO	emu/ROMS/ATARI2600/Exocet (EU).png	emu/MEDIA/ATARI2600/Exocet (EU).png	carátula a MEDIA
MOVIDO	emu/ROMS/ATARI2600/Extra Terrestrials (NA).png	emu/MEDIA/ATARI2600/Extra Terrestrials (NA).png	carátula a MEDIA
MOVIDO	emu/ROMS/ATARI2600/Fantastic Voyage (NA).png	emu/MEDIA/ATARI2600/Fantastic Voyage (NA).png	carátula a MEDIA
MOVIDO	emu/ROMS/ATARI2600/Farmyard Fun (NA).png	emu/MEDIA/ATARI2600/Farmyard Fun (NA).png	carátula a MEDIA
MOVIDO	emu/ROMS/ATARI2600/Fast Eddie (NA).png	emu/MEDIA/ATARI2600/Fast Eddie (NA).png	carátula a MEDIA
MOVIDO	emu/ROMS/ATARI2600/Fast Food (NA).png	emu/MEDIA/ATARI2600/Fast Food (NA).png	carátula a MEDIA
MOVIDO	emu/ROMS/ATARI2600/Fatal Run (NA).png	emu/MEDIA/ATARI2600/Fatal Run (NA).png	carátula a MEDIA
MOVIDO	emu/ROMS/ATARI2600/Fathom (NA).png	emu/MEDIA/ATARI2600/Fathom (NA).png	carátula a MEDIA
MOVIDO	emu/ROMS/ATARI2600/Final Approach (NA).png	emu/MEDIA/ATARI2600/Final Approach (NA).png	carátula a MEDIA
MOVIDO	emu/ROMS/ATARI2600/Fire Fighter (NA).png	emu/MEDIA/ATARI2600/Fire Fighter (NA).png	carátula a MEDIA
MOVIDO	emu/ROMS/ATARI2600/Fire Fly (NA).png	emu/MEDIA/ATARI2600/Fire Fly (NA).png	carátula a MEDIA
MOVIDO	emu/ROMS/ATARI2600/Fireball (NA).png	emu/MEDIA/ATARI2600/Fireball (NA).png	carátula a MEDIA
MOVIDO	emu/ROMS/ATARI2600/Fishing Derby (NA).png	emu/MEDIA/ATARI2600/Fishing Derby (NA).png	carátula a MEDIA
MOVIDO	emu/ROMS/ATARI2600/Flag Capture (NA).png	emu/MEDIA/ATARI2600/Flag Capture (NA).png	carátula a MEDIA
MOVIDO	emu/ROMS/ATARI2600/Flash Gordon (NA).png	emu/MEDIA/ATARI2600/Flash Gordon (NA).png	carátula a MEDIA
MOVIDO	emu/ROMS/ATARI2600/Football (NA).png	emu/MEDIA/ATARI2600/Football (NA).png	carátula a MEDIA
MOVIDO	emu/ROMS/ATARI2600/Forest (EU).png	emu/MEDIA/ATARI2600/Forest (EU).png	carátula a MEDIA
MOVIDO	emu/ROMS/ATARI2600/Frankenstein's Monster (NA).png	emu/MEDIA/ATARI2600/Frankenstein's Monster (NA).png	carátula a MEDIA
MOVIDO	emu/ROMS/ATARI2600/Freeway (NA).png	emu/MEDIA/ATARI2600/Freeway (NA).png	carátula a MEDIA
MOVIDO	emu/ROMS/ATARI2600/Frisco (NA).png	emu/MEDIA/ATARI2600/Frisco (NA).png	carátula a MEDIA
MOVIDO	emu/ROMS/ATARI2600/Frog Pond (Prototype).png	emu/MEDIA/ATARI2600/Frog Pond (Prototype).png	carátula a MEDIA
MOVIDO	emu/ROMS/ATARI2600/Frogger (NA).png	emu/MEDIA/ATARI2600/Frogger (NA).png	carátula a MEDIA
MOVIDO	emu/ROMS/ATARI2600/Frogger II - Threeedeep! (NA).png	emu/MEDIA/ATARI2600/Frogger II - Threeedeep! (NA).png	carátula a MEDIA
MOVIDO	emu/ROMS/ATARI2600/Frogs and Flies (NA).png	emu/MEDIA/ATARI2600/Frogs and Flies (NA).png	carátula a MEDIA
MOVIDO	emu/ROMS/ATARI2600/Front Line (NA).png	emu/MEDIA/ATARI2600/Front Line (NA).png	carátula a MEDIA
MOVIDO	emu/ROMS/ATARI2600/Frostbite (NA).png	emu/MEDIA/ATARI2600/Frostbite (NA).png	carátula a MEDIA
MOVIDO	emu/ROMS/ATARI2600/Funky Fish (Prototype).png	emu/MEDIA/ATARI2600/Funky Fish (Prototype).png	carátula a MEDIA
MOVIDO	emu/ROMS/ATARI2600/G.I. Joe - Cobra Strike (NA).png	emu/MEDIA/ATARI2600/G.I. Joe - Cobra Strike (NA).png	carátula a MEDIA
MOVIDO	emu/ROMS/ATARI2600/Galaxian (NA).png	emu/MEDIA/ATARI2600/Galaxian (NA).png	carátula a MEDIA
MOVIDO	emu/ROMS/ATARI2600/Gamma-Attack (NA).png	emu/MEDIA/ATARI2600/Gamma-Attack (NA).png	carátula a MEDIA
MOVIDO	emu/ROMS/ATARI2600/Gangster Alley (NA).png	emu/MEDIA/ATARI2600/Gangster Alley (NA).png	carátula a MEDIA
MOVIDO	emu/ROMS/ATARI2600/Garfield (Prototype).png	emu/MEDIA/ATARI2600/Garfield (Prototype).png	carátula a MEDIA
MOVIDO	emu/ROMS/ATARI2600/Gas Hog (NA).png	emu/MEDIA/ATARI2600/Gas Hog (NA).png	carátula a MEDIA
MOVIDO	emu/ROMS/ATARI2600/Gauntlet (NA).png	emu/MEDIA/ATARI2600/Gauntlet (NA).png	carátula a MEDIA
MOVIDO	emu/ROMS/ATARI2600/Ghost Manor (NA).png	emu/MEDIA/ATARI2600/Ghost Manor (NA).png	carátula a MEDIA
MOVIDO	emu/ROMS/ATARI2600/Ghostbusters (NA).png	emu/MEDIA/ATARI2600/Ghostbusters (NA).png	carátula a MEDIA
MOVIDO	emu/ROMS/ATARI2600/Ghostbusters II (NTSC Conversion).png	emu/MEDIA/ATARI2600/Ghostbusters II (NTSC Conversion).png	carátula a MEDIA
MOVIDO	emu/ROMS/ATARI2600/Gigolo (NA).png	emu/MEDIA/ATARI2600/Gigolo (NA).png	carátula a MEDIA
MOVIDO	emu/ROMS/ATARI2600/Glacier Patrol (NA).png	emu/MEDIA/ATARI2600/Glacier Patrol (NA).png	carátula a MEDIA
MOVIDO	emu/ROMS/ATARI2600/Glib - Video Word Game (NA).png	emu/MEDIA/ATARI2600/Glib - Video Word Game (NA).png	carátula a MEDIA
MOVIDO	emu/ROMS/ATARI2600/Go Go Home, Monster (EU).png	emu/MEDIA/ATARI2600/Go Go Home, Monster (EU).png	carátula a MEDIA
MOVIDO	emu/ROMS/ATARI2600/Going-Up (Prototype).png	emu/MEDIA/ATARI2600/Going-Up (Prototype).png	carátula a MEDIA
MOVIDO	emu/ROMS/ATARI2600/Golf (NA).png	emu/MEDIA/ATARI2600/Golf (NA).png	carátula a MEDIA
MOVIDO	emu/ROMS/ATARI2600/Good Luck, Charlie Brown (Prototype).png	emu/MEDIA/ATARI2600/Good Luck, Charlie Brown (Prototype).png	carátula a MEDIA
MOVIDO	emu/ROMS/ATARI2600/Gopher (NA).png	emu/MEDIA/ATARI2600/Gopher (NA).png	carátula a MEDIA
MOVIDO	emu/ROMS/ATARI2600/Gorf (NA).png	emu/MEDIA/ATARI2600/Gorf (NA).png	carátula a MEDIA
MOVIDO	emu/ROMS/ATARI2600/Grand Prix (NA).png	emu/MEDIA/ATARI2600/Grand Prix (NA).png	carátula a MEDIA
MOVIDO	emu/ROMS/ATARI2600/Gravitar (NA).png	emu/MEDIA/ATARI2600/Gravitar (NA).png	carátula a MEDIA
MOVIDO	emu/ROMS/ATARI2600/Great Escape (NA).png	emu/MEDIA/ATARI2600/Great Escape (NA).png	carátula a MEDIA
MOVIDO	emu/ROMS/ATARI2600/Gremlins (NA).png	emu/MEDIA/ATARI2600/Gremlins (NA).png	carátula a MEDIA
MOVIDO	emu/ROMS/ATARI2600/Grover's Music Maker (Prototype).png	emu/MEDIA/ATARI2600/Grover's Music Maker (Prototype).png	carátula a MEDIA
MOVIDO	emu/ROMS/ATARI2600/Guardian (NA).png	emu/MEDIA/ATARI2600/Guardian (NA).png	carátula a MEDIA
MOVIDO	emu/ROMS/ATARI2600/Gyruss (NA).png	emu/MEDIA/ATARI2600/Gyruss (NA).png	carátula a MEDIA
MOVIDO	emu/ROMS/ATARI2600/H.E.R.O. (NA).png	emu/MEDIA/ATARI2600/H.E.R.O. (NA).png	carátula a MEDIA
MOVIDO	emu/ROMS/ATARI2600/Halloween (NA).png	emu/MEDIA/ATARI2600/Halloween (NA).png	carátula a MEDIA
MOVIDO	emu/ROMS/ATARI2600/Hangman (NA).png	emu/MEDIA/ATARI2600/Hangman (NA).png	carátula a MEDIA
MOVIDO	emu/ROMS/ATARI2600/Harbor Escape (NA).png	emu/MEDIA/ATARI2600/Harbor Escape (NA).png	carátula a MEDIA
MOVIDO	emu/ROMS/ATARI2600/Hard-Head (Prototype).png	emu/MEDIA/ATARI2600/Hard-Head (Prototype).png	carátula a MEDIA
MOVIDO	emu/ROMS/ATARI2600/Harem (Prototype).png	emu/MEDIA/ATARI2600/Harem (Prototype).png	carátula a MEDIA
MOVIDO	emu/ROMS/ATARI2600/Haunted House (NA).png	emu/MEDIA/ATARI2600/Haunted House (NA).png	carátula a MEDIA
MOVIDO	emu/ROMS/ATARI2600/Hell Driver (EU).png	emu/MEDIA/ATARI2600/Hell Driver (EU).png	carátula a MEDIA
MOVIDO	emu/ROMS/ATARI2600/Hole Hunter (NA).png	emu/MEDIA/ATARI2600/Hole Hunter (NA).png	carátula a MEDIA
MOVIDO	emu/ROMS/ATARI2600/Holey Moley (Prototype).png	emu/MEDIA/ATARI2600/Holey Moley (Prototype).png	carátula a MEDIA
MOVIDO	emu/ROMS/ATARI2600/Home Run (NA).png	emu/MEDIA/ATARI2600/Home Run (NA).png	carátula a MEDIA
MOVIDO	emu/ROMS/ATARI2600/Human Cannonball (NA).png	emu/MEDIA/ATARI2600/Human Cannonball (NA).png	carátula a MEDIA
MOVIDO	emu/ROMS/ATARI2600/Hunt & Score (NA).png	emu/MEDIA/ATARI2600/Hunt & Score (NA).png	carátula a MEDIA
MOVIDO	emu/ROMS/ATARI2600/I.Q. 180 (NA).png	emu/MEDIA/ATARI2600/I.Q. 180 (NA).png	carátula a MEDIA
MOVIDO	emu/ROMS/ATARI2600/Ice Hockey (NA).png	emu/MEDIA/ATARI2600/Ice Hockey (NA).png	carátula a MEDIA
MOVIDO	emu/ROMS/ATARI2600/Ikari Warriors (NA).png	emu/MEDIA/ATARI2600/Ikari Warriors (NA).png	carátula a MEDIA
MOVIDO	emu/ROMS/ATARI2600/Immies & Aggies (Prototype).png	emu/MEDIA/ATARI2600/Immies & Aggies (Prototype).png	carátula a MEDIA
MOVIDO	emu/ROMS/ATARI2600/Inca Gold (NA).png	emu/MEDIA/ATARI2600/Inca Gold (NA).png	carátula a MEDIA
MOVIDO	emu/ROMS/ATARI2600/Indy 500 (NA).png	emu/MEDIA/ATARI2600/Indy 500 (NA).png	carátula a MEDIA
MOVIDO	emu/ROMS/ATARI2600/Infiltrate (NA).png	emu/MEDIA/ATARI2600/Infiltrate (NA).png	carátula a MEDIA
MOVIDO	emu/ROMS/ATARI2600/International Soccer (NA).png	emu/MEDIA/ATARI2600/International Soccer (NA).png	carátula a MEDIA
MOVIDO	emu/ROMS/ATARI2600/Ixion (Prototype).png	emu/MEDIA/ATARI2600/Ixion (Prototype).png	carátula a MEDIA
MOVIDO	emu/ROMS/ATARI2600/James Bond 007 (NA).png	emu/MEDIA/ATARI2600/James Bond 007 (NA).png	carátula a MEDIA
MOVIDO	emu/ROMS/ATARI2600/Jawbreaker (NA).png	emu/MEDIA/ATARI2600/Jawbreaker (NA).png	carátula a MEDIA
MOVIDO	emu/ROMS/ATARI2600/Journey Escape (NA).png	emu/MEDIA/ATARI2600/Journey Escape (NA).png	carátula a MEDIA
MOVIDO	emu/ROMS/ATARI2600/Joust (NA).png	emu/MEDIA/ATARI2600/Joust (NA).png	carátula a MEDIA
MOVIDO	emu/ROMS/ATARI2600/Jr. Pac-Man (NA).png	emu/MEDIA/ATARI2600/Jr. Pac-Man (NA).png	carátula a MEDIA
MOVIDO	emu/ROMS/ATARI2600/Jungle Fever (NA).png	emu/MEDIA/ATARI2600/Jungle Fever (NA).png	carátula a MEDIA
MOVIDO	emu/ROMS/ATARI2600/Jungle Hunt (NA).png	emu/MEDIA/ATARI2600/Jungle Hunt (NA).png	carátula a MEDIA
MOVIDO	emu/ROMS/ATARI2600/Kabobber (Prototype).png	emu/MEDIA/ATARI2600/Kabobber (Prototype).png	carátula a MEDIA
MOVIDO	emu/ROMS/ATARI2600/Kaboom! (NA).png	emu/MEDIA/ATARI2600/Kaboom! (NA).png	carátula a MEDIA
MOVIDO	emu/ROMS/ATARI2600/Kamikaze Saucers (Prototype).png	emu/MEDIA/ATARI2600/Kamikaze Saucers (Prototype).png	carátula a MEDIA
MOVIDO	emu/ROMS/ATARI2600/Kangaroo (NA).png	emu/MEDIA/ATARI2600/Kangaroo (NA).png	carátula a MEDIA
MOVIDO	emu/ROMS/ATARI2600/Karate (NA).png	emu/MEDIA/ATARI2600/Karate (NA).png	carátula a MEDIA
MOVIDO	emu/ROMS/ATARI2600/Keystone Kapers (NA).png	emu/MEDIA/ATARI2600/Keystone Kapers (NA).png	carátula a MEDIA
MOVIDO	emu/ROMS/ATARI2600/Killer Satellites (NA).png	emu/MEDIA/ATARI2600/Killer Satellites (NA).png	carátula a MEDIA
MOVIDO	emu/ROMS/ATARI2600/King Kong (NA).png	emu/MEDIA/ATARI2600/King Kong (NA).png	carátula a MEDIA
MOVIDO	emu/ROMS/ATARI2600/Klax (NA).png	emu/MEDIA/ATARI2600/Klax (NA).png	carátula a MEDIA
MOVIDO	emu/ROMS/ATARI2600/Knight on the Town (NA).png	emu/MEDIA/ATARI2600/Knight on the Town (NA).png	carátula a MEDIA
MOVIDO	emu/ROMS/ATARI2600/Kool-Aid Man (NA).png	emu/MEDIA/ATARI2600/Kool-Aid Man (NA).png	carátula a MEDIA
MOVIDO	emu/ROMS/ATARI2600/Krull (NA).png	emu/MEDIA/ATARI2600/Krull (NA).png	carátula a MEDIA
MOVIDO	emu/ROMS/ATARI2600/Kung-Fu Master (NA).png	emu/MEDIA/ATARI2600/Kung-Fu Master (NA).png	carátula a MEDIA
MOVIDO	emu/ROMS/ATARI2600/Kyphus (Prototype).png	emu/MEDIA/ATARI2600/Kyphus (Prototype).png	carátula a MEDIA
MOVIDO	emu/ROMS/ATARI2600/Lady in Wading (NA).png	emu/MEDIA/ATARI2600/Lady in Wading (NA).png	carátula a MEDIA
MOVIDO	emu/ROMS/ATARI2600/Laser Blast (NA).png	emu/MEDIA/ATARI2600/Laser Blast (NA).png	carátula a MEDIA
MOVIDO	emu/ROMS/ATARI2600/Laser Gates (NA).png	emu/MEDIA/ATARI2600/Laser Gates (NA).png	carátula a MEDIA
MOVIDO	emu/ROMS/ATARI2600/Lasercade (Prototype).png	emu/MEDIA/ATARI2600/Lasercade (Prototype).png	carátula a MEDIA
MOVIDO	emu/ROMS/ATARI2600/Lilly Adventure (NA).png	emu/MEDIA/ATARI2600/Lilly Adventure (NA).png	carátula a MEDIA
MOVIDO	emu/ROMS/ATARI2600/Lock 'n' Chase (NA).png	emu/MEDIA/ATARI2600/Lock 'n' Chase (NA).png	carátula a MEDIA
MOVIDO	emu/ROMS/ATARI2600/London Blitz (NA).png	emu/MEDIA/ATARI2600/London Blitz (NA).png	carátula a MEDIA
MOVIDO	emu/ROMS/ATARI2600/Looping (Prototype).png	emu/MEDIA/ATARI2600/Looping (Prototype).png	carátula a MEDIA
MOVIDO	emu/ROMS/ATARI2600/Lost Luggage (NA).png	emu/MEDIA/ATARI2600/Lost Luggage (NA).png	carátula a MEDIA
MOVIDO	emu/ROMS/ATARI2600/M.A.D. (NA).png	emu/MEDIA/ATARI2600/M.A.D. (NA).png	carátula a MEDIA
MOVIDO	emu/ROMS/ATARI2600/M.A.S.H. (NA).png	emu/MEDIA/ATARI2600/M.A.S.H. (NA).png	carátula a MEDIA
MOVIDO	emu/ROMS/ATARI2600/MagiCard (NA).png	emu/MEDIA/ATARI2600/MagiCard (NA).png	carátula a MEDIA
MOVIDO	emu/ROMS/ATARI2600/Malagai (NA).png	emu/MEDIA/ATARI2600/Malagai (NA).png	carátula a MEDIA
MOVIDO	emu/ROMS/ATARI2600/Mangia' (NA).png	emu/MEDIA/ATARI2600/Mangia' (NA).png	carátula a MEDIA
MOVIDO	emu/ROMS/ATARI2600/Marauder (NA).png	emu/MEDIA/ATARI2600/Marauder (NA).png	carátula a MEDIA
MOVIDO	emu/ROMS/ATARI2600/Marine Wars (NA).png	emu/MEDIA/ATARI2600/Marine Wars (NA).png	carátula a MEDIA
MOVIDO	emu/ROMS/ATARI2600/Mario Bros. (NA).png	emu/MEDIA/ATARI2600/Mario Bros. (NA).png	carátula a MEDIA
MOVIDO	emu/ROMS/ATARI2600/Master Builder (NA).png	emu/MEDIA/ATARI2600/Master Builder (NA).png	carátula a MEDIA
MOVIDO	emu/ROMS/ATARI2600/Masters of the Universe - The Power of He-Man (NA).png	emu/MEDIA/ATARI2600/Masters of the Universe - The Power of He-Man (NA).png	carátula a MEDIA
MOVIDO	emu/ROMS/ATARI2600/Math Gran Prix (NA).png	emu/MEDIA/ATARI2600/Math Gran Prix (NA).png	carátula a MEDIA
MOVIDO	emu/ROMS/ATARI2600/Maze Craze - A Game of Cops 'n Robbers (NA).png	emu/MEDIA/ATARI2600/Maze Craze - A Game of Cops 'n Robbers (NA).png	carátula a MEDIA
MOVIDO	emu/ROMS/ATARI2600/Mazy Match (Prototype).png	emu/MEDIA/ATARI2600/Mazy Match (Prototype).png	carátula a MEDIA
MOVIDO	emu/ROMS/ATARI2600/McDonald's - Golden Arches Adventure (Prototype).png	emu/MEDIA/ATARI2600/McDonald's - Golden Arches Adventure (Prototype).png	carátula a MEDIA
MOVIDO	emu/ROMS/ATARI2600/Mega Force (NA).png	emu/MEDIA/ATARI2600/Mega Force (NA).png	carátula a MEDIA
MOVIDO	emu/ROMS/ATARI2600/MegaBoy (NA).png	emu/MEDIA/ATARI2600/MegaBoy (NA).png	carátula a MEDIA
MOVIDO	emu/ROMS/ATARI2600/MegaMania - A Space Nightmare (NA).png	emu/MEDIA/ATARI2600/MegaMania - A Space Nightmare (NA).png	carátula a MEDIA
MOVIDO	emu/ROMS/ATARI2600/Meltdown (Prototype).png	emu/MEDIA/ATARI2600/Meltdown (Prototype).png	carátula a MEDIA
MOVIDO	emu/ROMS/ATARI2600/Midnight Magic (NA).png	emu/MEDIA/ATARI2600/Midnight Magic (NA).png	carátula a MEDIA
MOVIDO	emu/ROMS/ATARI2600/Millipede (NA).png	emu/MEDIA/ATARI2600/Millipede (NA).png	carátula a MEDIA
MOVIDO	emu/ROMS/ATARI2600/Mind Maze (NA).png	emu/MEDIA/ATARI2600/Mind Maze (NA).png	carátula a MEDIA
MOVIDO	emu/ROMS/ATARI2600/Miner 2049er Volume II (NA).png	emu/MEDIA/ATARI2600/Miner 2049er Volume II (NA).png	carátula a MEDIA
MOVIDO	emu/ROMS/ATARI2600/Miner 2049er, Starring Bounty Bob (NA).png	emu/MEDIA/ATARI2600/Miner 2049er, Starring Bounty Bob (NA).png	carátula a MEDIA
MOVIDO	emu/ROMS/ATARI2600/Mines of Minos (NA).png	emu/MEDIA/ATARI2600/Mines of Minos (NA).png	carátula a MEDIA
MOVIDO	emu/ROMS/ATARI2600/Miniature Golf (NA).png	emu/MEDIA/ATARI2600/Miniature Golf (NA).png	carátula a MEDIA
MOVIDO	emu/ROMS/ATARI2600/Miss Piggy's Wedding (Prototype).png	emu/MEDIA/ATARI2600/Miss Piggy's Wedding (Prototype).png	carátula a MEDIA
MOVIDO	emu/ROMS/ATARI2600/Missile Command (NA).png	emu/MEDIA/ATARI2600/Missile Command (NA).png	carátula a MEDIA
MOVIDO	emu/ROMS/ATARI2600/Missile Control (NTSC Conversion).png	emu/MEDIA/ATARI2600/Missile Control (NTSC Conversion).png	carátula a MEDIA
MOVIDO	emu/ROMS/ATARI2600/Mission 3,000 A.D. (NA).png	emu/MEDIA/ATARI2600/Mission 3,000 A.D. (NA).png	carátula a MEDIA
MOVIDO	emu/ROMS/ATARI2600/Mission Survive (NTSC Conversion).png	emu/MEDIA/ATARI2600/Mission Survive (NTSC Conversion).png	carátula a MEDIA
MOVIDO	emu/ROMS/ATARI2600/Mogul Maniac (NA).png	emu/MEDIA/ATARI2600/Mogul Maniac (NA).png	carátula a MEDIA
MOVIDO	emu/ROMS/ATARI2600/Monstercise (Prototype).png	emu/MEDIA/ATARI2600/Monstercise (Prototype).png	carátula a MEDIA
MOVIDO	emu/ROMS/ATARI2600/Montezuma's Revenge, Featuring Panama Joe (NA).png	emu/MEDIA/ATARI2600/Montezuma's Revenge, Featuring Panama Joe (NA).png	carátula a MEDIA
MOVIDO	emu/ROMS/ATARI2600/Moon Patrol (NA).png	emu/MEDIA/ATARI2600/Moon Patrol (NA).png	carátula a MEDIA
MOVIDO	emu/ROMS/ATARI2600/Moonsweeper (NA).png	emu/MEDIA/ATARI2600/Moonsweeper (NA).png	carátula a MEDIA
MOVIDO	emu/ROMS/ATARI2600/Morse Code Tutor (NA).png	emu/MEDIA/ATARI2600/Morse Code Tutor (NA).png	carátula a MEDIA
MOVIDO	emu/ROMS/ATARI2600/MotoRodeo (NA).png	emu/MEDIA/ATARI2600/MotoRodeo (NA).png	carátula a MEDIA
MOVIDO	emu/ROMS/ATARI2600/Motocross (NA).png	emu/MEDIA/ATARI2600/Motocross (NA).png	carátula a MEDIA
MOVIDO	emu/ROMS/ATARI2600/Motocross Racer (NA).png	emu/MEDIA/ATARI2600/Motocross Racer (NA).png	carátula a MEDIA
MOVIDO	emu/ROMS/ATARI2600/Mountain King (NA).png	emu/MEDIA/ATARI2600/Mountain King (NA).png	carátula a MEDIA
MOVIDO	emu/ROMS/ATARI2600/Mouse Trap (NA).png	emu/MEDIA/ATARI2600/Mouse Trap (NA).png	carátula a MEDIA
MOVIDO	emu/ROMS/ATARI2600/Mr. Do! (NA).png	emu/MEDIA/ATARI2600/Mr. Do! (NA).png	carátula a MEDIA
MOVIDO	emu/ROMS/ATARI2600/Mr. Do!'s Castle (NA).png	emu/MEDIA/ATARI2600/Mr. Do!'s Castle (NA).png	carátula a MEDIA
MOVIDO	emu/ROMS/ATARI2600/Mr. Postman (NA).png	emu/MEDIA/ATARI2600/Mr. Postman (NA).png	carátula a MEDIA
MOVIDO	emu/ROMS/ATARI2600/Ms. Pac-Man (NA).png	emu/MEDIA/ATARI2600/Ms. Pac-Man (NA).png	carátula a MEDIA
MOVIDO	emu/ROMS/ATARI2600/My Golf (EU).png	emu/MEDIA/ATARI2600/My Golf (EU).png	carátula a MEDIA
MOVIDO	emu/ROMS/ATARI2600/Name This Game (NA).png	emu/MEDIA/ATARI2600/Name This Game (NA).png	carátula a MEDIA
MOVIDO	emu/ROMS/ATARI2600/Night Driver (NA).png	emu/MEDIA/ATARI2600/Night Driver (NA).png	carátula a MEDIA
MOVIDO	emu/ROMS/ATARI2600/Night Stalker (EU).png	emu/MEDIA/ATARI2600/Night Stalker (EU).png	carátula a MEDIA
MOVIDO	emu/ROMS/ATARI2600/Nightmare (NA).png	emu/MEDIA/ATARI2600/Nightmare (NA).png	carátula a MEDIA
MOVIDO	emu/ROMS/ATARI2600/No Escape! (NA).png	emu/MEDIA/ATARI2600/No Escape! (NA).png	carátula a MEDIA
MOVIDO	emu/ROMS/ATARI2600/Nuts (NA).png	emu/MEDIA/ATARI2600/Nuts (NA).png	carátula a MEDIA
MOVIDO	emu/ROMS/ATARI2600/Obelix (NA).png	emu/MEDIA/ATARI2600/Obelix (NA).png	carátula a MEDIA
MOVIDO	emu/ROMS/ATARI2600/Ocean City Defender (NA).png	emu/MEDIA/ATARI2600/Ocean City Defender (NA).png	carátula a MEDIA
MOVIDO	emu/ROMS/ATARI2600/Off Your Rocker (Prototype).png	emu/MEDIA/ATARI2600/Off Your Rocker (Prototype).png	carátula a MEDIA
MOVIDO	emu/ROMS/ATARI2600/Off the Wall (NA).png	emu/MEDIA/ATARI2600/Off the Wall (NA).png	carátula a MEDIA
MOVIDO	emu/ROMS/ATARI2600/Oink! (NA).png	emu/MEDIA/ATARI2600/Oink! (NA).png	carátula a MEDIA
MOVIDO	emu/ROMS/ATARI2600/Omega Race (NA).png	emu/MEDIA/ATARI2600/Omega Race (NA).png	carátula a MEDIA
MOVIDO	emu/ROMS/ATARI2600/Open Sesame (NTSC Conversion).png	emu/MEDIA/ATARI2600/Open Sesame (NTSC Conversion).png	carátula a MEDIA
MOVIDO	emu/ROMS/ATARI2600/Oscar's Trash Race (NA).png	emu/MEDIA/ATARI2600/Oscar's Trash Race (NA).png	carátula a MEDIA
MOVIDO	emu/ROMS/ATARI2600/Othello (NA).png	emu/MEDIA/ATARI2600/Othello (NA).png	carátula a MEDIA
MOVIDO	emu/ROMS/ATARI2600/Out of Control (NA).png	emu/MEDIA/ATARI2600/Out of Control (NA).png	carátula a MEDIA
MOVIDO	emu/ROMS/ATARI2600/Outlaw (NA).png	emu/MEDIA/ATARI2600/Outlaw (NA).png	carátula a MEDIA
MOVIDO	emu/ROMS/ATARI2600/Pac-Man (NA).png	emu/MEDIA/ATARI2600/Pac-Man (NA).png	carátula a MEDIA
MOVIDO	emu/ROMS/ATARI2600/Panda Chase (EU).png	emu/MEDIA/ATARI2600/Panda Chase (EU).png	carátula a MEDIA
MOVIDO	emu/ROMS/ATARI2600/Parachute (NTSC Conversion).png	emu/MEDIA/ATARI2600/Parachute (NTSC Conversion).png	carátula a MEDIA
MOVIDO	emu/ROMS/ATARI2600/Party Mix (NA).png	emu/MEDIA/ATARI2600/Party Mix (NA).png	carátula a MEDIA
MOVIDO	emu/ROMS/ATARI2600/Peek-a-Boo (Prototype).png	emu/MEDIA/ATARI2600/Peek-a-Boo (Prototype).png	carátula a MEDIA
MOVIDO	emu/ROMS/ATARI2600/Pengo (NA).png	emu/MEDIA/ATARI2600/Pengo (NA).png	carátula a MEDIA
MOVIDO	emu/ROMS/ATARI2600/Pepsi Invaders (Prototype).png	emu/MEDIA/ATARI2600/Pepsi Invaders (Prototype).png	carátula a MEDIA
MOVIDO	emu/ROMS/ATARI2600/Pete Rose Baseball (NA).png	emu/MEDIA/ATARI2600/Pete Rose Baseball (NA).png	carátula a MEDIA
MOVIDO	emu/ROMS/ATARI2600/Phantom Tank (EU).png	emu/MEDIA/ATARI2600/Phantom Tank (EU).png	carátula a MEDIA
MOVIDO	emu/ROMS/ATARI2600/Phantom UFO (NA).png	emu/MEDIA/ATARI2600/Phantom UFO (NA).png	carátula a MEDIA
MOVIDO	emu/ROMS/ATARI2600/Pharaoh's Curse (NA).png	emu/MEDIA/ATARI2600/Pharaoh's Curse (NA).png	carátula a MEDIA
MOVIDO	emu/ROMS/ATARI2600/Phaser Patrol (NA).png	emu/MEDIA/ATARI2600/Phaser Patrol (NA).png	carátula a MEDIA
MOVIDO	emu/ROMS/ATARI2600/Philly Flasher (EU).png	emu/MEDIA/ATARI2600/Philly Flasher (EU).png	carátula a MEDIA
MOVIDO	emu/ROMS/ATARI2600/Phoenix (NA).png	emu/MEDIA/ATARI2600/Phoenix (NA).png	carátula a MEDIA
MOVIDO	emu/ROMS/ATARI2600/Pick Up (Prototype).png	emu/MEDIA/ATARI2600/Pick Up (Prototype).png	carátula a MEDIA
MOVIDO	emu/ROMS/ATARI2600/Pick n Pile (NTSC Conversion).png	emu/MEDIA/ATARI2600/Pick n Pile (NTSC Conversion).png	carátula a MEDIA
MOVIDO	emu/ROMS/ATARI2600/Picnic (NA).png	emu/MEDIA/ATARI2600/Picnic (NA).png	carátula a MEDIA
MOVIDO	emu/ROMS/ATARI2600/Piece o' Cake (NA).png	emu/MEDIA/ATARI2600/Piece o' Cake (NA).png	carátula a MEDIA
MOVIDO	emu/ROMS/ATARI2600/Pigs in Space, Starring Miss Piggy (NA).png	emu/MEDIA/ATARI2600/Pigs in Space, Starring Miss Piggy (NA).png	carátula a MEDIA
MOVIDO	emu/ROMS/ATARI2600/Pitfall II - Lost Caverns (NA).png	emu/MEDIA/ATARI2600/Pitfall II - Lost Caverns (NA).png	carátula a MEDIA
MOVIDO	emu/ROMS/ATARI2600/Pitfall! (NA).png	emu/MEDIA/ATARI2600/Pitfall! (NA).png	carátula a MEDIA
MOVIDO	emu/ROMS/ATARI2600/Pizza Chef (Prototype).png	emu/MEDIA/ATARI2600/Pizza Chef (Prototype).png	carátula a MEDIA
MOVIDO	emu/ROMS/ATARI2600/Planet Patrol (NA).png	emu/MEDIA/ATARI2600/Planet Patrol (NA).png	carátula a MEDIA
MOVIDO	emu/ROMS/ATARI2600/Planet of the Apes (Prototype).png	emu/MEDIA/ATARI2600/Planet of the Apes (Prototype).png	carátula a MEDIA
MOVIDO	emu/ROMS/ATARI2600/Plaque Attack (NA).png	emu/MEDIA/ATARI2600/Plaque Attack (NA).png	carátula a MEDIA
MOVIDO	emu/ROMS/ATARI2600/Pleiades (Prototype).png	emu/MEDIA/ATARI2600/Pleiades (Prototype).png	carátula a MEDIA
MOVIDO	emu/ROMS/ATARI2600/Polaris (NA).png	emu/MEDIA/ATARI2600/Polaris (NA).png	carátula a MEDIA
MOVIDO	emu/ROMS/ATARI2600/Pole Position (NA).png	emu/MEDIA/ATARI2600/Pole Position (NA).png	carátula a MEDIA
MOVIDO	emu/ROMS/ATARI2600/Polo (Prototype).png	emu/MEDIA/ATARI2600/Polo (Prototype).png	carátula a MEDIA
MOVIDO	emu/ROMS/ATARI2600/Pompeii (Prototype).png	emu/MEDIA/ATARI2600/Pompeii (Prototype).png	carátula a MEDIA
MOVIDO	emu/ROMS/ATARI2600/Pooyan (NA).png	emu/MEDIA/ATARI2600/Pooyan (NA).png	carátula a MEDIA
MOVIDO	emu/ROMS/ATARI2600/Popeye (NA).png	emu/MEDIA/ATARI2600/Popeye (NA).png	carátula a MEDIA
MOVIDO	emu/ROMS/ATARI2600/Porky's (NA).png	emu/MEDIA/ATARI2600/Porky's (NA).png	carátula a MEDIA
MOVIDO	emu/ROMS/ATARI2600/Power Lords (Prototype).png	emu/MEDIA/ATARI2600/Power Lords (Prototype).png	carátula a MEDIA
MOVIDO	emu/ROMS/ATARI2600/Pressure Cooker (NA).png	emu/MEDIA/ATARI2600/Pressure Cooker (NA).png	carátula a MEDIA
MOVIDO	emu/ROMS/ATARI2600/Private Eye (NA).png	emu/MEDIA/ATARI2600/Private Eye (NA).png	carátula a MEDIA
MOVIDO	emu/ROMS/ATARI2600/Pursuit of the Pink Panther (Prototype).png	emu/MEDIA/ATARI2600/Pursuit of the Pink Panther (Prototype).png	carátula a MEDIA
MOVIDO	emu/ROMS/ATARI2600/Pygmy (EU).png	emu/MEDIA/ATARI2600/Pygmy (EU).png	carátula a MEDIA
MOVIDO	emu/ROMS/ATARI2600/Pyramid War (EU).png	emu/MEDIA/ATARI2600/Pyramid War (EU).png	carátula a MEDIA
MOVIDO	emu/ROMS/ATARI2600/Q-bert (NA).png	emu/MEDIA/ATARI2600/Q-bert (NA).png	carátula a MEDIA
MOVIDO	emu/ROMS/ATARI2600/Q-bert's Qubes (NA).png	emu/MEDIA/ATARI2600/Q-bert's Qubes (NA).png	carátula a MEDIA
MOVIDO	emu/ROMS/ATARI2600/Quadrun (NA).png	emu/MEDIA/ATARI2600/Quadrun (NA).png	carátula a MEDIA
MOVIDO	emu/ROMS/ATARI2600/Quest for Quintana Roo (NA).png	emu/MEDIA/ATARI2600/Quest for Quintana Roo (NA).png	carátula a MEDIA
MOVIDO	emu/ROMS/ATARI2600/Quick Step! (NA).png	emu/MEDIA/ATARI2600/Quick Step! (NA).png	carátula a MEDIA
MOVIDO	emu/ROMS/ATARI2600/Rabbit Transit (NA).png	emu/MEDIA/ATARI2600/Rabbit Transit (NA).png	carátula a MEDIA
MOVIDO	emu/ROMS/ATARI2600/Racer (Prototype).png	emu/MEDIA/ATARI2600/Racer (Prototype).png	carátula a MEDIA
MOVIDO	emu/ROMS/ATARI2600/Racquetball (NA).png	emu/MEDIA/ATARI2600/Racquetball (NA).png	carátula a MEDIA
MOVIDO	emu/ROMS/ATARI2600/Radar Lock (NA).png	emu/MEDIA/ATARI2600/Radar Lock (NA).png	carátula a MEDIA
MOVIDO	emu/ROMS/ATARI2600/Raft Rider (NA).png	emu/MEDIA/ATARI2600/Raft Rider (NA).png	carátula a MEDIA
MOVIDO	emu/ROMS/ATARI2600/Raiders of the Lost Ark (NA).png	emu/MEDIA/ATARI2600/Raiders of the Lost Ark (NA).png	carátula a MEDIA
MOVIDO	emu/ROMS/ATARI2600/Ram It (NA).png	emu/MEDIA/ATARI2600/Ram It (NA).png	carátula a MEDIA
MOVIDO	emu/ROMS/ATARI2600/Rampage! (NA).png	emu/MEDIA/ATARI2600/Rampage! (NA).png	carátula a MEDIA
MOVIDO	emu/ROMS/ATARI2600/Reactor (NA).png	emu/MEDIA/ATARI2600/Reactor (NA).png	carátula a MEDIA
MOVIDO	emu/ROMS/ATARI2600/RealSports Baseball (NA).png	emu/MEDIA/ATARI2600/RealSports Baseball (NA).png	carátula a MEDIA
MOVIDO	emu/ROMS/ATARI2600/RealSports Basketball (Prototype With NTSC Conversion).png	emu/MEDIA/ATARI2600/RealSports Basketball (Prototype With NTSC Conversion).png	carátula a MEDIA
MOVIDO	emu/ROMS/ATARI2600/RealSports Boxing (NA).png	emu/MEDIA/ATARI2600/RealSports Boxing (NA).png	carátula a MEDIA
MOVIDO	emu/ROMS/ATARI2600/RealSports Football (NA).png	emu/MEDIA/ATARI2600/RealSports Football (NA).png	carátula a MEDIA
MOVIDO	emu/ROMS/ATARI2600/RealSports Soccer (NA).png	emu/MEDIA/ATARI2600/RealSports Soccer (NA).png	carátula a MEDIA
MOVIDO	emu/ROMS/ATARI2600/RealSports Tennis (NA).png	emu/MEDIA/ATARI2600/RealSports Tennis (NA).png	carátula a MEDIA
MOVIDO	emu/ROMS/ATARI2600/RealSports Volleyball (NA).png	emu/MEDIA/ATARI2600/RealSports Volleyball (NA).png	carátula a MEDIA
MOVIDO	emu/ROMS/ATARI2600/Red Sea Crossing (NA).png	emu/MEDIA/ATARI2600/Red Sea Crossing (NA).png	carátula a MEDIA
MOVIDO	emu/ROMS/ATARI2600/Rescue Terra I (NA).png	emu/MEDIA/ATARI2600/Rescue Terra I (NA).png	carátula a MEDIA
MOVIDO	emu/ROMS/ATARI2600/Revenge of the Beefsteak Tomatoes (NA).png	emu/MEDIA/ATARI2600/Revenge of the Beefsteak Tomatoes (NA).png	carátula a MEDIA
MOVIDO	emu/ROMS/ATARI2600/Riddle of the Sphinx (NA).png	emu/MEDIA/ATARI2600/Riddle of the Sphinx (NA).png	carátula a MEDIA
MOVIDO	emu/ROMS/ATARI2600/River Patrol (NA).png	emu/MEDIA/ATARI2600/River Patrol (NA).png	carátula a MEDIA
MOVIDO	emu/ROMS/ATARI2600/River Raid (NA).png	emu/MEDIA/ATARI2600/River Raid (NA).png	carátula a MEDIA
MOVIDO	emu/ROMS/ATARI2600/River Raid II (NA).png	emu/MEDIA/ATARI2600/River Raid II (NA).png	carátula a MEDIA
MOVIDO	emu/ROMS/ATARI2600/River Raid III (BR).png	emu/MEDIA/ATARI2600/River Raid III (BR).png	carátula a MEDIA
MOVIDO	emu/ROMS/ATARI2600/Road Runner (NA).png	emu/MEDIA/ATARI2600/Road Runner (NA).png	carátula a MEDIA
MOVIDO	emu/ROMS/ATARI2600/Robin Hood (NA).png	emu/MEDIA/ATARI2600/Robin Hood (NA).png	carátula a MEDIA
MOVIDO	emu/ROMS/ATARI2600/Robot Tank (NA).png	emu/MEDIA/ATARI2600/Robot Tank (NA).png	carátula a MEDIA
MOVIDO	emu/ROMS/ATARI2600/Roc 'n Rope (NA).png	emu/MEDIA/ATARI2600/Roc 'n Rope (NA).png	carátula a MEDIA
MOVIDO	emu/ROMS/ATARI2600/Rocky & Bullwinkle (Prototype).png	emu/MEDIA/ATARI2600/Rocky & Bullwinkle (Prototype).png	carátula a MEDIA
MOVIDO	emu/ROMS/ATARI2600/Room of Doom (NA).png	emu/MEDIA/ATARI2600/Room of Doom (NA).png	carátula a MEDIA
MOVIDO	emu/ROMS/ATARI2600/Rubik's Cube 3-D (Prototype).png	emu/MEDIA/ATARI2600/Rubik's Cube 3-D (Prototype).png	carátula a MEDIA
MOVIDO	emu/ROMS/ATARI2600/Rush Hour (Prototype).png	emu/MEDIA/ATARI2600/Rush Hour (Prototype).png	carátula a MEDIA
MOVIDO	emu/ROMS/ATARI2600/S.A.C. Alert (Prototype).png	emu/MEDIA/ATARI2600/S.A.C. Alert (Prototype).png	carátula a MEDIA
MOVIDO	emu/ROMS/ATARI2600/SCRMNN (Prototype).png	emu/MEDIA/ATARI2600/SCRMNN (Prototype).png	carátula a MEDIA
MOVIDO	emu/ROMS/ATARI2600/Saboteur (Prototype).png	emu/MEDIA/ATARI2600/Saboteur (Prototype).png	carátula a MEDIA
MOVIDO	emu/ROMS/ATARI2600/Save Mary! (Prototype).png	emu/MEDIA/ATARI2600/Save Mary! (Prototype).png	carátula a MEDIA
MOVIDO	emu/ROMS/ATARI2600/Save Our Ship (NA).png	emu/MEDIA/ATARI2600/Save Our Ship (NA).png	carátula a MEDIA
MOVIDO	emu/ROMS/ATARI2600/Save the Whales (Prototype).png	emu/MEDIA/ATARI2600/Save the Whales (Prototype).png	carátula a MEDIA
MOVIDO	emu/ROMS/ATARI2600/Sea Battle (NA).png	emu/MEDIA/ATARI2600/Sea Battle (NA).png	carátula a MEDIA
MOVIDO	emu/ROMS/ATARI2600/Sea Hawk (NA).png	emu/MEDIA/ATARI2600/Sea Hawk (NA).png	carátula a MEDIA
MOVIDO	emu/ROMS/ATARI2600/Sea Hunt (NA).png	emu/MEDIA/ATARI2600/Sea Hunt (NA).png	carátula a MEDIA
MOVIDO	emu/ROMS/ATARI2600/Sea Monster (NA).png	emu/MEDIA/ATARI2600/Sea Monster (NA).png	carátula a MEDIA
MOVIDO	emu/ROMS/ATARI2600/Seaquest (NA).png	emu/MEDIA/ATARI2600/Seaquest (NA).png	carátula a MEDIA
MOVIDO	emu/ROMS/ATARI2600/Secret Agent (Prototype).png	emu/MEDIA/ATARI2600/Secret Agent (Prototype).png	carátula a MEDIA
MOVIDO	emu/ROMS/ATARI2600/Secret Quest (NA).png	emu/MEDIA/ATARI2600/Secret Quest (NA).png	carátula a MEDIA
MOVIDO	emu/ROMS/ATARI2600/See Saw (EU).png	emu/MEDIA/ATARI2600/See Saw (EU).png	carátula a MEDIA
MOVIDO	emu/ROMS/ATARI2600/Sentinel (NA).png	emu/MEDIA/ATARI2600/Sentinel (NA).png	carátula a MEDIA
MOVIDO	emu/ROMS/ATARI2600/Shark Attack (NA).png	emu/MEDIA/ATARI2600/Shark Attack (NA).png	carátula a MEDIA
MOVIDO	emu/ROMS/ATARI2600/Shootin' Gallery (NA).png	emu/MEDIA/ATARI2600/Shootin' Gallery (NA).png	carátula a MEDIA
MOVIDO	emu/ROMS/ATARI2600/Shooting Arcade (Prototype).png	emu/MEDIA/ATARI2600/Shooting Arcade (Prototype).png	carátula a MEDIA
MOVIDO	emu/ROMS/ATARI2600/Shuttle Orbiter (NA).png	emu/MEDIA/ATARI2600/Shuttle Orbiter (NA).png	carátula a MEDIA
MOVIDO	emu/ROMS/ATARI2600/Sinistar (Prototype).png	emu/MEDIA/ATARI2600/Sinistar (Prototype).png	carátula a MEDIA
MOVIDO	emu/ROMS/ATARI2600/Sir Lancelot (NA).png	emu/MEDIA/ATARI2600/Sir Lancelot (NA).png	carátula a MEDIA
MOVIDO	emu/ROMS/ATARI2600/Six Pack (Prototype).png	emu/MEDIA/ATARI2600/Six Pack (Prototype).png	carátula a MEDIA
MOVIDO	emu/ROMS/ATARI2600/Skate Boardin' (NA).png	emu/MEDIA/ATARI2600/Skate Boardin' (NA).png	carátula a MEDIA
MOVIDO	emu/ROMS/ATARI2600/Skeet Shoot (NA).png	emu/MEDIA/ATARI2600/Skeet Shoot (NA).png	carátula a MEDIA
MOVIDO	emu/ROMS/ATARI2600/Ski Hunt (NTSC Conversion).png	emu/MEDIA/ATARI2600/Ski Hunt (NTSC Conversion).png	carátula a MEDIA
MOVIDO	emu/ROMS/ATARI2600/Ski Run (NA).png	emu/MEDIA/ATARI2600/Ski Run (NA).png	carátula a MEDIA
MOVIDO	emu/ROMS/ATARI2600/Skiing (NA).png	emu/MEDIA/ATARI2600/Skiing (NA).png	carátula a MEDIA
MOVIDO	emu/ROMS/ATARI2600/Skindiver (EU).png	emu/MEDIA/ATARI2600/Skindiver (EU).png	carátula a MEDIA
MOVIDO	emu/ROMS/ATARI2600/Sky Alien (EU).png	emu/MEDIA/ATARI2600/Sky Alien (EU).png	carátula a MEDIA
MOVIDO	emu/ROMS/ATARI2600/Sky Diver (NA).png	emu/MEDIA/ATARI2600/Sky Diver (NA).png	carátula a MEDIA
MOVIDO	emu/ROMS/ATARI2600/Sky Jinks (NA).png	emu/MEDIA/ATARI2600/Sky Jinks (NA).png	carátula a MEDIA
MOVIDO	emu/ROMS/ATARI2600/Sky Patrol (Prototype).png	emu/MEDIA/ATARI2600/Sky Patrol (Prototype).png	carátula a MEDIA
MOVIDO	emu/ROMS/ATARI2600/Sky Skipper (NA).png	emu/MEDIA/ATARI2600/Sky Skipper (NA).png	carátula a MEDIA
MOVIDO	emu/ROMS/ATARI2600/Slot Machine (NA).png	emu/MEDIA/ATARI2600/Slot Machine (NA).png	carátula a MEDIA
MOVIDO	emu/ROMS/ATARI2600/Slot Racers (NA).png	emu/MEDIA/ATARI2600/Slot Racers (NA).png	carátula a MEDIA
MOVIDO	emu/ROMS/ATARI2600/Smurf - Rescue in Gargamel's Castle (NA).png	emu/MEDIA/ATARI2600/Smurf - Rescue in Gargamel's Castle (NA).png	carátula a MEDIA
MOVIDO	emu/ROMS/ATARI2600/Smurfs Save the Day (NA).png	emu/MEDIA/ATARI2600/Smurfs Save the Day (NA).png	carátula a MEDIA
MOVIDO	emu/ROMS/ATARI2600/Sneak 'n Peek (NA).png	emu/MEDIA/ATARI2600/Sneak 'n Peek (NA).png	carátula a MEDIA
MOVIDO	emu/ROMS/ATARI2600/Snoopy and the Red Baron (NA).png	emu/MEDIA/ATARI2600/Snoopy and the Red Baron (NA).png	carátula a MEDIA
MOVIDO	emu/ROMS/ATARI2600/Snow White and the Seven Dwarfs (Prototype).png	emu/MEDIA/ATARI2600/Snow White and the Seven Dwarfs (Prototype).png	carátula a MEDIA
MOVIDO	emu/ROMS/ATARI2600/Solar Fox (NA).png	emu/MEDIA/ATARI2600/Solar Fox (NA).png	carátula a MEDIA
MOVIDO	emu/ROMS/ATARI2600/Solar Storm (NA).png	emu/MEDIA/ATARI2600/Solar Storm (NA).png	carátula a MEDIA
MOVIDO	emu/ROMS/ATARI2600/Solaris (NA).png	emu/MEDIA/ATARI2600/Solaris (NA).png	carátula a MEDIA
MOVIDO	emu/ROMS/ATARI2600/Sorcerer (NA).png	emu/MEDIA/ATARI2600/Sorcerer (NA).png	carátula a MEDIA
MOVIDO	emu/ROMS/ATARI2600/Sorcerer's Apprentice (NA).png	emu/MEDIA/ATARI2600/Sorcerer's Apprentice (NA).png	carátula a MEDIA
MOVIDO	emu/ROMS/ATARI2600/Space Attack (NA).png	emu/MEDIA/ATARI2600/Space Attack (NA).png	carátula a MEDIA
MOVIDO	emu/ROMS/ATARI2600/Space Canyon (NA).png	emu/MEDIA/ATARI2600/Space Canyon (NA).png	carátula a MEDIA
MOVIDO	emu/ROMS/ATARI2600/Space Cavern (NA).png	emu/MEDIA/ATARI2600/Space Cavern (NA).png	carátula a MEDIA
MOVIDO	emu/ROMS/ATARI2600/Space Invaders (NA).png	emu/MEDIA/ATARI2600/Space Invaders (NA).png	carátula a MEDIA
MOVIDO	emu/ROMS/ATARI2600/Space Jockey (NA).png	emu/MEDIA/ATARI2600/Space Jockey (NA).png	carátula a MEDIA
MOVIDO	emu/ROMS/ATARI2600/Space Robot (EU).png	emu/MEDIA/ATARI2600/Space Robot (EU).png	carátula a MEDIA
MOVIDO	emu/ROMS/ATARI2600/Space Shuttle - A Journey into Space (NA).png	emu/MEDIA/ATARI2600/Space Shuttle - A Journey into Space (NA).png	carátula a MEDIA
MOVIDO	emu/ROMS/ATARI2600/Space Tunnel (NA).png	emu/MEDIA/ATARI2600/Space Tunnel (NA).png	carátula a MEDIA
MOVIDO	emu/ROMS/ATARI2600/Space War (NA).png	emu/MEDIA/ATARI2600/Space War (NA).png	carátula a MEDIA
MOVIDO	emu/ROMS/ATARI2600/SpaceMaster X-7 (NA).png	emu/MEDIA/ATARI2600/SpaceMaster X-7 (NA).png	carátula a MEDIA
MOVIDO	emu/ROMS/ATARI2600/Spacechase (NA).png	emu/MEDIA/ATARI2600/Spacechase (NA).png	carátula a MEDIA
MOVIDO	emu/ROMS/ATARI2600/Spider Fighter (NA).png	emu/MEDIA/ATARI2600/Spider Fighter (NA).png	carátula a MEDIA
MOVIDO	emu/ROMS/ATARI2600/Spider Maze (NA).png	emu/MEDIA/ATARI2600/Spider Maze (NA).png	carátula a MEDIA
MOVIDO	emu/ROMS/ATARI2600/Spider-Man (NA).png	emu/MEDIA/ATARI2600/Spider-Man (NA).png	carátula a MEDIA
MOVIDO	emu/ROMS/ATARI2600/Spiderdroid (NA).png	emu/MEDIA/ATARI2600/Spiderdroid (NA).png	carátula a MEDIA
MOVIDO	emu/ROMS/ATARI2600/Spike's Peak (NA).png	emu/MEDIA/ATARI2600/Spike's Peak (NA).png	carátula a MEDIA
MOVIDO	emu/ROMS/ATARI2600/Spinning Fireball (Prototype).png	emu/MEDIA/ATARI2600/Spinning Fireball (Prototype).png	carátula a MEDIA
MOVIDO	emu/ROMS/ATARI2600/Spitfire Attack (NA).png	emu/MEDIA/ATARI2600/Spitfire Attack (NA).png	carátula a MEDIA
MOVIDO	emu/ROMS/ATARI2600/Springer (NA).png	emu/MEDIA/ATARI2600/Springer (NA).png	carátula a MEDIA
MOVIDO	emu/ROMS/ATARI2600/Sprint Master (NA).png	emu/MEDIA/ATARI2600/Sprint Master (NA).png	carátula a MEDIA
MOVIDO	emu/ROMS/ATARI2600/Spy Hunter (NA).png	emu/MEDIA/ATARI2600/Spy Hunter (NA).png	carátula a MEDIA
MOVIDO	emu/ROMS/ATARI2600/Squeeze Box (NA).png	emu/MEDIA/ATARI2600/Squeeze Box (NA).png	carátula a MEDIA
MOVIDO	emu/ROMS/ATARI2600/Squirrel (NA).png	emu/MEDIA/ATARI2600/Squirrel (NA).png	carátula a MEDIA
MOVIDO	emu/ROMS/ATARI2600/Squoosh (Prototype).png	emu/MEDIA/ATARI2600/Squoosh (Prototype).png	carátula a MEDIA
MOVIDO	emu/ROMS/ATARI2600/Sssnake (NA).png	emu/MEDIA/ATARI2600/Sssnake (NA).png	carátula a MEDIA
MOVIDO	emu/ROMS/ATARI2600/Stampede (NA).png	emu/MEDIA/ATARI2600/Stampede (NA).png	carátula a MEDIA
MOVIDO	emu/ROMS/ATARI2600/Star Fox (NA).png	emu/MEDIA/ATARI2600/Star Fox (NA).png	carátula a MEDIA
MOVIDO	emu/ROMS/ATARI2600/Star Gunner (BR).png	emu/MEDIA/ATARI2600/Star Gunner (BR).png	carátula a MEDIA
MOVIDO	emu/ROMS/ATARI2600/Star Raiders (NA).png	emu/MEDIA/ATARI2600/Star Raiders (NA).png	carátula a MEDIA
MOVIDO	emu/ROMS/ATARI2600/Star Ship (NA).png	emu/MEDIA/ATARI2600/Star Ship (NA).png	carátula a MEDIA
MOVIDO	emu/ROMS/ATARI2600/Star Strike (NA).png	emu/MEDIA/ATARI2600/Star Strike (NA).png	carátula a MEDIA
MOVIDO	emu/ROMS/ATARI2600/Star Trek - Strategic Operations Simulator (NA).png	emu/MEDIA/ATARI2600/Star Trek - Strategic Operations Simulator (NA).png	carátula a MEDIA
MOVIDO	emu/ROMS/ATARI2600/Star Voyager (NA).png	emu/MEDIA/ATARI2600/Star Voyager (NA).png	carátula a MEDIA
MOVIDO	emu/ROMS/ATARI2600/Star Wars - Jedi Arena (NA).png	emu/MEDIA/ATARI2600/Star Wars - Jedi Arena (NA).png	carátula a MEDIA
MOVIDO	emu/ROMS/ATARI2600/Star Wars - Return of the Jedi - Death Star Battle (NA).png	emu/MEDIA/ATARI2600/Star Wars - Return of the Jedi - Death Star Battle (NA).png	carátula a MEDIA
MOVIDO	emu/ROMS/ATARI2600/Star Wars - Return of the Jedi - Ewok Adventure (Prototype).png	emu/MEDIA/ATARI2600/Star Wars - Return of the Jedi - Ewok Adventure (Prototype).png	carátula a MEDIA
MOVIDO	emu/ROMS/ATARI2600/Star Wars - The Arcade Game (NA).png	emu/MEDIA/ATARI2600/Star Wars - The Arcade Game (NA).png	carátula a MEDIA
MOVIDO	emu/ROMS/ATARI2600/Star Wars - The Empire Strikes Back (NA).png	emu/MEDIA/ATARI2600/Star Wars - The Empire Strikes Back (NA).png	carátula a MEDIA
MOVIDO	emu/ROMS/ATARI2600/StarMaster (NA).png	emu/MEDIA/ATARI2600/StarMaster (NA).png	carátula a MEDIA
MOVIDO	emu/ROMS/ATARI2600/Stargate (NA).png	emu/MEDIA/ATARI2600/Stargate (NA).png	carátula a MEDIA
MOVIDO	emu/ROMS/ATARI2600/Steeplechase (NA).png	emu/MEDIA/ATARI2600/Steeplechase (NA).png	carátula a MEDIA
MOVIDO	emu/ROMS/ATARI2600/Stellar Track (NA).png	emu/MEDIA/ATARI2600/Stellar Track (NA).png	carátula a MEDIA
MOVIDO	emu/ROMS/ATARI2600/Stone Age (NA).png	emu/MEDIA/ATARI2600/Stone Age (NA).png	carátula a MEDIA
MOVIDO	emu/ROMS/ATARI2600/Strategy X (NA).png	emu/MEDIA/ATARI2600/Strategy X (NA).png	carátula a MEDIA
MOVIDO	emu/ROMS/ATARI2600/Strawberry Shortcake - Musical Match-Ups (NA).png	emu/MEDIA/ATARI2600/Strawberry Shortcake - Musical Match-Ups (NA).png	carátula a MEDIA
MOVIDO	emu/ROMS/ATARI2600/Street Racer (NA).png	emu/MEDIA/ATARI2600/Street Racer (NA).png	carátula a MEDIA
MOVIDO	emu/ROMS/ATARI2600/Stronghold (NA).png	emu/MEDIA/ATARI2600/Stronghold (NA).png	carátula a MEDIA
MOVIDO	emu/ROMS/ATARI2600/Stunt Cycle (Prototype).png	emu/MEDIA/ATARI2600/Stunt Cycle (Prototype).png	carátula a MEDIA
MOVIDO	emu/ROMS/ATARI2600/Sub-Scan (NA).png	emu/MEDIA/ATARI2600/Sub-Scan (NA).png	carátula a MEDIA
MOVIDO	emu/ROMS/ATARI2600/Submarine Commander (NA).png	emu/MEDIA/ATARI2600/Submarine Commander (NA).png	carátula a MEDIA
MOVIDO	emu/ROMS/ATARI2600/Subterranea (NA).png	emu/MEDIA/ATARI2600/Subterranea (NA).png	carátula a MEDIA
MOVIDO	emu/ROMS/ATARI2600/Suicide Mission (NA).png	emu/MEDIA/ATARI2600/Suicide Mission (NA).png	carátula a MEDIA
MOVIDO	emu/ROMS/ATARI2600/Summer Games (NA).png	emu/MEDIA/ATARI2600/Summer Games (NA).png	carátula a MEDIA
MOVIDO	emu/ROMS/ATARI2600/Super Baseball (NA).png	emu/MEDIA/ATARI2600/Super Baseball (NA).png	carátula a MEDIA
MOVIDO	emu/ROMS/ATARI2600/Super Breakout (NA).png	emu/MEDIA/ATARI2600/Super Breakout (NA).png	carátula a MEDIA
MOVIDO	emu/ROMS/ATARI2600/Super Challenge Baseball (NA).png	emu/MEDIA/ATARI2600/Super Challenge Baseball (NA).png	carátula a MEDIA
MOVIDO	emu/ROMS/ATARI2600/Super Challenge Football (NA).png	emu/MEDIA/ATARI2600/Super Challenge Football (NA).png	carátula a MEDIA
MOVIDO	emu/ROMS/ATARI2600/Super Cobra (NA).png	emu/MEDIA/ATARI2600/Super Cobra (NA).png	carátula a MEDIA
MOVIDO	emu/ROMS/ATARI2600/Super Ferrari (EU).png	emu/MEDIA/ATARI2600/Super Ferrari (EU).png	carátula a MEDIA
MOVIDO	emu/ROMS/ATARI2600/Super Football (NA).png	emu/MEDIA/ATARI2600/Super Football (NA).png	carátula a MEDIA
MOVIDO	emu/ROMS/ATARI2600/Superman (NA).png	emu/MEDIA/ATARI2600/Superman (NA).png	carátula a MEDIA
MOVIDO	emu/ROMS/ATARI2600/Surf's Up (Prototype).png	emu/MEDIA/ATARI2600/Surf's Up (Prototype).png	carátula a MEDIA
MOVIDO	emu/ROMS/ATARI2600/Surfer's Paradise - But Danger Below! (NTSC Conversion).png	emu/MEDIA/ATARI2600/Surfer's Paradise - But Danger Below! (NTSC Conversion).png	carátula a MEDIA
MOVIDO	emu/ROMS/ATARI2600/Surround (NA).png	emu/MEDIA/ATARI2600/Surround (NA).png	carátula a MEDIA
MOVIDO	emu/ROMS/ATARI2600/Survival Island (NA).png	emu/MEDIA/ATARI2600/Survival Island (NA).png	carátula a MEDIA
MOVIDO	emu/ROMS/ATARI2600/Survival Run (NA).png	emu/MEDIA/ATARI2600/Survival Run (NA).png	carátula a MEDIA
MOVIDO	emu/ROMS/ATARI2600/Sweat! The Decathlon Game (NA).png	emu/MEDIA/ATARI2600/Sweat! The Decathlon Game (NA).png	carátula a MEDIA
MOVIDO	emu/ROMS/ATARI2600/Sword Fight (NA).png	emu/MEDIA/ATARI2600/Sword Fight (NA).png	carátula a MEDIA
MOVIDO	emu/ROMS/ATARI2600/Sword of Saros (NA).png	emu/MEDIA/ATARI2600/Sword of Saros (NA).png	carátula a MEDIA
MOVIDO	emu/ROMS/ATARI2600/SwordQuest - EarthWorld (NA).png	emu/MEDIA/ATARI2600/SwordQuest - EarthWorld (NA).png	carátula a MEDIA
MOVIDO	emu/ROMS/ATARI2600/SwordQuest - FireWorld (NA).png	emu/MEDIA/ATARI2600/SwordQuest - FireWorld (NA).png	carátula a MEDIA
MOVIDO	emu/ROMS/ATARI2600/SwordQuest - WaterWorld (NA).png	emu/MEDIA/ATARI2600/SwordQuest - WaterWorld (NA).png	carátula a MEDIA
MOVIDO	emu/ROMS/ATARI2600/Tac-Scan (NA).png	emu/MEDIA/ATARI2600/Tac-Scan (NA).png	carátula a MEDIA
MOVIDO	emu/ROMS/ATARI2600/Tanks, But No Tanks (NA).png	emu/MEDIA/ATARI2600/Tanks, But No Tanks (NA).png	carátula a MEDIA
MOVIDO	emu/ROMS/ATARI2600/Tapeworm (NA).png	emu/MEDIA/ATARI2600/Tapeworm (NA).png	carátula a MEDIA
MOVIDO	emu/ROMS/ATARI2600/Tapper (NA).png	emu/MEDIA/ATARI2600/Tapper (NA).png	carátula a MEDIA
MOVIDO	emu/ROMS/ATARI2600/Tax Avoiders (NA).png	emu/MEDIA/ATARI2600/Tax Avoiders (NA).png	carátula a MEDIA
MOVIDO	emu/ROMS/ATARI2600/Telepathy (Prototype).png	emu/MEDIA/ATARI2600/Telepathy (Prototype).png	carátula a MEDIA
MOVIDO	emu/ROMS/ATARI2600/Tempest (Prototype).png	emu/MEDIA/ATARI2600/Tempest (Prototype).png	carátula a MEDIA
MOVIDO	emu/ROMS/ATARI2600/Tennis (NA).png	emu/MEDIA/ATARI2600/Tennis (NA).png	carátula a MEDIA
MOVIDO	emu/ROMS/ATARI2600/The A-Team (Prototype).png	emu/MEDIA/ATARI2600/The A-Team (Prototype).png	carátula a MEDIA
MOVIDO	emu/ROMS/ATARI2600/The Activision Decathlon (NA).png	emu/MEDIA/ATARI2600/The Activision Decathlon (NA).png	carátula a MEDIA
MOVIDO	emu/ROMS/ATARI2600/The Berenstain Bears (NA).png	emu/MEDIA/ATARI2600/The Berenstain Bears (NA).png	carátula a MEDIA
MOVIDO	emu/ROMS/ATARI2600/The Challenge of Nexar (NA).png	emu/MEDIA/ATARI2600/The Challenge of Nexar (NA).png	carátula a MEDIA
MOVIDO	emu/ROMS/ATARI2600/The Earth Dies Screaming (NA).png	emu/MEDIA/ATARI2600/The Earth Dies Screaming (NA).png	carátula a MEDIA
MOVIDO	emu/ROMS/ATARI2600/The Entity (Prototype).png	emu/MEDIA/ATARI2600/The Entity (Prototype).png	carátula a MEDIA
MOVIDO	emu/ROMS/ATARI2600/The Lord of the Rings - Journey to Rivendell (Prototype).png	emu/MEDIA/ATARI2600/The Lord of the Rings - Journey to Rivendell (Prototype).png	carátula a MEDIA
MOVIDO	emu/ROMS/ATARI2600/The Music Machine (NA).png	emu/MEDIA/ATARI2600/The Music Machine (NA).png	carátula a MEDIA
MOVIDO	emu/ROMS/ATARI2600/The Official Frogger (NA).png	emu/MEDIA/ATARI2600/The Official Frogger (NA).png	carátula a MEDIA
MOVIDO	emu/ROMS/ATARI2600/The Texas Chainsaw Massacre (NA).png	emu/MEDIA/ATARI2600/The Texas Chainsaw Massacre (NA).png	carátula a MEDIA
MOVIDO	emu/ROMS/ATARI2600/Threshold (NA).png	emu/MEDIA/ATARI2600/Threshold (NA).png	carátula a MEDIA
MOVIDO	emu/ROMS/ATARI2600/Thunderground (NA).png	emu/MEDIA/ATARI2600/Thunderground (NA).png	carátula a MEDIA
MOVIDO	emu/ROMS/ATARI2600/Thwocker (Prototype).png	emu/MEDIA/ATARI2600/Thwocker (Prototype).png	carátula a MEDIA
MOVIDO	emu/ROMS/ATARI2600/Time Pilot (NA).png	emu/MEDIA/ATARI2600/Time Pilot (NA).png	carátula a MEDIA
MOVIDO	emu/ROMS/ATARI2600/Time Warp (NA).png	emu/MEDIA/ATARI2600/Time Warp (NA).png	carátula a MEDIA
MOVIDO	emu/ROMS/ATARI2600/Title Match Pro Wrestling (NA).png	emu/MEDIA/ATARI2600/Title Match Pro Wrestling (NA).png	carátula a MEDIA
MOVIDO	emu/ROMS/ATARI2600/Tomarc the Barbarian (NA).png	emu/MEDIA/ATARI2600/Tomarc the Barbarian (NA).png	carátula a MEDIA
MOVIDO	emu/ROMS/ATARI2600/Tomcat - The F-14 Fighter Simulator (NA).png	emu/MEDIA/ATARI2600/Tomcat - The F-14 Fighter Simulator (NA).png	carátula a MEDIA
MOVIDO	emu/ROMS/ATARI2600/Tooth Protectors (NA).png	emu/MEDIA/ATARI2600/Tooth Protectors (NA).png	carátula a MEDIA
MOVIDO	emu/ROMS/ATARI2600/Towering Inferno (NA).png	emu/MEDIA/ATARI2600/Towering Inferno (NA).png	carátula a MEDIA
MOVIDO	emu/ROMS/ATARI2600/Track and Field (NA).png	emu/MEDIA/ATARI2600/Track and Field (NA).png	carátula a MEDIA
MOVIDO	emu/ROMS/ATARI2600/Treasure Below (NTSC Conversion).png	emu/MEDIA/ATARI2600/Treasure Below (NTSC Conversion).png	carátula a MEDIA
MOVIDO	emu/ROMS/ATARI2600/Treasure Island (EU).png	emu/MEDIA/ATARI2600/Treasure Island (EU).png	carátula a MEDIA
MOVIDO	emu/ROMS/ATARI2600/Trick Shot (NA).png	emu/MEDIA/ATARI2600/Trick Shot (NA).png	carátula a MEDIA
MOVIDO	emu/ROMS/ATARI2600/Tron - Deadly Discs (NA).png	emu/MEDIA/ATARI2600/Tron - Deadly Discs (NA).png	carátula a MEDIA
MOVIDO	emu/ROMS/ATARI2600/Tunnel Runner (NA).png	emu/MEDIA/ATARI2600/Tunnel Runner (NA).png	carátula a MEDIA
MOVIDO	emu/ROMS/ATARI2600/Turbo (Prototype).png	emu/MEDIA/ATARI2600/Turbo (Prototype).png	carátula a MEDIA
MOVIDO	emu/ROMS/ATARI2600/Turmoil (NA).png	emu/MEDIA/ATARI2600/Turmoil (NA).png	carátula a MEDIA
MOVIDO	emu/ROMS/ATARI2600/Tutankham (NA).png	emu/MEDIA/ATARI2600/Tutankham (NA).png	carátula a MEDIA
MOVIDO	emu/ROMS/ATARI2600/UFO Patrol.png	emu/MEDIA/ATARI2600/UFO Patrol.png	carátula a MEDIA
MOVIDO	emu/ROMS/ATARI2600/Universal Chaos (NA).png	emu/MEDIA/ATARI2600/Universal Chaos (NA).png	carátula a MEDIA
MOVIDO	emu/ROMS/ATARI2600/Up 'n Down (NA).png	emu/MEDIA/ATARI2600/Up 'n Down (NA).png	carátula a MEDIA
MOVIDO	emu/ROMS/ATARI2600/Vanguard (NA).png	emu/MEDIA/ATARI2600/Vanguard (NA).png	carátula a MEDIA
MOVIDO	emu/ROMS/ATARI2600/Vault Assault (NA).png	emu/MEDIA/ATARI2600/Vault Assault (NA).png	carátula a MEDIA
MOVIDO	emu/ROMS/ATARI2600/Venetian Blinds (Visual Demo).png	emu/MEDIA/ATARI2600/Venetian Blinds (Visual Demo).png	carátula a MEDIA
MOVIDO	emu/ROMS/ATARI2600/Venture (NA).png	emu/MEDIA/ATARI2600/Venture (NA).png	carátula a MEDIA
MOVIDO	emu/ROMS/ATARI2600/Video Checkers (NA).png	emu/MEDIA/ATARI2600/Video Checkers (NA).png	carátula a MEDIA
MOVIDO	emu/ROMS/ATARI2600/Video Chess (NA).png	emu/MEDIA/ATARI2600/Video Chess (NA).png	carátula a MEDIA
MOVIDO	emu/ROMS/ATARI2600/Video Jogger (NA).png	emu/MEDIA/ATARI2600/Video Jogger (NA).png	carátula a MEDIA
MOVIDO	emu/ROMS/ATARI2600/Video Life (NA).png	emu/MEDIA/ATARI2600/Video Life (NA).png	carátula a MEDIA
MOVIDO	emu/ROMS/ATARI2600/Video Olympics (NA).png	emu/MEDIA/ATARI2600/Video Olympics (NA).png	carátula a MEDIA
MOVIDO	emu/ROMS/ATARI2600/Video Pinball (NA).png	emu/MEDIA/ATARI2600/Video Pinball (NA).png	carátula a MEDIA
MOVIDO	emu/ROMS/ATARI2600/Video Reflex (NA).png	emu/MEDIA/ATARI2600/Video Reflex (NA).png	carátula a MEDIA
MOVIDO	emu/ROMS/ATARI2600/Wabbit (NA).png	emu/MEDIA/ATARI2600/Wabbit (NA).png	carátula a MEDIA
MOVIDO	emu/ROMS/ATARI2600/Walker (EU).png	emu/MEDIA/ATARI2600/Walker (EU).png	carátula a MEDIA
MOVIDO	emu/ROMS/ATARI2600/Wall Ball (NA).png	emu/MEDIA/ATARI2600/Wall Ball (NA).png	carátula a MEDIA
MOVIDO	emu/ROMS/ATARI2600/Wall Break (EU).png	emu/MEDIA/ATARI2600/Wall Break (EU).png	carátula a MEDIA
MOVIDO	emu/ROMS/ATARI2600/Wall-Defender (NA).png	emu/MEDIA/ATARI2600/Wall-Defender (NA).png	carátula a MEDIA
MOVIDO	emu/ROMS/ATARI2600/Warlords (NA).png	emu/MEDIA/ATARI2600/Warlords (NA).png	carátula a MEDIA
MOVIDO	emu/ROMS/ATARI2600/Warplock (NA).png	emu/MEDIA/ATARI2600/Warplock (NA).png	carátula a MEDIA
MOVIDO	emu/ROMS/ATARI2600/Weltraumtunnel (EU).png	emu/MEDIA/ATARI2600/Weltraumtunnel (EU).png	carátula a MEDIA
MOVIDO	emu/ROMS/ATARI2600/Wing War (NTSC Conversion).png	emu/MEDIA/ATARI2600/Wing War (NTSC Conversion).png	carátula a MEDIA
MOVIDO	emu/ROMS/ATARI2600/Wings (Prototype).png	emu/MEDIA/ATARI2600/Wings (Prototype).png	carátula a MEDIA
MOVIDO	emu/ROMS/ATARI2600/Winter Games (NA).png	emu/MEDIA/ATARI2600/Winter Games (NA).png	carátula a MEDIA
MOVIDO	emu/ROMS/ATARI2600/Wizard (Prototype).png	emu/MEDIA/ATARI2600/Wizard (Prototype).png	carátula a MEDIA
MOVIDO	emu/ROMS/ATARI2600/Wizard of Wor (NA).png	emu/MEDIA/ATARI2600/Wizard of Wor (NA).png	carátula a MEDIA
MOVIDO	emu/ROMS/ATARI2600/Word Zapper (NA).png	emu/MEDIA/ATARI2600/Word Zapper (NA).png	carátula a MEDIA
MOVIDO	emu/ROMS/ATARI2600/Words-Attack (Prototype).png	emu/MEDIA/ATARI2600/Words-Attack (Prototype).png	carátula a MEDIA
MOVIDO	emu/ROMS/ATARI2600/World End (NA).png	emu/MEDIA/ATARI2600/World End (NA).png	carátula a MEDIA
MOVIDO	emu/ROMS/ATARI2600/Worm War I (NA).png	emu/MEDIA/ATARI2600/Worm War I (NA).png	carátula a MEDIA
MOVIDO	emu/ROMS/ATARI2600/X-Man (NA).png	emu/MEDIA/ATARI2600/X-Man (NA).png	carátula a MEDIA
MOVIDO	emu/ROMS/ATARI2600/Xenophobe (NA).png	emu/MEDIA/ATARI2600/Xenophobe (NA).png	carátula a MEDIA
MOVIDO	emu/ROMS/ATARI2600/Xevious (Prototype).png	emu/MEDIA/ATARI2600/Xevious (Prototype).png	carátula a MEDIA
MOVIDO	emu/ROMS/ATARI2600/Yars' Revenge (NA).png	emu/MEDIA/ATARI2600/Yars' Revenge (NA).png	carátula a MEDIA
MOVIDO	emu/ROMS/ATARI2600/Z-Tack (NA).png	emu/MEDIA/ATARI2600/Z-Tack (NA).png	carátula a MEDIA
MOVIDO	emu/ROMS/ATARI2600/Zaxxon (NA).png	emu/MEDIA/ATARI2600/Zaxxon (NA).png	carátula a MEDIA
MOVIDO	emu/ROMS/ATARI2600/Zoo Fun (NA).png	emu/MEDIA/ATARI2600/Zoo Fun (NA).png	carátula a MEDIA
MOVIDO	emu/ROMS/ATARI2600/Atari 2600/2Pak Black - Challenge - Surfing.0a.sta	emu/EXTRAS/ATARI2600-sta/2Pak Black - Challenge - Surfing.0a.sta	savestate de Stella standalone, RetroArch no lo usa
MOVIDO	emu/ROMS/ATARI2600/Atari 2600/2Pak Black - Challenge - Surfing.bin	emu/ROMS/ATARI2600/2Pak Black - Challenge - Surfing.bin	ROM exclusiva de la subcarpeta, al primer nivel
MOVIDO	emu/ROMS/ATARI2600/Atari 2600/2Pak Green - Hoppy - Alien Force.bin	emu/ROMS/ATARI2600/2Pak Green - Hoppy - Alien Force.bin	ROM exclusiva de la subcarpeta, al primer nivel
MOVIDO	emu/ROMS/ATARI2600/Atari 2600/2Pak Yellow - Star Warrior - Frogger.bin	emu/ROMS/ATARI2600/2Pak Yellow - Star Warrior - Frogger.bin	ROM exclusiva de la subcarpeta, al primer nivel
MOVIDO	emu/ROMS/ATARI2600/Atari 2600/32-in-1 (PAL).0a.sta	emu/EXTRAS/ATARI2600-sta/32-in-1 (PAL).0a.sta	savestate de Stella standalone, RetroArch no lo usa
MOVIDO	emu/ROMS/ATARI2600/Atari 2600/32-in-1 (PAL).bin	emu/ROMS/ATARI2600/32-in-1 (PAL).bin	ROM exclusiva de la subcarpeta, al primer nivel
MOVIDO	emu/ROMS/ATARI2600/Atari 2600/3D Tic-Tac-Toe (1).bin	emu/EXTRAS/ATARI2600-duplicados/3D Tic-Tac-Toe (1).bin	mismo SHA-1 que 3-D Tic-Tac-Toe (NA).a26
MOVIDO	emu/ROMS/ATARI2600/Atari 2600/3D Tic-Tac-Toe (2).bin	emu/ROMS/ATARI2600/3D Tic-Tac-Toe (2).bin	ROM exclusiva de la subcarpeta, al primer nivel
MOVIDO	emu/ROMS/ATARI2600/Atari 2600/3D Tic-Tac-Toe (32 in 1) (PAL).bin	emu/ROMS/ATARI2600/3D Tic-Tac-Toe (32 in 1) (PAL).bin	ROM exclusiva de la subcarpeta, al primer nivel
MOVIDO	emu/ROMS/ATARI2600/Atari 2600/A Misterious Thief (CCE).bin	emu/EXTRAS/ATARI2600-duplicados/A Misterious Thief (CCE).bin	mismo SHA-1 que A Mysterious Thief (NA).a26
MOVIDO	emu/ROMS/ATARI2600/Atari 2600/A-Team.0a.sta	emu/EXTRAS/ATARI2600-sta/A-Team.0a.sta	savestate de Stella standalone, RetroArch no lo usa
MOVIDO	emu/ROMS/ATARI2600/Atari 2600/A-Team.bin	emu/EXTRAS/ATARI2600-duplicados/A-Team.bin	mismo SHA-1 que The A-Team (Prototype).a26
MOVIDO	emu/ROMS/ATARI2600/Atari 2600/ASTEROID.BIN	emu/ROMS/ATARI2600/ASTEROID.BIN	ROM exclusiva de la subcarpeta, al primer nivel
MOVIDO	emu/ROMS/ATARI2600/Atari 2600/ASTRBLST.BIN	emu/ROMS/ATARI2600/ASTRBLST.BIN	ROM exclusiva de la subcarpeta, al primer nivel
MOVIDO	emu/ROMS/ATARI2600/Atari 2600/Acid Drop.bin	emu/ROMS/ATARI2600/Acid Drop.bin	ROM exclusiva de la subcarpeta, al primer nivel
MOVIDO	emu/ROMS/ATARI2600/Atari 2600/Action Man.bin	emu/ROMS/ATARI2600/Action Man.bin	ROM exclusiva de la subcarpeta, al primer nivel
MOVIDO	emu/ROMS/ATARI2600/Atari 2600/Adventure.bin	emu/EXTRAS/ATARI2600-duplicados/Adventure.bin	mismo SHA-1 que Adventure (NA).a26
MOVIDO	emu/ROMS/ATARI2600/Atari 2600/Adventures of Tron.bin	emu/EXTRAS/ATARI2600-duplicados/Adventures of Tron.bin	mismo SHA-1 que Adventures of Tron (NA).a26
MOVIDO	emu/ROMS/ATARI2600/Atari 2600/AdventuresOnGX12.BIN	emu/ROMS/ATARI2600/AdventuresOnGX12.BIN	ROM exclusiva de la subcarpeta, al primer nivel
MOVIDO	emu/ROMS/ATARI2600/Atari 2600/Air Raid.bin	emu/EXTRAS/ATARI2600-duplicados/Air Raid.bin	mismo SHA-1 que Air Raid (NA).a26
MOVIDO	emu/ROMS/ATARI2600/Atari 2600/Air Raiders.bin	emu/EXTRAS/ATARI2600-duplicados/Air Raiders.bin	mismo SHA-1 que Air Raiders (NA).a26
MOVIDO	emu/ROMS/ATARI2600/Atari 2600/Air-Sea Battle (1).bin	emu/EXTRAS/ATARI2600-duplicados/Air-Sea Battle (1).bin	mismo SHA-1 que Air-Sea Battle (NA).a26
MOVIDO	emu/ROMS/ATARI2600/Atari 2600/Air-Sea Battle (2).bin	emu/ROMS/ATARI2600/Air-Sea Battle (2).bin	ROM exclusiva de la subcarpeta, al primer nivel
MOVIDO	emu/ROMS/ATARI2600/Atari 2600/Air-Sea Battle (32 in 1) (PAL).bin	emu/ROMS/ATARI2600/Air-Sea Battle (32 in 1) (PAL).bin	ROM exclusiva de la subcarpeta, al primer nivel
MOVIDO	emu/ROMS/ATARI2600/Atari 2600/Airlock.bin	emu/EXTRAS/ATARI2600-duplicados/Airlock.bin	mismo SHA-1 que Airlock (NA).a26
MOVIDO	emu/ROMS/ATARI2600/Atari 2600/Alien's Return.bin	emu/EXTRAS/ATARI2600-duplicados/Alien's Return.bin	mismo SHA-1 que Go Go Home, Monster (EU).a26
MOVIDO	emu/ROMS/ATARI2600/Atari 2600/Alien.0a.sta	emu/EXTRAS/ATARI2600-sta/Alien.0a.sta	savestate de Stella standalone, RetroArch no lo usa
MOVIDO	emu/ROMS/ATARI2600/Atari 2600/Alien.bin	emu/EXTRAS/ATARI2600-duplicados/Alien.bin	mismo SHA-1 que Alien (NA).a26
MOVIDO	emu/ROMS/ATARI2600/Atari 2600/AlligatorPeople.bin	emu/EXTRAS/ATARI2600-duplicados/AlligatorPeople.bin	mismo SHA-1 que Alligator People (Prototype).a26
MOVIDO	emu/ROMS/ATARI2600/Atari 2600/Alpha Beam with Ernie.bin	emu/EXTRAS/ATARI2600-duplicados/Alpha Beam with Ernie.bin	mismo SHA-1 que Alpha Beam With Ernie (NA).a26
MOVIDO	emu/ROMS/ATARI2600/Atari 2600/Amidar.bin	emu/EXTRAS/ATARI2600-duplicados/Amidar.bin	mismo SHA-1 que Amidar (NA).a26
MOVIDO	emu/ROMS/ATARI2600/Atari 2600/Angling.bin	emu/ROMS/ATARI2600/Angling.bin	ROM exclusiva de la subcarpeta, al primer nivel
MOVIDO	emu/ROMS/ATARI2600/Atari 2600/Apples and Dolls (CCE).bin	emu/EXTRAS/ATARI2600-duplicados/Apples and Dolls (CCE).bin	mismo SHA-1 que Apples and Dolls (BR).a26
MOVIDO	emu/ROMS/ATARI2600/Atari 2600/Aquaventure.bin	emu/EXTRAS/ATARI2600-duplicados/Aquaventure.bin	mismo SHA-1 que Aquaventure (Prototype).a26
MOVIDO	emu/ROMS/ATARI2600/Atari 2600/Armor Ambush.bin	emu/EXTRAS/ATARI2600-duplicados/Armor Ambush.bin	mismo SHA-1 que Armor Ambush (NA).a26
MOVIDO	emu/ROMS/ATARI2600/Atari 2600/Artillery Duel (1).bin	emu/EXTRAS/ATARI2600-duplicados/Artillery Duel (1).bin	mismo SHA-1 que Artillery Duel (NA).a26
MOVIDO	emu/ROMS/ATARI2600/Atari 2600/Assault.bin	emu/EXTRAS/ATARI2600-duplicados/Assault.bin	mismo SHA-1 que Assault (NA).a26
MOVIDO	emu/ROMS/ATARI2600/Atari 2600/Asterix.bin	emu/ROMS/ATARI2600/Asterix.bin	ROM exclusiva de la subcarpeta, al primer nivel
MOVIDO	emu/ROMS/ATARI2600/Atari 2600/Asteroids.bin	emu/ROMS/ATARI2600/Asteroids.bin	ROM exclusiva de la subcarpeta, al primer nivel
MOVIDO	emu/ROMS/ATARI2600/Atari 2600/Astro War.bin	emu/ROMS/ATARI2600/Astro War.bin	ROM exclusiva de la subcarpeta, al primer nivel
MOVIDO	emu/ROMS/ATARI2600/Atari 2600/Astroblast.bin	emu/ROMS/ATARI2600/Astroblast.bin	ROM exclusiva de la subcarpeta, al primer nivel
MOVIDO	emu/ROMS/ATARI2600/Atari 2600/Astrowar.bin	emu/ROMS/ATARI2600/Astrowar.bin	ROM exclusiva de la subcarpeta, al primer nivel
MOVIDO	emu/ROMS/ATARI2600/Atari 2600/Atari Video Cube.bin	emu/EXTRAS/ATARI2600-duplicados/Atari Video Cube.bin	mismo SHA-1 que Atari Video Cube (NA).a26
MOVIDO	emu/ROMS/ATARI2600/Atari 2600/Atlantis (Activision) (1).bin	emu/ROMS/ATARI2600/Atlantis (Activision) (1).bin	ROM exclusiva de la subcarpeta, al primer nivel
MOVIDO	emu/ROMS/ATARI2600/Atari 2600/Atlantis2.BIN	emu/EXTRAS/ATARI2600-duplicados/Atlantis2.BIN	mismo SHA-1 que Atlantis II (NA).a26
MOVIDO	emu/ROMS/ATARI2600/Atari 2600/Autorennen (Grand Prix).bin	emu/ROMS/ATARI2600/Autorennen (Grand Prix).bin	ROM exclusiva de la subcarpeta, al primer nivel
MOVIDO	emu/ROMS/ATARI2600/Atari 2600/BMX Airmaster.bin	emu/EXTRAS/ATARI2600-duplicados/BMX Airmaster.bin	mismo SHA-1 que BMX Air Master (NA).a26
MOVIDO	emu/ROMS/ATARI2600/Atari 2600/Bachellorette Party.bin	emu/EXTRAS/ATARI2600-duplicados/Bachellorette Party.bin	mismo SHA-1 que Bachelorette Party (NA).a26
MOVIDO	emu/ROMS/ATARI2600/Atari 2600/Bachelor.bin	emu/EXTRAS/ATARI2600-duplicados/Bachelor.bin	mismo SHA-1 que Bachelor Party (NA).a26
MOVIDO	emu/ROMS/ATARI2600/Atari 2600/Backgammon.bin	emu/EXTRAS/ATARI2600-duplicados/Backgammon.bin	mismo SHA-1 que Backgammon (NA).a26
MOVIDO	emu/ROMS/ATARI2600/Atari 2600/Bank Heist.bin	emu/EXTRAS/ATARI2600-duplicados/Bank Heist.bin	mismo SHA-1 que Bank Heist (NA).a26
MOVIDO	emu/ROMS/ATARI2600/Atari 2600/Barnstorming.bin	emu/EXTRAS/ATARI2600-duplicados/Barnstorming.bin	mismo SHA-1 que Barnstorming (NA).a26
MOVIDO	emu/ROMS/ATARI2600/Atari 2600/Base Attack (PAL).bin	emu/EXTRAS/ATARI2600-duplicados/Base Attack (PAL).bin	mismo SHA-1 que Base Attack (EU).a26
MOVIDO	emu/ROMS/ATARI2600/Atari 2600/Basic Programming.bin	emu/EXTRAS/ATARI2600-duplicados/Basic Programming.bin	mismo SHA-1 que BASIC Programming (NA).a26
MOVIDO	emu/ROMS/ATARI2600/Atari 2600/Basketball (32 in 1) (PAL).bin	emu/ROMS/ATARI2600/Basketball (32 in 1) (PAL).bin	ROM exclusiva de la subcarpeta, al primer nivel
MOVIDO	emu/ROMS/ATARI2600/Atari 2600/Basketball (4k version).bin	emu/ROMS/ATARI2600/Basketball (4k version).bin	ROM exclusiva de la subcarpeta, al primer nivel
MOVIDO	emu/ROMS/ATARI2600/Atari 2600/Battlezone.bin	emu/EXTRAS/ATARI2600-duplicados/Battlezone.bin	mismo SHA-1 que Battlezone (NA).a26
MOVIDO	emu/ROMS/ATARI2600/Atari 2600/Beamrider (2).bin	emu/EXTRAS/ATARI2600-duplicados/Beamrider (2).bin	mismo SHA-1 que Beamrider (NA).a26
MOVIDO	emu/ROMS/ATARI2600/Atari 2600/Beany Bopper.bin	emu/EXTRAS/ATARI2600-duplicados/Beany Bopper.bin	mismo SHA-1 que Beany Bopper (NA).a26
MOVIDO	emu/ROMS/ATARI2600/Atari 2600/Beat 'Em and Eat 'Em.bin	emu/EXTRAS/ATARI2600-duplicados/Beat 'Em and Eat 'Em.bin	mismo SHA-1 que Beat 'em & Eat 'em (NA).a26
MOVIDO	emu/ROMS/ATARI2600/Atari 2600/Berenstain Bears (Coleco).bin	emu/EXTRAS/ATARI2600-duplicados/Berenstain Bears (Coleco).bin	mismo SHA-1 que The Berenstain Bears (NA).a26
MOVIDO	emu/ROMS/ATARI2600/Atari 2600/Bermuda Triangle.bin	emu/EXTRAS/ATARI2600-duplicados/Bermuda Triangle.bin	mismo SHA-1 que Bermuda Triangle (NA).a26
MOVIDO	emu/ROMS/ATARI2600/Atari 2600/Bermuda.bin	emu/ROMS/ATARI2600/Bermuda.bin	ROM exclusiva de la subcarpeta, al primer nivel
MOVIDO	emu/ROMS/ATARI2600/Atari 2600/Berzerk.bin	emu/EXTRAS/ATARI2600-duplicados/Berzerk.bin	mismo SHA-1 que Berzerk (NA).a26
MOVIDO	emu/ROMS/ATARI2600/Atari 2600/Bi! Bi! (PAL).bin	emu/ROMS/ATARI2600/Bi! Bi! (PAL).bin	ROM exclusiva de la subcarpeta, al primer nivel
MOVIDO	emu/ROMS/ATARI2600/Atari 2600/Big Bird's Egg Catch.bin	emu/EXTRAS/ATARI2600-duplicados/Big Bird's Egg Catch.bin	mismo SHA-1 que Big Bird's Egg Catch (NA).a26
MOVIDO	emu/ROMS/ATARI2600/Atari 2600/Bionic Breakthrough.bin	emu/EXTRAS/ATARI2600-duplicados/Bionic Breakthrough.bin	mismo SHA-1 que Bionic Breakthrough (Prototype).a26
MOVIDO	emu/ROMS/ATARI2600/Atari 2600/Blackjack (1).bin	emu/EXTRAS/ATARI2600-duplicados/Blackjack (1).bin	mismo SHA-1 que Black Jack (NA).a26
MOVIDO	emu/ROMS/ATARI2600/Atari 2600/Blackjack (2).bin	emu/ROMS/ATARI2600/Blackjack (2).bin	ROM exclusiva de la subcarpeta, al primer nivel
MOVIDO	emu/ROMS/ATARI2600/Atari 2600/Blackjack (32 in 1) (PAL).bin	emu/ROMS/ATARI2600/Blackjack (32 in 1) (PAL).bin	ROM exclusiva de la subcarpeta, al primer nivel
MOVIDO	emu/ROMS/ATARI2600/Atari 2600/BloodyHumanFreeway_NTSC.bin	emu/EXTRAS/ATARI2600-duplicados/BloodyHumanFreeway_NTSC.bin	mismo SHA-1 que Bloody Human Freeway (Prototype).a26
MOVIDO	emu/ROMS/ATARI2600/Atari 2600/Blueprint.bin	emu/EXTRAS/ATARI2600-duplicados/Blueprint.bin	mismo SHA-1 que Blueprint (NA).a26
MOVIDO	emu/ROMS/ATARI2600/Atari 2600/Bobby is Going Home (CCE).bin	emu/ROMS/ATARI2600/Bobby is Going Home (CCE).bin	ROM exclusiva de la subcarpeta, al primer nivel
MOVIDO	emu/ROMS/ATARI2600/Atari 2600/Bogey Blaster.bin	emu/ROMS/ATARI2600/Bogey Blaster.bin	ROM exclusiva de la subcarpeta, al primer nivel
MOVIDO	emu/ROMS/ATARI2600/Atari 2600/Boggle.bin	emu/EXTRAS/ATARI2600-duplicados/Boggle.bin	mismo SHA-1 que Boggle (Prototype).a26
MOVIDO	emu/ROMS/ATARI2600/Atari 2600/Boom Bang.bin	emu/ROMS/ATARI2600/Boom Bang.bin	ROM exclusiva de la subcarpeta, al primer nivel
MOVIDO	emu/ROMS/ATARI2600/Atari 2600/Bowling (1).bin	emu/EXTRAS/ATARI2600-duplicados/Bowling (1).bin	mismo SHA-1 que Bowling (NA).a26
MOVIDO	emu/ROMS/ATARI2600/Atari 2600/Bowling (2).bin	emu/ROMS/ATARI2600/Bowling (2).bin	ROM exclusiva de la subcarpeta, al primer nivel
MOVIDO	emu/ROMS/ATARI2600/Atari 2600/Bowling (32 in 1) (PAL).bin	emu/ROMS/ATARI2600/Bowling (32 in 1) (PAL).bin	ROM exclusiva de la subcarpeta, al primer nivel
MOVIDO	emu/ROMS/ATARI2600/Atari 2600/Bowling (4k version).bin	emu/ROMS/ATARI2600/Bowling (4k version).bin	ROM exclusiva de la subcarpeta, al primer nivel
MOVIDO	emu/ROMS/ATARI2600/Atari 2600/Boxing (1).bin	emu/EXTRAS/ATARI2600-duplicados/Boxing (1).bin	mismo SHA-1 que Boxing (NA).a26
MOVIDO	emu/ROMS/ATARI2600/Atari 2600/Boxing (2).bin	emu/ROMS/ATARI2600/Boxing (2).bin	ROM exclusiva de la subcarpeta, al primer nivel
MOVIDO	emu/ROMS/ATARI2600/Atari 2600/Boxing (32 in 1) (PAL).bin	emu/ROMS/ATARI2600/Boxing (32 in 1) (PAL).bin	ROM exclusiva de la subcarpeta, al primer nivel
MOVIDO	emu/ROMS/ATARI2600/Atari 2600/Brain Games (1).bin	emu/EXTRAS/ATARI2600-duplicados/Brain Games (1).bin	mismo SHA-1 que Brain Games (NA).a26
MOVIDO	emu/ROMS/ATARI2600/Atari 2600/Brain Games (2).bin	emu/ROMS/ATARI2600/Brain Games (2).bin	ROM exclusiva de la subcarpeta, al primer nivel
MOVIDO	emu/ROMS/ATARI2600/Atari 2600/Breakdown.bin	emu/EXTRAS/ATARI2600-duplicados/Breakdown.bin	mismo SHA-1 que Wall Break (EU).a26
MOVIDO	emu/ROMS/ATARI2600/Atari 2600/Breakout - Breakaway IV (1).bin	emu/EXTRAS/ATARI2600-duplicados/Breakout - Breakaway IV (1).bin	mismo SHA-1 que Breakout (NA).a26
MOVIDO	emu/ROMS/ATARI2600/Atari 2600/Breakout - Breakaway IV (2).bin	emu/ROMS/ATARI2600/Breakout - Breakaway IV (2).bin	ROM exclusiva de la subcarpeta, al primer nivel
MOVIDO	emu/ROMS/ATARI2600/Atari 2600/Brick Kick.bin	emu/EXTRAS/ATARI2600-duplicados/Brick Kick.bin	mismo SHA-1 que Frisco (NA).a26
MOVIDO	emu/ROMS/ATARI2600/Atari 2600/Bridge.bin	emu/ROMS/ATARI2600/Bridge.bin	ROM exclusiva de la subcarpeta, al primer nivel
MOVIDO	emu/ROMS/ATARI2600/Atari 2600/Buck Rogers - Planet of Zoom.bin	emu/EXTRAS/ATARI2600-duplicados/Buck Rogers - Planet of Zoom.bin	mismo SHA-1 que Buck Rogers - Planet of Zoom (NA).a26
MOVIDO	emu/ROMS/ATARI2600/Atari 2600/Bugs Bunny.bin	emu/ROMS/ATARI2600/Bugs Bunny.bin	ROM exclusiva de la subcarpeta, al primer nivel
MOVIDO	emu/ROMS/ATARI2600/Atari 2600/Bugs.bin	emu/EXTRAS/ATARI2600-duplicados/Bugs.bin	mismo SHA-1 que Bugs (NA).a26
MOVIDO	emu/ROMS/ATARI2600/Atari 2600/Bumpnjump.bin	emu/ROMS/ATARI2600/Bumpnjump.bin	ROM exclusiva de la subcarpeta, al primer nivel
MOVIDO	emu/ROMS/ATARI2600/Atari 2600/Burgertime.bin	emu/EXTRAS/ATARI2600-duplicados/Burgertime.bin	mismo SHA-1 que BurgerTime (NA).a26
MOVIDO	emu/ROMS/ATARI2600/Atari 2600/Burning Desire.bin	emu/EXTRAS/ATARI2600-duplicados/Burning Desire.bin	mismo SHA-1 que Burning Desire (NA).a26
MOVIDO	emu/ROMS/ATARI2600/Atari 2600/CONDOR.BIN	emu/EXTRAS/ATARI2600-duplicados/CONDOR.BIN	mismo SHA-1 que Condor Attack (NA).a26
MOVIDO	emu/ROMS/ATARI2600/Atari 2600/Cakewalk.bin	emu/EXTRAS/ATARI2600-duplicados/Cakewalk.bin	mismo SHA-1 que Cakewalk (NA).a26
MOVIDO	emu/ROMS/ATARI2600/Atari 2600/California Games.bin	emu/EXTRAS/ATARI2600-duplicados/California Games.bin	mismo SHA-1 que California Games (NA).a26
MOVIDO	emu/ROMS/ATARI2600/Atari 2600/Canyon Bomber (4k version).bin	emu/ROMS/ATARI2600/Canyon Bomber (4k version).bin	ROM exclusiva de la subcarpeta, al primer nivel
MOVIDO	emu/ROMS/ATARI2600/Atari 2600/Carnival.bin	emu/EXTRAS/ATARI2600-duplicados/Carnival.bin	mismo SHA-1 que Carnival (NA).a26
MOVIDO	emu/ROMS/ATARI2600/Atari 2600/Casino.bin	emu/EXTRAS/ATARI2600-duplicados/Casino.bin	mismo SHA-1 que Casino (NA).a26
MOVIDO	emu/ROMS/ATARI2600/Atari 2600/Cat Trax.bin	emu/EXTRAS/ATARI2600-duplicados/Cat Trax.bin	mismo SHA-1 que Cat Trax (NA).a26
MOVIDO	emu/ROMS/ATARI2600/Atari 2600/Cathouse Blues.bin	emu/EXTRAS/ATARI2600-duplicados/Cathouse Blues.bin	mismo SHA-1 que Cathouse Blues (NA).a26
MOVIDO	emu/ROMS/ATARI2600/Atari 2600/Catmouse.bin	emu/EXTRAS/ATARI2600-duplicados/Catmouse.bin	mismo SHA-1 que Cat Trax (NA).a26
MOVIDO	emu/ROMS/ATARI2600/Atari 2600/Centipede.bin	emu/EXTRAS/ATARI2600-duplicados/Centipede.bin	mismo SHA-1 que Centipede (NA).a26
MOVIDO	emu/ROMS/ATARI2600/Atari 2600/Challenge (Alt).bin	emu/ROMS/ATARI2600/Challenge (Alt).bin	ROM exclusiva de la subcarpeta, al primer nivel
MOVIDO	emu/ROMS/ATARI2600/Atari 2600/Challenge of...NEXAR.bin	emu/EXTRAS/ATARI2600-duplicados/Challenge of...NEXAR.bin	mismo SHA-1 que The Challenge of Nexar (NA).a26
MOVIDO	emu/ROMS/ATARI2600/Atari 2600/Chase the Chuckwagon.bin	emu/EXTRAS/ATARI2600-duplicados/Chase the Chuckwagon.bin	mismo SHA-1 que Chase the Chuck Wagon (NA).a26
MOVIDO	emu/ROMS/ATARI2600/Atari 2600/Checkers (32 in 1) (PAL).bin	emu/ROMS/ATARI2600/Checkers (32 in 1) (PAL).bin	ROM exclusiva de la subcarpeta, al primer nivel
MOVIDO	emu/ROMS/ATARI2600/Atari 2600/Checkers (Activision).bin	emu/EXTRAS/ATARI2600-duplicados/Checkers (Activision).bin	mismo SHA-1 que Checkers (NA).a26
MOVIDO	emu/ROMS/ATARI2600/Atari 2600/China Syndrome.bin	emu/EXTRAS/ATARI2600-duplicados/China Syndrome.bin	mismo SHA-1 que China Syndrome (NA).a26
MOVIDO	emu/ROMS/ATARI2600/Atari 2600/Chopper Command (CCE).bin	emu/ROMS/ATARI2600/Chopper Command (CCE).bin	ROM exclusiva de la subcarpeta, al primer nivel
MOVIDO	emu/ROMS/ATARI2600/Atari 2600/Chuck Norris Superkicks.bin	emu/EXTRAS/ATARI2600-duplicados/Chuck Norris Superkicks.bin	mismo SHA-1 que Chuck Norris Superkicks (NA).a26
MOVIDO	emu/ROMS/ATARI2600/Atari 2600/Chuckick.bin	emu/EXTRAS/ATARI2600-duplicados/Chuckick.bin	mismo SHA-1 que Chuck Norris Superkicks (NA).a26
MOVIDO	emu/ROMS/ATARI2600/Atari 2600/Chuckwgn.bin	emu/EXTRAS/ATARI2600-duplicados/Chuckwgn.bin	mismo SHA-1 que Chase the Chuck Wagon (NA).a26
MOVIDO	emu/ROMS/ATARI2600/Atari 2600/Circus Atari.bin	emu/EXTRAS/ATARI2600-duplicados/Circus Atari.bin	mismo SHA-1 que Circus Atari (NA).a26
MOVIDO	emu/ROMS/ATARI2600/Atari 2600/Circus-j.bin	emu/ROMS/ATARI2600/Circus-j.bin	ROM exclusiva de la subcarpeta, al primer nivel
MOVIDO	emu/ROMS/ATARI2600/Atari 2600/Clown Downtown (PAL).bin	emu/EXTRAS/ATARI2600-duplicados/Clown Downtown (PAL).bin	mismo SHA-1 que Walker (EU).a26
MOVIDO	emu/ROMS/ATARI2600/Atari 2600/Coconuts.bin	emu/EXTRAS/ATARI2600-duplicados/Coconuts.bin	mismo SHA-1 que Coco Nuts (NA).a26
MOVIDO	emu/ROMS/ATARI2600/Atari 2600/Code Breaker (1).bin	emu/EXTRAS/ATARI2600-duplicados/Code Breaker (1).bin	mismo SHA-1 que Codebreaker (NA).a26
MOVIDO	emu/ROMS/ATARI2600/Atari 2600/Code Breaker (2).bin	emu/ROMS/ATARI2600/Code Breaker (2).bin	ROM exclusiva de la subcarpeta, al primer nivel
MOVIDO	emu/ROMS/ATARI2600/Atari 2600/Coke Wins.bin	emu/EXTRAS/ATARI2600-duplicados/Coke Wins.bin	mismo SHA-1 que Pepsi Invaders (Prototype).a26
MOVIDO	emu/ROMS/ATARI2600/Atari 2600/Coln.bin	emu/ROMS/ATARI2600/Coln.bin	ROM exclusiva de la subcarpeta, al primer nivel
MOVIDO	emu/ROMS/ATARI2600/Atari 2600/Color Bar Generator.bin	emu/ROMS/ATARI2600/Color Bar Generator.bin	ROM exclusiva de la subcarpeta, al primer nivel
MOVIDO	emu/ROMS/ATARI2600/Atari 2600/Colors Demo.bin	emu/ROMS/ATARI2600/Colors Demo.bin	ROM exclusiva de la subcarpeta, al primer nivel
MOVIDO	emu/ROMS/ATARI2600/Atari 2600/Combat (32 in 1) (PAL).bin	emu/ROMS/ATARI2600/Combat (32 in 1) (PAL).bin	ROM exclusiva de la subcarpeta, al primer nivel
MOVIDO	emu/ROMS/ATARI2600/Atari 2600/Combat - Tank Plus (4k Version).bin	emu/ROMS/ATARI2600/Combat - Tank Plus (4k Version).bin	ROM exclusiva de la subcarpeta, al primer nivel
MOVIDO	emu/ROMS/ATARI2600/Atari 2600/Commando Raid.bin	emu/EXTRAS/ATARI2600-duplicados/Commando Raid.bin	mismo SHA-1 que Commando Raid (NA).a26
MOVIDO	emu/ROMS/ATARI2600/Atari 2600/Commando.bin	emu/EXTRAS/ATARI2600-duplicados/Commando.bin	mismo SHA-1 que Commando (NA).a26
MOVIDO	emu/ROMS/ATARI2600/Atari 2600/Concentration.bin	emu/EXTRAS/ATARI2600-duplicados/Concentration.bin	mismo SHA-1 que Hunt & Score (NA).a26
MOVIDO	emu/ROMS/ATARI2600/Atari 2600/Condor Attack.bin	emu/EXTRAS/ATARI2600-duplicados/Condor Attack.bin	mismo SHA-1 que Condor Attack (NA).a26
MOVIDO	emu/ROMS/ATARI2600/Atari 2600/Congbong.bin	emu/EXTRAS/ATARI2600-duplicados/Congbong.bin	mismo SHA-1 que Congo Bongo (NA).a26
MOVIDO	emu/ROMS/ATARI2600/Atari 2600/Congo Bongo.bin	emu/EXTRAS/ATARI2600-duplicados/Congo Bongo.bin	mismo SHA-1 que Congo Bongo (NA).a26
MOVIDO	emu/ROMS/ATARI2600/Atari 2600/Conquest of Mars.bin	emu/ROMS/ATARI2600/Conquest of Mars.bin	ROM exclusiva de la subcarpeta, al primer nivel
MOVIDO	emu/ROMS/ATARI2600/Atari 2600/Cookie Monster Munch.bin	emu/EXTRAS/ATARI2600-duplicados/Cookie Monster Munch.bin	mismo SHA-1 que Cookie Monster Munch (NA).a26
MOVIDO	emu/ROMS/ATARI2600/Atari 2600/Corrida da Matematica (CCE).bin	emu/ROMS/ATARI2600/Corrida da Matematica (CCE).bin	ROM exclusiva de la subcarpeta, al primer nivel
MOVIDO	emu/ROMS/ATARI2600/Atari 2600/Cosmic Ark (CCE).bin	emu/ROMS/ATARI2600/Cosmic Ark (CCE).bin	ROM exclusiva de la subcarpeta, al primer nivel
MOVIDO	emu/ROMS/ATARI2600/Atari 2600/Cosmic Commuter.bin	emu/EXTRAS/ATARI2600-duplicados/Cosmic Commuter.bin	mismo SHA-1 que Cosmic Commuter (NA).a26
MOVIDO	emu/ROMS/ATARI2600/Atari 2600/Cosmic Corridor.bin	emu/ROMS/ATARI2600/Cosmic Corridor.bin	ROM exclusiva de la subcarpeta, al primer nivel
MOVIDO	emu/ROMS/ATARI2600/Atari 2600/Cosmic Creeps.bin	emu/EXTRAS/ATARI2600-duplicados/Cosmic Creeps.bin	mismo SHA-1 que Cosmic Creeps (NA).a26
MOVIDO	emu/ROMS/ATARI2600/Atari 2600/Cosmic Swarm (32 in 1) (PAL).bin	emu/ROMS/ATARI2600/Cosmic Swarm (32 in 1) (PAL).bin	ROM exclusiva de la subcarpeta, al primer nivel
MOVIDO	emu/ROMS/ATARI2600/Atari 2600/Cosmic Swarm (4k Version).bin	emu/ROMS/ATARI2600/Cosmic Swarm (4k Version).bin	ROM exclusiva de la subcarpeta, al primer nivel
MOVIDO	emu/ROMS/ATARI2600/Atari 2600/Cosmic Swarm.bin	emu/EXTRAS/ATARI2600-duplicados/Cosmic Swarm.bin	mismo SHA-1 que Cosmic Swarm (NA).a26
MOVIDO	emu/ROMS/ATARI2600/Atari 2600/Cracked.BIN	emu/EXTRAS/ATARI2600-duplicados/Cracked.BIN	mismo SHA-1 que Crack'ed (Prototype).a26
MOVIDO	emu/ROMS/ATARI2600/Atari 2600/Crackpots.bin	emu/EXTRAS/ATARI2600-duplicados/Crackpots.bin	mismo SHA-1 que Crackpots (NA).a26
MOVIDO	emu/ROMS/ATARI2600/Atari 2600/Crash Dive.bin	emu/EXTRAS/ATARI2600-duplicados/Crash Dive.bin	mismo SHA-1 que Crash Dive (NA).a26
MOVIDO	emu/ROMS/ATARI2600/Atari 2600/Crazy Climber.bin	emu/EXTRAS/ATARI2600-duplicados/Crazy Climber.bin	mismo SHA-1 que Crazy Climber (NA).a26
MOVIDO	emu/ROMS/ATARI2600/Atari 2600/CrazyValet.bin	emu/ROMS/ATARI2600/CrazyValet.bin	ROM exclusiva de la subcarpeta, al primer nivel
MOVIDO	emu/ROMS/ATARI2600/Atari 2600/Criminal Pursuit.bin	emu/ROMS/ATARI2600/Criminal Pursuit.bin	ROM exclusiva de la subcarpeta, al primer nivel
MOVIDO	emu/ROMS/ATARI2600/Atari 2600/Cross Force.bin	emu/EXTRAS/ATARI2600-duplicados/Cross Force.bin	mismo SHA-1 que Cross Force (NA).a26
MOVIDO	emu/ROMS/ATARI2600/Atari 2600/Crossbow.bin	emu/EXTRAS/ATARI2600-duplicados/Crossbow.bin	mismo SHA-1 que Crossbow (NA).a26
MOVIDO	emu/ROMS/ATARI2600/Atari 2600/Cruise Missile.bin	emu/EXTRAS/ATARI2600-duplicados/Cruise Missile.bin	mismo SHA-1 que Cruise Missile (NA).a26
MOVIDO	emu/ROMS/ATARI2600/Atari 2600/Crusmisl.bin	emu/EXTRAS/ATARI2600-duplicados/Crusmisl.bin	mismo SHA-1 que Cruise Missile (NA).a26
MOVIDO	emu/ROMS/ATARI2600/Atari 2600/Crypts of Chaos.bin	emu/EXTRAS/ATARI2600-duplicados/Crypts of Chaos.bin	mismo SHA-1 que Crypts of Chaos (NA).a26
MOVIDO	emu/ROMS/ATARI2600/Atari 2600/Crystal Castles.bin	emu/EXTRAS/ATARI2600-duplicados/Crystal Castles.bin	mismo SHA-1 que Crystal Castles (NA).a26
MOVIDO	emu/ROMS/ATARI2600/Atari 2600/Cubicolor.bin	emu/EXTRAS/ATARI2600-duplicados/Cubicolor.bin	mismo SHA-1 que Cubicolor (Prototype).a26
MOVIDO	emu/ROMS/ATARI2600/Atari 2600/Cubo Magico (CCE).bin	emu/ROMS/ATARI2600/Cubo Magico (CCE).bin	ROM exclusiva de la subcarpeta, al primer nivel
MOVIDO	emu/ROMS/ATARI2600/Atari 2600/Custerev.bin	emu/EXTRAS/ATARI2600-duplicados/Custerev.bin	mismo SHA-1 que Custer's Revenge (NA).a26
MOVIDO	emu/ROMS/ATARI2600/Atari 2600/Dancing Plate (PAL).bin	emu/ROMS/ATARI2600/Dancing Plate (PAL).bin	ROM exclusiva de la subcarpeta, al primer nivel
MOVIDO	emu/ROMS/ATARI2600/Atari 2600/Darkcham.bin	emu/EXTRAS/ATARI2600-duplicados/Darkcham.bin	mismo SHA-1 que Dark Chambers (NA).a26
MOVIDO	emu/ROMS/ATARI2600/Atari 2600/Darkcvrn.bin	emu/EXTRAS/ATARI2600-duplicados/Darkcvrn.bin	mismo SHA-1 que Dark Cavern (NA).a26
MOVIDO	emu/ROMS/ATARI2600/Atari 2600/Deadly Duck.bin	emu/EXTRAS/ATARI2600-duplicados/Deadly Duck.bin	mismo SHA-1 que Deadly Duck (NA).a26
MOVIDO	emu/ROMS/ATARI2600/Atari 2600/Death Trap.bin	emu/EXTRAS/ATARI2600-duplicados/Death Trap.bin	mismo SHA-1 que Death Trap (NA).a26
MOVIDO	emu/ROMS/ATARI2600/Atari 2600/Decathlon.bin	emu/ROMS/ATARI2600/Decathlon.bin	ROM exclusiva de la subcarpeta, al primer nivel
MOVIDO	emu/ROMS/ATARI2600/Atari 2600/Defender 2 (16K version).bin	emu/ROMS/ATARI2600/Defender 2 (16K version).bin	ROM exclusiva de la subcarpeta, al primer nivel
MOVIDO	emu/ROMS/ATARI2600/Atari 2600/Defender 2.bin	emu/EXTRAS/ATARI2600-duplicados/Defender 2.bin	mismo SHA-1 que Defender II (NA).a26
MOVIDO	emu/ROMS/ATARI2600/Atari 2600/Defender.bin	emu/EXTRAS/ATARI2600-duplicados/Defender.bin	mismo SHA-1 que Defender (NA).a26
MOVIDO	emu/ROMS/ATARI2600/Atari 2600/Demolition Herby.bin	emu/EXTRAS/ATARI2600-duplicados/Demolition Herby.bin	mismo SHA-1 que Demolition Herby (NA).a26
MOVIDO	emu/ROMS/ATARI2600/Atari 2600/Demon Attack (Activision).bin	emu/ROMS/ATARI2600/Demon Attack (Activision).bin	ROM exclusiva de la subcarpeta, al primer nivel
MOVIDO	emu/ROMS/ATARI2600/Atari 2600/Demons to Diamonds.bin	emu/EXTRAS/ATARI2600-duplicados/Demons to Diamonds.bin	mismo SHA-1 que Demons to Diamonds (NA).a26
MOVIDO	emu/ROMS/ATARI2600/Atari 2600/Desert Falcon.bin	emu/EXTRAS/ATARI2600-duplicados/Desert Falcon.bin	mismo SHA-1 que Desert Falcon (NA).a26
MOVIDO	emu/ROMS/ATARI2600/Atari 2600/Dethstar.bin	emu/EXTRAS/ATARI2600-duplicados/Dethstar.bin	mismo SHA-1 que Star Wars - Return of the Jedi - Death Star Battle (NA).a26
MOVIDO	emu/ROMS/ATARI2600/Atari 2600/Dice Puzzle.bin	emu/EXTRAS/ATARI2600-duplicados/Dice Puzzle.bin	mismo SHA-1 que Dice Puzzle (NA).a26
MOVIDO	emu/ROMS/ATARI2600/Atari 2600/Dig Dug.bin	emu/EXTRAS/ATARI2600-duplicados/Dig Dug.bin	mismo SHA-1 que Dig Dug (NA).a26
MOVIDO	emu/ROMS/ATARI2600/Atari 2600/Dishastr.bin	emu/EXTRAS/ATARI2600-duplicados/Dishastr.bin	mismo SHA-1 que Dishaster (NA).a26
MOVIDO	emu/ROMS/ATARI2600/Atari 2600/Dodge Em.bin	emu/EXTRAS/ATARI2600-duplicados/Dodge Em.bin	mismo SHA-1 que Dodge 'em (NA).a26
MOVIDO	emu/ROMS/ATARI2600/Atari 2600/Dolphin.bin	emu/EXTRAS/ATARI2600-duplicados/Dolphin.bin	mismo SHA-1 que Dolphin (NA).a26
MOVIDO	emu/ROMS/ATARI2600/Atari 2600/Donald Duck's Speedboat.bin	emu/EXTRAS/ATARI2600-duplicados/Donald Duck's Speedboat.bin	mismo SHA-1 que Donald Duck's Speedboat (Prototype).a26
MOVIDO	emu/ROMS/ATARI2600/Atari 2600/Donkey Kong Jr. (CCE).bin	emu/ROMS/ATARI2600/Donkey Kong Jr. (CCE).bin	ROM exclusiva de la subcarpeta, al primer nivel
MOVIDO	emu/ROMS/ATARI2600/Atari 2600/Donkey Kong.0a.sta	emu/EXTRAS/ATARI2600-sta/Donkey Kong.0a.sta	savestate de Stella standalone, RetroArch no lo usa
MOVIDO	emu/ROMS/ATARI2600/Atari 2600/Donkey Kong.bin	emu/EXTRAS/ATARI2600-duplicados/Donkey Kong.bin	mismo SHA-1 que Donkey Kong (NA).a26
MOVIDO	emu/ROMS/ATARI2600/Atari 2600/Double Dragon.bin	emu/ROMS/ATARI2600/Double Dragon.bin	ROM exclusiva de la subcarpeta, al primer nivel
MOVIDO	emu/ROMS/ATARI2600/Atari 2600/Double Dunk.bin	emu/EXTRAS/ATARI2600-duplicados/Double Dunk.bin	mismo SHA-1 que Double Dunk (NA).a26
MOVIDO	emu/ROMS/ATARI2600/Atari 2600/Dragon Defender.bin	emu/ROMS/ATARI2600/Dragon Defender.bin	ROM exclusiva de la subcarpeta, al primer nivel
MOVIDO	emu/ROMS/ATARI2600/Atari 2600/Dragonfire.bin	emu/EXTRAS/ATARI2600-duplicados/Dragonfire.bin	mismo SHA-1 que Dragonfire (NA).a26
MOVIDO	emu/ROMS/ATARI2600/Atari 2600/Dragster (1).bin	emu/EXTRAS/ATARI2600-duplicados/Dragster (1).bin	mismo SHA-1 que Dragster (NA).a26
MOVIDO	emu/ROMS/ATARI2600/Atari 2600/Dragster (2).bin	emu/ROMS/ATARI2600/Dragster (2).bin	ROM exclusiva de la subcarpeta, al primer nivel
MOVIDO	emu/ROMS/ATARI2600/Atari 2600/Drgndfnd.bin	emu/ROMS/ATARI2600/Drgndfnd.bin	ROM exclusiva de la subcarpeta, al primer nivel
MOVIDO	emu/ROMS/ATARI2600/Atari 2600/Dschungle Boy (Pitfall).bin	emu/ROMS/ATARI2600/Dschungle Boy (Pitfall).bin	ROM exclusiva de la subcarpeta, al primer nivel
MOVIDO	emu/ROMS/ATARI2600/Atari 2600/Duck Shoot (PAL).bin	emu/EXTRAS/ATARI2600-duplicados/Duck Shoot (PAL).bin	mismo SHA-1 que Treasure Island (EU).a26
MOVIDO	emu/ROMS/ATARI2600/Atari 2600/Dukes of Hazzard.bin	emu/EXTRAS/ATARI2600-duplicados/Dukes of Hazzard.bin	mismo SHA-1 que Dukes of Hazzard (Prototype).a26
MOVIDO	emu/ROMS/ATARI2600/Atari 2600/Dumbo's Flying Circus.bin	emu/ROMS/ATARI2600/Dumbo's Flying Circus.bin	ROM exclusiva de la subcarpeta, al primer nivel
MOVIDO	emu/ROMS/ATARI2600/Atari 2600/E.T..bin	emu/EXTRAS/ATARI2600-duplicados/E.T..bin	mismo SHA-1 que E.T. - The Extra-Terrestrial (NA).a26
MOVIDO	emu/ROMS/ATARI2600/Atari 2600/Earth Dies Screaming.bin	emu/EXTRAS/ATARI2600-duplicados/Earth Dies Screaming.bin	mismo SHA-1 que The Earth Dies Screaming (NA).a26
MOVIDO	emu/ROMS/ATARI2600/Atari 2600/Eggomania.bin	emu/EXTRAS/ATARI2600-duplicados/Eggomania.bin	mismo SHA-1 que Eggomania (NA).a26
MOVIDO	emu/ROMS/ATARI2600/Atari 2600/ElevatorAction.bin	emu/EXTRAS/ATARI2600-duplicados/ElevatorAction.bin	mismo SHA-1 que Elevator Action (Prototype).a26
MOVIDO	emu/ROMS/ATARI2600/Atari 2600/Eliladdr.bin	emu/EXTRAS/ATARI2600-duplicados/Eliladdr.bin	mismo SHA-1 que Eli's Ladder (NA).a26
MOVIDO	emu/ROMS/ATARI2600/Atari 2600/Elk Attack.bin	emu/EXTRAS/ATARI2600-duplicados/Elk Attack.bin	mismo SHA-1 que Elk Attack (Prototype).a26
MOVIDO	emu/ROMS/ATARI2600/Atari 2600/Encounter at L5.bin	emu/EXTRAS/ATARI2600-duplicados/Encounter at L5.bin	mismo SHA-1 que Encounter at L-5 (NA).a26
MOVIDO	emu/ROMS/ATARI2600/Atari 2600/Enduro.bin	emu/EXTRAS/ATARI2600-duplicados/Enduro.bin	mismo SHA-1 que Enduro (NA).a26
MOVIDO	emu/ROMS/ATARI2600/Atari 2600/Entity.BIN	emu/EXTRAS/ATARI2600-duplicados/Entity.BIN	mismo SHA-1 que The Entity (Prototype).a26
MOVIDO	emu/ROMS/ATARI2600/Atari 2600/Entombed.bin	emu/EXTRAS/ATARI2600-duplicados/Entombed.bin	mismo SHA-1 que Entombed (NA).a26
MOVIDO	emu/ROMS/ATARI2600/Atari 2600/Espial.bin	emu/ROMS/ATARI2600/Espial.bin	ROM exclusiva de la subcarpeta, al primer nivel
MOVIDO	emu/ROMS/ATARI2600/Atari 2600/Euchre.bin	emu/ROMS/ATARI2600/Euchre.bin	ROM exclusiva de la subcarpeta, al primer nivel
MOVIDO	emu/ROMS/ATARI2600/Atari 2600/EuchrePAL.bin	emu/ROMS/ATARI2600/EuchrePAL.bin	ROM exclusiva de la subcarpeta, al primer nivel
MOVIDO	emu/ROMS/ATARI2600/Atari 2600/Ewok Adventure (Parker Bros, Thomas Jentzsch) (NTSC).bin	emu/ROMS/ATARI2600/Ewok Adventure (Parker Bros, Thomas Jentzsch) (NTSC).bin	ROM exclusiva de la subcarpeta, al primer nivel
MOVIDO	emu/ROMS/ATARI2600/Atari 2600/Ewokadvn.bin	emu/ROMS/ATARI2600/Ewokadvn.bin	ROM exclusiva de la subcarpeta, al primer nivel
MOVIDO	emu/ROMS/ATARI2600/Atari 2600/Exocet.bin	emu/ROMS/ATARI2600/Exocet.bin	ROM exclusiva de la subcarpeta, al primer nivel
MOVIDO	emu/ROMS/ATARI2600/Atari 2600/F-14 Tomcat Flight Simulator.bin	emu/ROMS/ATARI2600/F-14 Tomcat Flight Simulator.bin	ROM exclusiva de la subcarpeta, al primer nivel
MOVIDO	emu/ROMS/ATARI2600/Atari 2600/Fantastic Voyage.bin	emu/EXTRAS/ATARI2600-duplicados/Fantastic Voyage.bin	mismo SHA-1 que Fantastic Voyage (NA).a26
MOVIDO	emu/ROMS/ATARI2600/Atari 2600/Farmyard Fun.bin	emu/EXTRAS/ATARI2600-duplicados/Farmyard Fun.bin	mismo SHA-1 que Farmyard Fun (NA).a26
MOVIDO	emu/ROMS/ATARI2600/Atari 2600/Fast Eddie.bin	emu/EXTRAS/ATARI2600-duplicados/Fast Eddie.bin	mismo SHA-1 que Fast Eddie (NA).a26
MOVIDO	emu/ROMS/ATARI2600/Atari 2600/Fast Food.bin	emu/EXTRAS/ATARI2600-duplicados/Fast Food.bin	mismo SHA-1 que Fast Food (NA).a26
MOVIDO	emu/ROMS/ATARI2600/Atari 2600/Fatal Run.bin	emu/ROMS/ATARI2600/Fatal Run.bin	ROM exclusiva de la subcarpeta, al primer nivel
MOVIDO	emu/ROMS/ATARI2600/Atari 2600/Fathom.bin	emu/EXTRAS/ATARI2600-duplicados/Fathom.bin	mismo SHA-1 que Fathom (NA).a26
MOVIDO	emu/ROMS/ATARI2600/Atari 2600/Fighterp.bin	emu/ROMS/ATARI2600/Fighterp.bin	ROM exclusiva de la subcarpeta, al primer nivel
MOVIDO	emu/ROMS/ATARI2600/Atari 2600/Final Approach.bin	emu/EXTRAS/ATARI2600-duplicados/Final Approach.bin	mismo SHA-1 que Final Approach (NA).a26
MOVIDO	emu/ROMS/ATARI2600/Atari 2600/Fire Birds.bin	emu/ROMS/ATARI2600/Fire Birds.bin	ROM exclusiva de la subcarpeta, al primer nivel
MOVIDO	emu/ROMS/ATARI2600/Atari 2600/Fire Fighter.bin	emu/EXTRAS/ATARI2600-duplicados/Fire Fighter.bin	mismo SHA-1 que Fire Fighter (NA).a26
MOVIDO	emu/ROMS/ATARI2600/Atari 2600/Fire Fly.bin	emu/EXTRAS/ATARI2600-duplicados/Fire Fly.bin	mismo SHA-1 que Fire Fly (NA).a26
MOVIDO	emu/ROMS/ATARI2600/Atari 2600/Fire Spinner.bin	emu/ROMS/ATARI2600/Fire Spinner.bin	ROM exclusiva de la subcarpeta, al primer nivel
MOVIDO	emu/ROMS/ATARI2600/Atari 2600/Fishing Derby (16k Version).bin	emu/ROMS/ATARI2600/Fishing Derby (16k Version).bin	ROM exclusiva de la subcarpeta, al primer nivel
MOVIDO	emu/ROMS/ATARI2600/Atari 2600/Fishing Derby (32 in 1) (PAL).bin	emu/ROMS/ATARI2600/Fishing Derby (32 in 1) (PAL).bin	ROM exclusiva de la subcarpeta, al primer nivel
MOVIDO	emu/ROMS/ATARI2600/Atari 2600/Fishing Derby (pirate) (32 in 1) (PAL).bin	emu/ROMS/ATARI2600/Fishing Derby (pirate) (32 in 1) (PAL).bin	ROM exclusiva de la subcarpeta, al primer nivel
MOVIDO	emu/ROMS/ATARI2600/Atari 2600/Flag Capture (32 in 1) (PAL).bin	emu/ROMS/ATARI2600/Flag Capture (32 in 1) (PAL).bin	ROM exclusiva de la subcarpeta, al primer nivel
MOVIDO	emu/ROMS/ATARI2600/Atari 2600/Flag Capture.bin	emu/EXTRAS/ATARI2600-duplicados/Flag Capture.bin	mismo SHA-1 que Flag Capture (NA).a26
MOVIDO	emu/ROMS/ATARI2600/Atari 2600/FlapPing.bin	emu/ROMS/ATARI2600/FlapPing.bin	ROM exclusiva de la subcarpeta, al primer nivel
MOVIDO	emu/ROMS/ATARI2600/Atari 2600/Flash Gordon.bin	emu/EXTRAS/ATARI2600-duplicados/Flash Gordon.bin	mismo SHA-1 que Flash Gordon (NA).a26
MOVIDO	emu/ROMS/ATARI2600/Atari 2600/Flashgrd.bin	emu/EXTRAS/ATARI2600-duplicados/Flashgrd.bin	mismo SHA-1 que Flash Gordon (NA).a26
MOVIDO	emu/ROMS/ATARI2600/Atari 2600/Football (1).bin	emu/EXTRAS/ATARI2600-duplicados/Football (1).bin	mismo SHA-1 que Football (NA).a26
MOVIDO	emu/ROMS/ATARI2600/Atari 2600/Football (2).bin	emu/ROMS/ATARI2600/Football (2).bin	ROM exclusiva de la subcarpeta, al primer nivel
MOVIDO	emu/ROMS/ATARI2600/Atari 2600/Football (32 in 1) (PAL).bin	emu/ROMS/ATARI2600/Football (32 in 1) (PAL).bin	ROM exclusiva de la subcarpeta, al primer nivel
MOVIDO	emu/ROMS/ATARI2600/Atari 2600/Foozball.bin	emu/ROMS/ATARI2600/Foozball.bin	ROM exclusiva de la subcarpeta, al primer nivel
MOVIDO	emu/ROMS/ATARI2600/Atari 2600/Forest (PAL).bin	emu/EXTRAS/ATARI2600-duplicados/Forest (PAL).bin	mismo SHA-1 que Forest (EU).a26
MOVIDO	emu/ROMS/ATARI2600/Atari 2600/Frankenstein's Monster.bin	emu/EXTRAS/ATARI2600-duplicados/Frankenstein's Monster.bin	mismo SHA-1 que Frankenstein's Monster (NA).a26
MOVIDO	emu/ROMS/ATARI2600/Atari 2600/Freeway (1).bin	emu/EXTRAS/ATARI2600-duplicados/Freeway (1).bin	mismo SHA-1 que Freeway (NA).a26
MOVIDO	emu/ROMS/ATARI2600/Atari 2600/Freeway (2).bin	emu/ROMS/ATARI2600/Freeway (2).bin	ROM exclusiva de la subcarpeta, al primer nivel
MOVIDO	emu/ROMS/ATARI2600/Atari 2600/Freeway (32 in 1) (PAL).bin	emu/ROMS/ATARI2600/Freeway (32 in 1) (PAL).bin	ROM exclusiva de la subcarpeta, al primer nivel
MOVIDO	emu/ROMS/ATARI2600/Atari 2600/Freeway (pirate) (32 in 1) (PAL).bin	emu/ROMS/ATARI2600/Freeway (pirate) (32 in 1) (PAL).bin	ROM exclusiva de la subcarpeta, al primer nivel
MOVIDO	emu/ROMS/ATARI2600/Atari 2600/Frogflys.bin	emu/EXTRAS/ATARI2600-duplicados/Frogflys.bin	mismo SHA-1 que Frogs and Flies (NA).a26
MOVIDO	emu/ROMS/ATARI2600/Atari 2600/Frogger II - Threedeep!.bin	emu/EXTRAS/ATARI2600-duplicados/Frogger II - Threedeep!.bin	mismo SHA-1 que Frogger II - Threeedeep! (NA).a26
MOVIDO	emu/ROMS/ATARI2600/Atari 2600/Frogger.bin	emu/EXTRAS/ATARI2600-duplicados/Frogger.bin	mismo SHA-1 que Frogger (NA).a26
MOVIDO	emu/ROMS/ATARI2600/Atari 2600/Frogpond.bin	emu/ROMS/ATARI2600/Frogpond.bin	ROM exclusiva de la subcarpeta, al primer nivel
MOVIDO	emu/ROMS/ATARI2600/Atari 2600/Frontline.bin	emu/EXTRAS/ATARI2600-duplicados/Frontline.bin	mismo SHA-1 que Front Line (NA).a26
MOVIDO	emu/ROMS/ATARI2600/Atari 2600/Frostbite.bin	emu/EXTRAS/ATARI2600-duplicados/Frostbite.bin	mismo SHA-1 que Frostbite (NA).a26
MOVIDO	emu/ROMS/ATARI2600/Atari 2600/Fun With Numbers.bin	emu/EXTRAS/ATARI2600-duplicados/Fun With Numbers.bin	mismo SHA-1 que Basic Math (NA).a26
MOVIDO	emu/ROMS/ATARI2600/Atari 2600/Fun with Numbers (32 in 1) (PAL).bin	emu/ROMS/ATARI2600/Fun with Numbers (32 in 1) (PAL).bin	ROM exclusiva de la subcarpeta, al primer nivel
MOVIDO	emu/ROMS/ATARI2600/Atari 2600/G.I. Joe - Cobra Strike.bin	emu/EXTRAS/ATARI2600-duplicados/G.I. Joe - Cobra Strike.bin	mismo SHA-1 que G.I. Joe - Cobra Strike (NA).a26
MOVIDO	emu/ROMS/ATARI2600/Atari 2600/GUNNTSC.bin	emu/ROMS/ATARI2600/GUNNTSC.bin	ROM exclusiva de la subcarpeta, al primer nivel
MOVIDO	emu/ROMS/ATARI2600/Atari 2600/Galaga.bin	emu/ROMS/ATARI2600/Galaga.bin	ROM exclusiva de la subcarpeta, al primer nivel
MOVIDO	emu/ROMS/ATARI2600/Atari 2600/Galaxian.bin	emu/EXTRAS/ATARI2600-duplicados/Galaxian.bin	mismo SHA-1 que Galaxian (NA).a26
MOVIDO	emu/ROMS/ATARI2600/Atari 2600/Game of Concentration.bin	emu/EXTRAS/ATARI2600-duplicados/Game of Concentration.bin	mismo SHA-1 que Hunt & Score (NA).a26
MOVIDO	emu/ROMS/ATARI2600/Atari 2600/Gangster Alley.bin	emu/EXTRAS/ATARI2600-duplicados/Gangster Alley.bin	mismo SHA-1 que Gangster Alley (NA).a26
MOVIDO	emu/ROMS/ATARI2600/Atari 2600/Gas Hog.bin	emu/ROMS/ATARI2600/Gas Hog.bin	ROM exclusiva de la subcarpeta, al primer nivel
MOVIDO	emu/ROMS/ATARI2600/Atari 2600/Gauntlet.bin	emu/EXTRAS/ATARI2600-duplicados/Gauntlet.bin	mismo SHA-1 que Gauntlet (NA).a26
MOVIDO	emu/ROMS/ATARI2600/Atari 2600/Ghost Manor (1).bin	emu/ROMS/ATARI2600/Ghost Manor (1).bin	ROM exclusiva de la subcarpeta, al primer nivel
MOVIDO	emu/ROMS/ATARI2600/Atari 2600/Ghost Manor (2).bin	emu/EXTRAS/ATARI2600-duplicados/Ghost Manor (2).bin	mismo SHA-1 que Ghost Manor (NA).a26
MOVIDO	emu/ROMS/ATARI2600/Atari 2600/Ghostbusters II.bin	emu/ROMS/ATARI2600/Ghostbusters II.bin	ROM exclusiva de la subcarpeta, al primer nivel
MOVIDO	emu/ROMS/ATARI2600/Atari 2600/Ghostbusters.bin	emu/EXTRAS/ATARI2600-duplicados/Ghostbusters.bin	mismo SHA-1 que Ghostbusters (NA).a26
MOVIDO	emu/ROMS/ATARI2600/Atari 2600/Ghostman.bin	emu/EXTRAS/ATARI2600-duplicados/Ghostman.bin	mismo SHA-1 que Ghost Manor (NA).a26
MOVIDO	emu/ROMS/ATARI2600/Atari 2600/Gigolo.bin	emu/EXTRAS/ATARI2600-duplicados/Gigolo.bin	mismo SHA-1 que Gigolo (NA).a26
MOVIDO	emu/ROMS/ATARI2600/Atari 2600/Glacier Patrol.bin	emu/EXTRAS/ATARI2600-duplicados/Glacier Patrol.bin	mismo SHA-1 que Glacier Patrol (NA).a26
MOVIDO	emu/ROMS/ATARI2600/Atari 2600/Glib.bin	emu/EXTRAS/ATARI2600-duplicados/Glib.bin	mismo SHA-1 que Glib - Video Word Game (NA).a26
MOVIDO	emu/ROMS/ATARI2600/Atari 2600/GoFish_NTSC.bin	emu/ROMS/ATARI2600/GoFish_NTSC.bin	ROM exclusiva de la subcarpeta, al primer nivel
MOVIDO	emu/ROMS/ATARI2600/Atari 2600/Golf (1).bin	emu/EXTRAS/ATARI2600-duplicados/Golf (1).bin	mismo SHA-1 que Golf (NA).a26
MOVIDO	emu/ROMS/ATARI2600/Atari 2600/Golf (2).bin	emu/ROMS/ATARI2600/Golf (2).bin	ROM exclusiva de la subcarpeta, al primer nivel
MOVIDO	emu/ROMS/ATARI2600/Atari 2600/Golf (32 in 1) (PAL).bin	emu/ROMS/ATARI2600/Golf (32 in 1) (PAL).bin	ROM exclusiva de la subcarpeta, al primer nivel
MOVIDO	emu/ROMS/ATARI2600/Atari 2600/Golf.bin	emu/EXTRAS/ATARI2600-duplicados/Golf.bin	mismo SHA-1 que Golf (NA).a26
MOVIDO	emu/ROMS/ATARI2600/Atari 2600/Gopher.bin	emu/EXTRAS/ATARI2600-duplicados/Gopher.bin	mismo SHA-1 que Gopher (NA).a26
MOVIDO	emu/ROMS/ATARI2600/Atari 2600/Gorf.bin	emu/EXTRAS/ATARI2600-duplicados/Gorf.bin	mismo SHA-1 que Gorf (NA).a26
MOVIDO	emu/ROMS/ATARI2600/Atari 2600/Grand Prix (16k Version).bin	emu/ROMS/ATARI2600/Grand Prix (16k Version).bin	ROM exclusiva de la subcarpeta, al primer nivel
MOVIDO	emu/ROMS/ATARI2600/Atari 2600/Gravitar.bin	emu/EXTRAS/ATARI2600-duplicados/Gravitar.bin	mismo SHA-1 que Gravitar (NA).a26
MOVIDO	emu/ROMS/ATARI2600/Atari 2600/Great Escape.bin	emu/ROMS/ATARI2600/Great Escape.bin	ROM exclusiva de la subcarpeta, al primer nivel
MOVIDO	emu/ROMS/ATARI2600/Atari 2600/Gremlins.bin	emu/EXTRAS/ATARI2600-duplicados/Gremlins.bin	mismo SHA-1 que Gremlins (NA).a26
MOVIDO	emu/ROMS/ATARI2600/Atari 2600/Grover's Music Maker.bin	emu/ROMS/ATARI2600/Grover's Music Maker.bin	ROM exclusiva de la subcarpeta, al primer nivel
MOVIDO	emu/ROMS/ATARI2600/Atari 2600/Guardian.bin	emu/EXTRAS/ATARI2600-duplicados/Guardian.bin	mismo SHA-1 que Guardian (NA).a26
MOVIDO	emu/ROMS/ATARI2600/Atari 2600/Gyruss.bin	emu/EXTRAS/ATARI2600-duplicados/Gyruss.bin	mismo SHA-1 que Gyruss (NA).a26
MOVIDO	emu/ROMS/ATARI2600/Atari 2600/H.E.R.O..bin	emu/EXTRAS/ATARI2600-duplicados/H.E.R.O..bin	mismo SHA-1 que H.E.R.O. (NA).a26
MOVIDO	emu/ROMS/ATARI2600/Atari 2600/Halloween.bin	emu/EXTRAS/ATARI2600-duplicados/Halloween.bin	mismo SHA-1 que Halloween (NA).a26
MOVIDO	emu/ROMS/ATARI2600/Atari 2600/Hangman.bin	emu/EXTRAS/ATARI2600-duplicados/Hangman.bin	mismo SHA-1 que Hangman (NA).a26
MOVIDO	emu/ROMS/ATARI2600/Atari 2600/Harbor Escape.bin	emu/EXTRAS/ATARI2600-duplicados/Harbor Escape.bin	mismo SHA-1 que Harbor Escape (NA).a26
MOVIDO	emu/ROMS/ATARI2600/Atari 2600/Haunted House.bin	emu/EXTRAS/ATARI2600-duplicados/Haunted House.bin	mismo SHA-1 que Haunted House (NA).a26
MOVIDO	emu/ROMS/ATARI2600/Atari 2600/Hole Hunter.bin	emu/EXTRAS/ATARI2600-duplicados/Hole Hunter.bin	mismo SHA-1 que Hole Hunter (NA).a26
MOVIDO	emu/ROMS/ATARI2600/Atari 2600/Holey Moley.bin	emu/EXTRAS/ATARI2600-duplicados/Holey Moley.bin	mismo SHA-1 que Holey Moley (Prototype).a26
MOVIDO	emu/ROMS/ATARI2600/Atari 2600/Home Run Baseball (1).bin	emu/EXTRAS/ATARI2600-duplicados/Home Run Baseball (1).bin	mismo SHA-1 que Home Run (NA).a26
MOVIDO	emu/ROMS/ATARI2600/Atari 2600/Home Run Baseball (2).bin	emu/ROMS/ATARI2600/Home Run Baseball (2).bin	ROM exclusiva de la subcarpeta, al primer nivel
MOVIDO	emu/ROMS/ATARI2600/Atari 2600/Homerun (32 in 1) (PAL).bin	emu/ROMS/ATARI2600/Homerun (32 in 1) (PAL).bin	ROM exclusiva de la subcarpeta, al primer nivel
MOVIDO	emu/ROMS/ATARI2600/Atari 2600/Human Cannonball (32 in 1) (PAL).bin	emu/ROMS/ATARI2600/Human Cannonball (32 in 1) (PAL).bin	ROM exclusiva de la subcarpeta, al primer nivel
MOVIDO	emu/ROMS/ATARI2600/Atari 2600/Human Cannonball - Cannon Man (1).bin	emu/EXTRAS/ATARI2600-duplicados/Human Cannonball - Cannon Man (1).bin	mismo SHA-1 que Human Cannonball (NA).a26
MOVIDO	emu/ROMS/ATARI2600/Atari 2600/Human Cannonball - Cannon Man (2).bin	emu/ROMS/ATARI2600/Human Cannonball - Cannon Man (2).bin	ROM exclusiva de la subcarpeta, al primer nivel
MOVIDO	emu/ROMS/ATARI2600/Atari 2600/I Want My Mommy.bin	emu/ROMS/ATARI2600/I Want My Mommy.bin	ROM exclusiva de la subcarpeta, al primer nivel
MOVIDO	emu/ROMS/ATARI2600/Atari 2600/I.Q. 180.bin	emu/EXTRAS/ATARI2600-duplicados/I.Q. 180.bin	mismo SHA-1 que I.Q. 180 (NA).a26
MOVIDO	emu/ROMS/ATARI2600/Atari 2600/INV+.bin	emu/ROMS/ATARI2600/INV+.bin	ROM exclusiva de la subcarpeta, al primer nivel
MOVIDO	emu/ROMS/ATARI2600/Atari 2600/INV.bin	emu/ROMS/ATARI2600/INV.bin	ROM exclusiva de la subcarpeta, al primer nivel
MOVIDO	emu/ROMS/ATARI2600/Atari 2600/Ice Hockey.bin	emu/EXTRAS/ATARI2600-duplicados/Ice Hockey.bin	mismo SHA-1 que Ice Hockey (NA).a26
MOVIDO	emu/ROMS/ATARI2600/Atari 2600/Ikari Warriors.bin	emu/ROMS/ATARI2600/Ikari Warriors.bin	ROM exclusiva de la subcarpeta, al primer nivel
MOVIDO	emu/ROMS/ATARI2600/Atari 2600/Imagic Selector.bin	emu/ROMS/ATARI2600/Imagic Selector.bin	ROM exclusiva de la subcarpeta, al primer nivel
MOVIDO	emu/ROMS/ATARI2600/Atari 2600/Immies and Aggies.bin	emu/ROMS/ATARI2600/Immies and Aggies.bin	ROM exclusiva de la subcarpeta, al primer nivel
MOVIDO	emu/ROMS/ATARI2600/Atari 2600/IncaGold_Zellers.BIN	emu/ROMS/ATARI2600/IncaGold_Zellers.BIN	ROM exclusiva de la subcarpeta, al primer nivel
MOVIDO	emu/ROMS/ATARI2600/Atari 2600/Indy 500 (4k Version).bin	emu/ROMS/ATARI2600/Indy 500 (4k Version).bin	ROM exclusiva de la subcarpeta, al primer nivel
MOVIDO	emu/ROMS/ATARI2600/Atari 2600/Infiltrate.bin	emu/EXTRAS/ATARI2600-duplicados/Infiltrate.bin	mismo SHA-1 que Infiltrate (NA).a26
MOVIDO	emu/ROMS/ATARI2600/Atari 2600/International Soccer.bin	emu/EXTRAS/ATARI2600-duplicados/International Soccer.bin	mismo SHA-1 que International Soccer (NA).a26
MOVIDO	emu/ROMS/ATARI2600/Atari 2600/Iq180.bin	emu/EXTRAS/ATARI2600-duplicados/Iq180.bin	mismo SHA-1 que I.Q. 180 (NA).a26
MOVIDO	emu/ROMS/ATARI2600/Atari 2600/Ixion.bin	emu/EXTRAS/ATARI2600-duplicados/Ixion.bin	mismo SHA-1 que Ixion (Prototype).a26
MOVIDO	emu/ROMS/ATARI2600/Atari 2600/James Bond 007.bin	emu/EXTRAS/ATARI2600-duplicados/James Bond 007.bin	mismo SHA-1 que James Bond 007 (NA).a26
MOVIDO	emu/ROMS/ATARI2600/Atari 2600/Jammed.bin	emu/ROMS/ATARI2600/Jammed.bin	ROM exclusiva de la subcarpeta, al primer nivel
MOVIDO	emu/ROMS/ATARI2600/Atari 2600/Jawbreaker.bin	emu/EXTRAS/ATARI2600-duplicados/Jawbreaker.bin	mismo SHA-1 que Jawbreaker (NA).a26
MOVIDO	emu/ROMS/ATARI2600/Atari 2600/Jediaren.bin	emu/EXTRAS/ATARI2600-duplicados/Jediaren.bin	mismo SHA-1 que Star Wars - Jedi Arena (NA).a26
MOVIDO	emu/ROMS/ATARI2600/Atari 2600/Journey Escape.bin	emu/EXTRAS/ATARI2600-duplicados/Journey Escape.bin	mismo SHA-1 que Journey Escape (NA).a26
MOVIDO	emu/ROMS/ATARI2600/Atari 2600/Joust.bin	emu/EXTRAS/ATARI2600-duplicados/Joust.bin	mismo SHA-1 que Joust (NA).a26
MOVIDO	emu/ROMS/ATARI2600/Atari 2600/JoustPong.bin	emu/ROMS/ATARI2600/JoustPong.bin	ROM exclusiva de la subcarpeta, al primer nivel
MOVIDO	emu/ROMS/ATARI2600/Atari 2600/Jrpacman.bin	emu/EXTRAS/ATARI2600-duplicados/Jrpacman.bin	mismo SHA-1 que Jr. Pac-Man (NA).a26
MOVIDO	emu/ROMS/ATARI2600/Atari 2600/Jungle Fever.bin	emu/EXTRAS/ATARI2600-duplicados/Jungle Fever.bin	mismo SHA-1 que Jungle Fever (NA).a26
MOVIDO	emu/ROMS/ATARI2600/Atari 2600/Jungle Hunt.bin	emu/EXTRAS/ATARI2600-duplicados/Jungle Hunt.bin	mismo SHA-1 que Jungle Hunt (NA).a26
MOVIDO	emu/ROMS/ATARI2600/Atari 2600/Kaboom! (1).bin	emu/EXTRAS/ATARI2600-duplicados/Kaboom! (1).bin	mismo SHA-1 que Kaboom! (NA).a26
MOVIDO	emu/ROMS/ATARI2600/Atari 2600/Kaboom! (2).bin	emu/ROMS/ATARI2600/Kaboom! (2).bin	ROM exclusiva de la subcarpeta, al primer nivel
MOVIDO	emu/ROMS/ATARI2600/Atari 2600/Kangaroo.bin	emu/EXTRAS/ATARI2600-duplicados/Kangaroo.bin	mismo SHA-1 que Kangaroo (NA).a26
MOVIDO	emu/ROMS/ATARI2600/Atari 2600/Karate.bin	emu/EXTRAS/ATARI2600-duplicados/Karate.bin	mismo SHA-1 que Karate (NA).a26
MOVIDO	emu/ROMS/ATARI2600/Atari 2600/Keystone Kapers.bin	emu/EXTRAS/ATARI2600-duplicados/Keystone Kapers.bin	mismo SHA-1 que Keystone Kapers (NA).a26
MOVIDO	emu/ROMS/ATARI2600/Atari 2600/King Kong.bin	emu/ROMS/ATARI2600/King Kong.bin	ROM exclusiva de la subcarpeta, al primer nivel
MOVIDO	emu/ROMS/ATARI2600/Atari 2600/Klax.bin	emu/ROMS/ATARI2600/Klax.bin	ROM exclusiva de la subcarpeta, al primer nivel
MOVIDO	emu/ROMS/ATARI2600/Atari 2600/Knight on the Town.bin	emu/EXTRAS/ATARI2600-duplicados/Knight on the Town.bin	mismo SHA-1 que Knight on the Town (NA).a26
MOVIDO	emu/ROMS/ATARI2600/Atari 2600/Kool Aid Man.bin	emu/EXTRAS/ATARI2600-duplicados/Kool Aid Man.bin	mismo SHA-1 que Kool-Aid Man (NA).a26
MOVIDO	emu/ROMS/ATARI2600/Atari 2600/Krull.bin	emu/EXTRAS/ATARI2600-duplicados/Krull.bin	mismo SHA-1 que Krull (NA).a26
MOVIDO	emu/ROMS/ATARI2600/Atari 2600/Kung Fu Master.bin	emu/EXTRAS/ATARI2600-duplicados/Kung Fu Master.bin	mismo SHA-1 que Kung-Fu Master (NA).a26
MOVIDO	emu/ROMS/ATARI2600/Atari 2600/Kung Fu.bin	emu/ROMS/ATARI2600/Kung Fu.bin	ROM exclusiva de la subcarpeta, al primer nivel
MOVIDO	emu/ROMS/ATARI2600/Atari 2600/LASRGATE.BIN	emu/EXTRAS/ATARI2600-duplicados/LASRGATE.BIN	mismo SHA-1 que Laser Gates (NA).a26
MOVIDO	emu/ROMS/ATARI2600/Atari 2600/LOSTLUGG.BIN	emu/EXTRAS/ATARI2600-duplicados/LOSTLUGG.BIN	mismo SHA-1 que Lost Luggage (NA).a26
MOVIDO	emu/ROMS/ATARI2600/Atari 2600/Lady in Wading.bin	emu/EXTRAS/ATARI2600-duplicados/Lady in Wading.bin	mismo SHA-1 que Lady in Wading (NA).a26
MOVIDO	emu/ROMS/ATARI2600/Atari 2600/Laser Blast (1).bin	emu/EXTRAS/ATARI2600-duplicados/Laser Blast (1).bin	mismo SHA-1 que Laser Blast (NA).a26
MOVIDO	emu/ROMS/ATARI2600/Atari 2600/Laser Blast (2).bin	emu/ROMS/ATARI2600/Laser Blast (2).bin	ROM exclusiva de la subcarpeta, al primer nivel
MOVIDO	emu/ROMS/ATARI2600/Atari 2600/Laser Blast (32 in 1) (PAL).bin	emu/ROMS/ATARI2600/Laser Blast (32 in 1) (PAL).bin	ROM exclusiva de la subcarpeta, al primer nivel
MOVIDO	emu/ROMS/ATARI2600/Atari 2600/Laser Gates.bin	emu/EXTRAS/ATARI2600-duplicados/Laser Gates.bin	mismo SHA-1 que Laser Gates (NA).a26
MOVIDO	emu/ROMS/ATARI2600/Atari 2600/Lasrvoly.bin	emu/ROMS/ATARI2600/Lasrvoly.bin	ROM exclusiva de la subcarpeta, al primer nivel
MOVIDO	emu/ROMS/ATARI2600/Atari 2600/Lock n Chase.bin	emu/EXTRAS/ATARI2600-duplicados/Lock n Chase.bin	mismo SHA-1 que Lock 'n' Chase (NA).a26
MOVIDO	emu/ROMS/ATARI2600/Atari 2600/London Blitz.bin	emu/EXTRAS/ATARI2600-duplicados/London Blitz.bin	mismo SHA-1 que London Blitz (NA).a26
MOVIDO	emu/ROMS/ATARI2600/Atari 2600/Looping.BIN	emu/EXTRAS/ATARI2600-duplicados/Looping.BIN	mismo SHA-1 que Looping (Prototype).a26
MOVIDO	emu/ROMS/ATARI2600/Atari 2600/LordOfTheRings.bin	emu/EXTRAS/ATARI2600-duplicados/LordOfTheRings.bin	mismo SHA-1 que The Lord of the Rings - Journey to Rivendell (Prototype).a26
MOVIDO	emu/ROMS/ATARI2600/Atari 2600/M.A.D..bin	emu/EXTRAS/ATARI2600-duplicados/M.A.D..bin	mismo SHA-1 que M.A.D. (NA).a26
MOVIDO	emu/ROMS/ATARI2600/Atari 2600/M.A.S.H..bin	emu/EXTRAS/ATARI2600-duplicados/M.A.S.H..bin	mismo SHA-1 que M.A.S.H. (NA).a26
MOVIDO	emu/ROMS/ATARI2600/Atari 2600/MARIOBRO.BIN	emu/EXTRAS/ATARI2600-duplicados/MARIOBRO.BIN	mismo SHA-1 que Mario Bros. (NA).a26
MOVIDO	emu/ROMS/ATARI2600/Atari 2600/MINRVOL2.BIN	emu/ROMS/ATARI2600/MINRVOL2.BIN	ROM exclusiva de la subcarpeta, al primer nivel
MOVIDO	emu/ROMS/ATARI2600/Atari 2600/MIN_GOLF.BIN	emu/EXTRAS/ATARI2600-duplicados/MIN_GOLF.BIN	mismo SHA-1 que Miniature Golf (NA).a26
MOVIDO	emu/ROMS/ATARI2600/Atari 2600/MTNKING.BIN	emu/ROMS/ATARI2600/MTNKING.BIN	ROM exclusiva de la subcarpeta, al primer nivel
MOVIDO	emu/ROMS/ATARI2600/Atari 2600/Malagai.bin	emu/EXTRAS/ATARI2600-duplicados/Malagai.bin	mismo SHA-1 que Malagai (NA).a26
MOVIDO	emu/ROMS/ATARI2600/Atari 2600/Mangia.bin	emu/EXTRAS/ATARI2600-duplicados/Mangia.bin	mismo SHA-1 que Mangia' (NA).a26
MOVIDO	emu/ROMS/ATARI2600/Atari 2600/Marauder.bin	emu/EXTRAS/ATARI2600-duplicados/Marauder.bin	mismo SHA-1 que Marauder (NA).a26
MOVIDO	emu/ROMS/ATARI2600/Atari 2600/Marine Wars.bin	emu/EXTRAS/ATARI2600-duplicados/Marine Wars.bin	mismo SHA-1 que Marine Wars (NA).a26
MOVIDO	emu/ROMS/ATARI2600/Atari 2600/Marineflieger (PAL).bin	emu/ROMS/ATARI2600/Marineflieger (PAL).bin	ROM exclusiva de la subcarpeta, al primer nivel
MOVIDO	emu/ROMS/ATARI2600/Atari 2600/Master Builder.bin	emu/EXTRAS/ATARI2600-duplicados/Master Builder.bin	mismo SHA-1 que Master Builder (NA).a26
MOVIDO	emu/ROMS/ATARI2600/Atari 2600/Masters of the Universe - The Power of He-Man.bin	emu/EXTRAS/ATARI2600-duplicados/Masters of the Universe - The Power of He-Man.bin	mismo SHA-1 que Masters of the Universe - The Power of He-Man (NA).a26
MOVIDO	emu/ROMS/ATARI2600/Atari 2600/Math Gran Prix.bin	emu/EXTRAS/ATARI2600-duplicados/Math Gran Prix.bin	mismo SHA-1 que Math Gran Prix (NA).a26
MOVIDO	emu/ROMS/ATARI2600/Atari 2600/Maze Craze.bin	emu/EXTRAS/ATARI2600-duplicados/Maze Craze.bin	mismo SHA-1 que Maze Craze - A Game of Cops 'n Robbers (NA).a26
MOVIDO	emu/ROMS/ATARI2600/Atari 2600/McDonalds.bin	emu/EXTRAS/ATARI2600-duplicados/McDonalds.bin	mismo SHA-1 que McDonald's - Golden Arches Adventure (Prototype).a26
MOVIDO	emu/ROMS/ATARI2600/Atari 2600/Mega Force.bin	emu/EXTRAS/ATARI2600-duplicados/Mega Force.bin	mismo SHA-1 que Mega Force (NA).a26
MOVIDO	emu/ROMS/ATARI2600/Atari 2600/Megamania.bin	emu/EXTRAS/ATARI2600-duplicados/Megamania.bin	mismo SHA-1 que MegaMania - A Space Nightmare (NA).a26
MOVIDO	emu/ROMS/ATARI2600/Atari 2600/Meltdown.bin	emu/EXTRAS/ATARI2600-duplicados/Meltdown.bin	mismo SHA-1 que Meltdown (Prototype).a26
MOVIDO	emu/ROMS/ATARI2600/Atari 2600/Meteor Defence.bin	emu/ROMS/ATARI2600/Meteor Defence.bin	ROM exclusiva de la subcarpeta, al primer nivel
MOVIDO	emu/ROMS/ATARI2600/Atari 2600/Midnight Magic.bin	emu/EXTRAS/ATARI2600-duplicados/Midnight Magic.bin	mismo SHA-1 que Midnight Magic (NA).a26
MOVIDO	emu/ROMS/ATARI2600/Atari 2600/Millipede.bin	emu/EXTRAS/ATARI2600-duplicados/Millipede.bin	mismo SHA-1 que Millipede (NA).a26
MOVIDO	emu/ROMS/ATARI2600/Atari 2600/MindMaze.bin	emu/EXTRAS/ATARI2600-duplicados/MindMaze.bin	mismo SHA-1 que Mind Maze (NA).a26
MOVIDO	emu/ROMS/ATARI2600/Atari 2600/Miner 2049er.bin	emu/ROMS/ATARI2600/Miner 2049er.bin	ROM exclusiva de la subcarpeta, al primer nivel
MOVIDO	emu/ROMS/ATARI2600/Atari 2600/Mines of Minos.bin	emu/EXTRAS/ATARI2600-duplicados/Mines of Minos.bin	mismo SHA-1 que Mines of Minos (NA).a26
MOVIDO	emu/ROMS/ATARI2600/Atari 2600/Minesweeper.bin	emu/ROMS/ATARI2600/Minesweeper.bin	ROM exclusiva de la subcarpeta, al primer nivel
MOVIDO	emu/ROMS/ATARI2600/Atari 2600/Miniature Golf (32 in 1) (PAL).bin	emu/ROMS/ATARI2600/Miniature Golf (32 in 1) (PAL).bin	ROM exclusiva de la subcarpeta, al primer nivel
MOVIDO	emu/ROMS/ATARI2600/Atari 2600/Miniature Golf - Arcade Golf (1).bin	emu/EXTRAS/ATARI2600-duplicados/Miniature Golf - Arcade Golf (1).bin	mismo SHA-1 que Miniature Golf (NA).a26
MOVIDO	emu/ROMS/ATARI2600/Atari 2600/Miniature Golf - Arcade Golf (2).bin	emu/ROMS/ATARI2600/Miniature Golf - Arcade Golf (2).bin	ROM exclusiva de la subcarpeta, al primer nivel
MOVIDO	emu/ROMS/ATARI2600/Atari 2600/Missile Command.bin	emu/EXTRAS/ATARI2600-duplicados/Missile Command.bin	mismo SHA-1 que Missile Command (NA).a26
MOVIDO	emu/ROMS/ATARI2600/Atari 2600/Missile Control.bin	emu/ROMS/ATARI2600/Missile Control.bin	ROM exclusiva de la subcarpeta, al primer nivel
MOVIDO	emu/ROMS/ATARI2600/Atari 2600/Mission 3000 A.D..bin	emu/ROMS/ATARI2600/Mission 3000 A.D..bin	ROM exclusiva de la subcarpeta, al primer nivel
MOVIDO	emu/ROMS/ATARI2600/Atari 2600/Misspig.bin	emu/EXTRAS/ATARI2600-duplicados/Misspig.bin	mismo SHA-1 que Miss Piggy's Wedding (Prototype).a26
MOVIDO	emu/ROMS/ATARI2600/Atari 2600/Mogul Maniac.bin	emu/EXTRAS/ATARI2600-duplicados/Mogul Maniac.bin	mismo SHA-1 que Mogul Maniac (NA).a26
MOVIDO	emu/ROMS/ATARI2600/Atari 2600/MondoPong.bin	emu/ROMS/ATARI2600/MondoPong.bin	ROM exclusiva de la subcarpeta, al primer nivel
MOVIDO	emu/ROMS/ATARI2600/Atari 2600/Monstercise.bin	emu/EXTRAS/ATARI2600-duplicados/Monstercise.bin	mismo SHA-1 que Monstercise (Prototype).a26
MOVIDO	emu/ROMS/ATARI2600/Atari 2600/Montezuma's Revenge.bin	emu/EXTRAS/ATARI2600-duplicados/Montezuma's Revenge.bin	mismo SHA-1 que Montezuma's Revenge, Featuring Panama Joe (NA).a26
MOVIDO	emu/ROMS/ATARI2600/Atari 2600/Moon Patrol.bin	emu/EXTRAS/ATARI2600-duplicados/Moon Patrol.bin	mismo SHA-1 que Moon Patrol (NA).a26
MOVIDO	emu/ROMS/ATARI2600/Atari 2600/Moonsweeper.bin	emu/EXTRAS/ATARI2600-duplicados/Moonsweeper.bin	mismo SHA-1 que Moonsweeper (NA).a26
MOVIDO	emu/ROMS/ATARI2600/Atari 2600/Moto Laser (CCE).bin	emu/ROMS/ATARI2600/Moto Laser (CCE).bin	ROM exclusiva de la subcarpeta, al primer nivel
MOVIDO	emu/ROMS/ATARI2600/Atari 2600/Motocross Racer - Joystik.bin	emu/ROMS/ATARI2600/Motocross Racer - Joystik.bin	ROM exclusiva de la subcarpeta, al primer nivel
MOVIDO	emu/ROMS/ATARI2600/Atari 2600/Motocross Racer.bin	emu/EXTRAS/ATARI2600-duplicados/Motocross Racer.bin	mismo SHA-1 que Motocross Racer (NA).a26
MOVIDO	emu/ROMS/ATARI2600/Atari 2600/Motocross.bin	emu/ROMS/ATARI2600/Motocross.bin	ROM exclusiva de la subcarpeta, al primer nivel
MOVIDO	emu/ROMS/ATARI2600/Atari 2600/Motorodeo.bin	emu/ROMS/ATARI2600/Motorodeo.bin	ROM exclusiva de la subcarpeta, al primer nivel
MOVIDO	emu/ROMS/ATARI2600/Atari 2600/Mouse Trap.bin	emu/EXTRAS/ATARI2600-duplicados/Mouse Trap.bin	mismo SHA-1 que Mouse Trap (NA).a26
MOVIDO	emu/ROMS/ATARI2600/Atari 2600/Mr. Do!'s Castle.bin	emu/ROMS/ATARI2600/Mr. Do!'s Castle.bin	ROM exclusiva de la subcarpeta, al primer nivel
MOVIDO	emu/ROMS/ATARI2600/Atari 2600/Mr. Do!.bin	emu/EXTRAS/ATARI2600-duplicados/Mr. Do!.bin	mismo SHA-1 que Mr. Do! (NA).a26
MOVIDO	emu/ROMS/ATARI2600/Atari 2600/Mr. Postman.bin	emu/EXTRAS/ATARI2600-duplicados/Mr. Postman.bin	mismo SHA-1 que Mr. Postman (NA).a26
MOVIDO	emu/ROMS/ATARI2600/Atari 2600/Ms. Pac-Man.bin	emu/EXTRAS/ATARI2600-duplicados/Ms. Pac-Man.bin	mismo SHA-1 que Ms. Pac-Man (NA).a26
MOVIDO	emu/ROMS/ATARI2600/Atari 2600/Multi-Sprite Demo.bin	emu/ROMS/ATARI2600/Multi-Sprite Demo.bin	ROM exclusiva de la subcarpeta, al primer nivel
MOVIDO	emu/ROMS/ATARI2600/Atari 2600/Music Machine.bin	emu/EXTRAS/ATARI2600-duplicados/Music Machine.bin	mismo SHA-1 que The Music Machine (NA).a26
MOVIDO	emu/ROMS/ATARI2600/Atari 2600/My Golf.bin	emu/ROMS/ATARI2600/My Golf.bin	ROM exclusiva de la subcarpeta, al primer nivel
MOVIDO	emu/ROMS/ATARI2600/Atari 2600/NAMEGAME.BIN	emu/EXTRAS/ATARI2600-duplicados/NAMEGAME.BIN	mismo SHA-1 que Name This Game (NA).a26
MOVIDO	emu/ROMS/ATARI2600/Atari 2600/NGHTMARE.BIN	emu/EXTRAS/ATARI2600-duplicados/NGHTMARE.BIN	mismo SHA-1 que Nightmare (NA).a26
MOVIDO	emu/ROMS/ATARI2600/Atari 2600/Nexar.bin	emu/EXTRAS/ATARI2600-duplicados/Nexar.bin	mismo SHA-1 que The Challenge of Nexar (NA).a26
MOVIDO	emu/ROMS/ATARI2600/Atari 2600/Night Driver (4k Version).bin	emu/ROMS/ATARI2600/Night Driver (4k Version).bin	ROM exclusiva de la subcarpeta, al primer nivel
MOVIDO	emu/ROMS/ATARI2600/Atari 2600/Night Stalker.bin	emu/EXTRAS/ATARI2600-duplicados/Night Stalker.bin	mismo SHA-1 que Night Stalker (EU).a26
MOVIDO	emu/ROMS/ATARI2600/Atari 2600/Nightmare.bin	emu/EXTRAS/ATARI2600-duplicados/Nightmare.bin	mismo SHA-1 que Nightmare (NA).a26
MOVIDO	emu/ROMS/ATARI2600/Atari 2600/No Escape! (1).bin	emu/EXTRAS/ATARI2600-duplicados/No Escape! (1).bin	mismo SHA-1 que No Escape! (NA).a26
MOVIDO	emu/ROMS/ATARI2600/Atari 2600/Nuts.bin	emu/EXTRAS/ATARI2600-duplicados/Nuts.bin	mismo SHA-1 que Nuts (NA).a26
MOVIDO	emu/ROMS/ATARI2600/Atari 2600/Obelix.bin	emu/ROMS/ATARI2600/Obelix.bin	ROM exclusiva de la subcarpeta, al primer nivel
MOVIDO	emu/ROMS/ATARI2600/Atari 2600/Ocean City Defender.bin	emu/EXTRAS/ATARI2600-duplicados/Ocean City Defender.bin	mismo SHA-1 que Ocean City Defender (NA).a26
MOVIDO	emu/ROMS/ATARI2600/Atari 2600/Octopus.bin	emu/EXTRAS/ATARI2600-duplicados/Octopus.bin	mismo SHA-1 que Name This Game (NA).a26
MOVIDO	emu/ROMS/ATARI2600/Atari 2600/Off Your Rocker.bin	emu/EXTRAS/ATARI2600-duplicados/Off Your Rocker.bin	mismo SHA-1 que Off Your Rocker (Prototype).a26
MOVIDO	emu/ROMS/ATARI2600/Atari 2600/Ofthwall.bin	emu/EXTRAS/ATARI2600-duplicados/Ofthwall.bin	mismo SHA-1 que Off the Wall (NA).a26
MOVIDO	emu/ROMS/ATARI2600/Atari 2600/Oink!.bin	emu/EXTRAS/ATARI2600-duplicados/Oink!.bin	mismo SHA-1 que Oink! (NA).a26
MOVIDO	emu/ROMS/ATARI2600/Atari 2600/Okie Dokie.bin	emu/ROMS/ATARI2600/Okie Dokie.bin	ROM exclusiva de la subcarpeta, al primer nivel
MOVIDO	emu/ROMS/ATARI2600/Atari 2600/Omegarac.bin	emu/EXTRAS/ATARI2600-duplicados/Omegarac.bin	mismo SHA-1 que Omega Race (NA).a26
MOVIDO	emu/ROMS/ATARI2600/Atari 2600/Open Sesame.bin	emu/ROMS/ATARI2600/Open Sesame.bin	ROM exclusiva de la subcarpeta, al primer nivel
MOVIDO	emu/ROMS/ATARI2600/Atari 2600/Oscar's Trash Race.bin	emu/EXTRAS/ATARI2600-duplicados/Oscar's Trash Race.bin	mismo SHA-1 que Oscar's Trash Race (NA).a26
MOVIDO	emu/ROMS/ATARI2600/Atari 2600/Othello (32 in 1) (PAL).bin	emu/ROMS/ATARI2600/Othello (32 in 1) (PAL).bin	ROM exclusiva de la subcarpeta, al primer nivel
MOVIDO	emu/ROMS/ATARI2600/Atari 2600/Out of Control.bin	emu/EXTRAS/ATARI2600-duplicados/Out of Control.bin	mismo SHA-1 que Out of Control (NA).a26
MOVIDO	emu/ROMS/ATARI2600/Atari 2600/Outerspc.bin	emu/EXTRAS/ATARI2600-duplicados/Outerspc.bin	mismo SHA-1 que Star Ship (NA).a26
MOVIDO	emu/ROMS/ATARI2600/Atari 2600/Outlaw (32 in 1) (PAL).bin	emu/ROMS/ATARI2600/Outlaw (32 in 1) (PAL).bin	ROM exclusiva de la subcarpeta, al primer nivel
MOVIDO	emu/ROMS/ATARI2600/Atari 2600/Outlaw - GunSlinger (2).bin	emu/ROMS/ATARI2600/Outlaw - GunSlinger (2).bin	ROM exclusiva de la subcarpeta, al primer nivel
MOVIDO	emu/ROMS/ATARI2600/Atari 2600/Oystron.bin	emu/ROMS/ATARI2600/Oystron.bin	ROM exclusiva de la subcarpeta, al primer nivel
MOVIDO	emu/ROMS/ATARI2600/Atari 2600/Pac Kong.bin	emu/ROMS/ATARI2600/Pac Kong.bin	ROM exclusiva de la subcarpeta, al primer nivel
MOVIDO	emu/ROMS/ATARI2600/Atari 2600/Pac-Man.bin	emu/EXTRAS/ATARI2600-duplicados/Pac-Man.bin	mismo SHA-1 que Pac-Man (NA).a26
MOVIDO	emu/ROMS/ATARI2600/Atari 2600/Pac-Space.bin	emu/ROMS/ATARI2600/Pac-Space.bin	ROM exclusiva de la subcarpeta, al primer nivel
MOVIDO	emu/ROMS/ATARI2600/Atari 2600/Panda Chase.bin	emu/ROMS/ATARI2600/Panda Chase.bin	ROM exclusiva de la subcarpeta, al primer nivel
MOVIDO	emu/ROMS/ATARI2600/Atari 2600/Parachute.bin	emu/ROMS/ATARI2600/Parachute.bin	ROM exclusiva de la subcarpeta, al primer nivel
MOVIDO	emu/ROMS/ATARI2600/Atari 2600/Peek-A-Boo.bin	emu/EXTRAS/ATARI2600-duplicados/Peek-A-Boo.bin	mismo SHA-1 que Peek-a-Boo (Prototype).a26
MOVIDO	emu/ROMS/ATARI2600/Atari 2600/Pele's Championship Soccer (pirate).bin	emu/ROMS/ATARI2600/Pele's Championship Soccer (pirate).bin	ROM exclusiva de la subcarpeta, al primer nivel
MOVIDO	emu/ROMS/ATARI2600/Atari 2600/Pele's Championship Soccer.bin	emu/EXTRAS/ATARI2600-duplicados/Pele's Championship Soccer.bin	mismo SHA-1 que Championship Soccer (NA).a26
MOVIDO	emu/ROMS/ATARI2600/Atari 2600/Pele.bin	emu/EXTRAS/ATARI2600-duplicados/Pele.bin	mismo SHA-1 que Championship Soccer (NA).a26
MOVIDO	emu/ROMS/ATARI2600/Atari 2600/Pengo.bin	emu/EXTRAS/ATARI2600-duplicados/Pengo.bin	mismo SHA-1 que Pengo (NA).a26
MOVIDO	emu/ROMS/ATARI2600/Atari 2600/Pete Rose Baseball.bin	emu/EXTRAS/ATARI2600-duplicados/Pete Rose Baseball.bin	mismo SHA-1 que Pete Rose Baseball (NA).a26
MOVIDO	emu/ROMS/ATARI2600/Atari 2600/Phantom Tank (PAL).bin	emu/ROMS/ATARI2600/Phantom Tank (PAL).bin	ROM exclusiva de la subcarpeta, al primer nivel
MOVIDO	emu/ROMS/ATARI2600/Atari 2600/Pharoah's Curse.bin	emu/EXTRAS/ATARI2600-duplicados/Pharoah's Curse.bin	mismo SHA-1 que Pharaoh's Curse (NA).a26
MOVIDO	emu/ROMS/ATARI2600/Atari 2600/Philly Flasher.bin	emu/EXTRAS/ATARI2600-duplicados/Philly Flasher.bin	mismo SHA-1 que Philly Flasher (EU).a26
MOVIDO	emu/ROMS/ATARI2600/Atari 2600/Phoenix.bin	emu/EXTRAS/ATARI2600-duplicados/Phoenix.bin	mismo SHA-1 que Phoenix (NA).a26
MOVIDO	emu/ROMS/ATARI2600/Atari 2600/Pick 'n Pile.bin	emu/ROMS/ATARI2600/Pick 'n Pile.bin	ROM exclusiva de la subcarpeta, al primer nivel
MOVIDO	emu/ROMS/ATARI2600/Atari 2600/PickUp.BIN	emu/EXTRAS/ATARI2600-duplicados/PickUp.BIN	mismo SHA-1 que Pick Up (Prototype).a26
MOVIDO	emu/ROMS/ATARI2600/Atari 2600/Picnic.bin	emu/EXTRAS/ATARI2600-duplicados/Picnic.bin	mismo SHA-1 que Picnic (NA).a26
MOVIDO	emu/ROMS/ATARI2600/Atari 2600/Piece o' Cake.bin	emu/EXTRAS/ATARI2600-duplicados/Piece o' Cake.bin	mismo SHA-1 que Piece o' Cake (NA).a26
MOVIDO	emu/ROMS/ATARI2600/Atari 2600/Pigs in Space.bin	emu/EXTRAS/ATARI2600-duplicados/Pigs in Space.bin	mismo SHA-1 que Pigs in Space, Starring Miss Piggy (NA).a26
MOVIDO	emu/ROMS/ATARI2600/Atari 2600/Pitfall II - Lost Caverns (10K version).bin	emu/EXTRAS/ATARI2600-duplicados/Pitfall II - Lost Caverns (10K version).bin	mismo SHA-1 que Pitfall II - Lost Caverns (NA).a26
MOVIDO	emu/ROMS/ATARI2600/Atari 2600/Pitfall! No Walls Hack.bin	emu/ROMS/ATARI2600/Pitfall! No Walls Hack.bin	ROM exclusiva de la subcarpeta, al primer nivel
MOVIDO	emu/ROMS/ATARI2600/Atari 2600/Pitfall!.bin	emu/EXTRAS/ATARI2600-duplicados/Pitfall!.bin	mismo SHA-1 que Pitfall! (NA).a26
MOVIDO	emu/ROMS/ATARI2600/Atari 2600/PizzaChef.bin	emu/ROMS/ATARI2600/PizzaChef.bin	ROM exclusiva de la subcarpeta, al primer nivel
MOVIDO	emu/ROMS/ATARI2600/Atari 2600/Planet Patrol.bin	emu/EXTRAS/ATARI2600-duplicados/Planet Patrol.bin	mismo SHA-1 que Planet Patrol (NA).a26
MOVIDO	emu/ROMS/ATARI2600/Atari 2600/PlanetOfTheApes.bin	emu/EXTRAS/ATARI2600-duplicados/PlanetOfTheApes.bin	mismo SHA-1 que Planet of the Apes (Prototype).a26
MOVIDO	emu/ROMS/ATARI2600/Atari 2600/Plaque Attack.bin	emu/EXTRAS/ATARI2600-duplicados/Plaque Attack.bin	mismo SHA-1 que Plaque Attack (NA).a26
MOVIDO	emu/ROMS/ATARI2600/Atari 2600/Pleiades.bin	emu/EXTRAS/ATARI2600-duplicados/Pleiades.bin	mismo SHA-1 que Pleiades (Prototype).a26
MOVIDO	emu/ROMS/ATARI2600/Atari 2600/Polaris.bin	emu/ROMS/ATARI2600/Polaris.bin	ROM exclusiva de la subcarpeta, al primer nivel
MOVIDO	emu/ROMS/ATARI2600/Atari 2600/Pole Position.bin	emu/ROMS/ATARI2600/Pole Position.bin	ROM exclusiva de la subcarpeta, al primer nivel
MOVIDO	emu/ROMS/ATARI2600/Atari 2600/Polo.bin	emu/EXTRAS/ATARI2600-duplicados/Polo.bin	mismo SHA-1 que Polo (Prototype).a26
MOVIDO	emu/ROMS/ATARI2600/Atari 2600/Pompeii.bin	emu/EXTRAS/ATARI2600-duplicados/Pompeii.bin	mismo SHA-1 que Pompeii (Prototype).a26
MOVIDO	emu/ROMS/ATARI2600/Atari 2600/Pooyan.bin	emu/EXTRAS/ATARI2600-duplicados/Pooyan.bin	mismo SHA-1 que Pooyan (NA).a26
MOVIDO	emu/ROMS/ATARI2600/Atari 2600/Popeye.bin	emu/EXTRAS/ATARI2600-duplicados/Popeye.bin	mismo SHA-1 que Popeye (NA).a26
MOVIDO	emu/ROMS/ATARI2600/Atari 2600/Porky's.bin	emu/EXTRAS/ATARI2600-duplicados/Porky's.bin	mismo SHA-1 que Porky's (NA).a26
MOVIDO	emu/ROMS/ATARI2600/Atari 2600/Pressure Cooker.bin	emu/EXTRAS/ATARI2600-duplicados/Pressure Cooker.bin	mismo SHA-1 que Pressure Cooker (NA).a26
MOVIDO	emu/ROMS/ATARI2600/Atari 2600/Private Eye.bin	emu/EXTRAS/ATARI2600-duplicados/Private Eye.bin	mismo SHA-1 que Private Eye (NA).a26
MOVIDO	emu/ROMS/ATARI2600/Atari 2600/Puzzle (Taiwan).bin	emu/ROMS/ATARI2600/Puzzle (Taiwan).bin	ROM exclusiva de la subcarpeta, al primer nivel
MOVIDO	emu/ROMS/ATARI2600/Atari 2600/Pyramid War.bin	emu/ROMS/ATARI2600/Pyramid War.bin	ROM exclusiva de la subcarpeta, al primer nivel
MOVIDO	emu/ROMS/ATARI2600/Atari 2600/Q-bert's Qubes (2).bin	emu/EXTRAS/ATARI2600-duplicados/Q-bert's Qubes (2).bin	mismo SHA-1 que Q-bert's Qubes (NA).a26
MOVIDO	emu/ROMS/ATARI2600/Atari 2600/Q-bert.bin	emu/EXTRAS/ATARI2600-duplicados/Q-bert.bin	mismo SHA-1 que Q-bert (NA).a26
MOVIDO	emu/ROMS/ATARI2600/Atari 2600/Quadrun.bin	emu/ROMS/ATARI2600/Quadrun.bin	ROM exclusiva de la subcarpeta, al primer nivel
MOVIDO	emu/ROMS/ATARI2600/Atari 2600/Quest for Quintana Roo.bin	emu/EXTRAS/ATARI2600-duplicados/Quest for Quintana Roo.bin	mismo SHA-1 que Quest for Quintana Roo (NA).a26
MOVIDO	emu/ROMS/ATARI2600/Atari 2600/Quick Step!.bin	emu/EXTRAS/ATARI2600-duplicados/Quick Step!.bin	mismo SHA-1 que Quick Step! (NA).a26
MOVIDO	emu/ROMS/ATARI2600/Atari 2600/Rabbittr.bin	emu/ROMS/ATARI2600/Rabbittr.bin	ROM exclusiva de la subcarpeta, al primer nivel
MOVIDO	emu/ROMS/ATARI2600/Atari 2600/Racquetball.bin	emu/EXTRAS/ATARI2600-duplicados/Racquetball.bin	mismo SHA-1 que Racquetball (NA).a26
MOVIDO	emu/ROMS/ATARI2600/Atari 2600/Radarlok.bin	emu/EXTRAS/ATARI2600-duplicados/Radarlok.bin	mismo SHA-1 que Radar Lock (NA).a26
MOVIDO	emu/ROMS/ATARI2600/Atari 2600/Raft Rider.bin	emu/EXTRAS/ATARI2600-duplicados/Raft Rider.bin	mismo SHA-1 que Raft Rider (NA).a26
MOVIDO	emu/ROMS/ATARI2600/Atari 2600/Raiders of the Lost Ark.bin	emu/EXTRAS/ATARI2600-duplicados/Raiders of the Lost Ark.bin	mismo SHA-1 que Raiders of the Lost Ark (NA).a26
MOVIDO	emu/ROMS/ATARI2600/Atari 2600/Rainbow Invaders NTSC.bin	emu/ROMS/ATARI2600/Rainbow Invaders NTSC.bin	ROM exclusiva de la subcarpeta, al primer nivel
MOVIDO	emu/ROMS/ATARI2600/Atari 2600/Ram It.bin	emu/EXTRAS/ATARI2600-duplicados/Ram It.bin	mismo SHA-1 que Ram It (NA).a26
MOVIDO	emu/ROMS/ATARI2600/Atari 2600/Rampage!.bin	emu/EXTRAS/ATARI2600-duplicados/Rampage!.bin	mismo SHA-1 que Rampage! (NA).a26
MOVIDO	emu/ROMS/ATARI2600/Atari 2600/Reactor.bin	emu/EXTRAS/ATARI2600-duplicados/Reactor.bin	mismo SHA-1 que Reactor (NA).a26
MOVIDO	emu/ROMS/ATARI2600/Atari 2600/RealSports Baseball.bin	emu/EXTRAS/ATARI2600-duplicados/RealSports Baseball.bin	mismo SHA-1 que RealSports Baseball (NA).a26
MOVIDO	emu/ROMS/ATARI2600/Atari 2600/RealSports Boxing.bin	emu/EXTRAS/ATARI2600-duplicados/RealSports Boxing.bin	mismo SHA-1 que RealSports Boxing (NA).a26
MOVIDO	emu/ROMS/ATARI2600/Atari 2600/RealSports Football.bin	emu/EXTRAS/ATARI2600-duplicados/RealSports Football.bin	mismo SHA-1 que RealSports Football (NA).a26
MOVIDO	emu/ROMS/ATARI2600/Atari 2600/RealSports Soccer.bin	emu/EXTRAS/ATARI2600-duplicados/RealSports Soccer.bin	mismo SHA-1 que RealSports Soccer (NA).a26
MOVIDO	emu/ROMS/ATARI2600/Atari 2600/RealSports Tennis (1).bin	emu/ROMS/ATARI2600/RealSports Tennis (1).bin	ROM exclusiva de la subcarpeta, al primer nivel
MOVIDO	emu/ROMS/ATARI2600/Atari 2600/RealSports Volleyball.bin	emu/EXTRAS/ATARI2600-duplicados/RealSports Volleyball.bin	mismo SHA-1 que RealSports Volleyball (NA).a26
MOVIDO	emu/ROMS/ATARI2600/Atari 2600/Rescue Bira Bira.bin	emu/ROMS/ATARI2600/Rescue Bira Bira.bin	ROM exclusiva de la subcarpeta, al primer nivel
MOVIDO	emu/ROMS/ATARI2600/Atari 2600/Rescue Terra I.bin	emu/EXTRAS/ATARI2600-duplicados/Rescue Terra I.bin	mismo SHA-1 que Rescue Terra I (NA).a26
MOVIDO	emu/ROMS/ATARI2600/Atari 2600/Resgate Espacial (CCE).bin	emu/ROMS/ATARI2600/Resgate Espacial (CCE).bin	ROM exclusiva de la subcarpeta, al primer nivel
MOVIDO	emu/ROMS/ATARI2600/Atari 2600/Revenge of the Beefsteak Tomatoes.bin	emu/EXTRAS/ATARI2600-duplicados/Revenge of the Beefsteak Tomatoes.bin	mismo SHA-1 que Revenge of the Beefsteak Tomatoes (NA).a26
MOVIDO	emu/ROMS/ATARI2600/Atari 2600/RevengeOfTheApes.bin	emu/ROMS/ATARI2600/RevengeOfTheApes.bin	ROM exclusiva de la subcarpeta, al primer nivel
MOVIDO	emu/ROMS/ATARI2600/Atari 2600/Riddle of the Sphinx.bin	emu/EXTRAS/ATARI2600-duplicados/Riddle of the Sphinx.bin	mismo SHA-1 que Riddle of the Sphinx (NA).a26
MOVIDO	emu/ROMS/ATARI2600/Atari 2600/River Patrol.bin	emu/EXTRAS/ATARI2600-duplicados/River Patrol.bin	mismo SHA-1 que River Patrol (NA).a26
MOVIDO	emu/ROMS/ATARI2600/Atari 2600/River Raid (16k Version).bin	emu/ROMS/ATARI2600/River Raid (16k Version).bin	ROM exclusiva de la subcarpeta, al primer nivel
MOVIDO	emu/ROMS/ATARI2600/Atari 2600/River_tw.bin	emu/ROMS/ATARI2600/River_tw.bin	ROM exclusiva de la subcarpeta, al primer nivel
MOVIDO	emu/ROMS/ATARI2600/Atari 2600/Rivraid2.bin	emu/EXTRAS/ATARI2600-duplicados/Rivraid2.bin	mismo SHA-1 que River Raid II (NA).a26
MOVIDO	emu/ROMS/ATARI2600/Atari 2600/Road Runner.bin	emu/ROMS/ATARI2600/Road Runner.bin	ROM exclusiva de la subcarpeta, al primer nivel
MOVIDO	emu/ROMS/ATARI2600/Atari 2600/Robin Hood.bin	emu/EXTRAS/ATARI2600-duplicados/Robin Hood.bin	mismo SHA-1 que Robin Hood (NA).a26
MOVIDO	emu/ROMS/ATARI2600/Atari 2600/Robot Fight.bin	emu/ROMS/ATARI2600/Robot Fight.bin	ROM exclusiva de la subcarpeta, al primer nivel
MOVIDO	emu/ROMS/ATARI2600/Atari 2600/Robot Tank.bin	emu/EXTRAS/ATARI2600-duplicados/Robot Tank.bin	mismo SHA-1 que Robot Tank (NA).a26
MOVIDO	emu/ROMS/ATARI2600/Atari 2600/Roc n' Rope.bin	emu/EXTRAS/ATARI2600-duplicados/Roc n' Rope.bin	mismo SHA-1 que Roc 'n Rope (NA).a26
MOVIDO	emu/ROMS/ATARI2600/Atari 2600/Room of Doom.bin	emu/EXTRAS/ATARI2600-duplicados/Room of Doom.bin	mismo SHA-1 que Room of Doom (NA).a26
MOVIDO	emu/ROMS/ATARI2600/Atari 2600/RubiksCube3D.bin	emu/EXTRAS/ATARI2600-duplicados/RubiksCube3D.bin	mismo SHA-1 que Rubik's Cube 3-D (Prototype).a26
MOVIDO	emu/ROMS/ATARI2600/Atari 2600/RushHour.BIN	emu/ROMS/ATARI2600/RushHour.BIN	ROM exclusiva de la subcarpeta, al primer nivel
MOVIDO	emu/ROMS/ATARI2600/Atari 2600/SCUDIV_P.BIN	emu/ROMS/ATARI2600/SCUDIV_P.BIN	ROM exclusiva de la subcarpeta, al primer nivel
MOVIDO	emu/ROMS/ATARI2600/Atari 2600/SECRETQ.BIN	emu/EXTRAS/ATARI2600-duplicados/SECRETQ.BIN	mismo SHA-1 que Secret Quest (NA).a26
MOVIDO	emu/ROMS/ATARI2600/Atari 2600/SMRFSAVE.BIN	emu/EXTRAS/ATARI2600-duplicados/SMRFSAVE.BIN	mismo SHA-1 que Smurfs Save the Day (NA).a26
MOVIDO	emu/ROMS/ATARI2600/Atari 2600/SP-DL.BIN	emu/ROMS/ATARI2600/SP-DL.BIN	ROM exclusiva de la subcarpeta, al primer nivel
MOVIDO	emu/ROMS/ATARI2600/Atari 2600/STAREMPR.BIN	emu/EXTRAS/ATARI2600-duplicados/STAREMPR.BIN	mismo SHA-1 que Star Wars - The Empire Strikes Back (NA).a26
MOVIDO	emu/ROMS/ATARI2600/Atari 2600/STARGN.BIN	emu/EXTRAS/ATARI2600-duplicados/STARGN.BIN	mismo SHA-1 que Star Gunner (BR).a26
MOVIDO	emu/ROMS/ATARI2600/Atari 2600/STARTREK.BIN	emu/EXTRAS/ATARI2600-duplicados/STARTREK.BIN	mismo SHA-1 que Star Trek - Strategic Operations Simulator (NA).a26
MOVIDO	emu/ROMS/ATARI2600/Atari 2600/STARVYGR.BIN	emu/EXTRAS/ATARI2600-duplicados/STARVYGR.BIN	mismo SHA-1 que Star Voyager (NA).a26
MOVIDO	emu/ROMS/ATARI2600/Atari 2600/SWARCADE.BIN	emu/EXTRAS/ATARI2600-duplicados/SWARCADE.BIN	mismo SHA-1 que Star Wars - The Arcade Game (NA).a26
MOVIDO	emu/ROMS/ATARI2600/Atari 2600/Saboteur.bin	emu/ROMS/ATARI2600/Saboteur.bin	ROM exclusiva de la subcarpeta, al primer nivel
MOVIDO	emu/ROMS/ATARI2600/Atari 2600/Save Our Ship.bin	emu/ROMS/ATARI2600/Save Our Ship.bin	ROM exclusiva de la subcarpeta, al primer nivel
MOVIDO	emu/ROMS/ATARI2600/Atari 2600/SaveMary_NTSC.bin	emu/EXTRAS/ATARI2600-duplicados/SaveMary_NTSC.bin	mismo SHA-1 que Save Mary! (Prototype).a26
MOVIDO	emu/ROMS/ATARI2600/Atari 2600/SaveTheWhales.BIN	emu/EXTRAS/ATARI2600-duplicados/SaveTheWhales.BIN	mismo SHA-1 que Save the Whales (Prototype).a26
MOVIDO	emu/ROMS/ATARI2600/Atari 2600/Sea Hawk (CCE).bin	emu/ROMS/ATARI2600/Sea Hawk (CCE).bin	ROM exclusiva de la subcarpeta, al primer nivel
MOVIDO	emu/ROMS/ATARI2600/Atari 2600/Sea Hunt.bin	emu/EXTRAS/ATARI2600-duplicados/Sea Hunt.bin	mismo SHA-1 que Sea Hunt (NA).a26
MOVIDO	emu/ROMS/ATARI2600/Atari 2600/Sea Monster (PAL).bin	emu/ROMS/ATARI2600/Sea Monster (PAL).bin	ROM exclusiva de la subcarpeta, al primer nivel
MOVIDO	emu/ROMS/ATARI2600/Atari 2600/Seaquest.bin	emu/EXTRAS/ATARI2600-duplicados/Seaquest.bin	mismo SHA-1 que Seaquest (NA).a26
MOVIDO	emu/ROMS/ATARI2600/Atari 2600/Seesaw (Taiwan).bin	emu/ROMS/ATARI2600/Seesaw (Taiwan).bin	ROM exclusiva de la subcarpeta, al primer nivel
MOVIDO	emu/ROMS/ATARI2600/Atari 2600/Sentinel.bin	emu/EXTRAS/ATARI2600-duplicados/Sentinel.bin	mismo SHA-1 que Sentinel (NA).a26
MOVIDO	emu/ROMS/ATARI2600/Atari 2600/Shark Attack.bin	emu/EXTRAS/ATARI2600-duplicados/Shark Attack.bin	mismo SHA-1 que Shark Attack (NA).a26
MOVIDO	emu/ROMS/ATARI2600/Atari 2600/Shootin' Gallery.bin	emu/EXTRAS/ATARI2600-duplicados/Shootin' Gallery.bin	mismo SHA-1 que Shootin' Gallery (NA).a26
MOVIDO	emu/ROMS/ATARI2600/Atari 2600/Shuttle Orbiter.bin	emu/EXTRAS/ATARI2600-duplicados/Shuttle Orbiter.bin	mismo SHA-1 que Shuttle Orbiter (NA).a26
MOVIDO	emu/ROMS/ATARI2600/Atari 2600/Sinistar.bin	emu/ROMS/ATARI2600/Sinistar.bin	ROM exclusiva de la subcarpeta, al primer nivel
MOVIDO	emu/ROMS/ATARI2600/Atari 2600/Sir Lancelot.bin	emu/ROMS/ATARI2600/Sir Lancelot.bin	ROM exclusiva de la subcarpeta, al primer nivel
MOVIDO	emu/ROMS/ATARI2600/Atari 2600/Skateboardin'.bin	emu/EXTRAS/ATARI2600-duplicados/Skateboardin'.bin	mismo SHA-1 que Skate Boardin' (NA).a26
MOVIDO	emu/ROMS/ATARI2600/Atari 2600/Skeet Shoot (1).bin	emu/EXTRAS/ATARI2600-duplicados/Skeet Shoot (1).bin	mismo SHA-1 que Skeet Shoot (NA).a26
MOVIDO	emu/ROMS/ATARI2600/Atari 2600/Skeet Shoot (2).bin	emu/ROMS/ATARI2600/Skeet Shoot (2).bin	ROM exclusiva de la subcarpeta, al primer nivel
MOVIDO	emu/ROMS/ATARI2600/Atari 2600/SkelPPAL.bin	emu/ROMS/ATARI2600/SkelPPAL.bin	ROM exclusiva de la subcarpeta, al primer nivel
MOVIDO	emu/ROMS/ATARI2600/Atari 2600/SkelPlus.bin	emu/ROMS/ATARI2600/SkelPlus.bin	ROM exclusiva de la subcarpeta, al primer nivel
MOVIDO	emu/ROMS/ATARI2600/Atari 2600/Ski Hunt.bin	emu/ROMS/ATARI2600/Ski Hunt.bin	ROM exclusiva de la subcarpeta, al primer nivel
MOVIDO	emu/ROMS/ATARI2600/Atari 2600/Ski Run.bin	emu/ROMS/ATARI2600/Ski Run.bin	ROM exclusiva de la subcarpeta, al primer nivel
MOVIDO	emu/ROMS/ATARI2600/Atari 2600/Skiing (1).bin	emu/EXTRAS/ATARI2600-duplicados/Skiing (1).bin	mismo SHA-1 que Skiing (NA).a26
MOVIDO	emu/ROMS/ATARI2600/Atari 2600/Skiing (2).bin	emu/ROMS/ATARI2600/Skiing (2).bin	ROM exclusiva de la subcarpeta, al primer nivel
MOVIDO	emu/ROMS/ATARI2600/Atari 2600/Skiing (32 in 1) (PAL).bin	emu/ROMS/ATARI2600/Skiing (32 in 1) (PAL).bin	ROM exclusiva de la subcarpeta, al primer nivel
MOVIDO	emu/ROMS/ATARI2600/Atari 2600/Sky Diver (32 in 1) (PAL).bin	emu/ROMS/ATARI2600/Sky Diver (32 in 1) (PAL).bin	ROM exclusiva de la subcarpeta, al primer nivel
MOVIDO	emu/ROMS/ATARI2600/Atari 2600/Sky Diver.bin	emu/EXTRAS/ATARI2600-duplicados/Sky Diver.bin	mismo SHA-1 que Sky Diver (NA).a26
MOVIDO	emu/ROMS/ATARI2600/Atari 2600/Sky Jinks (4k version).bin	emu/ROMS/ATARI2600/Sky Jinks (4k version).bin	ROM exclusiva de la subcarpeta, al primer nivel
MOVIDO	emu/ROMS/ATARI2600/Atari 2600/Sky Patrol (Prototype).bin	emu/EXTRAS/ATARI2600-duplicados/Sky Patrol (Prototype).bin	mismo SHA-1 que Sky Patrol (Prototype).a26
MOVIDO	emu/ROMS/ATARI2600/Atari 2600/Sky Skipper.bin	emu/EXTRAS/ATARI2600-duplicados/Sky Skipper.bin	mismo SHA-1 que Sky Skipper (NA).a26
MOVIDO	emu/ROMS/ATARI2600/Atari 2600/Slot Machine (32 in 1) (PAL).bin	emu/ROMS/ATARI2600/Slot Machine (32 in 1) (PAL).bin	ROM exclusiva de la subcarpeta, al primer nivel
MOVIDO	emu/ROMS/ATARI2600/Atari 2600/Slot Machine.bin	emu/EXTRAS/ATARI2600-duplicados/Slot Machine.bin	mismo SHA-1 que Slot Machine (NA).a26
MOVIDO	emu/ROMS/ATARI2600/Atari 2600/Slot Racers (32 in 1) (PAL).bin	emu/ROMS/ATARI2600/Slot Racers (32 in 1) (PAL).bin	ROM exclusiva de la subcarpeta, al primer nivel
MOVIDO	emu/ROMS/ATARI2600/Atari 2600/Slot Racers - Maze (1).bin	emu/EXTRAS/ATARI2600-duplicados/Slot Racers - Maze (1).bin	mismo SHA-1 que Slot Racers (NA).a26
MOVIDO	emu/ROMS/ATARI2600/Atari 2600/Slot Racers - Maze (2).bin	emu/ROMS/ATARI2600/Slot Racers - Maze (2).bin	ROM exclusiva de la subcarpeta, al primer nivel
MOVIDO	emu/ROMS/ATARI2600/Atari 2600/Smurfs - Rescue in Gargamel's Castle.bin	emu/EXTRAS/ATARI2600-duplicados/Smurfs - Rescue in Gargamel's Castle.bin	mismo SHA-1 que Smurf - Rescue in Gargamel's Castle (NA).a26
MOVIDO	emu/ROMS/ATARI2600/Atari 2600/Snail Against Squirrel (CCE).bin	emu/EXTRAS/ATARI2600-duplicados/Snail Against Squirrel (CCE).bin	mismo SHA-1 que Squirrel (NA).a26
MOVIDO	emu/ROMS/ATARI2600/Atari 2600/Sneek n Peek.bin	emu/EXTRAS/ATARI2600-duplicados/Sneek n Peek.bin	mismo SHA-1 que Sneak 'n Peek (NA).a26
MOVIDO	emu/ROMS/ATARI2600/Atari 2600/Snoopy and the Red Baron.bin	emu/EXTRAS/ATARI2600-duplicados/Snoopy and the Red Baron.bin	mismo SHA-1 que Snoopy and the Red Baron (NA).a26
MOVIDO	emu/ROMS/ATARI2600/Atari 2600/Soccer (Unlicensed).bin	emu/ROMS/ATARI2600/Soccer (Unlicensed).bin	ROM exclusiva de la subcarpeta, al primer nivel
MOVIDO	emu/ROMS/ATARI2600/Atari 2600/Solar Fox.bin	emu/EXTRAS/ATARI2600-duplicados/Solar Fox.bin	mismo SHA-1 que Solar Fox (NA).a26
MOVIDO	emu/ROMS/ATARI2600/Atari 2600/Solar Storm.bin	emu/EXTRAS/ATARI2600-duplicados/Solar Storm.bin	mismo SHA-1 que Solar Storm (NA).a26
MOVIDO	emu/ROMS/ATARI2600/Atari 2600/SolarPlexus.bin	emu/ROMS/ATARI2600/SolarPlexus.bin	ROM exclusiva de la subcarpeta, al primer nivel
MOVIDO	emu/ROMS/ATARI2600/Atari 2600/Solaris.bin	emu/EXTRAS/ATARI2600-duplicados/Solaris.bin	mismo SHA-1 que Solaris (NA).a26
MOVIDO	emu/ROMS/ATARI2600/Atari 2600/Sorcerer's Apprentice.bin	emu/EXTRAS/ATARI2600-duplicados/Sorcerer's Apprentice.bin	mismo SHA-1 que Sorcerer's Apprentice (NA).a26
MOVIDO	emu/ROMS/ATARI2600/Atari 2600/Sorcerer.bin	emu/EXTRAS/ATARI2600-duplicados/Sorcerer.bin	mismo SHA-1 que Sorcerer (NA).a26
MOVIDO	emu/ROMS/ATARI2600/Atari 2600/Space Attack.bin	emu/EXTRAS/ATARI2600-duplicados/Space Attack.bin	mismo SHA-1 que Space Attack (NA).a26
MOVIDO	emu/ROMS/ATARI2600/Atari 2600/Space Canyon.bin	emu/EXTRAS/ATARI2600-duplicados/Space Canyon.bin	mismo SHA-1 que Space Canyon (NA).a26
MOVIDO	emu/ROMS/ATARI2600/Atari 2600/Space Cavern.bin	emu/EXTRAS/ATARI2600-duplicados/Space Cavern.bin	mismo SHA-1 que Space Cavern (NA).a26
MOVIDO	emu/ROMS/ATARI2600/Atari 2600/Space Invaders.bin	emu/EXTRAS/ATARI2600-duplicados/Space Invaders.bin	mismo SHA-1 que Space Invaders (NA).a26
MOVIDO	emu/ROMS/ATARI2600/Atari 2600/Space Jockey (32 in 1) (PAL).bin	emu/ROMS/ATARI2600/Space Jockey (32 in 1) (PAL).bin	ROM exclusiva de la subcarpeta, al primer nivel
MOVIDO	emu/ROMS/ATARI2600/Atari 2600/Space Jockey (4K version).bin	emu/ROMS/ATARI2600/Space Jockey (4K version).bin	ROM exclusiva de la subcarpeta, al primer nivel
MOVIDO	emu/ROMS/ATARI2600/Atari 2600/Space Jockey.bin	emu/EXTRAS/ATARI2600-duplicados/Space Jockey.bin	mismo SHA-1 que Space Jockey (NA).a26
MOVIDO	emu/ROMS/ATARI2600/Atari 2600/Space Raid.bin	emu/ROMS/ATARI2600/Space Raid.bin	ROM exclusiva de la subcarpeta, al primer nivel
MOVIDO	emu/ROMS/ATARI2600/Atari 2600/Space Robot.bin	emu/EXTRAS/ATARI2600-duplicados/Space Robot.bin	mismo SHA-1 que Space Robot (EU).a26
MOVIDO	emu/ROMS/ATARI2600/Atari 2600/Space Shuttle.bin	emu/EXTRAS/ATARI2600-duplicados/Space Shuttle.bin	mismo SHA-1 que Space Shuttle - A Journey into Space (NA).a26
MOVIDO	emu/ROMS/ATARI2600/Atari 2600/Space Tunnel (PAL).bin	emu/ROMS/ATARI2600/Space Tunnel (PAL).bin	ROM exclusiva de la subcarpeta, al primer nivel
MOVIDO	emu/ROMS/ATARI2600/Atari 2600/Space Tunnel (Taiwan).bin	emu/ROMS/ATARI2600/Space Tunnel (Taiwan).bin	ROM exclusiva de la subcarpeta, al primer nivel
MOVIDO	emu/ROMS/ATARI2600/Atari 2600/Space War (32 in 1) (PAL).bin	emu/ROMS/ATARI2600/Space War (32 in 1) (PAL).bin	ROM exclusiva de la subcarpeta, al primer nivel
MOVIDO	emu/ROMS/ATARI2600/Atari 2600/Space War (4k Version).bin	emu/ROMS/ATARI2600/Space War (4k Version).bin	ROM exclusiva de la subcarpeta, al primer nivel
MOVIDO	emu/ROMS/ATARI2600/Atari 2600/Space War.bin	emu/EXTRAS/ATARI2600-duplicados/Space War.bin	mismo SHA-1 que Space War (NA).a26
MOVIDO	emu/ROMS/ATARI2600/Atari 2600/SpaceAdventure_Zellers.BIN	emu/EXTRAS/ATARI2600-duplicados/SpaceAdventure_Zellers.BIN	mismo SHA-1 que Flash Gordon (NA).a26
MOVIDO	emu/ROMS/ATARI2600/Atari 2600/SpaceMaster X-7.bin	emu/EXTRAS/ATARI2600-duplicados/SpaceMaster X-7.bin	mismo SHA-1 que SpaceMaster X-7 (NA).a26
MOVIDO	emu/ROMS/ATARI2600/Atari 2600/Spacechase.bin	emu/EXTRAS/ATARI2600-duplicados/Spacechase.bin	mismo SHA-1 que Spacechase (NA).a26
MOVIDO	emu/ROMS/ATARI2600/Atari 2600/Spider Fighter (16k Version).bin	emu/ROMS/ATARI2600/Spider Fighter (16k Version).bin	ROM exclusiva de la subcarpeta, al primer nivel
MOVIDO	emu/ROMS/ATARI2600/Atari 2600/Spider Fighter.bin	emu/EXTRAS/ATARI2600-duplicados/Spider Fighter.bin	mismo SHA-1 que Spider Fighter (NA).a26
MOVIDO	emu/ROMS/ATARI2600/Atari 2600/Spider-Man.bin	emu/EXTRAS/ATARI2600-duplicados/Spider-Man.bin	mismo SHA-1 que Spider-Man (NA).a26
MOVIDO	emu/ROMS/ATARI2600/Atari 2600/Spiderdroid.bin	emu/EXTRAS/ATARI2600-duplicados/Spiderdroid.bin	mismo SHA-1 que Spiderdroid (NA).a26
MOVIDO	emu/ROMS/ATARI2600/Atari 2600/Spike's Peak.bin	emu/EXTRAS/ATARI2600-duplicados/Spike's Peak.bin	mismo SHA-1 que Spike's Peak (NA).a26
MOVIDO	emu/ROMS/ATARI2600/Atari 2600/Spitfire Attack.bin	emu/EXTRAS/ATARI2600-duplicados/Spitfire Attack.bin	mismo SHA-1 que Spitfire Attack (NA).a26
MOVIDO	emu/ROMS/ATARI2600/Atari 2600/Springer.bin	emu/EXTRAS/ATARI2600-duplicados/Springer.bin	mismo SHA-1 que Springer (NA).a26
MOVIDO	emu/ROMS/ATARI2600/Atari 2600/Sprintmaster.bin	emu/EXTRAS/ATARI2600-duplicados/Sprintmaster.bin	mismo SHA-1 que Sprint Master (NA).a26
MOVIDO	emu/ROMS/ATARI2600/Atari 2600/Spy Hunter.bin	emu/EXTRAS/ATARI2600-duplicados/Spy Hunter.bin	mismo SHA-1 que Spy Hunter (NA).a26
MOVIDO	emu/ROMS/ATARI2600/Atari 2600/Squeeze Box.bin	emu/EXTRAS/ATARI2600-duplicados/Squeeze Box.bin	mismo SHA-1 que Squeeze Box (NA).a26
MOVIDO	emu/ROMS/ATARI2600/Atari 2600/Squoosh.bin	emu/ROMS/ATARI2600/Squoosh.bin	ROM exclusiva de la subcarpeta, al primer nivel
MOVIDO	emu/ROMS/ATARI2600/Atari 2600/Sssnake.bin	emu/EXTRAS/ATARI2600-duplicados/Sssnake.bin	mismo SHA-1 que Sssnake (NA).a26
MOVIDO	emu/ROMS/ATARI2600/Atari 2600/Stampede (1).bin	emu/EXTRAS/ATARI2600-duplicados/Stampede (1).bin	mismo SHA-1 que Stampede (NA).a26
MOVIDO	emu/ROMS/ATARI2600/Atari 2600/Stampede (2).bin	emu/ROMS/ATARI2600/Stampede (2).bin	ROM exclusiva de la subcarpeta, al primer nivel
MOVIDO	emu/ROMS/ATARI2600/Atari 2600/Stampede (32 in 1) (PAL).bin	emu/ROMS/ATARI2600/Stampede (32 in 1) (PAL).bin	ROM exclusiva de la subcarpeta, al primer nivel
MOVIDO	emu/ROMS/ATARI2600/Atari 2600/Star Fox.bin	emu/EXTRAS/ATARI2600-duplicados/Star Fox.bin	mismo SHA-1 que Star Fox (NA).a26
MOVIDO	emu/ROMS/ATARI2600/Atari 2600/Star Raiders.bin	emu/EXTRAS/ATARI2600-duplicados/Star Raiders.bin	mismo SHA-1 que Star Raiders (NA).a26
MOVIDO	emu/ROMS/ATARI2600/Atari 2600/Star Ship - Outer Space (1).bin	emu/EXTRAS/ATARI2600-duplicados/Star Ship - Outer Space (1).bin	mismo SHA-1 que Star Ship (NA).a26
MOVIDO	emu/ROMS/ATARI2600/Atari 2600/Star Ship - Outer Space (2).bin	emu/ROMS/ATARI2600/Star Ship - Outer Space (2).bin	ROM exclusiva de la subcarpeta, al primer nivel
MOVIDO	emu/ROMS/ATARI2600/Atari 2600/Star Strike.bin	emu/EXTRAS/ATARI2600-duplicados/Star Strike.bin	mismo SHA-1 que Star Strike (NA).a26
MOVIDO	emu/ROMS/ATARI2600/Atari 2600/Star Trek - Strategic Operations Simulator.bin	emu/EXTRAS/ATARI2600-duplicados/Star Trek - Strategic Operations Simulator.bin	mismo SHA-1 que Star Trek - Strategic Operations Simulator (NA).a26
MOVIDO	emu/ROMS/ATARI2600/Atari 2600/Star Voyager.bin	emu/EXTRAS/ATARI2600-duplicados/Star Voyager.bin	mismo SHA-1 que Star Voyager (NA).a26
MOVIDO	emu/ROMS/ATARI2600/Atari 2600/Star Wars - Death Star Battle.bin	emu/EXTRAS/ATARI2600-duplicados/Star Wars - Death Star Battle.bin	mismo SHA-1 que Star Wars - Return of the Jedi - Death Star Battle (NA).a26
MOVIDO	emu/ROMS/ATARI2600/Atari 2600/Star Wars - Empire Strikes Back.bin	emu/EXTRAS/ATARI2600-duplicados/Star Wars - Empire Strikes Back.bin	mismo SHA-1 que Star Wars - The Empire Strikes Back (NA).a26
MOVIDO	emu/ROMS/ATARI2600/Atari 2600/Star Wars - Jedi Arena.bin	emu/EXTRAS/ATARI2600-duplicados/Star Wars - Jedi Arena.bin	mismo SHA-1 que Star Wars - Jedi Arena (NA).a26
MOVIDO	emu/ROMS/ATARI2600/Atari 2600/Star Wars - The Arcade Game.bin	emu/EXTRAS/ATARI2600-duplicados/Star Wars - The Arcade Game.bin	mismo SHA-1 que Star Wars - The Arcade Game (NA).a26
MOVIDO	emu/ROMS/ATARI2600/Atari 2600/Stargate (1).bin	emu/ROMS/ATARI2600/Stargate (1).bin	ROM exclusiva de la subcarpeta, al primer nivel
MOVIDO	emu/ROMS/ATARI2600/Atari 2600/Starmaster.bin	emu/EXTRAS/ATARI2600-duplicados/Starmaster.bin	mismo SHA-1 que StarMaster (NA).a26
MOVIDO	emu/ROMS/ATARI2600/Atari 2600/Starpath - Communist Mutants From Space.bin	emu/EXTRAS/ATARI2600-duplicados/Starpath - Communist Mutants From Space.bin	mismo SHA-1 que Communist Mutants from Space (NA).a26
MOVIDO	emu/ROMS/ATARI2600/Atari 2600/Starpath - Dragonstomper.bin	emu/EXTRAS/ATARI2600-duplicados/Starpath - Dragonstomper.bin	mismo SHA-1 que Dragonstomper (NA).a26
MOVIDO	emu/ROMS/ATARI2600/Atari 2600/Starpath - Escape from the Mindmaster.bin	emu/EXTRAS/ATARI2600-duplicados/Starpath - Escape from the Mindmaster.bin	mismo SHA-1 que Escape from the Mindmaster (NA).a26
MOVIDO	emu/ROMS/ATARI2600/Atari 2600/Starpath - Fireball.bin	emu/EXTRAS/ATARI2600-duplicados/Starpath - Fireball.bin	mismo SHA-1 que Fireball (NA).a26
MOVIDO	emu/ROMS/ATARI2600/Atari 2600/Starpath - Frogger (Official version by Sega).bin	emu/EXTRAS/ATARI2600-duplicados/Starpath - Frogger (Official version by Sega).bin	mismo SHA-1 que The Official Frogger (NA).a26
MOVIDO	emu/ROMS/ATARI2600/Atari 2600/Starpath - Killer Satellites.bin	emu/ROMS/ATARI2600/Starpath - Killer Satellites.bin	ROM exclusiva de la subcarpeta, al primer nivel
MOVIDO	emu/ROMS/ATARI2600/Atari 2600/Starpath - Party Mix.bin	emu/EXTRAS/ATARI2600-duplicados/Starpath - Party Mix.bin	mismo SHA-1 que Party Mix (NA).a26
MOVIDO	emu/ROMS/ATARI2600/Atari 2600/Starpath - Phaser Patrol.bin	emu/EXTRAS/ATARI2600-duplicados/Starpath - Phaser Patrol.bin	mismo SHA-1 que Phaser Patrol (NA).a26
MOVIDO	emu/ROMS/ATARI2600/Atari 2600/Starpath - Rabbit Transit.bin	emu/EXTRAS/ATARI2600-duplicados/Starpath - Rabbit Transit.bin	mismo SHA-1 que Rabbit Transit (NA).a26
MOVIDO	emu/ROMS/ATARI2600/Atari 2600/Starpath - Suicide Mission.bin	emu/EXTRAS/ATARI2600-duplicados/Starpath - Suicide Mission.bin	mismo SHA-1 que Suicide Mission (NA).a26
MOVIDO	emu/ROMS/ATARI2600/Atari 2600/Starpath - Survival Island.bin	emu/EXTRAS/ATARI2600-duplicados/Starpath - Survival Island.bin	mismo SHA-1 que Survival Island (NA).a26
MOVIDO	emu/ROMS/ATARI2600/Atari 2600/Starpath - Sweat! - The Decathalon Game.bin	emu/EXTRAS/ATARI2600-duplicados/Starpath - Sweat! - The Decathalon Game.bin	mismo SHA-1 que Sweat! The Decathlon Game (NA).a26
MOVIDO	emu/ROMS/ATARI2600/Atari 2600/Starpath - Sword Of Saros.bin	emu/EXTRAS/ATARI2600-duplicados/Starpath - Sword Of Saros.bin	mismo SHA-1 que Sword of Saros (NA).a26
MOVIDO	emu/ROMS/ATARI2600/Atari 2600/Steeplechase (1).bin	emu/EXTRAS/ATARI2600-duplicados/Steeplechase (1).bin	mismo SHA-1 que Steeplechase (NA).a26
MOVIDO	emu/ROMS/ATARI2600/Atari 2600/Steeplechase (2).bin	emu/ROMS/ATARI2600/Steeplechase (2).bin	ROM exclusiva de la subcarpeta, al primer nivel
MOVIDO	emu/ROMS/ATARI2600/Atari 2600/Stell-A-Sketch.bin	emu/ROMS/ATARI2600/Stell-A-Sketch.bin	ROM exclusiva de la subcarpeta, al primer nivel
MOVIDO	emu/ROMS/ATARI2600/Atari 2600/Stellar Track.bin	emu/EXTRAS/ATARI2600-duplicados/Stellar Track.bin	mismo SHA-1 que Stellar Track (NA).a26
MOVIDO	emu/ROMS/ATARI2600/Atari 2600/Stntman.bin	emu/EXTRAS/ATARI2600-duplicados/Stntman.bin	mismo SHA-1 que Nightmare (NA).a26
MOVIDO	emu/ROMS/ATARI2600/Atari 2600/StratOGemsDeluxe.bin	emu/ROMS/ATARI2600/StratOGemsDeluxe.bin	ROM exclusiva de la subcarpeta, al primer nivel
MOVIDO	emu/ROMS/ATARI2600/Atari 2600/Strategy X.bin	emu/EXTRAS/ATARI2600-duplicados/Strategy X.bin	mismo SHA-1 que Strategy X (NA).a26
MOVIDO	emu/ROMS/ATARI2600/Atari 2600/Strawberry Shortcake Musical Match-Ups.bin	emu/EXTRAS/ATARI2600-duplicados/Strawberry Shortcake Musical Match-Ups.bin	mismo SHA-1 que Strawberry Shortcake - Musical Match-Ups (NA).a26
MOVIDO	emu/ROMS/ATARI2600/Atari 2600/Street Racer - Speedway II (2).bin	emu/ROMS/ATARI2600/Street Racer - Speedway II (2).bin	ROM exclusiva de la subcarpeta, al primer nivel
MOVIDO	emu/ROMS/ATARI2600/Atari 2600/Stronghold.bin	emu/EXTRAS/ATARI2600-duplicados/Stronghold.bin	mismo SHA-1 que Stronghold (NA).a26
MOVIDO	emu/ROMS/ATARI2600/Atari 2600/Sub Scan.bin	emu/EXTRAS/ATARI2600-duplicados/Sub Scan.bin	mismo SHA-1 que Sub-Scan (NA).a26
MOVIDO	emu/ROMS/ATARI2600/Atari 2600/Submarine Commander.bin	emu/EXTRAS/ATARI2600-duplicados/Submarine Commander.bin	mismo SHA-1 que Submarine Commander (NA).a26
MOVIDO	emu/ROMS/ATARI2600/Atari 2600/Subterrenea.bin	emu/EXTRAS/ATARI2600-duplicados/Subterrenea.bin	mismo SHA-1 que Subterranea (NA).a26
MOVIDO	emu/ROMS/ATARI2600/Atari 2600/Summer Games.bin	emu/EXTRAS/ATARI2600-duplicados/Summer Games.bin	mismo SHA-1 que Summer Games (NA).a26
MOVIDO	emu/ROMS/ATARI2600/Atari 2600/Super Baseball.bin	emu/ROMS/ATARI2600/Super Baseball.bin	ROM exclusiva de la subcarpeta, al primer nivel
MOVIDO	emu/ROMS/ATARI2600/Atari 2600/Super Box (CCE).bin	emu/ROMS/ATARI2600/Super Box (CCE).bin	ROM exclusiva de la subcarpeta, al primer nivel
MOVIDO	emu/ROMS/ATARI2600/Atari 2600/Super Breakout.bin	emu/ROMS/ATARI2600/Super Breakout.bin	ROM exclusiva de la subcarpeta, al primer nivel
MOVIDO	emu/ROMS/ATARI2600/Atari 2600/Super Challenge Baseball.bin	emu/EXTRAS/ATARI2600-duplicados/Super Challenge Baseball.bin	mismo SHA-1 que Super Challenge Baseball (NA).a26
MOVIDO	emu/ROMS/ATARI2600/Atari 2600/Super Challenge Football.bin	emu/EXTRAS/ATARI2600-duplicados/Super Challenge Football.bin	mismo SHA-1 que Super Challenge Football (NA).a26
MOVIDO	emu/ROMS/ATARI2600/Atari 2600/Super Cobra.bin	emu/EXTRAS/ATARI2600-duplicados/Super Cobra.bin	mismo SHA-1 que Super Cobra (NA).a26
MOVIDO	emu/ROMS/ATARI2600/Atari 2600/Super Ferrari.bin	emu/EXTRAS/ATARI2600-duplicados/Super Ferrari.bin	mismo SHA-1 que Super Ferrari (EU).a26
MOVIDO	emu/ROMS/ATARI2600/Atari 2600/Super Futebol.bin	emu/ROMS/ATARI2600/Super Futebol.bin	ROM exclusiva de la subcarpeta, al primer nivel
MOVIDO	emu/ROMS/ATARI2600/Atari 2600/Superman (1).bin	emu/ROMS/ATARI2600/Superman (1).bin	ROM exclusiva de la subcarpeta, al primer nivel
MOVIDO	emu/ROMS/ATARI2600/Atari 2600/Suprman2.bin	emu/EXTRAS/ATARI2600-duplicados/Suprman2.bin	mismo SHA-1 que Superman (NA).a26
MOVIDO	emu/ROMS/ATARI2600/Atari 2600/Surf's Up.bin	emu/EXTRAS/ATARI2600-duplicados/Surf's Up.bin	mismo SHA-1 que Surf's Up (Prototype).a26
MOVIDO	emu/ROMS/ATARI2600/Atari 2600/Surfer's Paradise - But Danger Below!.bin	emu/ROMS/ATARI2600/Surfer's Paradise - But Danger Below!.bin	ROM exclusiva de la subcarpeta, al primer nivel
MOVIDO	emu/ROMS/ATARI2600/Atari 2600/Surround (32 in 1) (PAL).bin	emu/ROMS/ATARI2600/Surround (32 in 1) (PAL).bin	ROM exclusiva de la subcarpeta, al primer nivel
MOVIDO	emu/ROMS/ATARI2600/Atari 2600/Surround (4k version).bin	emu/ROMS/ATARI2600/Surround (4k version).bin	ROM exclusiva de la subcarpeta, al primer nivel
MOVIDO	emu/ROMS/ATARI2600/Atari 2600/Survival Run.bin	emu/EXTRAS/ATARI2600-duplicados/Survival Run.bin	mismo SHA-1 que Survival Run (NA).a26
MOVIDO	emu/ROMS/ATARI2600/Atari 2600/Swoops! (v0.96) (PAL).bin	emu/ROMS/ATARI2600/Swoops! (v0.96) (PAL).bin	ROM exclusiva de la subcarpeta, al primer nivel
MOVIDO	emu/ROMS/ATARI2600/Atari 2600/Swoops! (v0.96).bin	emu/ROMS/ATARI2600/Swoops! (v0.96).bin	ROM exclusiva de la subcarpeta, al primer nivel
MOVIDO	emu/ROMS/ATARI2600/Atari 2600/SwordQuest - Earthworld.bin	emu/ROMS/ATARI2600/SwordQuest - Earthworld.bin	ROM exclusiva de la subcarpeta, al primer nivel
MOVIDO	emu/ROMS/ATARI2600/Atari 2600/SwordQuest - Fireworld.bin	emu/EXTRAS/ATARI2600-duplicados/SwordQuest - Fireworld.bin	mismo SHA-1 que SwordQuest - FireWorld (NA).a26
MOVIDO	emu/ROMS/ATARI2600/Atari 2600/SwordQuest - Waterworld.bin	emu/EXTRAS/ATARI2600-duplicados/SwordQuest - Waterworld.bin	mismo SHA-1 que SwordQuest - WaterWorld (NA).a26
MOVIDO	emu/ROMS/ATARI2600/Atari 2600/T.F. Space Invaders.bin	emu/ROMS/ATARI2600/T.F. Space Invaders.bin	ROM exclusiva de la subcarpeta, al primer nivel
MOVIDO	emu/ROMS/ATARI2600/Atari 2600/Tacscan.bin	emu/EXTRAS/ATARI2600-duplicados/Tacscan.bin	mismo SHA-1 que Tac-Scan (NA).a26
MOVIDO	emu/ROMS/ATARI2600/Atari 2600/Tanks But No Tanks.bin	emu/EXTRAS/ATARI2600-duplicados/Tanks But No Tanks.bin	mismo SHA-1 que Tanks, But No Tanks (NA).a26
MOVIDO	emu/ROMS/ATARI2600/Atari 2600/Tapeworm.bin	emu/EXTRAS/ATARI2600-duplicados/Tapeworm.bin	mismo SHA-1 que Tapeworm (NA).a26
MOVIDO	emu/ROMS/ATARI2600/Atari 2600/Tapper.bin	emu/EXTRAS/ATARI2600-duplicados/Tapper.bin	mismo SHA-1 que Tapper (NA).a26
MOVIDO	emu/ROMS/ATARI2600/Atari 2600/Targ (CBS).bin	emu/ROMS/ATARI2600/Targ (CBS).bin	ROM exclusiva de la subcarpeta, al primer nivel
MOVIDO	emu/ROMS/ATARI2600/Atari 2600/Task Force.bin	emu/ROMS/ATARI2600/Task Force.bin	ROM exclusiva de la subcarpeta, al primer nivel
MOVIDO	emu/ROMS/ATARI2600/Atari 2600/Tax Avoiders.bin	emu/EXTRAS/ATARI2600-duplicados/Tax Avoiders.bin	mismo SHA-1 que Tax Avoiders (NA).a26
MOVIDO	emu/ROMS/ATARI2600/Atari 2600/Taz.bin	emu/ROMS/ATARI2600/Taz.bin	ROM exclusiva de la subcarpeta, al primer nivel
MOVIDO	emu/ROMS/ATARI2600/Atari 2600/Teddy Apple.bin	emu/ROMS/ATARI2600/Teddy Apple.bin	ROM exclusiva de la subcarpeta, al primer nivel
MOVIDO	emu/ROMS/ATARI2600/Atari 2600/Tennis (1).bin	emu/EXTRAS/ATARI2600-duplicados/Tennis (1).bin	mismo SHA-1 que Tennis (NA).a26
MOVIDO	emu/ROMS/ATARI2600/Atari 2600/Tennis (2).bin	emu/ROMS/ATARI2600/Tennis (2).bin	ROM exclusiva de la subcarpeta, al primer nivel
MOVIDO	emu/ROMS/ATARI2600/Atari 2600/Tennis (32 in 1) (PAL).bin	emu/ROMS/ATARI2600/Tennis (32 in 1) (PAL).bin	ROM exclusiva de la subcarpeta, al primer nivel
MOVIDO	emu/ROMS/ATARI2600/Atari 2600/Test.bin	emu/ROMS/ATARI2600/Test.bin	ROM exclusiva de la subcarpeta, al primer nivel
MOVIDO	emu/ROMS/ATARI2600/Atari 2600/Tetris 2600.bin	emu/ROMS/ATARI2600/Tetris 2600.bin	ROM exclusiva de la subcarpeta, al primer nivel
MOVIDO	emu/ROMS/ATARI2600/Atari 2600/Texas Chainsaw Massacre.bin	emu/EXTRAS/ATARI2600-duplicados/Texas Chainsaw Massacre.bin	mismo SHA-1 que The Texas Chainsaw Massacre (NA).a26
MOVIDO	emu/ROMS/ATARI2600/Atari 2600/This Planet Sucks.bin	emu/ROMS/ATARI2600/This Planet Sucks.bin	ROM exclusiva de la subcarpeta, al primer nivel
MOVIDO	emu/ROMS/ATARI2600/Atari 2600/Threshhold.bin	emu/EXTRAS/ATARI2600-duplicados/Threshhold.bin	mismo SHA-1 que Threshold (NA).a26
MOVIDO	emu/ROMS/ATARI2600/Atari 2600/Thrust+.bin	emu/ROMS/ATARI2600/Thrust+.bin	ROM exclusiva de la subcarpeta, al primer nivel
MOVIDO	emu/ROMS/ATARI2600/Atari 2600/Thrust.bin	emu/ROMS/ATARI2600/Thrust.bin	ROM exclusiva de la subcarpeta, al primer nivel
MOVIDO	emu/ROMS/ATARI2600/Atari 2600/Thunderground.bin	emu/EXTRAS/ATARI2600-duplicados/Thunderground.bin	mismo SHA-1 que Thunderground (NA).a26
MOVIDO	emu/ROMS/ATARI2600/Atari 2600/Time Machine.bin	emu/ROMS/ATARI2600/Time Machine.bin	ROM exclusiva de la subcarpeta, al primer nivel
MOVIDO	emu/ROMS/ATARI2600/Atari 2600/Time Pilot (1).bin	emu/ROMS/ATARI2600/Time Pilot (1).bin	ROM exclusiva de la subcarpeta, al primer nivel
MOVIDO	emu/ROMS/ATARI2600/Atari 2600/Time Race.bin	emu/ROMS/ATARI2600/Time Race.bin	ROM exclusiva de la subcarpeta, al primer nivel
MOVIDO	emu/ROMS/ATARI2600/Atari 2600/Time Warp.bin	emu/ROMS/ATARI2600/Time Warp.bin	ROM exclusiva de la subcarpeta, al primer nivel
MOVIDO	emu/ROMS/ATARI2600/Atari 2600/Title Match Pro Wrestling (1).bin	emu/EXTRAS/ATARI2600-duplicados/Title Match Pro Wrestling (1).bin	mismo SHA-1 que Title Match Pro Wrestling (NA).a26
MOVIDO	emu/ROMS/ATARI2600/Atari 2600/Tom Boy.bin	emu/ROMS/ATARI2600/Tom Boy.bin	ROM exclusiva de la subcarpeta, al primer nivel
MOVIDO	emu/ROMS/ATARI2600/Atari 2600/Tomarc the Barbarian.bin	emu/ROMS/ATARI2600/Tomarc the Barbarian.bin	ROM exclusiva de la subcarpeta, al primer nivel
MOVIDO	emu/ROMS/ATARI2600/Atari 2600/Tooth Protectors.bin	emu/EXTRAS/ATARI2600-duplicados/Tooth Protectors.bin	mismo SHA-1 que Tooth Protectors (NA).a26
MOVIDO	emu/ROMS/ATARI2600/Atari 2600/Towering Inferno.bin	emu/EXTRAS/ATARI2600-duplicados/Towering Inferno.bin	mismo SHA-1 que Towering Inferno (NA).a26
MOVIDO	emu/ROMS/ATARI2600/Atari 2600/Tps.bin	emu/ROMS/ATARI2600/Tps.bin	ROM exclusiva de la subcarpeta, al primer nivel
MOVIDO	emu/ROMS/ATARI2600/Atari 2600/Track and Field.bin	emu/EXTRAS/ATARI2600-duplicados/Track and Field.bin	mismo SHA-1 que Track and Field (NA).a26
MOVIDO	emu/ROMS/ATARI2600/Atari 2600/Traffic.bin	emu/ROMS/ATARI2600/Traffic.bin	ROM exclusiva de la subcarpeta, al primer nivel
MOVIDO	emu/ROMS/ATARI2600/Atari 2600/Treasure Below (Video Gems, Thomas Jentzsch) (NTSC).bin	emu/EXTRAS/ATARI2600-duplicados/Treasure Below (Video Gems, Thomas Jentzsch) (NTSC).bin	mismo SHA-1 que Treasure Below (NTSC Conversion).a26
MOVIDO	emu/ROMS/ATARI2600/Atari 2600/Trick Shot.bin	emu/EXTRAS/ATARI2600-duplicados/Trick Shot.bin	mismo SHA-1 que Trick Shot (NA).a26
MOVIDO	emu/ROMS/ATARI2600/Atari 2600/Tron - Deadly Discs.bin	emu/EXTRAS/ATARI2600-duplicados/Tron - Deadly Discs.bin	mismo SHA-1 que Tron - Deadly Discs (NA).a26
MOVIDO	emu/ROMS/ATARI2600/Atari 2600/Tuby Bird.bin	emu/ROMS/ATARI2600/Tuby Bird.bin	ROM exclusiva de la subcarpeta, al primer nivel
MOVIDO	emu/ROMS/ATARI2600/Atari 2600/Tunlrunr.bin	emu/EXTRAS/ATARI2600-duplicados/Tunlrunr.bin	mismo SHA-1 que Tunnel Runner (NA).a26
MOVIDO	emu/ROMS/ATARI2600/Atari 2600/Turmoil.bin	emu/EXTRAS/ATARI2600-duplicados/Turmoil.bin	mismo SHA-1 que Turmoil (NA).a26
MOVIDO	emu/ROMS/ATARI2600/Atari 2600/Tutankham.bin	emu/EXTRAS/ATARI2600-duplicados/Tutankham.bin	mismo SHA-1 que Tutankham (NA).a26
MOVIDO	emu/ROMS/ATARI2600/Atari 2600/UFO Patrol.bin	emu/ROMS/ATARI2600/UFO Patrol.bin	ROM exclusiva de la subcarpeta, al primer nivel
MOVIDO	emu/ROMS/ATARI2600/Atari 2600/Universal Chaos (PAL).bin	emu/EXTRAS/ATARI2600-duplicados/Universal Chaos (PAL).bin	mismo SHA-1 que Universal Chaos (NA).a26
MOVIDO	emu/ROMS/ATARI2600/Atari 2600/UniversalProto.Bin	emu/EXTRAS/ATARI2600-duplicados/UniversalProto.Bin	mismo SHA-1 que Six Pack (Prototype).a26
MOVIDO	emu/ROMS/ATARI2600/Atari 2600/UnknownActivision1_NTSC.bin	emu/EXTRAS/ATARI2600-duplicados/UnknownActivision1_NTSC.bin	mismo SHA-1 que SCRMNN (Prototype).a26
MOVIDO	emu/ROMS/ATARI2600/Atari 2600/UnknownActivision2_NTSC.bin	emu/EXTRAS/ATARI2600-duplicados/UnknownActivision2_NTSC.bin	mismo SHA-1 que Hard-Head (Prototype).a26
MOVIDO	emu/ROMS/ATARI2600/Atari 2600/Up n Down.bin	emu/EXTRAS/ATARI2600-duplicados/Up n Down.bin	mismo SHA-1 que Up 'n Down (NA).a26
MOVIDO	emu/ROMS/ATARI2600/Atari 2600/Vanguard.bin	emu/EXTRAS/ATARI2600-duplicados/Vanguard.bin	mismo SHA-1 que Vanguard (NA).a26
MOVIDO	emu/ROMS/ATARI2600/Atari 2600/VaultAssault.bin	emu/EXTRAS/ATARI2600-duplicados/VaultAssault.bin	mismo SHA-1 que Vault Assault (NA).a26
MOVIDO	emu/ROMS/ATARI2600/Atari 2600/VenetianBlinds_NTSC.bin	emu/EXTRAS/ATARI2600-duplicados/VenetianBlinds_NTSC.bin	mismo SHA-1 que Venetian Blinds (Visual Demo).a26
MOVIDO	emu/ROMS/ATARI2600/Atari 2600/Venture.bin	emu/EXTRAS/ATARI2600-duplicados/Venture.bin	mismo SHA-1 que Venture (NA).a26
MOVIDO	emu/ROMS/ATARI2600/Atari 2600/Vg_survi.bin	emu/ROMS/ATARI2600/Vg_survi.bin	ROM exclusiva de la subcarpeta, al primer nivel
MOVIDO	emu/ROMS/ATARI2600/Atari 2600/Video Checkers.bin	emu/EXTRAS/ATARI2600-duplicados/Video Checkers.bin	mismo SHA-1 que Video Checkers (NA).a26
MOVIDO	emu/ROMS/ATARI2600/Atari 2600/Video Chess.bin	emu/EXTRAS/ATARI2600-duplicados/Video Chess.bin	mismo SHA-1 que Video Chess (NA).a26
MOVIDO	emu/ROMS/ATARI2600/Atari 2600/Video Cube (CCE).bin	emu/ROMS/ATARI2600/Video Cube (CCE).bin	ROM exclusiva de la subcarpeta, al primer nivel
MOVIDO	emu/ROMS/ATARI2600/Atari 2600/Video Jogger.bin	emu/EXTRAS/ATARI2600-duplicados/Video Jogger.bin	mismo SHA-1 que Video Jogger (NA).a26
MOVIDO	emu/ROMS/ATARI2600/Atari 2600/Video Olympics - Pong Sports (1).bin	emu/EXTRAS/ATARI2600-duplicados/Video Olympics - Pong Sports (1).bin	mismo SHA-1 que Video Olympics (NA).a26
MOVIDO	emu/ROMS/ATARI2600/Atari 2600/Video Olympics - Pong Sports (2).bin	emu/ROMS/ATARI2600/Video Olympics - Pong Sports (2).bin	ROM exclusiva de la subcarpeta, al primer nivel
MOVIDO	emu/ROMS/ATARI2600/Atari 2600/Video Pinball.bin	emu/EXTRAS/ATARI2600-duplicados/Video Pinball.bin	mismo SHA-1 que Video Pinball (NA).a26
MOVIDO	emu/ROMS/ATARI2600/Atari 2600/Video Reflex.bin	emu/EXTRAS/ATARI2600-duplicados/Video Reflex.bin	mismo SHA-1 que Video Reflex (NA).a26
MOVIDO	emu/ROMS/ATARI2600/Atari 2600/Video Time Machine.bin	emu/ROMS/ATARI2600/Video Time Machine.bin	ROM exclusiva de la subcarpeta, al primer nivel
MOVIDO	emu/ROMS/ATARI2600/Atari 2600/Vidpin.bin	emu/EXTRAS/ATARI2600-duplicados/Vidpin.bin	mismo SHA-1 que Video Pinball (NA).a26
MOVIDO	emu/ROMS/ATARI2600/Atari 2600/VultureAttack_KTel.bin	emu/EXTRAS/ATARI2600-duplicados/VultureAttack_KTel.bin	mismo SHA-1 que Condor Attack (NA).a26
MOVIDO	emu/ROMS/ATARI2600/Atari 2600/Wabbit.bin	emu/EXTRAS/ATARI2600-duplicados/Wabbit.bin	mismo SHA-1 que Wabbit (NA).a26
MOVIDO	emu/ROMS/ATARI2600/Atari 2600/Walker.bin	emu/ROMS/ATARI2600/Walker.bin	ROM exclusiva de la subcarpeta, al primer nivel
MOVIDO	emu/ROMS/ATARI2600/Atari 2600/Wall Ball.bin	emu/EXTRAS/ATARI2600-duplicados/Wall Ball.bin	mismo SHA-1 que Wall Ball (NA).a26
MOVIDO	emu/ROMS/ATARI2600/Atari 2600/Wall Defender.bin	emu/ROMS/ATARI2600/Wall Defender.bin	ROM exclusiva de la subcarpeta, al primer nivel
MOVIDO	emu/ROMS/ATARI2600/Atari 2600/Warlords.bin	emu/EXTRAS/ATARI2600-duplicados/Warlords.bin	mismo SHA-1 que Warlords (NA).a26
MOVIDO	emu/ROMS/ATARI2600/Atari 2600/Warplock.bin	emu/EXTRAS/ATARI2600-duplicados/Warplock.bin	mismo SHA-1 que Warplock (NA).a26
MOVIDO	emu/ROMS/ATARI2600/Atari 2600/Weltraum Tunnel.bin	emu/EXTRAS/ATARI2600-duplicados/Weltraum Tunnel.bin	mismo SHA-1 que Weltraumtunnel (EU).a26
MOVIDO	emu/ROMS/ATARI2600/Atari 2600/Wing War.bin	emu/ROMS/ATARI2600/Wing War.bin	ROM exclusiva de la subcarpeta, al primer nivel
MOVIDO	emu/ROMS/ATARI2600/Atari 2600/Wings_6-3-83.bin	emu/EXTRAS/ATARI2600-duplicados/Wings_6-3-83.bin	mismo SHA-1 que Wings (Prototype).a26
MOVIDO	emu/ROMS/ATARI2600/Atari 2600/Winter Games.bin	emu/EXTRAS/ATARI2600-duplicados/Winter Games.bin	mismo SHA-1 que Winter Games (NA).a26
MOVIDO	emu/ROMS/ATARI2600/Atari 2600/Wizard of Wor.bin	emu/EXTRAS/ATARI2600-duplicados/Wizard of Wor.bin	mismo SHA-1 que Wizard of Wor (NA).a26
MOVIDO	emu/ROMS/ATARI2600/Atari 2600/Wizard.bin	emu/EXTRAS/ATARI2600-duplicados/Wizard.bin	mismo SHA-1 que Wizard (Prototype).a26
MOVIDO	emu/ROMS/ATARI2600/Atari 2600/Word Zapper.bin	emu/EXTRAS/ATARI2600-duplicados/Word Zapper.bin	mismo SHA-1 que Word Zapper (NA).a26
MOVIDO	emu/ROMS/ATARI2600/Atari 2600/World End.bin	emu/ROMS/ATARI2600/World End.bin	ROM exclusiva de la subcarpeta, al primer nivel
MOVIDO	emu/ROMS/ATARI2600/Atari 2600/Worm War I.bin	emu/EXTRAS/ATARI2600-duplicados/Worm War I.bin	mismo SHA-1 que Worm War I (NA).a26
MOVIDO	emu/ROMS/ATARI2600/Atari 2600/X-Doom.bin	emu/ROMS/ATARI2600/X-Doom.bin	ROM exclusiva de la subcarpeta, al primer nivel
MOVIDO	emu/ROMS/ATARI2600/Atari 2600/X-Man (1).bin	emu/EXTRAS/ATARI2600-duplicados/X-Man (1).bin	mismo SHA-1 que X-Man (NA).a26
MOVIDO	emu/ROMS/ATARI2600/Atari 2600/Xenophob.bin	emu/EXTRAS/ATARI2600-duplicados/Xenophob.bin	mismo SHA-1 que Xenophobe (NA).a26
MOVIDO	emu/ROMS/ATARI2600/Atari 2600/Xevious.bin	emu/ROMS/ATARI2600/Xevious.bin	ROM exclusiva de la subcarpeta, al primer nivel
MOVIDO	emu/ROMS/ATARI2600/Atari 2600/Yahtzee.bin	emu/ROMS/ATARI2600/Yahtzee.bin	ROM exclusiva de la subcarpeta, al primer nivel
MOVIDO	emu/ROMS/ATARI2600/Atari 2600/Yar's Revenge (1).bin	emu/EXTRAS/ATARI2600-duplicados/Yar's Revenge (1).bin	mismo SHA-1 que Yars' Revenge (NA).a26
MOVIDO	emu/ROMS/ATARI2600/Atari 2600/Z-Tack.bin	emu/ROMS/ATARI2600/Z-Tack.bin	ROM exclusiva de la subcarpeta, al primer nivel
MOVIDO	emu/ROMS/ATARI2600/Atari 2600/Zaxxon.bin	emu/EXTRAS/ATARI2600-duplicados/Zaxxon.bin	mismo SHA-1 que Zaxxon (NA).a26
MOVIDO	emu/ROMS/ATARI2600/Atari 2600/Zoo Fun.bin	emu/EXTRAS/ATARI2600-duplicados/Zoo Fun.bin	mismo SHA-1 que Zoo Fun (NA).a26
MOVIDO	emu/ROMS/ATARI2600/Atari 2600/backfire.bin	emu/ROMS/ATARI2600/backfire.bin	ROM exclusiva de la subcarpeta, al primer nivel
MOVIDO	emu/ROMS/ATARI2600/Atari 2600/berzerkvoice.bin	emu/ROMS/ATARI2600/berzerkvoice.bin	ROM exclusiva de la subcarpeta, al primer nivel
MOVIDO	emu/ROMS/ATARI2600/Atari 2600/climber5_NTSC.bin	emu/ROMS/ATARI2600/climber5_NTSC.bin	ROM exclusiva de la subcarpeta, al primer nivel
MOVIDO	emu/ROMS/ATARI2600/Atari 2600/combat2.bin	emu/EXTRAS/ATARI2600-duplicados/combat2.bin	mismo SHA-1 que Combat Two (Prototype).a26
MOVIDO	emu/ROMS/ATARI2600/Atari 2600/confrontation.bin	emu/EXTRAS/ATARI2600-duplicados/confrontation.bin	mismo SHA-1 que Confrontation (Prototype).a26
MOVIDO	emu/ROMS/ATARI2600/Atari 2600/crazyballoon-ntsc.bin	emu/ROMS/ATARI2600/crazyballoon-ntsc.bin	ROM exclusiva de la subcarpeta, al primer nivel
MOVIDO	emu/ROMS/ATARI2600/Atari 2600/darkmage.bin	emu/ROMS/ATARI2600/darkmage.bin	ROM exclusiva de la subcarpeta, al primer nivel
MOVIDO	emu/ROMS/ATARI2600/Atari 2600/dukes_v2.bin	emu/ROMS/ATARI2600/dukes_v2.bin	ROM exclusiva de la subcarpeta, al primer nivel
MOVIDO	emu/ROMS/ATARI2600/Atari 2600/dune.bin	emu/EXTRAS/ATARI2600-duplicados/dune.bin	mismo SHA-1 que Dune (Prototype).a26
MOVIDO	emu/ROMS/ATARI2600/Atari 2600/falldown_ntsc.bin	emu/ROMS/ATARI2600/falldown_ntsc.bin	ROM exclusiva de la subcarpeta, al primer nivel
MOVIDO	emu/ROMS/ATARI2600/Atari 2600/fotr.bin	emu/ROMS/ATARI2600/fotr.bin	ROM exclusiva de la subcarpeta, al primer nivel
MOVIDO	emu/ROMS/ATARI2600/Atari 2600/garfield.bin	emu/EXTRAS/ATARI2600-duplicados/garfield.bin	mismo SHA-1 que Garfield (Prototype).a26
MOVIDO	emu/ROMS/ATARI2600/Atari 2600/kamisauc.bin	emu/EXTRAS/ATARI2600-duplicados/kamisauc.bin	mismo SHA-1 que Kamikaze Saucers (Prototype).a26
MOVIDO	emu/ROMS/ATARI2600/Atari 2600/labyrinth.bin	emu/ROMS/ATARI2600/labyrinth.bin	ROM exclusiva de la subcarpeta, al primer nivel
MOVIDO	emu/ROMS/ATARI2600/Atari 2600/lochjaw.bin	emu/ROMS/ATARI2600/lochjaw.bin	ROM exclusiva de la subcarpeta, al primer nivel
MOVIDO	emu/ROMS/ATARI2600/Atari 2600/magicard.bin	emu/EXTRAS/ATARI2600-duplicados/magicard.bin	mismo SHA-1 que MagiCard (NA).a26
MOVIDO	emu/ROMS/ATARI2600/Atari 2600/mc_ntsc_7_26_3.bin	emu/ROMS/ATARI2600/mc_ntsc_7_26_3.bin	ROM exclusiva de la subcarpeta, al primer nivel
MOVIDO	emu/ROMS/ATARI2600/Atari 2600/mc_pal_4_28_3.bin	emu/ROMS/ATARI2600/mc_pal_4_28_3.bin	ROM exclusiva de la subcarpeta, al primer nivel
MOVIDO	emu/ROMS/ATARI2600/Atari 2600/phantompanzer.bin	emu/ROMS/ATARI2600/phantompanzer.bin	ROM exclusiva de la subcarpeta, al primer nivel
MOVIDO	emu/ROMS/ATARI2600/Atari 2600/poker_squares.bin	emu/ROMS/ATARI2600/poker_squares.bin	ROM exclusiva de la subcarpeta, al primer nivel
MOVIDO	emu/ROMS/ATARI2600/Atari 2600/pressgge.bin	emu/ROMS/ATARI2600/pressgge.bin	ROM exclusiva de la subcarpeta, al primer nivel
MOVIDO	emu/ROMS/ATARI2600/Atari 2600/qb215NTSC.bin	emu/ROMS/ATARI2600/qb215NTSC.bin	ROM exclusiva de la subcarpeta, al primer nivel
MOVIDO	emu/ROMS/ATARI2600/Atari 2600/qb215PAL.bin	emu/ROMS/ATARI2600/qb215PAL.bin	ROM exclusiva de la subcarpeta, al primer nivel
MOVIDO	emu/ROMS/ATARI2600/Atari 2600/qb215STELLA.bin	emu/ROMS/ATARI2600/qb215STELLA.bin	ROM exclusiva de la subcarpeta, al primer nivel
MOVIDO	emu/ROMS/ATARI2600/Atari 2600/robnhood.bin	emu/EXTRAS/ATARI2600-duplicados/robnhood.bin	mismo SHA-1 que Robin Hood (NA).a26
MOVIDO	emu/ROMS/ATARI2600/Atari 2600/sagent.bin	emu/EXTRAS/ATARI2600-duplicados/sagent.bin	mismo SHA-1 que Secret Agent (Prototype).a26
MOVIDO	emu/ROMS/ATARI2600/Atari 2600/scsi130-cge2k1.bin	emu/ROMS/ATARI2600/scsi130-cge2k1.bin	ROM exclusiva de la subcarpeta, al primer nivel
MOVIDO	emu/ROMS/ATARI2600/Atari 2600/scsi130sp-cge2k1.bin	emu/ROMS/ATARI2600/scsi130sp-cge2k1.bin	ROM exclusiva de la subcarpeta, al primer nivel
MOVIDO	emu/ROMS/ATARI2600/Atari 2600/scsi200_NTSC.bin	emu/ROMS/ATARI2600/scsi200_NTSC.bin	ROM exclusiva de la subcarpeta, al primer nivel
MOVIDO	emu/ROMS/ATARI2600/Atari 2600/seantsc.bin	emu/ROMS/ATARI2600/seantsc.bin	ROM exclusiva de la subcarpeta, al primer nivel
MOVIDO	emu/ROMS/ATARI2600/Atari 2600/shootacd.bin	emu/EXTRAS/ATARI2600-duplicados/shootacd.bin	mismo SHA-1 que Shooting Arcade (Prototype).a26
MOVIDO	emu/ROMS/ATARI2600/Atari 2600/skel-pal.bin	emu/ROMS/ATARI2600/skel-pal.bin	ROM exclusiva de la subcarpeta, al primer nivel
MOVIDO	emu/ROMS/ATARI2600/Atari 2600/skeleton.bin	emu/ROMS/ATARI2600/skeleton.bin	ROM exclusiva de la subcarpeta, al primer nivel
MOVIDO	emu/ROMS/ATARI2600/Atari 2600/snow_wht.bin	emu/EXTRAS/ATARI2600-duplicados/snow_wht.bin	mismo SHA-1 que Snow White and the Seven Dwarfs (Prototype).a26
MOVIDO	emu/ROMS/ATARI2600/Atari 2600/snthcart.bin	emu/ROMS/ATARI2600/snthcart.bin	ROM exclusiva de la subcarpeta, al primer nivel
MOVIDO	emu/ROMS/ATARI2600/Atari 2600/spidermz.BIN	emu/EXTRAS/ATARI2600-duplicados/spidermz.BIN	mismo SHA-1 que Spider Maze (NA).a26
MOVIDO	emu/ROMS/ATARI2600/Atari 2600/stunt.bin	emu/EXTRAS/ATARI2600-duplicados/stunt.bin	mismo SHA-1 que Stunt Cycle (Prototype).a26
MOVIDO	emu/ROMS/ATARI2600/Atari 2600/telepathy.bin	emu/EXTRAS/ATARI2600-duplicados/telepathy.bin	mismo SHA-1 que Telepathy (Prototype).a26
MOVIDO	emu/ROMS/ATARI2600/Atari 2600/tempst26.bin	emu/EXTRAS/ATARI2600-duplicados/tempst26.bin	mismo SHA-1 que Tempest (Prototype).a26
MOVIDO	emu/ROMS/ATARI2600/Atari 2600/testcart.bin	emu/ROMS/ATARI2600/testcart.bin	ROM exclusiva de la subcarpeta, al primer nivel
MOVIDO	emu/ROMS/ATARI2600/Atari 2600/treat.bin	emu/ROMS/ATARI2600/treat.bin	ROM exclusiva de la subcarpeta, al primer nivel
MOVIDO	emu/ROMS/ATARI2600/Atari 2600/treat_ntsc.bin	emu/ROMS/ATARI2600/treat_ntsc.bin	ROM exclusiva de la subcarpeta, al primer nivel
MOVIDO	emu/ROMS/ATARI2600/Atari 2600/warworm.bin	emu/ROMS/ATARI2600/warworm.bin	ROM exclusiva de la subcarpeta, al primer nivel
MOVIDO	emu/ROMS/ATARI2600/Atari 2600/words.bin	emu/EXTRAS/ATARI2600-duplicados/words.bin	mismo SHA-1 que Words-Attack (Prototype).a26
MOVIDO	emu/ROMS/PCE/- 1943 Kai (Japan).png	emu/MEDIA/PCE/- 1943 Kai (Japan).png	carátula a MEDIA
MOVIDO	emu/ROMS/PCE/Adventure Island (Japan).png	emu/MEDIA/PCE/Adventure Island (Japan).png	carátula a MEDIA
MOVIDO	emu/ROMS/PCE/Aero Blasters (USA).png	emu/MEDIA/PCE/Aero Blasters (USA).png	carátula a MEDIA
MOVIDO	emu/ROMS/PCE/After Burner II (Japan).png	emu/MEDIA/PCE/After Burner II (Japan).png	carátula a MEDIA
MOVIDO	emu/ROMS/PCE/Air Zonk (USA).png	emu/MEDIA/PCE/Air Zonk (USA).png	carátula a MEDIA
MOVIDO	emu/ROMS/PCE/Alien Crush (USA).png	emu/MEDIA/PCE/Alien Crush (USA).png	carátula a MEDIA
MOVIDO	emu/ROMS/PCE/Andre' Panza Kick Boxing (USA).png	emu/MEDIA/PCE/Andre' Panza Kick Boxing (USA).png	carátula a MEDIA
MOVIDO	emu/ROMS/PCE/Ankoku Densetsu (Japan).png	emu/MEDIA/PCE/Ankoku Densetsu (Japan).png	carátula a MEDIA
MOVIDO	emu/ROMS/PCE/Aoi Blink (Japan).png	emu/MEDIA/PCE/Aoi Blink (Japan).png	carátula a MEDIA
MOVIDO	emu/ROMS/PCE/Armed F (Japan).png	emu/MEDIA/PCE/Armed F (Japan).png	carátula a MEDIA
MOVIDO	emu/ROMS/PCE/Atomic Robo-Kid Special (Japan).png	emu/MEDIA/PCE/Atomic Robo-Kid Special (Japan).png	carátula a MEDIA
MOVIDO	emu/ROMS/PCE/Ballistix (USA).png	emu/MEDIA/PCE/Ballistix (USA).png	carátula a MEDIA
MOVIDO	emu/ROMS/PCE/Bari Bari Densetsu (Japan).png	emu/MEDIA/PCE/Bari Bari Densetsu (Japan).png	carátula a MEDIA
MOVIDO	emu/ROMS/PCE/Barunba (Japan).png	emu/MEDIA/PCE/Barunba (Japan).png	carátula a MEDIA
MOVIDO	emu/ROMS/PCE/Batman (Japan).png	emu/MEDIA/PCE/Batman (Japan).png	carátula a MEDIA
MOVIDO	emu/ROMS/PCE/Battle Lode Runner (Japan).png	emu/MEDIA/PCE/Battle Lode Runner (Japan).png	carátula a MEDIA
MOVIDO	emu/ROMS/PCE/Battle Royale (USA).png	emu/MEDIA/PCE/Battle Royale (USA).png	carátula a MEDIA
MOVIDO	emu/ROMS/PCE/Blazing Lazers (USA).png	emu/MEDIA/PCE/Blazing Lazers (USA).png	carátula a MEDIA
MOVIDO	emu/ROMS/PCE/Bloody Wolf (USA).png	emu/MEDIA/PCE/Bloody Wolf (USA).png	carátula a MEDIA
MOVIDO	emu/ROMS/PCE/Bomberman '93 (Japan) (Special Version).png	emu/MEDIA/PCE/Bomberman '93 (Japan) (Special Version).png	carátula a MEDIA
MOVIDO	emu/ROMS/PCE/Bomberman '93 (USA).png	emu/MEDIA/PCE/Bomberman '93 (USA).png	carátula a MEDIA
MOVIDO	emu/ROMS/PCE/Bomberman '94 (Japan).png	emu/MEDIA/PCE/Bomberman '94 (Japan).png	carátula a MEDIA
MOVIDO	emu/ROMS/PCE/Bomberman (USA).png	emu/MEDIA/PCE/Bomberman (USA).png	carátula a MEDIA
MOVIDO	emu/ROMS/PCE/Bonk III - Bonk's Big Adventure (USA).png	emu/MEDIA/PCE/Bonk III - Bonk's Big Adventure (USA).png	carátula a MEDIA
MOVIDO	emu/ROMS/PCE/Bonk's Adventure (USA).png	emu/MEDIA/PCE/Bonk's Adventure (USA).png	carátula a MEDIA
MOVIDO	emu/ROMS/PCE/Bonk's Revenge (USA).png	emu/MEDIA/PCE/Bonk's Revenge (USA).png	carátula a MEDIA
MOVIDO	emu/ROMS/PCE/Bouken Danshaku Don - The Lost Sunheart (Japan).png	emu/MEDIA/PCE/Bouken Danshaku Don - The Lost Sunheart (Japan).png	carátula a MEDIA
MOVIDO	emu/ROMS/PCE/Boxyboy (USA).png	emu/MEDIA/PCE/Boxyboy (USA).png	carátula a MEDIA
MOVIDO	emu/ROMS/PCE/Bravoman (USA).png	emu/MEDIA/PCE/Bravoman (USA).png	carátula a MEDIA
MOVIDO	emu/ROMS/PCE/Break In (Japan).png	emu/MEDIA/PCE/Break In (Japan).png	carátula a MEDIA
MOVIDO	emu/ROMS/PCE/Burning Angels (Japan).png	emu/MEDIA/PCE/Burning Angels (Japan).png	carátula a MEDIA
MOVIDO	emu/ROMS/PCE/Cadash (USA).png	emu/MEDIA/PCE/Cadash (USA).png	carátula a MEDIA
MOVIDO	emu/ROMS/PCE/Champion Wrestler (Japan).png	emu/MEDIA/PCE/Champion Wrestler (Japan).png	carátula a MEDIA
MOVIDO	emu/ROMS/PCE/Champions Forever Boxing (USA).png	emu/MEDIA/PCE/Champions Forever Boxing (USA).png	carátula a MEDIA
MOVIDO	emu/ROMS/PCE/Chew Man Fu (USA).png	emu/MEDIA/PCE/Chew Man Fu (USA).png	carátula a MEDIA
MOVIDO	emu/ROMS/PCE/Chibi Maruko-chan - Quiz de Piihyara (Japan).png	emu/MEDIA/PCE/Chibi Maruko-chan - Quiz de Piihyara (Japan).png	carátula a MEDIA
MOVIDO	emu/ROMS/PCE/China Warrior (USA).png	emu/MEDIA/PCE/China Warrior (USA).png	carátula a MEDIA
MOVIDO	emu/ROMS/PCE/Circus Lido (Japan).png	emu/MEDIA/PCE/Circus Lido (Japan).png	carátula a MEDIA
MOVIDO	emu/ROMS/PCE/City Hunter (Japan).png	emu/MEDIA/PCE/City Hunter (Japan).png	carátula a MEDIA
MOVIDO	emu/ROMS/PCE/Columns (Japan).png	emu/MEDIA/PCE/Columns (Japan).png	carátula a MEDIA
MOVIDO	emu/ROMS/PCE/Coryoon - Child of Dragon (Japan).png	emu/MEDIA/PCE/Coryoon - Child of Dragon (Japan).png	carátula a MEDIA
MOVIDO	emu/ROMS/PCE/Cratermaze (USA).png	emu/MEDIA/PCE/Cratermaze (USA).png	carátula a MEDIA
MOVIDO	emu/ROMS/PCE/Cross Wiber - Cyber Combat Police (Japan).png	emu/MEDIA/PCE/Cross Wiber - Cyber Combat Police (Japan).png	carátula a MEDIA
MOVIDO	emu/ROMS/PCE/Cyber Core (USA).png	emu/MEDIA/PCE/Cyber Core (USA).png	carátula a MEDIA
MOVIDO	emu/ROMS/PCE/Cyber Dodge (Japan).png	emu/MEDIA/PCE/Cyber Dodge (Japan).png	carátula a MEDIA
MOVIDO	emu/ROMS/PCE/Daimakai Mura.png	emu/MEDIA/PCE/Daimakai Mura.png	carátula a MEDIA
MOVIDO	emu/ROMS/PCE/Daisenpuu (Japan).png	emu/MEDIA/PCE/Daisenpuu (Japan).png	carátula a MEDIA
MOVIDO	emu/ROMS/PCE/Darius Alpha (Japan).png	emu/MEDIA/PCE/Darius Alpha (Japan).png	carátula a MEDIA
MOVIDO	emu/ROMS/PCE/Darius Plus (Japan).png	emu/MEDIA/PCE/Darius Plus (Japan).png	carátula a MEDIA
MOVIDO	emu/ROMS/PCE/Darkwing Duck (USA).png	emu/MEDIA/PCE/Darkwing Duck (USA).png	carátula a MEDIA
MOVIDO	emu/ROMS/PCE/Davis Cup Tennis (USA).png	emu/MEDIA/PCE/Davis Cup Tennis (USA).png	carátula a MEDIA
MOVIDO	emu/ROMS/PCE/Dead Moon (USA).png	emu/MEDIA/PCE/Dead Moon (USA).png	carátula a MEDIA
MOVIDO	emu/ROMS/PCE/Deep Blue (USA).png	emu/MEDIA/PCE/Deep Blue (USA).png	carátula a MEDIA
MOVIDO	emu/ROMS/PCE/Detana!! TwinBee (Japan).png	emu/MEDIA/PCE/Detana!! TwinBee (Japan).png	carátula a MEDIA
MOVIDO	emu/ROMS/PCE/Devil's Crush (USA).png	emu/MEDIA/PCE/Devil's Crush (USA).png	carátula a MEDIA
MOVIDO	emu/ROMS/PCE/Die Hard (Japan).png	emu/MEDIA/PCE/Die Hard (Japan).png	carátula a MEDIA
MOVIDO	emu/ROMS/PCE/Digital Champ (Japan).png	emu/MEDIA/PCE/Digital Champ (Japan).png	carátula a MEDIA
MOVIDO	emu/ROMS/PCE/Don Doko Don! (Japan).png	emu/MEDIA/PCE/Don Doko Don! (Japan).png	carátula a MEDIA
MOVIDO	emu/ROMS/PCE/Double Dungeons - W (USA).png	emu/MEDIA/PCE/Double Dungeons - W (USA).png	carátula a MEDIA
MOVIDO	emu/ROMS/PCE/Download (Japan).png	emu/MEDIA/PCE/Download (Japan).png	carátula a MEDIA
MOVIDO	emu/ROMS/PCE/Dragon Egg! (Japan).png	emu/MEDIA/PCE/Dragon Egg! (Japan).png	carátula a MEDIA
MOVIDO	emu/ROMS/PCE/Dragon Saber - After Story of Dragon Spirit (Japan).png	emu/MEDIA/PCE/Dragon Saber - After Story of Dragon Spirit (Japan).png	carátula a MEDIA
MOVIDO	emu/ROMS/PCE/Dragon Spirit (USA).png	emu/MEDIA/PCE/Dragon Spirit (USA).png	carátula a MEDIA
MOVIDO	emu/ROMS/PCE/Dragon's Curse (USA).png	emu/MEDIA/PCE/Dragon's Curse (USA).png	carátula a MEDIA
MOVIDO	emu/ROMS/PCE/Drop.Off (USA).png	emu/MEDIA/PCE/Drop.Off (USA).png	carátula a MEDIA
MOVIDO	emu/ROMS/PCE/Dungeon Explorer (USA).png	emu/MEDIA/PCE/Dungeon Explorer (USA).png	carátula a MEDIA
MOVIDO	emu/ROMS/PCE/Eternal City - Toshi Tensou Keikaku (Japan).png	emu/MEDIA/PCE/Eternal City - Toshi Tensou Keikaku (Japan).png	carátula a MEDIA
MOVIDO	emu/ROMS/PCE/F1 Circus '91 - World Championship (Japan).png	emu/MEDIA/PCE/F1 Circus '91 - World Championship (Japan).png	carátula a MEDIA
MOVIDO	emu/ROMS/PCE/F1 Circus '92 - The Speed of Sound (Japan).png	emu/MEDIA/PCE/F1 Circus '92 - The Speed of Sound (Japan).png	carátula a MEDIA
MOVIDO	emu/ROMS/PCE/F1 Circus (Japan).png	emu/MEDIA/PCE/F1 Circus (Japan).png	carátula a MEDIA
MOVIDO	emu/ROMS/PCE/F1 Triple Battle (Japan).png	emu/MEDIA/PCE/F1 Triple Battle (Japan).png	carátula a MEDIA
MOVIDO	emu/ROMS/PCE/Falcon (USA).png	emu/MEDIA/PCE/Falcon (USA).png	carátula a MEDIA
MOVIDO	emu/ROMS/PCE/Fantasy Zone (USA).png	emu/MEDIA/PCE/Fantasy Zone (USA).png	carátula a MEDIA
MOVIDO	emu/ROMS/PCE/Fighting Run (Japan).png	emu/MEDIA/PCE/Fighting Run (Japan).png	carátula a MEDIA
MOVIDO	emu/ROMS/PCE/Final Blaster (Japan).png	emu/MEDIA/PCE/Final Blaster (Japan).png	carátula a MEDIA
MOVIDO	emu/ROMS/PCE/Final Lap Twin (USA).png	emu/MEDIA/PCE/Final Lap Twin (USA).png	carátula a MEDIA
MOVIDO	emu/ROMS/PCE/Final Match Tennis (Japan).png	emu/MEDIA/PCE/Final Match Tennis (Japan).png	carátula a MEDIA
MOVIDO	emu/ROMS/PCE/Final Soldier (Japan) (Special Version).png	emu/MEDIA/PCE/Final Soldier (Japan) (Special Version).png	carátula a MEDIA
MOVIDO	emu/ROMS/PCE/Fire Pro Wrestling 3 - Legend Bout (Japan).png	emu/MEDIA/PCE/Fire Pro Wrestling 3 - Legend Bout (Japan).png	carátula a MEDIA
MOVIDO	emu/ROMS/PCE/Formation Soccer - Human Cup '90 (Japan).png	emu/MEDIA/PCE/Formation Soccer - Human Cup '90 (Japan).png	carátula a MEDIA
MOVIDO	emu/ROMS/PCE/Formation Soccer - On J. League (Japan).png	emu/MEDIA/PCE/Formation Soccer - On J. League (Japan).png	carátula a MEDIA
MOVIDO	emu/ROMS/PCE/Fushigi no Yume no Alice (Japan).png	emu/MEDIA/PCE/Fushigi no Yume no Alice (Japan).png	carátula a MEDIA
MOVIDO	emu/ROMS/PCE/Galaga '90 (USA).png	emu/MEDIA/PCE/Galaga '90 (USA).png	carátula a MEDIA
MOVIDO	emu/ROMS/PCE/Gekisha Boy (Japan).png	emu/MEDIA/PCE/Gekisha Boy (Japan).png	carátula a MEDIA
MOVIDO	emu/ROMS/PCE/Genji Tsuushin Agedama (Japan).png	emu/MEDIA/PCE/Genji Tsuushin Agedama (Japan).png	carátula a MEDIA
MOVIDO	emu/ROMS/PCE/Genpei Toumaden (Japan).png	emu/MEDIA/PCE/Genpei Toumaden (Japan).png	carátula a MEDIA
MOVIDO	emu/ROMS/PCE/Ghost Manor (USA).png	emu/MEDIA/PCE/Ghost Manor (USA).png	carátula a MEDIA
MOVIDO	emu/ROMS/PCE/Gokuraku! Chuuka Taisen (Japan).png	emu/MEDIA/PCE/Gokuraku! Chuuka Taisen (Japan).png	carátula a MEDIA
MOVIDO	emu/ROMS/PCE/Gradius (Japan).png	emu/MEDIA/PCE/Gradius (Japan).png	carátula a MEDIA
MOVIDO	emu/ROMS/PCE/Gunboat (USA).png	emu/MEDIA/PCE/Gunboat (USA).png	carátula a MEDIA
MOVIDO	emu/ROMS/PCE/Gunhed (Japan).png	emu/MEDIA/PCE/Gunhed (Japan).png	carátula a MEDIA
MOVIDO	emu/ROMS/PCE/Hana Taaka Daka! (Japan).png	emu/MEDIA/PCE/Hana Taaka Daka! (Japan).png	carátula a MEDIA
MOVIDO	emu/ROMS/PCE/Hanii on the Road (Japan).png	emu/MEDIA/PCE/Hanii on the Road (Japan).png	carátula a MEDIA
MOVIDO	emu/ROMS/PCE/Hatris (Japan).png	emu/MEDIA/PCE/Hatris (Japan).png	carátula a MEDIA
MOVIDO	emu/ROMS/PCE/Heavy Unit (Japan).png	emu/MEDIA/PCE/Heavy Unit (Japan).png	carátula a MEDIA
MOVIDO	emu/ROMS/PCE/Hit the Ice - VHL - The Official Video Hockey League (USA).png	emu/MEDIA/PCE/Hit the Ice - VHL - The Official Video Hockey League (USA).png	carátula a MEDIA
MOVIDO	emu/ROMS/PCE/Image Fight (Japan).png	emu/MEDIA/PCE/Image Fight (Japan).png	carátula a MEDIA
MOVIDO	emu/ROMS/PCE/Impossamole (USA).png	emu/MEDIA/PCE/Impossamole (USA).png	carátula a MEDIA
MOVIDO	emu/ROMS/PCE/J.J. & Jeff (USA).png	emu/MEDIA/PCE/J.J. & Jeff (USA).png	carátula a MEDIA
MOVIDO	emu/ROMS/PCE/Jack Nicklaus' Turbo Golf (USA).png	emu/MEDIA/PCE/Jack Nicklaus' Turbo Golf (USA).png	carátula a MEDIA
MOVIDO	emu/ROMS/PCE/Jackie Chan's Action Kung Fu (USA).png	emu/MEDIA/PCE/Jackie Chan's Action Kung Fu (USA).png	carátula a MEDIA
MOVIDO	emu/ROMS/PCE/Jigoku Meguri (Japan).png	emu/MEDIA/PCE/Jigoku Meguri (Japan).png	carátula a MEDIA
MOVIDO	emu/ROMS/PCE/Jinmu Denshou (Japan).png	emu/MEDIA/PCE/Jinmu Denshou (Japan).png	carátula a MEDIA
MOVIDO	emu/ROMS/PCE/Juuouki (Japan).png	emu/MEDIA/PCE/Juuouki (Japan).png	carátula a MEDIA
MOVIDO	emu/ROMS/PCE/Kaizou Choujin Shubibinman (Japan).png	emu/MEDIA/PCE/Kaizou Choujin Shubibinman (Japan).png	carátula a MEDIA
MOVIDO	emu/ROMS/PCE/Keith Courage in Alpha Zones (USA).png	emu/MEDIA/PCE/Keith Courage in Alpha Zones (USA).png	carátula a MEDIA
MOVIDO	emu/ROMS/PCE/KickBall (Japan).png	emu/MEDIA/PCE/KickBall (Japan).png	carátula a MEDIA
MOVIDO	emu/ROMS/PCE/Kikikai-kai (Japan).png	emu/MEDIA/PCE/Kikikai-kai (Japan).png	carátula a MEDIA
MOVIDO	emu/ROMS/PCE/King of Casino (USA).png	emu/MEDIA/PCE/King of Casino (USA).png	carátula a MEDIA
MOVIDO	emu/ROMS/PCE/Klax (USA).png	emu/MEDIA/PCE/Klax (USA).png	carátula a MEDIA
MOVIDO	emu/ROMS/PCE/Knight Rider Special (Japan).png	emu/MEDIA/PCE/Knight Rider Special (Japan).png	carátula a MEDIA
MOVIDO	emu/ROMS/PCE/Kyuukyoku Tiger (Japan).png	emu/MEDIA/PCE/Kyuukyoku Tiger (Japan).png	carátula a MEDIA
MOVIDO	emu/ROMS/PCE/Legend of Hero Tonma (USA).png	emu/MEDIA/PCE/Legend of Hero Tonma (USA).png	carátula a MEDIA
MOVIDO	emu/ROMS/PCE/Legendary Axe II, The (USA).png	emu/MEDIA/PCE/Legendary Axe II, The (USA).png	carátula a MEDIA
MOVIDO	emu/ROMS/PCE/Legendary Axe, The (USA).png	emu/MEDIA/PCE/Legendary Axe, The (USA).png	carátula a MEDIA
MOVIDO	emu/ROMS/PCE/Maerchen Maze (Japan).png	emu/MEDIA/PCE/Maerchen Maze (Japan).png	carátula a MEDIA
MOVIDO	emu/ROMS/PCE/Magical Chase (USA).png	emu/MEDIA/PCE/Magical Chase (USA).png	carátula a MEDIA
MOVIDO	emu/ROMS/PCE/Makai Prince Dorabocchan (Japan).png	emu/MEDIA/PCE/Makai Prince Dorabocchan (Japan).png	carátula a MEDIA
MOVIDO	emu/ROMS/PCE/Metal Stoker (Japan).png	emu/MEDIA/PCE/Metal Stoker (Japan).png	carátula a MEDIA
MOVIDO	emu/ROMS/PCE/Military Madness (USA).png	emu/MEDIA/PCE/Military Madness (USA).png	carátula a MEDIA
MOVIDO	emu/ROMS/PCE/Mizubaku Adventure (Japan).png	emu/MEDIA/PCE/Mizubaku Adventure (Japan).png	carátula a MEDIA
MOVIDO	emu/ROMS/PCE/Moto Roader (USA).png	emu/MEDIA/PCE/Moto Roader (USA).png	carátula a MEDIA
MOVIDO	emu/ROMS/PCE/Moto Roader II (Japan).png	emu/MEDIA/PCE/Moto Roader II (Japan).png	carátula a MEDIA
MOVIDO	emu/ROMS/PCE/Mr. Heli no Daibouken (Japan).png	emu/MEDIA/PCE/Mr. Heli no Daibouken (Japan).png	carátula a MEDIA
MOVIDO	emu/ROMS/PCE/Narazumono Sentou Butai - Bloody Wolf (Japan).png	emu/MEDIA/PCE/Narazumono Sentou Butai - Bloody Wolf (Japan).png	carátula a MEDIA
MOVIDO	emu/ROMS/PCE/Nekketsu Koukou Dodgeball-bu - PC Bangai Hen (Japan).png	emu/MEDIA/PCE/Nekketsu Koukou Dodgeball-bu - PC Bangai Hen (Japan).png	carátula a MEDIA
MOVIDO	emu/ROMS/PCE/Nekketsu Koukou Dodgeball-bu - Soccer PC Hen (Japan).png	emu/MEDIA/PCE/Nekketsu Koukou Dodgeball-bu - Soccer PC Hen (Japan).png	carátula a MEDIA
MOVIDO	emu/ROMS/PCE/Neutopia (USA).png	emu/MEDIA/PCE/Neutopia (USA).png	carátula a MEDIA
MOVIDO	emu/ROMS/PCE/Neutopia II (USA).png	emu/MEDIA/PCE/Neutopia II (USA).png	carátula a MEDIA
MOVIDO	emu/ROMS/PCE/New Adventure Island (USA).png	emu/MEDIA/PCE/New Adventure Island (USA).png	carátula a MEDIA
MOVIDO	emu/ROMS/PCE/New Zealand Story, The (Japan).png	emu/MEDIA/PCE/New Zealand Story, The (Japan).png	carátula a MEDIA
MOVIDO	emu/ROMS/PCE/Night Creatures (USA).png	emu/MEDIA/PCE/Night Creatures (USA).png	carátula a MEDIA
MOVIDO	emu/ROMS/PCE/Ninja Ryuuken Den (Japan) (En,Ja,Zh).png	emu/MEDIA/PCE/Ninja Ryuuken Den (Japan) (En,Ja,Zh).png	carátula a MEDIA
MOVIDO	emu/ROMS/PCE/Ninja Spirit (USA).png	emu/MEDIA/PCE/Ninja Spirit (USA).png	carátula a MEDIA
MOVIDO	emu/ROMS/PCE/Ninja Warriors, The (Japan).png	emu/MEDIA/PCE/Ninja Warriors, The (Japan).png	carátula a MEDIA
MOVIDO	emu/ROMS/PCE/Obocchama-kun (Japan).png	emu/MEDIA/PCE/Obocchama-kun (Japan).png	carátula a MEDIA
MOVIDO	emu/ROMS/PCE/Operation Wolf (Japan).png	emu/MEDIA/PCE/Operation Wolf (Japan).png	carátula a MEDIA
MOVIDO	emu/ROMS/PCE/Order of the Griffon (USA).png	emu/MEDIA/PCE/Order of the Griffon (USA).png	carátula a MEDIA
MOVIDO	emu/ROMS/PCE/Ordyne (USA).png	emu/MEDIA/PCE/Ordyne (USA).png	carátula a MEDIA
MOVIDO	emu/ROMS/PCE/Out Live (Japan).png	emu/MEDIA/PCE/Out Live (Japan).png	carátula a MEDIA
MOVIDO	emu/ROMS/PCE/Out Run (Japan).png	emu/MEDIA/PCE/Out Run (Japan).png	carátula a MEDIA
MOVIDO	emu/ROMS/PCE/Override (Japan).png	emu/MEDIA/PCE/Override (Japan).png	carátula a MEDIA
MOVIDO	emu/ROMS/PCE/P-47 - The Freedom Fighter (Japan).png	emu/MEDIA/PCE/P-47 - The Freedom Fighter (Japan).png	carátula a MEDIA
MOVIDO	emu/ROMS/PCE/Pac-Land (USA).png	emu/MEDIA/PCE/Pac-Land (USA).png	carátula a MEDIA
MOVIDO	emu/ROMS/PCE/Parasol Stars - The Story of Bubble Bobble III (USA).png	emu/MEDIA/PCE/Parasol Stars - The Story of Bubble Bobble III (USA).png	carátula a MEDIA
MOVIDO	emu/ROMS/PCE/Parodius Da! - Shinwa kara Owarai e (Japan).png	emu/MEDIA/PCE/Parodius Da! - Shinwa kara Owarai e (Japan).png	carátula a MEDIA
MOVIDO	emu/ROMS/PCE/PC Denjin - Punkic Cyborgs (Japan).png	emu/MEDIA/PCE/PC Denjin - Punkic Cyborgs (Japan).png	carátula a MEDIA
MOVIDO	emu/ROMS/PCE/Power Golf (USA).png	emu/MEDIA/PCE/Power Golf (USA).png	carátula a MEDIA
MOVIDO	emu/ROMS/PCE/Power Tennis (Japan).png	emu/MEDIA/PCE/Power Tennis (Japan).png	carátula a MEDIA
MOVIDO	emu/ROMS/PCE/Psycho Chaser (Japan).png	emu/MEDIA/PCE/Psycho Chaser (Japan).png	carátula a MEDIA
MOVIDO	emu/ROMS/PCE/Psychosis (USA).png	emu/MEDIA/PCE/Psychosis (USA).png	carátula a MEDIA
MOVIDO	emu/ROMS/PCE/Puzzle Boy (Japan).png	emu/MEDIA/PCE/Puzzle Boy (Japan).png	carátula a MEDIA
MOVIDO	emu/ROMS/PCE/R-Type (USA).png	emu/MEDIA/PCE/R-Type (USA).png	carátula a MEDIA
MOVIDO	emu/ROMS/PCE/R-Type Part-2 (Japan).png	emu/MEDIA/PCE/R-Type Part-2 (Japan).png	carátula a MEDIA
MOVIDO	emu/ROMS/PCE/Rabio Lepus Special (Japan).png	emu/MEDIA/PCE/Rabio Lepus Special (Japan).png	carátula a MEDIA
MOVIDO	emu/ROMS/PCE/Racing Damashii (Japan).png	emu/MEDIA/PCE/Racing Damashii (Japan).png	carátula a MEDIA
MOVIDO	emu/ROMS/PCE/Raiden (USA).png	emu/MEDIA/PCE/Raiden (USA).png	carátula a MEDIA
MOVIDO	emu/ROMS/PCE/Rastan Saga II (Japan).png	emu/MEDIA/PCE/Rastan Saga II (Japan).png	carátula a MEDIA
MOVIDO	emu/ROMS/PCE/Rock-On (Japan).png	emu/MEDIA/PCE/Rock-On (Japan).png	carátula a MEDIA
MOVIDO	emu/ROMS/PCE/Salamander (Japan).png	emu/MEDIA/PCE/Salamander (Japan).png	carátula a MEDIA
MOVIDO	emu/ROMS/PCE/Samurai-Ghost (USA).png	emu/MEDIA/PCE/Samurai-Ghost (USA).png	carátula a MEDIA
MOVIDO	emu/ROMS/PCE/Shinobi (Japan).png	emu/MEDIA/PCE/Shinobi (Japan).png	carátula a MEDIA
MOVIDO	emu/ROMS/PCE/Shockman (USA).png	emu/MEDIA/PCE/Shockman (USA).png	carátula a MEDIA
MOVIDO	emu/ROMS/PCE/SideArms - Hyper Dyne (USA).png	emu/MEDIA/PCE/SideArms - Hyper Dyne (USA).png	carátula a MEDIA
MOVIDO	emu/ROMS/PCE/Silent Debuggers (USA).png	emu/MEDIA/PCE/Silent Debuggers (USA).png	carátula a MEDIA
MOVIDO	emu/ROMS/PCE/Sinistron (USA).png	emu/MEDIA/PCE/Sinistron (USA).png	carátula a MEDIA
MOVIDO	emu/ROMS/PCE/Soldier Blade (USA).png	emu/MEDIA/PCE/Soldier Blade (USA).png	carátula a MEDIA
MOVIDO	emu/ROMS/PCE/Somer Assault (USA).png	emu/MEDIA/PCE/Somer Assault (USA).png	carátula a MEDIA
MOVIDO	emu/ROMS/PCE/Son Son II (Japan).png	emu/MEDIA/PCE/Son Son II (Japan).png	carátula a MEDIA
MOVIDO	emu/ROMS/PCE/Sonic Spike - World Championship Beach Volleyball (USA).png	emu/MEDIA/PCE/Sonic Spike - World Championship Beach Volleyball (USA).png	carátula a MEDIA
MOVIDO	emu/ROMS/PCE/Space Harrier (USA).png	emu/MEDIA/PCE/Space Harrier (USA).png	carátula a MEDIA
MOVIDO	emu/ROMS/PCE/Space Invaders - Fukkatsu no Hi (Japan).png	emu/MEDIA/PCE/Space Invaders - Fukkatsu no Hi (Japan).png	carátula a MEDIA
MOVIDO	emu/ROMS/PCE/Special Criminal Investigation (Japan).png	emu/MEDIA/PCE/Special Criminal Investigation (Japan).png	carátula a MEDIA
MOVIDO	emu/ROMS/PCE/Spiral Wave (Japan).png	emu/MEDIA/PCE/Spiral Wave (Japan).png	carátula a MEDIA
MOVIDO	emu/ROMS/PCE/Splatterhouse (USA).png	emu/MEDIA/PCE/Splatterhouse (USA).png	carátula a MEDIA
MOVIDO	emu/ROMS/PCE/Street Fighter II' - Champion Edition (Japan).png	emu/MEDIA/PCE/Street Fighter II' - Champion Edition (Japan).png	carátula a MEDIA
MOVIDO	emu/ROMS/PCE/Strip Fighter II (Japan).png	emu/MEDIA/PCE/Strip Fighter II (Japan).png	carátula a MEDIA
MOVIDO	emu/ROMS/PCE/Super Metal Crusher (Japan).png	emu/MEDIA/PCE/Super Metal Crusher (Japan).png	carátula a MEDIA
MOVIDO	emu/ROMS/PCE/Super Star Soldier (USA).png	emu/MEDIA/PCE/Super Star Soldier (USA).png	carátula a MEDIA
MOVIDO	emu/ROMS/PCE/Super Volleyball (USA).png	emu/MEDIA/PCE/Super Volleyball (USA).png	carátula a MEDIA
MOVIDO	emu/ROMS/PCE/Taito Chase H.Q. (USA).png	emu/MEDIA/PCE/Taito Chase H.Q. (USA).png	carátula a MEDIA
MOVIDO	emu/ROMS/PCE/Takin' It to the Hoop (USA).png	emu/MEDIA/PCE/Takin' It to the Hoop (USA).png	carátula a MEDIA
MOVIDO	emu/ROMS/PCE/TaleSpin (USA).png	emu/MEDIA/PCE/TaleSpin (USA).png	carátula a MEDIA
MOVIDO	emu/ROMS/PCE/Tatsujin (Japan).png	emu/MEDIA/PCE/Tatsujin (Japan).png	carátula a MEDIA
MOVIDO	emu/ROMS/PCE/Tenseiryuu - Saint Dragon (Japan).png	emu/MEDIA/PCE/Tenseiryuu - Saint Dragon (Japan).png	carátula a MEDIA
MOVIDO	emu/ROMS/PCE/Terra Cresta II - Mandoraa no Gyakushuu (Japan).png	emu/MEDIA/PCE/Terra Cresta II - Mandoraa no Gyakushuu (Japan).png	carátula a MEDIA
MOVIDO	emu/ROMS/PCE/Thunder Blade (Japan).png	emu/MEDIA/PCE/Thunder Blade (Japan).png	carátula a MEDIA
MOVIDO	emu/ROMS/PCE/Tiger Road (USA).png	emu/MEDIA/PCE/Tiger Road (USA).png	carátula a MEDIA
MOVIDO	emu/ROMS/PCE/Time Cruise (USA).png	emu/MEDIA/PCE/Time Cruise (USA).png	carátula a MEDIA
MOVIDO	emu/ROMS/PCE/Timeball (USA).png	emu/MEDIA/PCE/Timeball (USA).png	carátula a MEDIA
MOVIDO	emu/ROMS/PCE/Toilet Kids (Japan).png	emu/MEDIA/PCE/Toilet Kids (Japan).png	carátula a MEDIA
MOVIDO	emu/ROMS/PCE/Tricky Kick (USA).png	emu/MEDIA/PCE/Tricky Kick (USA).png	carátula a MEDIA
MOVIDO	emu/ROMS/PCE/Turrican (USA).png	emu/MEDIA/PCE/Turrican (USA).png	carátula a MEDIA
MOVIDO	emu/ROMS/PCE/TV Sports Basketball (USA).png	emu/MEDIA/PCE/TV Sports Basketball (USA).png	carátula a MEDIA
MOVIDO	emu/ROMS/PCE/TV Sports Football (USA).png	emu/MEDIA/PCE/TV Sports Football (USA).png	carátula a MEDIA
MOVIDO	emu/ROMS/PCE/TV Sports Hockey (USA).png	emu/MEDIA/PCE/TV Sports Hockey (USA).png	carátula a MEDIA
MOVIDO	emu/ROMS/PCE/Valkyrie no Densetsu (Japan).png	emu/MEDIA/PCE/Valkyrie no Densetsu (Japan).png	carátula a MEDIA
MOVIDO	emu/ROMS/PCE/Veigues - Tactical Gladiator (USA).png	emu/MEDIA/PCE/Veigues - Tactical Gladiator (USA).png	carátula a MEDIA
MOVIDO	emu/ROMS/PCE/Victory Run (USA).png	emu/MEDIA/PCE/Victory Run (USA).png	carátula a MEDIA
MOVIDO	emu/ROMS/PCE/Vigilante (USA).png	emu/MEDIA/PCE/Vigilante (USA).png	carátula a MEDIA
MOVIDO	emu/ROMS/PCE/Violent Soldier (Japan).png	emu/MEDIA/PCE/Violent Soldier (Japan).png	carátula a MEDIA
MOVIDO	emu/ROMS/PCE/W-Ring - The Double Rings (Japan).png	emu/MEDIA/PCE/W-Ring - The Double Rings (Japan).png	carátula a MEDIA
MOVIDO	emu/ROMS/PCE/World Class Baseball (USA).png	emu/MEDIA/PCE/World Class Baseball (USA).png	carátula a MEDIA
MOVIDO	emu/ROMS/PCE/World Court Tennis (USA).png	emu/MEDIA/PCE/World Court Tennis (USA).png	carátula a MEDIA
MOVIDO	emu/ROMS/PCE/World Jockey (Japan).png	emu/MEDIA/PCE/World Jockey (Japan).png	carátula a MEDIA
MOVIDO	emu/ROMS/PCE/World Sports Competition (USA).png	emu/MEDIA/PCE/World Sports Competition (USA).png	carátula a MEDIA
MOVIDO	emu/ROMS/PCE/Xevious - Fardraut Saga (Japan).png	emu/MEDIA/PCE/Xevious - Fardraut Saga (Japan).png	carátula a MEDIA
MOVIDO	emu/ROMS/PCE/Yo, Bro (USA).png	emu/MEDIA/PCE/Yo, Bro (USA).png	carátula a MEDIA
MOVIDO	emu/ROMS/PCE/Zero 4 Champ (Japan).png	emu/MEDIA/PCE/Zero 4 Champ (Japan).png	carátula a MEDIA
MOVIDO	emu/ROMS/NGP/Cylum's Neo Geo Pocket Color ROM Collection (02-16-2021)/...GAMELIST.txt	emu/EXTRAS/NGP-otros/Cylum's Neo Geo Pocket Color ROM Collection (02-16-2021)/...GAMELIST.txt	no es una ROM (texto, audio, programa, base de datos)
MOVIDO	emu/ROMS/NGP/Cylum's Neo Geo Pocket Color ROM Collection (02-16-2021)/...UPDATES.txt	emu/EXTRAS/NGP-otros/Cylum's Neo Geo Pocket Color ROM Collection (02-16-2021)/...UPDATES.txt	no es una ROM (texto, audio, programa, base de datos)
MOVIDO	emu/ROMS/NGP/Baseball Stars Color (NA).ngc	emu/ROMS/NGPC/Baseball Stars Color (NA).ngc	ROM a su sistema por cabecera
MOVIDO	emu/ROMS/NGP/Big Bang Pro Wrestling (JP).ngc	emu/ROMS/NGPC/Big Bang Pro Wrestling (JP).ngc	ROM a su sistema por cabecera
MOVIDO	emu/ROMS/NGP/Cylum's Neo Geo Pocket Color ROM Collection (02-16-2021)/Japan/Big Bang Pro Wrestling.zip	emu/EXTRAS/NGPC-duplicados/Cylum's Neo Geo Pocket Color ROM Collection (02-16-2021)/Japan/Big Bang Pro Wrestling.zip	duplicado (mismo contenido que la ROM conservada)
MOVIDO	emu/ROMS/NGP/Biomotor Unitron (NA).ngc	emu/ROMS/NGPC/Biomotor Unitron (NA).ngc	ROM a su sistema por cabecera
MOVIDO	emu/ROMS/NGP/Cylum's Neo Geo Pocket Color ROM Collection (02-16-2021)/Biomotor Unitron.zip	emu/EXTRAS/NGPC-duplicados/Cylum's Neo Geo Pocket Color ROM Collection (02-16-2021)/Biomotor Unitron.zip	duplicado (mismo contenido que la ROM conservada)
MOVIDO	emu/ROMS/NGP/Bust-a-Move Pocket (NA).ngc	emu/ROMS/NGPC/Bust-a-Move Pocket (NA).ngc	ROM a su sistema por cabecera
MOVIDO	emu/ROMS/NGP/Cool Boarders Pocket (JP).ngc	emu/ROMS/NGPC/Cool Boarders Pocket (JP).ngc	ROM a su sistema por cabecera
MOVIDO	emu/ROMS/NGP/Cylum's Neo Geo Pocket Color ROM Collection (02-16-2021)/Cool Boarders Pocket.zip	emu/EXTRAS/NGPC-duplicados/Cylum's Neo Geo Pocket Color ROM Collection (02-16-2021)/Cool Boarders Pocket.zip	duplicado (mismo contenido que la ROM conservada)
MOVIDO	emu/ROMS/NGP/Crush Roller (NA).ngc	emu/ROMS/NGPC/Crush Roller (NA).ngc	ROM a su sistema por cabecera
MOVIDO	emu/ROMS/NGP/Cylum's Neo Geo Pocket Color ROM Collection (02-16-2021)/Crush Roller.zip	emu/EXTRAS/NGPC-duplicados/Cylum's Neo Geo Pocket Color ROM Collection (02-16-2021)/Crush Roller.zip	duplicado (mismo contenido que la ROM conservada)
MOVIDO	emu/ROMS/NGP/Dark Arms - Beast Buster 1999 (NA).ngc	emu/ROMS/NGPC/Dark Arms - Beast Buster 1999 (NA).ngc	ROM a su sistema por cabecera
MOVIDO	emu/ROMS/NGP/Delta Warp (JP).ngc	emu/ROMS/NGPC/Delta Warp (JP).ngc	ROM a su sistema por cabecera
MOVIDO	emu/ROMS/NGP/Cylum's Neo Geo Pocket Color ROM Collection (02-16-2021)/Japan/Delta Warp.zip	emu/EXTRAS/NGPC-duplicados/Cylum's Neo Geo Pocket Color ROM Collection (02-16-2021)/Japan/Delta Warp.zip	duplicado (mismo contenido que la ROM conservada)
MOVIDO	emu/ROMS/NGP/Densetsu no Ogre Battle Gaiden - Zenobia no Ouji (English Translated, Rev 1).ngc	emu/ROMS/NGPC/Densetsu no Ogre Battle Gaiden - Zenobia no Ouji (English Translated, Rev 1).ngc	ROM a su sistema por cabecera
MOVIDO	emu/ROMS/NGP/Cylum's Neo Geo Pocket Color ROM Collection (02-16-2021)/Translations/Densetsu no Ogre Battle Gaiden - Zenobia no Ouji.zip	emu/EXTRAS/NGPC-duplicados/Cylum's Neo Geo Pocket Color ROM Collection (02-16-2021)/Translations/Densetsu no Ogre Battle Gaiden - Zenobia no Ouji.zip	duplicado (mismo contenido que la ROM conservada)
MOVIDO	emu/ROMS/NGP/Dive Alert - Becky's Version (NA).ngc	emu/ROMS/NGPC/Dive Alert - Becky's Version (NA).ngc	ROM a su sistema por cabecera
MOVIDO	emu/ROMS/NGP/Dive Alert - Matt's Version (NA).ngc	emu/ROMS/NGPC/Dive Alert - Matt's Version (NA).ngc	ROM a su sistema por cabecera
MOVIDO	emu/ROMS/NGP/Dynamite Slugger (JP).ngc	emu/ROMS/NGPC/Dynamite Slugger (JP).ngc	ROM a su sistema por cabecera
MOVIDO	emu/ROMS/NGP/Cylum's Neo Geo Pocket Color ROM Collection (02-16-2021)/Dynamite Slugger.zip	emu/EXTRAS/NGPC-duplicados/Cylum's Neo Geo Pocket Color ROM Collection (02-16-2021)/Dynamite Slugger.zip	duplicado (mismo contenido que la ROM conservada)
MOVIDO	emu/ROMS/NGP/Evolution - Eternal Dungeons (EU).ngc	emu/ROMS/NGPC/Evolution - Eternal Dungeons (EU).ngc	ROM a su sistema por cabecera
MOVIDO	emu/ROMS/NGP/Cylum's Neo Geo Pocket Color ROM Collection (02-16-2021)/Evolution - Eternal Dungeons.zip	emu/EXTRAS/NGPC-duplicados/Cylum's Neo Geo Pocket Color ROM Collection (02-16-2021)/Evolution - Eternal Dungeons.zip	duplicado (mismo contenido que la ROM conservada)
MOVIDO	emu/ROMS/NGP/Fantastic Night Dreams - Cotton (EU).ngc	emu/ROMS/NGPC/Fantastic Night Dreams - Cotton (EU).ngc	ROM a su sistema por cabecera
MOVIDO	emu/ROMS/NGP/Cylum's Neo Geo Pocket Color ROM Collection (02-16-2021)/Cotton - Fantastic Night Dreams.zip	emu/EXTRAS/NGPC-duplicados/Cylum's Neo Geo Pocket Color ROM Collection (02-16-2021)/Cotton - Fantastic Night Dreams.zip	duplicado (mismo contenido que la ROM conservada)
MOVIDO	emu/ROMS/NGP/Faselei! (NA).ngc	emu/ROMS/NGPC/Faselei! (NA).ngc	ROM a su sistema por cabecera
MOVIDO	emu/ROMS/NGP/Cylum's Neo Geo Pocket Color ROM Collection (02-16-2021)/Faselei!.zip	emu/EXTRAS/NGPC-duplicados/Cylum's Neo Geo Pocket Color ROM Collection (02-16-2021)/Faselei!.zip	duplicado (mismo contenido que la ROM conservada)
MOVIDO	emu/ROMS/NGP/Fatal Fury F-Contact (NA).ngc	emu/ROMS/NGPC/Fatal Fury F-Contact (NA).ngc	ROM a su sistema por cabecera
MOVIDO	emu/ROMS/NGP/Ganbare Neo Poke-kun (JP).ngc	emu/ROMS/NGPC/Ganbare Neo Poke-kun (JP).ngc	ROM a su sistema por cabecera
MOVIDO	emu/ROMS/NGP/Cylum's Neo Geo Pocket Color ROM Collection (02-16-2021)/King of Fighters R-1, The.zip	emu/EXTRAS/NGP-duplicados/Cylum's Neo Geo Pocket Color ROM Collection (02-16-2021)/King of Fighters R-1, The.zip	duplicado (mismo contenido que la ROM conservada)
MOVIDO	emu/ROMS/NGP/King of Fighters R-2 (NA).ngc	emu/ROMS/NGPC/King of Fighters R-2 (NA).ngc	ROM a su sistema por cabecera
MOVIDO	emu/ROMS/NGP/Magical Drop Pocket (NA).ngc	emu/ROMS/NGPC/Magical Drop Pocket (NA).ngc	ROM a su sistema por cabecera
MOVIDO	emu/ROMS/NGP/Cylum's Neo Geo Pocket Color ROM Collection (02-16-2021)/Magical Drop Pocket.zip	emu/EXTRAS/NGPC-duplicados/Cylum's Neo Geo Pocket Color ROM Collection (02-16-2021)/Magical Drop Pocket.zip	duplicado (mismo contenido que la ROM conservada)
MOVIDO	emu/ROMS/NGP/Metal Slug - 1st Mission (NA).ngc	emu/ROMS/NGPC/Metal Slug - 1st Mission (NA).ngc	ROM a su sistema por cabecera
MOVIDO	emu/ROMS/NGP/Metal Slug - 2nd Mission (NA).ngc	emu/ROMS/NGPC/Metal Slug - 2nd Mission (NA).ngc	ROM a su sistema por cabecera
MOVIDO	emu/ROMS/NGP/Neo 21 (NA).ngc	emu/ROMS/NGPC/Neo 21 (NA).ngc	ROM a su sistema por cabecera
MOVIDO	emu/ROMS/NGP/Neo Baccarat (JP, Rev 16).ngc	emu/ROMS/NGPC/Neo Baccarat (JP, Rev 16).ngc	ROM a su sistema por cabecera
MOVIDO	emu/ROMS/NGP/Neo Cherry Master Color (NA).ngc	emu/ROMS/NGPC/Neo Cherry Master Color (NA).ngc	ROM a su sistema por cabecera
MOVIDO	emu/ROMS/NGP/Neo Dragon's Wild (NA, Rev 13).ngc	emu/ROMS/NGPC/Neo Dragon's Wild (NA, Rev 13).ngc	ROM a su sistema por cabecera
MOVIDO	emu/ROMS/NGP/Neo Geo Cup '98 Plus Color (NA).ngc	emu/ROMS/NGPC/Neo Geo Cup '98 Plus Color (NA).ngc	ROM a su sistema por cabecera
MOVIDO	emu/ROMS/NGP/Neo Mystery Bonus (NA).ngc	emu/ROMS/NGPC/Neo Mystery Bonus (NA).ngc	ROM a su sistema por cabecera
MOVIDO	emu/ROMS/NGP/Neo Poke Pro Yakyuu (JP, Rev 32).ngc	emu/ROMS/NGPC/Neo Poke Pro Yakyuu (JP, Rev 32).ngc	ROM a su sistema por cabecera
MOVIDO	emu/ROMS/NGP/Neo Turf Masters (NA).ngc	emu/ROMS/NGPC/Neo Turf Masters (NA).ngc	ROM a su sistema por cabecera
MOVIDO	emu/ROMS/NGP/Nige-ron-pa (English Translated, Rev 0.9).ngc	emu/ROMS/NGPC/Nige-ron-pa (English Translated, Rev 0.9).ngc	ROM a su sistema por cabecera
MOVIDO	emu/ROMS/NGP/Cylum's Neo Geo Pocket Color ROM Collection (02-16-2021)/Translations/Nige-Ron-Pa.zip	emu/EXTRAS/NGPC-duplicados/Cylum's Neo Geo Pocket Color ROM Collection (02-16-2021)/Translations/Nige-Ron-Pa.zip	duplicado (mismo contenido que la ROM conservada)
MOVIDO	emu/ROMS/NGP/Oekaki Puzzle (JP).ngc	emu/ROMS/NGPC/Oekaki Puzzle (JP).ngc	ROM a su sistema por cabecera
MOVIDO	emu/ROMS/NGP/Pac-Man (NA).ngc	emu/ROMS/NGPC/Pac-Man (NA).ngc	ROM a su sistema por cabecera
MOVIDO	emu/ROMS/NGP/Cylum's Neo Geo Pocket Color ROM Collection (02-16-2021)/Pac-Man.zip	emu/EXTRAS/NGPC-duplicados/Cylum's Neo Geo Pocket Color ROM Collection (02-16-2021)/Pac-Man.zip	duplicado (mismo contenido que la ROM conservada)
MOVIDO	emu/ROMS/NGP/Pachi-Slot Aruze Oukoku Pocket - Azteca (JP, Rev 6).ngc	emu/ROMS/NGPC/Pachi-Slot Aruze Oukoku Pocket - Azteca (JP, Rev 6).ngc	ROM a su sistema por cabecera
MOVIDO	emu/ROMS/NGP/Pachi-Slot Aruze Oukoku Pocket - Dekahel (JP).ngc	emu/ROMS/NGPC/Pachi-Slot Aruze Oukoku Pocket - Dekahel (JP).ngc	ROM a su sistema por cabecera
MOVIDO	emu/ROMS/NGP/Pachi-Slot Aruze Oukoku Pocket - Delsol 2 (JP).ngc	emu/ROMS/NGPC/Pachi-Slot Aruze Oukoku Pocket - Delsol 2 (JP).ngc	ROM a su sistema por cabecera
MOVIDO	emu/ROMS/NGP/Pachi-Slot Aruze Oukoku Pocket - E-Cup (JP, Rev 4).ngc	emu/ROMS/NGPC/Pachi-Slot Aruze Oukoku Pocket - E-Cup (JP, Rev 4).ngc	ROM a su sistema por cabecera
MOVIDO	emu/ROMS/NGP/Pachi-Slot Aruze Oukoku Pocket - Ohanabi (JP).ngc	emu/ROMS/NGPC/Pachi-Slot Aruze Oukoku Pocket - Ohanabi (JP).ngc	ROM a su sistema por cabecera
MOVIDO	emu/ROMS/NGP/Pachi-Slot Aruze Oukoku Pocket - Porcano 2 (JP).ngc	emu/ROMS/NGPC/Pachi-Slot Aruze Oukoku Pocket - Porcano 2 (JP).ngc	ROM a su sistema por cabecera
MOVIDO	emu/ROMS/NGP/Pachi-Slot Aruze Oukoku Pocket - Ward of Lights (JP, Rev 4).ngc	emu/ROMS/NGPC/Pachi-Slot Aruze Oukoku Pocket - Ward of Lights (JP, Rev 4).ngc	ROM a su sistema por cabecera
MOVIDO	emu/ROMS/NGP/Pachinko Hisshou Guide - Pocket Parlor (JP).ngc	emu/ROMS/NGPC/Pachinko Hisshou Guide - Pocket Parlor (JP).ngc	ROM a su sistema por cabecera
MOVIDO	emu/ROMS/NGP/Picture Puzzle (EU).ngc	emu/ROMS/NGPC/Picture Puzzle (EU).ngc	ROM a su sistema por cabecera
MOVIDO	emu/ROMS/NGP/Pocket Reversi (EU, Rev A1).ngc	emu/ROMS/NGPC/Pocket Reversi (EU, Rev A1).ngc	ROM a su sistema por cabecera
MOVIDO	emu/ROMS/NGP/Pocket Tennis Color (NA).ngc	emu/ROMS/NGPC/Pocket Tennis Color (NA).ngc	ROM a su sistema por cabecera
MOVIDO	emu/ROMS/NGP/Puyo Pop (NA, Rev 6).ngc	emu/ROMS/NGPC/Puyo Pop (NA, Rev 6).ngc	ROM a su sistema por cabecera
MOVIDO	emu/ROMS/NGP/Cylum's Neo Geo Pocket Color ROM Collection (02-16-2021)/Puyo Pop.zip	emu/EXTRAS/NGPC-duplicados/Cylum's Neo Geo Pocket Color ROM Collection (02-16-2021)/Puyo Pop.zip	duplicado (mismo contenido que la ROM conservada)
MOVIDO	emu/ROMS/NGP/Puzzle Link (NA).ngc	emu/ROMS/NGPC/Puzzle Link (NA).ngc	ROM a su sistema por cabecera
MOVIDO	emu/ROMS/NGP/Puzzle Link 2 (NA).ngc	emu/ROMS/NGPC/Puzzle Link 2 (NA).ngc	ROM a su sistema por cabecera
MOVIDO	emu/ROMS/NGP/Cylum's Neo Geo Pocket Color ROM Collection (02-16-2021)/Puzzle Link 2.zip	emu/EXTRAS/NGPC-duplicados/Cylum's Neo Geo Pocket Color ROM Collection (02-16-2021)/Puzzle Link 2.zip	duplicado (mismo contenido que la ROM conservada)
MOVIDO	emu/ROMS/NGP/Rockman - Battle & Fighters (English Translated,  Rev 1).ngc	emu/ROMS/NGPC/Rockman - Battle & Fighters (English Translated,  Rev 1).ngc	ROM a su sistema por cabecera
MOVIDO	emu/ROMS/NGP/Cylum's Neo Geo Pocket Color ROM Collection (02-16-2021)/Samurai Shodown!.zip	emu/EXTRAS/NGP-duplicados/Cylum's Neo Geo Pocket Color ROM Collection (02-16-2021)/Samurai Shodown!.zip	duplicado (mismo contenido que la ROM conservada)
MOVIDO	emu/ROMS/NGP/Samurai Shodown! 2 (NA).ngc	emu/ROMS/NGPC/Samurai Shodown! 2 (NA).ngc	ROM a su sistema por cabecera
MOVIDO	emu/ROMS/NGP/Shanghai Mini (NA).ngc	emu/ROMS/NGPC/Shanghai Mini (NA).ngc	ROM a su sistema por cabecera
MOVIDO	emu/ROMS/NGP/Cylum's Neo Geo Pocket Color ROM Collection (02-16-2021)/Shanghai Mini.zip	emu/EXTRAS/NGPC-duplicados/Cylum's Neo Geo Pocket Color ROM Collection (02-16-2021)/Shanghai Mini.zip	duplicado (mismo contenido que la ROM conservada)
MOVIDO	emu/ROMS/NGP/SNK Gals' Fighters (NA).ngc	emu/ROMS/NGPC/SNK Gals' Fighters (NA).ngc	ROM a su sistema por cabecera
MOVIDO	emu/ROMS/NGP/Cylum's Neo Geo Pocket Color ROM Collection (02-16-2021)/SNK Gals' Fighters.zip	emu/EXTRAS/NGPC-duplicados/Cylum's Neo Geo Pocket Color ROM Collection (02-16-2021)/SNK Gals' Fighters.zip	duplicado (mismo contenido que la ROM conservada)
MOVIDO	emu/ROMS/NGP/SNK Vs. Capcom - Card Fighters 2 - Expand Edition (English Translated, Rev 1-25-17).ngc	emu/ROMS/NGPC/SNK Vs. Capcom - Card Fighters 2 - Expand Edition (English Translated, Rev 1-25-17).ngc	ROM a su sistema por cabecera
MOVIDO	emu/ROMS/NGP/Cylum's Neo Geo Pocket Color ROM Collection (02-16-2021)/Translations/SNK vs. Capcom - Card Fighters' Clash 2 - Expand Edition.zip	emu/EXTRAS/NGPC-duplicados/Cylum's Neo Geo Pocket Color ROM Collection (02-16-2021)/Translations/SNK vs. Capcom - Card Fighters' Clash 2 - Expand Edition.zip	duplicado (mismo contenido que la ROM conservada)
MOVIDO	emu/ROMS/NGP/SNK Vs. Capcom - Card Fighters' Clash - Capcom Version (NA).ngc	emu/ROMS/NGPC/SNK Vs. Capcom - Card Fighters' Clash - Capcom Version (NA).ngc	ROM a su sistema por cabecera
MOVIDO	emu/ROMS/NGP/Cylum's Neo Geo Pocket Color ROM Collection (02-16-2021)/SNK vs. Capcom - Card Fighters' Clash - Capcom Version.zip	emu/EXTRAS/NGPC-duplicados/Cylum's Neo Geo Pocket Color ROM Collection (02-16-2021)/SNK vs. Capcom - Card Fighters' Clash - Capcom Version.zip	duplicado (mismo contenido que la ROM conservada)
MOVIDO	emu/ROMS/NGP/SNK Vs. Capcom - Card Fighters' Clash - SNK Version (NA).ngc	emu/ROMS/NGPC/SNK Vs. Capcom - Card Fighters' Clash - SNK Version (NA).ngc	ROM a su sistema por cabecera
MOVIDO	emu/ROMS/NGP/Cylum's Neo Geo Pocket Color ROM Collection (02-16-2021)/SNK vs. Capcom - Card Fighters' Clash - SNK Version.zip	emu/EXTRAS/NGPC-duplicados/Cylum's Neo Geo Pocket Color ROM Collection (02-16-2021)/SNK vs. Capcom - Card Fighters' Clash - SNK Version.zip	duplicado (mismo contenido que la ROM conservada)
MOVIDO	emu/ROMS/NGP/SNK Vs. Capcom - The Match of the Millennium (NA).ngc	emu/ROMS/NGPC/SNK Vs. Capcom - The Match of the Millennium (NA).ngc	ROM a su sistema por cabecera
MOVIDO	emu/ROMS/NGP/Sonic the Hedgehog - Pocket Adventure (NA).ngc	emu/ROMS/NGPC/Sonic the Hedgehog - Pocket Adventure (NA).ngc	ROM a su sistema por cabecera
MOVIDO	emu/ROMS/NGP/The Last Blade - Beyond the Destiny (NA).ngc	emu/ROMS/NGPC/The Last Blade - Beyond the Destiny (NA).ngc	ROM a su sistema por cabecera
MOVIDO	emu/ROMS/NGP/Cylum's Neo Geo Pocket Color ROM Collection (02-16-2021)/Last Blade, The - Beyond the Destiny.zip	emu/EXTRAS/NGPC-duplicados/Cylum's Neo Geo Pocket Color ROM Collection (02-16-2021)/Last Blade, The - Beyond the Destiny.zip	duplicado (mismo contenido que la ROM conservada)
MOVIDO	emu/ROMS/NGP/Wrestling Madness (Prototype).ngc	emu/ROMS/NGPC/Wrestling Madness (Prototype).ngc	ROM a su sistema por cabecera
MOVIDO	emu/ROMS/NGP/Cylum's Neo Geo Pocket Color ROM Collection (02-16-2021)/Baseball Stars Color.zip	emu/ROMS/NGPC/Baseball Stars Color.zip	ROM a su sistema por cabecera
MOVIDO	emu/ROMS/NGP/Cylum's Neo Geo Pocket Color ROM Collection (02-16-2021)/Bust-A-Move Pocket.zip	emu/ROMS/NGPC/Bust-A-Move Pocket.zip	ROM a su sistema por cabecera
MOVIDO	emu/ROMS/NGP/Cylum's Neo Geo Pocket Color ROM Collection (02-16-2021)/Dark Arms - Beast Buster 1999.zip	emu/ROMS/NGPC/Dark Arms - Beast Buster 1999.zip	ROM a su sistema por cabecera
MOVIDO	emu/ROMS/NGP/Cylum's Neo Geo Pocket Color ROM Collection (02-16-2021)/Fatal Fury - First Contact.zip	emu/ROMS/NGPC/Fatal Fury - First Contact.zip	ROM a su sistema por cabecera
MOVIDO	emu/ROMS/NGP/Cylum's Neo Geo Pocket Color ROM Collection (02-16-2021)/King of Fighters R-2, The.zip	emu/ROMS/NGPC/King of Fighters R-2, The.zip	ROM a su sistema por cabecera
MOVIDO	emu/ROMS/NGP/Cylum's Neo Geo Pocket Color ROM Collection (02-16-2021)/Metal Slug - 1st Mission.zip	emu/ROMS/NGPC/Metal Slug - 1st Mission.zip	ROM a su sistema por cabecera
MOVIDO	emu/ROMS/NGP/Cylum's Neo Geo Pocket Color ROM Collection (02-16-2021)/Metal Slug - 2nd Mission.zip	emu/ROMS/NGPC/Metal Slug - 2nd Mission.zip	ROM a su sistema por cabecera
MOVIDO	emu/ROMS/NGP/Cylum's Neo Geo Pocket Color ROM Collection (02-16-2021)/Neo Turf Masters.zip	emu/ROMS/NGPC/Neo Turf Masters.zip	ROM a su sistema por cabecera
MOVIDO	emu/ROMS/NGP/Cylum's Neo Geo Pocket Color ROM Collection (02-16-2021)/Picture Puzzle.zip	emu/ROMS/NGPC/Picture Puzzle.zip	ROM a su sistema por cabecera
MOVIDO	emu/ROMS/NGP/Cylum's Neo Geo Pocket Color ROM Collection (02-16-2021)/Pocket Tennis Color.zip	emu/ROMS/NGPC/Pocket Tennis Color.zip	ROM a su sistema por cabecera
MOVIDO	emu/ROMS/NGP/Cylum's Neo Geo Pocket Color ROM Collection (02-16-2021)/Puzzle Link.zip	emu/ROMS/NGPC/Puzzle Link.zip	ROM a su sistema por cabecera
MOVIDO	emu/ROMS/NGP/Cylum's Neo Geo Pocket Color ROM Collection (02-16-2021)/Samurai Shodown! 2.zip	emu/ROMS/NGPC/Samurai Shodown! 2.zip	ROM a su sistema por cabecera
MOVIDO	emu/ROMS/NGP/Cylum's Neo Geo Pocket Color ROM Collection (02-16-2021)/SNK vs. Capcom - The Match of the Millennium.zip	emu/ROMS/NGPC/SNK vs. Capcom - The Match of the Millennium.zip	ROM a su sistema por cabecera
MOVIDO	emu/ROMS/NGP/Cylum's Neo Geo Pocket Color ROM Collection (02-16-2021)/Sonic the Hedgehog Pocket Adventure.zip	emu/ROMS/NGPC/Sonic the Hedgehog Pocket Adventure.zip	ROM a su sistema por cabecera
MOVIDO	emu/ROMS/NGP/Cylum's Neo Geo Pocket Color ROM Collection (02-16-2021)/Translations/Rockman Battle & Fighters.zip	emu/ROMS/NGPC/Rockman Battle & Fighters.zip	ROM a su sistema por cabecera
MOVIDO	emu/ROMS/NGP/Baseball Stars Color (NA).png	emu/MEDIA/NGPC/Baseball Stars Color (NA).png	carátula a MEDIA
MOVIDO	emu/ROMS/NGP/Big Bang Pro Wrestling (JP).png	emu/MEDIA/NGPC/Big Bang Pro Wrestling (JP).png	carátula a MEDIA
MOVIDO	emu/ROMS/NGP/Biomotor Unitron (NA).png	emu/MEDIA/NGPC/Biomotor Unitron (NA).png	carátula a MEDIA
MOVIDO	emu/ROMS/NGP/Bust-a-Move Pocket (NA).png	emu/MEDIA/NGPC/Bust-a-Move Pocket (NA).png	carátula a MEDIA
MOVIDO	emu/ROMS/NGP/Cool Boarders Pocket (JP).png	emu/MEDIA/NGPC/Cool Boarders Pocket (JP).png	carátula a MEDIA
MOVIDO	emu/ROMS/NGP/Cool Cool Jam (NA Prototype).png	emu/MEDIA/NGP/Cool Cool Jam (NA Prototype).png	carátula a MEDIA
MOVIDO	emu/ROMS/NGP/Crush Roller (NA).png	emu/MEDIA/NGPC/Crush Roller (NA).png	carátula a MEDIA
MOVIDO	emu/ROMS/NGP/Dark Arms - Beast Buster 1999 (NA).png	emu/MEDIA/NGPC/Dark Arms - Beast Buster 1999 (NA).png	carátula a MEDIA
MOVIDO	emu/ROMS/NGP/Delta Warp (JP).png	emu/MEDIA/NGPC/Delta Warp (JP).png	carátula a MEDIA
MOVIDO	emu/ROMS/NGP/Densetsu no Ogre Battle Gaiden - Zenobia no Ouji (English Translated, Rev 1).png	emu/MEDIA/NGPC/Densetsu no Ogre Battle Gaiden - Zenobia no Ouji (English Translated, Rev 1).png	carátula a MEDIA
MOVIDO	emu/ROMS/NGP/Dive Alert - Becky's Version (NA).png	emu/MEDIA/NGPC/Dive Alert - Becky's Version (NA).png	carátula a MEDIA
MOVIDO	emu/ROMS/NGP/Dive Alert - Matt's Version (NA).png	emu/MEDIA/NGPC/Dive Alert - Matt's Version (NA).png	carátula a MEDIA
MOVIDO	emu/ROMS/NGP/Dynamite Slugger (JP).png	emu/MEDIA/NGPC/Dynamite Slugger (JP).png	carátula a MEDIA
MOVIDO	emu/ROMS/NGP/Evolution - Eternal Dungeons (EU).png	emu/MEDIA/NGPC/Evolution - Eternal Dungeons (EU).png	carátula a MEDIA
MOVIDO	emu/ROMS/NGP/Fantastic Night Dreams - Cotton (EU).png	emu/MEDIA/NGPC/Fantastic Night Dreams - Cotton (EU).png	carátula a MEDIA
MOVIDO	emu/ROMS/NGP/Faselei! (NA).png	emu/MEDIA/NGPC/Faselei! (NA).png	carátula a MEDIA
MOVIDO	emu/ROMS/NGP/Fatal Fury F-Contact (NA).png	emu/MEDIA/NGPC/Fatal Fury F-Contact (NA).png	carátula a MEDIA
MOVIDO	emu/ROMS/NGP/Ganbare Neo Poke-kun (JP).png	emu/MEDIA/NGPC/Ganbare Neo Poke-kun (JP).png	carátula a MEDIA
MOVIDO	emu/ROMS/NGP/King of Fighters R-1 (JP).png	emu/MEDIA/NGP/King of Fighters R-1 (JP).png	carátula a MEDIA
MOVIDO	emu/ROMS/NGP/King of Fighters R-2 (NA).png	emu/MEDIA/NGPC/King of Fighters R-2 (NA).png	carátula a MEDIA
MOVIDO	emu/ROMS/NGP/Magical Drop Pocket (NA).png	emu/MEDIA/NGPC/Magical Drop Pocket (NA).png	carátula a MEDIA
MOVIDO	emu/ROMS/NGP/Metal Slug - 1st Mission (NA).png	emu/MEDIA/NGPC/Metal Slug - 1st Mission (NA).png	carátula a MEDIA
MOVIDO	emu/ROMS/NGP/Metal Slug - 2nd Mission (NA).png	emu/MEDIA/NGPC/Metal Slug - 2nd Mission (NA).png	carátula a MEDIA
MOVIDO	emu/ROMS/NGP/Neo 21 (NA).png	emu/MEDIA/NGPC/Neo 21 (NA).png	carátula a MEDIA
MOVIDO	emu/ROMS/NGP/Neo Baccarat (JP, Rev 16).png	emu/MEDIA/NGPC/Neo Baccarat (JP, Rev 16).png	carátula a MEDIA
MOVIDO	emu/ROMS/NGP/Neo Cherry Master Color (NA).png	emu/MEDIA/NGPC/Neo Cherry Master Color (NA).png	carátula a MEDIA
MOVIDO	emu/ROMS/NGP/Neo Dragon's Wild (NA, Rev 13).png	emu/MEDIA/NGPC/Neo Dragon's Wild (NA, Rev 13).png	carátula a MEDIA
MOVIDO	emu/ROMS/NGP/Neo Geo Cup '98 Plus Color (NA).png	emu/MEDIA/NGPC/Neo Geo Cup '98 Plus Color (NA).png	carátula a MEDIA
MOVIDO	emu/ROMS/NGP/Neo Mystery Bonus (NA).png	emu/MEDIA/NGPC/Neo Mystery Bonus (NA).png	carátula a MEDIA
MOVIDO	emu/ROMS/NGP/Neo Poke Pro Yakyuu (JP, Rev 32).png	emu/MEDIA/NGPC/Neo Poke Pro Yakyuu (JP, Rev 32).png	carátula a MEDIA
MOVIDO	emu/ROMS/NGP/Neo Turf Masters (NA).png	emu/MEDIA/NGPC/Neo Turf Masters (NA).png	carátula a MEDIA
MOVIDO	emu/ROMS/NGP/Nige-ron-pa (English Translated, Rev 0.9).png	emu/MEDIA/NGPC/Nige-ron-pa (English Translated, Rev 0.9).png	carátula a MEDIA
MOVIDO	emu/ROMS/NGP/Oekaki Puzzle (JP).png	emu/MEDIA/NGPC/Oekaki Puzzle (JP).png	carátula a MEDIA
MOVIDO	emu/ROMS/NGP/Pac-Man (NA).png	emu/MEDIA/NGPC/Pac-Man (NA).png	carátula a MEDIA
MOVIDO	emu/ROMS/NGP/Pachi-Slot Aruze Oukoku Pocket - Azteca (JP, Rev 6).png	emu/MEDIA/NGPC/Pachi-Slot Aruze Oukoku Pocket - Azteca (JP, Rev 6).png	carátula a MEDIA
MOVIDO	emu/ROMS/NGP/Pachi-Slot Aruze Oukoku Pocket - Dekahel (JP).png	emu/MEDIA/NGPC/Pachi-Slot Aruze Oukoku Pocket - Dekahel (JP).png	carátula a MEDIA
MOVIDO	emu/ROMS/NGP/Pachi-Slot Aruze Oukoku Pocket - Delsol 2 (JP).png	emu/MEDIA/NGPC/Pachi-Slot Aruze Oukoku Pocket - Delsol 2 (JP).png	carátula a MEDIA
MOVIDO	emu/ROMS/NGP/Pachi-Slot Aruze Oukoku Pocket - E-Cup (JP, Rev 4).png	emu/MEDIA/NGPC/Pachi-Slot Aruze Oukoku Pocket - E-Cup (JP, Rev 4).png	carátula a MEDIA
MOVIDO	emu/ROMS/NGP/Pachi-Slot Aruze Oukoku Pocket - Ohanabi (JP).png	emu/MEDIA/NGPC/Pachi-Slot Aruze Oukoku Pocket - Ohanabi (JP).png	carátula a MEDIA
MOVIDO	emu/ROMS/NGP/Pachi-Slot Aruze Oukoku Pocket - Porcano 2 (JP).png	emu/MEDIA/NGPC/Pachi-Slot Aruze Oukoku Pocket - Porcano 2 (JP).png	carátula a MEDIA
MOVIDO	emu/ROMS/NGP/Pachi-Slot Aruze Oukoku Pocket - Ward of Lights (JP, Rev 4).png	emu/MEDIA/NGPC/Pachi-Slot Aruze Oukoku Pocket - Ward of Lights (JP, Rev 4).png	carátula a MEDIA
MOVIDO	emu/ROMS/NGP/Pachinko Hisshou Guide - Pocket Parlor (JP).png	emu/MEDIA/NGPC/Pachinko Hisshou Guide - Pocket Parlor (JP).png	carátula a MEDIA
MOVIDO	emu/ROMS/NGP/Picture Puzzle (EU).png	emu/MEDIA/NGPC/Picture Puzzle (EU).png	carátula a MEDIA
MOVIDO	emu/ROMS/NGP/Pocket Reversi (EU, Rev A1).png	emu/MEDIA/NGPC/Pocket Reversi (EU, Rev A1).png	carátula a MEDIA
MOVIDO	emu/ROMS/NGP/Pocket Tennis Color (NA).png	emu/MEDIA/NGPC/Pocket Tennis Color (NA).png	carátula a MEDIA
MOVIDO	emu/ROMS/NGP/Puyo Pop (NA, Rev 6).png	emu/MEDIA/NGPC/Puyo Pop (NA, Rev 6).png	carátula a MEDIA
MOVIDO	emu/ROMS/NGP/Puzzle Link (NA).png	emu/MEDIA/NGPC/Puzzle Link (NA).png	carátula a MEDIA
MOVIDO	emu/ROMS/NGP/Puzzle Link 2 (NA).png	emu/MEDIA/NGPC/Puzzle Link 2 (NA).png	carátula a MEDIA
MOVIDO	emu/ROMS/NGP/Rockman - Battle & Fighters (English Translated,  Rev 1).png	emu/MEDIA/NGPC/Rockman - Battle & Fighters (English Translated,  Rev 1).png	carátula a MEDIA
MOVIDO	emu/ROMS/NGP/Samurai Shodown! (JP).png	emu/MEDIA/NGP/Samurai Shodown! (JP).png	carátula a MEDIA
MOVIDO	emu/ROMS/NGP/Samurai Shodown! 2 (NA).png	emu/MEDIA/NGPC/Samurai Shodown! 2 (NA).png	carátula a MEDIA
MOVIDO	emu/ROMS/NGP/Shanghai Mini (NA).png	emu/MEDIA/NGPC/Shanghai Mini (NA).png	carátula a MEDIA
MOVIDO	emu/ROMS/NGP/SNK Gals' Fighters (NA).png	emu/MEDIA/NGPC/SNK Gals' Fighters (NA).png	carátula a MEDIA
MOVIDO	emu/ROMS/NGP/SNK Vs. Capcom - Card Fighters 2 - Expand Edition (English Translated, Rev 1-25-17).png	emu/MEDIA/NGPC/SNK Vs. Capcom - Card Fighters 2 - Expand Edition (English Translated, Rev 1-25-17).png	carátula a MEDIA
MOVIDO	emu/ROMS/NGP/SNK Vs. Capcom - Card Fighters' Clash - Capcom Version (NA).png	emu/MEDIA/NGPC/SNK Vs. Capcom - Card Fighters' Clash - Capcom Version (NA).png	carátula a MEDIA
MOVIDO	emu/ROMS/NGP/SNK Vs. Capcom - Card Fighters' Clash - SNK Version (NA).png	emu/MEDIA/NGPC/SNK Vs. Capcom - Card Fighters' Clash - SNK Version (NA).png	carátula a MEDIA
MOVIDO	emu/ROMS/NGP/SNK Vs. Capcom - The Match of the Millennium (NA).png	emu/MEDIA/NGPC/SNK Vs. Capcom - The Match of the Millennium (NA).png	carátula a MEDIA
MOVIDO	emu/ROMS/NGP/Sonic the Hedgehog - Pocket Adventure (NA).png	emu/MEDIA/NGPC/Sonic the Hedgehog - Pocket Adventure (NA).png	carátula a MEDIA
MOVIDO	emu/ROMS/NGP/The Last Blade - Beyond the Destiny (NA).png	emu/MEDIA/NGPC/The Last Blade - Beyond the Destiny (NA).png	carátula a MEDIA
MOVIDO	emu/ROMS/NGP/Wrestling Madness (Prototype).png	emu/MEDIA/NGPC/Wrestling Madness (Prototype).png	carátula a MEDIA
MOVIDO	emu/ROMS/WS/WonderswanRomCollectionByGhostware/Clock Tower (J) [M][!].mp3	emu/EXTRAS/WS-otros/WonderswanRomCollectionByGhostware/Clock Tower (J) [M][!].mp3	no es una ROM (texto, audio, programa, base de datos)
MOVIDO	emu/ROMS/WS/WonderswanRomCollectionByGhostware/Clock Tower (J) [M][!].ogg	emu/EXTRAS/WS-otros/WonderswanRomCollectionByGhostware/Clock Tower (J) [M][!].ogg	no es una ROM (texto, audio, programa, base de datos)
MOVIDO	emu/ROMS/WS/WonderswanRomCollectionByGhostware/Mobile Suit Gundam MSVS (J) [M][!].mp3	emu/EXTRAS/WS-otros/WonderswanRomCollectionByGhostware/Mobile Suit Gundam MSVS (J) [M][!].mp3	no es una ROM (texto, audio, programa, base de datos)
MOVIDO	emu/ROMS/WS/WonderswanRomCollectionByGhostware/Mobile Suit Gundam MSVS (J) [M][!].ogg	emu/EXTRAS/WS-otros/WonderswanRomCollectionByGhostware/Mobile Suit Gundam MSVS (J) [M][!].ogg	no es una ROM (texto, audio, programa, base de datos)
MOVIDO	emu/ROMS/WS/WonderswanRomCollectionByGhostware/Ring Infinity (J) [M][!].mp3	emu/EXTRAS/WS-otros/WonderswanRomCollectionByGhostware/Ring Infinity (J) [M][!].mp3	no es una ROM (texto, audio, programa, base de datos)
MOVIDO	emu/ROMS/WS/WonderswanRomCollectionByGhostware/Ring Infinity (J) [M][!].ogg	emu/EXTRAS/WS-otros/WonderswanRomCollectionByGhostware/Ring Infinity (J) [M][!].ogg	no es una ROM (texto, audio, programa, base de datos)
MOVIDO	emu/ROMS/WS/WonderswanRomCollectionByGhostware/Ring Infinity (J) [M][f1].mp3	emu/EXTRAS/WS-otros/WonderswanRomCollectionByGhostware/Ring Infinity (J) [M][f1].mp3	no es una ROM (texto, audio, programa, base de datos)
MOVIDO	emu/ROMS/WS/WonderswanRomCollectionByGhostware/Ring Infinity (J) [M][f1].ogg	emu/EXTRAS/WS-otros/WonderswanRomCollectionByGhostware/Ring Infinity (J) [M][f1].ogg	no es una ROM (texto, audio, programa, base de datos)
MOVIDO	emu/ROMS/WS/WonderswanRomCollectionByGhostware/SD Gundam G Generation - Gather Beat (J) [M].mp3	emu/EXTRAS/WS-otros/WonderswanRomCollectionByGhostware/SD Gundam G Generation - Gather Beat (J) [M].mp3	no es una ROM (texto, audio, programa, base de datos)
MOVIDO	emu/ROMS/WS/WonderswanRomCollectionByGhostware/SD Gundam G Generation - Gather Beat (J) [M].ogg	emu/EXTRAS/WS-otros/WonderswanRomCollectionByGhostware/SD Gundam G Generation - Gather Beat (J) [M].ogg	no es una ROM (texto, audio, programa, base de datos)
MOVIDO	emu/ROMS/WS/WonderswanRomCollectionByGhostware/Tetsujin 28 Gou (J) [M].mp3	emu/EXTRAS/WS-otros/WonderswanRomCollectionByGhostware/Tetsujin 28 Gou (J) [M].mp3	no es una ROM (texto, audio, programa, base de datos)
MOVIDO	emu/ROMS/WS/WonderswanRomCollectionByGhostware/Tetsujin 28 Gou (J) [M].ogg	emu/EXTRAS/WS-otros/WonderswanRomCollectionByGhostware/Tetsujin 28 Gou (J) [M].ogg	no es una ROM (texto, audio, programa, base de datos)
MOVIDO	emu/ROMS/WS/WonderswanRomCollectionByGhostware/Tetsujin 28 Gou (J) [M][f1].mp3	emu/EXTRAS/WS-otros/WonderswanRomCollectionByGhostware/Tetsujin 28 Gou (J) [M][f1].mp3	no es una ROM (texto, audio, programa, base de datos)
MOVIDO	emu/ROMS/WS/WonderswanRomCollectionByGhostware/Tetsujin 28 Gou (J) [M][f1].ogg	emu/EXTRAS/WS-otros/WonderswanRomCollectionByGhostware/Tetsujin 28 Gou (J) [M][f1].ogg	no es una ROM (texto, audio, programa, base de datos)
MOVIDO	emu/ROMS/WS/WonderswanRomCollectionByGhostware/Turntablist - DJ Battle (J) [M][!].mp3	emu/EXTRAS/WS-otros/WonderswanRomCollectionByGhostware/Turntablist - DJ Battle (J) [M][!].mp3	no es una ROM (texto, audio, programa, base de datos)
MOVIDO	emu/ROMS/WS/WonderswanRomCollectionByGhostware/Turntablist - DJ Battle (J) [M][!].ogg	emu/EXTRAS/WS-otros/WonderswanRomCollectionByGhostware/Turntablist - DJ Battle (J) [M][!].ogg	no es una ROM (texto, audio, programa, base de datos)
MOVIDO	emu/ROMS/WS/WonderswanRomCollectionByGhostware/Turntablist - DJ Battle (J) [M][f1].mp3	emu/EXTRAS/WS-otros/WonderswanRomCollectionByGhostware/Turntablist - DJ Battle (J) [M][f1].mp3	no es una ROM (texto, audio, programa, base de datos)
MOVIDO	emu/ROMS/WS/WonderswanRomCollectionByGhostware/Turntablist - DJ Battle (J) [M][f1].ogg	emu/EXTRAS/WS-otros/WonderswanRomCollectionByGhostware/Turntablist - DJ Battle (J) [M][f1].ogg	no es una ROM (texto, audio, programa, base de datos)
MOVIDO	emu/ROMS/WS/WonderswanRomCollectionByGhostware/Ultraman - Hikari no Kuni no Shisha (J).mp3	emu/EXTRAS/WS-otros/WonderswanRomCollectionByGhostware/Ultraman - Hikari no Kuni no Shisha (J).mp3	no es una ROM (texto, audio, programa, base de datos)
MOVIDO	emu/ROMS/WS/WonderswanRomCollectionByGhostware/Ultraman - Hikari no Kuni no Shisha (J).ogg	emu/EXTRAS/WS-otros/WonderswanRomCollectionByGhostware/Ultraman - Hikari no Kuni no Shisha (J).ogg	no es una ROM (texto, audio, programa, base de datos)
MOVIDO	emu/ROMS/WS/WonderswanRomCollectionByGhostware/WonderswanRomCollectionByGhostware_meta.sqlite	emu/EXTRAS/WS-otros/WonderswanRomCollectionByGhostware/WonderswanRomCollectionByGhostware_meta.sqlite	no es una ROM (texto, audio, programa, base de datos)
MOVIDO	emu/ROMS/WS/WonderswanRomCollectionByGhostware/WonderswanRomCollectionByGhostware_meta.xml	emu/EXTRAS/WS-otros/WonderswanRomCollectionByGhostware/WonderswanRomCollectionByGhostware_meta.xml	no es una ROM (texto, audio, programa, base de datos)
MOVIDO	emu/ROMS/WSC/EMU/OSwan v1.73/Oswan.eep	emu/EXTRAS/WSC-otros/EMU/OSwan v1.73/Oswan.eep	no es una ROM (texto, audio, programa, base de datos)
MOVIDO	emu/ROMS/WSC/EMU/OSwan v1.73/Oswan.exe	emu/EXTRAS/WSC-otros/EMU/OSwan v1.73/Oswan.exe	no es una ROM (texto, audio, programa, base de datos)
MOVIDO	emu/ROMS/WSC/EMU/OSwan v1.73/Oswan.ini	emu/EXTRAS/WSC-otros/EMU/OSwan v1.73/Oswan.ini	no es una ROM (texto, audio, programa, base de datos)
MOVIDO	emu/ROMS/WSC/EMU/OSwan v1.73/OSwan.log	emu/EXTRAS/WSC-otros/EMU/OSwan v1.73/OSwan.log	no es una ROM (texto, audio, programa, base de datos)
MOVIDO	emu/ROMS/WSC/EMU/OSwan v1.73/readme-jp.txt	emu/EXTRAS/WSC-otros/EMU/OSwan v1.73/readme-jp.txt	no es una ROM (texto, audio, programa, base de datos)
MOVIDO	emu/ROMS/WSC/EMU/OSwan v1.73/zlib.dll	emu/EXTRAS/WSC-otros/EMU/OSwan v1.73/zlib.dll	no es una ROM (texto, audio, programa, base de datos)
MOVIDO	emu/ROMS/WSC/GoodWSx v2.01/Good.doc	emu/EXTRAS/WSC-otros/GoodWSx v2.01/Good.doc	no es una ROM (texto, audio, programa, base de datos)
MOVIDO	emu/ROMS/WSC/GoodWSx v2.01/Good.fr.doc	emu/EXTRAS/WSC-otros/GoodWSx v2.01/Good.fr.doc	no es una ROM (texto, audio, programa, base de datos)
MOVIDO	emu/ROMS/WSC/GoodWSx v2.01/GoodCodes.txt	emu/EXTRAS/WSC-otros/GoodWSx v2.01/GoodCodes.txt	no es una ROM (texto, audio, programa, base de datos)
MOVIDO	emu/ROMS/WSC/GoodWSx v2.01/Goodinfo.cfg	emu/EXTRAS/WSC-otros/GoodWSx v2.01/Goodinfo.cfg	no es una ROM (texto, audio, programa, base de datos)
MOVIDO	emu/ROMS/WSC/GoodWSx v2.01/GoodWSx.exe	emu/EXTRAS/WSC-otros/GoodWSx v2.01/GoodWSx.exe	no es una ROM (texto, audio, programa, base de datos)
MOVIDO	emu/ROMS/WSC/GoodWSx v2.01/GoodWSx.news	emu/EXTRAS/WSC-otros/GoodWSx v2.01/GoodWSx.news	no es una ROM (texto, audio, programa, base de datos)
MOVIDO	emu/ROMS/WSC/GoodWSx v2.01/license.txt	emu/EXTRAS/WSC-otros/GoodWSx v2.01/license.txt	no es una ROM (texto, audio, programa, base de datos)
MOVIDO	emu/ROMS/WSC/ROMS/List/GoodCodes.txt	emu/EXTRAS/WSC-otros/ROMS/List/GoodCodes.txt	no es una ROM (texto, audio, programa, base de datos)
MOVIDO	emu/ROMS/WSC/ROMS/List/WSxHave.txt	emu/EXTRAS/WSC-otros/ROMS/List/WSxHave.txt	no es una ROM (texto, audio, programa, base de datos)
MOVIDO	emu/ROMS/WSC/ROMS/List/WSxMiss.txt	emu/EXTRAS/WSC-otros/ROMS/List/WSxMiss.txt	no es una ROM (texto, audio, programa, base de datos)
MOVIDO	emu/ROMS/WSC/WonderswanColorRomCollectionByGhostware/Ultraman - Hikari no Kuni no Shisha (Japan).mp3	emu/EXTRAS/WSC-otros/WonderswanColorRomCollectionByGhostware/Ultraman - Hikari no Kuni no Shisha (Japan).mp3	no es una ROM (texto, audio, programa, base de datos)
MOVIDO	emu/ROMS/WSC/WonderswanColorRomCollectionByGhostware/Ultraman - Hikari no Kuni no Shisha (Japan).ogg	emu/EXTRAS/WSC-otros/WonderswanColorRomCollectionByGhostware/Ultraman - Hikari no Kuni no Shisha (Japan).ogg	no es una ROM (texto, audio, programa, base de datos)
MOVIDO	emu/ROMS/WSC/WonderswanColorRomCollectionByGhostware/WonderswanColorRomCollectionByGhostware_meta.sqlite	emu/EXTRAS/WSC-otros/WonderswanColorRomCollectionByGhostware/WonderswanColorRomCollectionByGhostware_meta.sqlite	no es una ROM (texto, audio, programa, base de datos)
MOVIDO	emu/ROMS/WSC/WonderswanColorRomCollectionByGhostware/WonderswanColorRomCollectionByGhostware_meta.xml	emu/EXTRAS/WSC-otros/WonderswanColorRomCollectionByGhostware/WonderswanColorRomCollectionByGhostware_meta.xml	no es una ROM (texto, audio, programa, base de datos)
MOVIDO	emu/ROMS/WS/WonderswanRomCollectionByGhostware/Anchor Field Z (J) [M].ws	emu/EXTRAS/WS-duplicados/WonderswanRomCollectionByGhostware/Anchor Field Z (J) [M].ws	duplicado (mismo contenido que la ROM conservada)
MOVIDO	emu/ROMS/WSC/ROMS/Anchor Field Z (J) [M].ws	emu/EXTRAS/WS-duplicados/ROMS/Anchor Field Z (J) [M].ws	duplicado (mismo contenido que la ROM conservada)
MOVIDO	emu/ROMS/WS/WonderswanRomCollectionByGhostware/Anchor Field Z (J) [M][f1].ws	emu/EXTRAS/WS-duplicados/WonderswanRomCollectionByGhostware/Anchor Field Z (J) [M][f1].ws	duplicado (mismo contenido que la ROM conservada)
MOVIDO	emu/ROMS/WSC/ROMS/Anchor Field Z (J) [M][f1].ws	emu/EXTRAS/WS-duplicados/ROMS/Anchor Field Z (J) [M][f1].ws	duplicado (mismo contenido que la ROM conservada)
MOVIDO	emu/ROMS/WS/WonderswanRomCollectionByGhostware/Armored Unit (J) [M].ws	emu/EXTRAS/WS-duplicados/WonderswanRomCollectionByGhostware/Armored Unit (J) [M].ws	duplicado (mismo contenido que la ROM conservada)
MOVIDO	emu/ROMS/WSC/ROMS/Armored Unit (J) [M].ws	emu/EXTRAS/WS-duplicados/ROMS/Armored Unit (J) [M].ws	duplicado (mismo contenido que la ROM conservada)
MOVIDO	emu/ROMS/WS/WonderswanRomCollectionByGhostware/Armored Unit (J) [M][f1].ws	emu/EXTRAS/WS-duplicados/WonderswanRomCollectionByGhostware/Armored Unit (J) [M][f1].ws	duplicado (mismo contenido que la ROM conservada)
MOVIDO	emu/ROMS/WSC/ROMS/Armored Unit (J) [M][f1].ws	emu/EXTRAS/WS-duplicados/ROMS/Armored Unit (J) [M][f1].ws	duplicado (mismo contenido que la ROM conservada)
MOVIDO	emu/ROMS/WS/WonderswanRomCollectionByGhostware/Bakusou Dekatora Densetsu (J) [M][!].ws	emu/EXTRAS/WS-duplicados/WonderswanRomCollectionByGhostware/Bakusou Dekatora Densetsu (J) [M][!].ws	duplicado (mismo contenido que la ROM conservada)
MOVIDO	emu/ROMS/WSC/ROMS/Bakusou Dekatora Densetsu (J) [M][!].ws	emu/EXTRAS/WS-duplicados/ROMS/Bakusou Dekatora Densetsu (J) [M][!].ws	duplicado (mismo contenido que la ROM conservada)
MOVIDO	emu/ROMS/WS/WonderswanRomCollectionByGhostware/Beat Mania (J) [M][!].ws	emu/EXTRAS/WS-duplicados/WonderswanRomCollectionByGhostware/Beat Mania (J) [M][!].ws	duplicado (mismo contenido que la ROM conservada)
MOVIDO	emu/ROMS/WSC/ROMS/Beat Mania (J) [M][!].ws	emu/EXTRAS/WS-duplicados/ROMS/Beat Mania (J) [M][!].ws	duplicado (mismo contenido que la ROM conservada)
MOVIDO	emu/ROMS/WS/Blue Wing Blitz (J) [M].ws	emu/ROMS/WSC/Blue Wing Blitz (J) [M].ws	ROM a su sistema por cabecera
MOVIDO	emu/ROMS/WSC/WonderswanColorRomCollectionByGhostware/Blue Wing Blitz (Japan).wsc	emu/EXTRAS/WSC-duplicados/WonderswanColorRomCollectionByGhostware/Blue Wing Blitz (Japan).wsc	duplicado (mismo contenido que la ROM conservada)
MOVIDO	emu/ROMS/WS/WonderswanRomCollectionByGhostware/Blue Wing Blitz (J).wsc	emu/EXTRAS/WSC-duplicados/WonderswanRomCollectionByGhostware/Blue Wing Blitz (J).wsc	duplicado (mismo contenido que la ROM conservada)
MOVIDO	emu/ROMS/WSC/ROMS/Blue Wing Blitz (J) [M].ws	emu/EXTRAS/WSC-duplicados/ROMS/Blue Wing Blitz (J) [M].ws	duplicado (mismo contenido que la ROM conservada)
MOVIDO	emu/ROMS/WSC/WonderswanColorRomCollectionByGhostware/Blue Wing Blitz (Japan).zip	emu/EXTRAS/WSC-duplicados/WonderswanColorRomCollectionByGhostware/Blue Wing Blitz (Japan).zip	duplicado (mismo contenido que la ROM conservada)
MOVIDO	emu/ROMS/WS/WonderswanRomCollectionByGhostware/Bokan Densetsu Buta Mo O Daterya Doronbou (J) [M].ws	emu/EXTRAS/WS-duplicados/WonderswanRomCollectionByGhostware/Bokan Densetsu Buta Mo O Daterya Doronbou (J) [M].ws	duplicado (mismo contenido que la ROM conservada)
MOVIDO	emu/ROMS/WSC/ROMS/Bokan Densetsu Buta Mo O Daterya Doronbou (J) [M].ws	emu/EXTRAS/WS-duplicados/ROMS/Bokan Densetsu Buta Mo O Daterya Doronbou (J) [M].ws	duplicado (mismo contenido que la ROM conservada)
MOVIDO	emu/ROMS/WS/WonderswanRomCollectionByGhostware/Buffers Evolution (J) [M].ws	emu/EXTRAS/WS-duplicados/WonderswanRomCollectionByGhostware/Buffers Evolution (J) [M].ws	duplicado (mismo contenido que la ROM conservada)
MOVIDO	emu/ROMS/WSC/ROMS/Buffers Evolution (J) [M].ws	emu/EXTRAS/WS-duplicados/ROMS/Buffers Evolution (J) [M].ws	duplicado (mismo contenido que la ROM conservada)
MOVIDO	emu/ROMS/WS/WonderswanRomCollectionByGhostware/Buffers Evolution (J) [M][f1].ws	emu/EXTRAS/WS-duplicados/WonderswanRomCollectionByGhostware/Buffers Evolution (J) [M][f1].ws	duplicado (mismo contenido que la ROM conservada)
MOVIDO	emu/ROMS/WSC/ROMS/Buffers Evolution (J) [M][f1].ws	emu/EXTRAS/WS-duplicados/ROMS/Buffers Evolution (J) [M][f1].ws	duplicado (mismo contenido que la ROM conservada)
MOVIDO	emu/ROMS/WS/WonderswanRomCollectionByGhostware/Card Captor Sakura - Sakura to Fushigi na Clow Card (J) [M][!].ws	emu/EXTRAS/WS-duplicados/WonderswanRomCollectionByGhostware/Card Captor Sakura - Sakura to Fushigi na Clow Card (J) [M][!].ws	duplicado (mismo contenido que la ROM conservada)
MOVIDO	emu/ROMS/WSC/ROMS/Card Captor Sakura - Sakura to Fushigi na Clow Card (J) [M][!].ws	emu/EXTRAS/WS-duplicados/ROMS/Card Captor Sakura - Sakura to Fushigi na Clow Card (J) [M][!].ws	duplicado (mismo contenido que la ROM conservada)
MOVIDO	emu/ROMS/WS/WonderswanRomCollectionByGhostware/Chaos Gear - Michibi Kareshi Mono (J) [M][!].ws	emu/EXTRAS/WS-duplicados/WonderswanRomCollectionByGhostware/Chaos Gear - Michibi Kareshi Mono (J) [M][!].ws	duplicado (mismo contenido que la ROM conservada)
MOVIDO	emu/ROMS/WSC/ROMS/Chaos Gear - Michibi Kareshi Mono (J) [M][!].ws	emu/EXTRAS/WS-duplicados/ROMS/Chaos Gear - Michibi Kareshi Mono (J) [M][!].ws	duplicado (mismo contenido que la ROM conservada)
MOVIDO	emu/ROMS/WS/WonderswanRomCollectionByGhostware/Cho Denki Card Battle Yofu Makai Kikuchi Shugo (J) [M][!].ws	emu/EXTRAS/WS-duplicados/WonderswanRomCollectionByGhostware/Cho Denki Card Battle Yofu Makai Kikuchi Shugo (J) [M][!].ws	duplicado (mismo contenido que la ROM conservada)
MOVIDO	emu/ROMS/WSC/ROMS/Cho Denki Card Battle Yofu Makai Kikuchi Shugo (J) [M][!].ws	emu/EXTRAS/WS-duplicados/ROMS/Cho Denki Card Battle Yofu Makai Kikuchi Shugo (J) [M][!].ws	duplicado (mismo contenido que la ROM conservada)
MOVIDO	emu/ROMS/WS/WonderswanRomCollectionByGhostware/Chocobo no Fushigi na Dungeon (J) [M].ws	emu/EXTRAS/WS-duplicados/WonderswanRomCollectionByGhostware/Chocobo no Fushigi na Dungeon (J) [M].ws	duplicado (mismo contenido que la ROM conservada)
MOVIDO	emu/ROMS/WSC/ROMS/Chocobo no Fushigi na Dungeon (J) [M].ws	emu/EXTRAS/WS-duplicados/ROMS/Chocobo no Fushigi na Dungeon (J) [M].ws	duplicado (mismo contenido que la ROM conservada)
MOVIDO	emu/ROMS/WS/WonderswanRomCollectionByGhostware/Chou Aniki - Otoko no Tamafuda (J) [M].ws	emu/EXTRAS/WS-duplicados/WonderswanRomCollectionByGhostware/Chou Aniki - Otoko no Tamafuda (J) [M].ws	duplicado (mismo contenido que la ROM conservada)
MOVIDO	emu/ROMS/WSC/ROMS/Chou Aniki - Otoko no Tamafuda (J) [M].ws	emu/EXTRAS/WS-duplicados/ROMS/Chou Aniki - Otoko no Tamafuda (J) [M].ws	duplicado (mismo contenido que la ROM conservada)
MOVIDO	emu/ROMS/WS/WonderswanRomCollectionByGhostware/Choujikuu Yousai Macross - True Love Song (J) [M][!].ws	emu/EXTRAS/WS-duplicados/WonderswanRomCollectionByGhostware/Choujikuu Yousai Macross - True Love Song (J) [M][!].ws	duplicado (mismo contenido que la ROM conservada)
MOVIDO	emu/ROMS/WSC/ROMS/Choujikuu Yousai Macross - True Love Song (J) [M][!].ws	emu/EXTRAS/WS-duplicados/ROMS/Choujikuu Yousai Macross - True Love Song (J) [M][!].ws	duplicado (mismo contenido que la ROM conservada)
MOVIDO	emu/ROMS/WS/WonderswanRomCollectionByGhostware/Clock Tower (J) [M][!].ws	emu/EXTRAS/WS-duplicados/WonderswanRomCollectionByGhostware/Clock Tower (J) [M][!].ws	duplicado (mismo contenido que la ROM conservada)
MOVIDO	emu/ROMS/WSC/ROMS/Clock Tower (J) [M][!].ws	emu/EXTRAS/WS-duplicados/ROMS/Clock Tower (J) [M][!].ws	duplicado (mismo contenido que la ROM conservada)
MOVIDO	emu/ROMS/WS/WonderswanRomCollectionByGhostware/Crazy Climber (J) [M][!].ws	emu/EXTRAS/WS-duplicados/WonderswanRomCollectionByGhostware/Crazy Climber (J) [M][!].ws	duplicado (mismo contenido que la ROM conservada)
MOVIDO	emu/ROMS/WSC/ROMS/Crazy Climber (J) [M][!].ws	emu/EXTRAS/WS-duplicados/ROMS/Crazy Climber (J) [M][!].ws	duplicado (mismo contenido que la ROM conservada)
MOVIDO	emu/ROMS/WS/WonderswanRomCollectionByGhostware/D's Garage 21 Koubo Game - Tane wo Maku Tori (J) [M][!].ws	emu/EXTRAS/WS-duplicados/WonderswanRomCollectionByGhostware/D's Garage 21 Koubo Game - Tane wo Maku Tori (J) [M][!].ws	duplicado (mismo contenido que la ROM conservada)
MOVIDO	emu/ROMS/WSC/ROMS/D's Garage 21 Koubo Game - Tane wo Maku Tori (J) [M][!].ws	emu/EXTRAS/WS-duplicados/ROMS/D's Garage 21 Koubo Game - Tane wo Maku Tori (J) [M][!].ws	duplicado (mismo contenido que la ROM conservada)
MOVIDO	emu/ROMS/WS/WonderswanRomCollectionByGhostware/D's Garage 21 Koubo Game - Tane wo Maku Tori (J) [M][f1].ws	emu/EXTRAS/WS-duplicados/WonderswanRomCollectionByGhostware/D's Garage 21 Koubo Game - Tane wo Maku Tori (J) [M][f1].ws	duplicado (mismo contenido que la ROM conservada)
MOVIDO	emu/ROMS/WSC/ROMS/D's Garage 21 Koubo Game - Tane wo Maku Tori (J) [M][f1].ws	emu/EXTRAS/WS-duplicados/ROMS/D's Garage 21 Koubo Game - Tane wo Maku Tori (J) [M][f1].ws	duplicado (mismo contenido que la ROM conservada)
MOVIDO	emu/ROMS/WS/WonderswanRomCollectionByGhostware/Densha de Go! (J) [M].ws	emu/EXTRAS/WS-duplicados/WonderswanRomCollectionByGhostware/Densha de Go! (J) [M].ws	duplicado (mismo contenido que la ROM conservada)
MOVIDO	emu/ROMS/WSC/ROMS/Densha de Go! (J) [M].ws	emu/EXTRAS/WS-duplicados/ROMS/Densha de Go! (J) [M].ws	duplicado (mismo contenido que la ROM conservada)
MOVIDO	emu/ROMS/WS/WonderswanRomCollectionByGhostware/Densha de Go! 2 (J) [M].ws	emu/EXTRAS/WS-duplicados/WonderswanRomCollectionByGhostware/Densha de Go! 2 (J) [M].ws	duplicado (mismo contenido que la ROM conservada)
MOVIDO	emu/ROMS/WSC/ROMS/Densha de Go! 2 (J) [M].ws	emu/EXTRAS/WS-duplicados/ROMS/Densha de Go! 2 (J) [M].ws	duplicado (mismo contenido que la ROM conservada)
MOVIDO	emu/ROMS/WS/WonderswanRomCollectionByGhostware/Digimon Adventure - Anode Tamer (J) [M].ws	emu/EXTRAS/WS-duplicados/WonderswanRomCollectionByGhostware/Digimon Adventure - Anode Tamer (J) [M].ws	duplicado (mismo contenido que la ROM conservada)
MOVIDO	emu/ROMS/WSC/ROMS/Digimon Adventure - Anode Tamer (J) [M].ws	emu/EXTRAS/WS-duplicados/ROMS/Digimon Adventure - Anode Tamer (J) [M].ws	duplicado (mismo contenido que la ROM conservada)
MOVIDO	emu/ROMS/WS/WonderswanRomCollectionByGhostware/Digimon Adventure - Cathode Tamer (J) [M].ws	emu/EXTRAS/WS-duplicados/WonderswanRomCollectionByGhostware/Digimon Adventure - Cathode Tamer (J) [M].ws	duplicado (mismo contenido que la ROM conservada)
MOVIDO	emu/ROMS/WSC/ROMS/Digimon Adventure - Cathode Tamer (J) [M].ws	emu/EXTRAS/WS-duplicados/ROMS/Digimon Adventure - Cathode Tamer (J) [M].ws	duplicado (mismo contenido que la ROM conservada)
MOVIDO	emu/ROMS/WS/Digimon Adventure 02 - D1 Tamers (J) [M][!].ws	emu/ROMS/WSC/Digimon Adventure 02 - D1 Tamers (J) [M][!].ws	ROM a su sistema por cabecera
MOVIDO	emu/ROMS/WSC/WonderswanColorRomCollectionByGhostware/Digimon Adventure 02 - D1 Tamers (Japan).wsc	emu/EXTRAS/WSC-duplicados/WonderswanColorRomCollectionByGhostware/Digimon Adventure 02 - D1 Tamers (Japan).wsc	duplicado (mismo contenido que la ROM conservada)
MOVIDO	emu/ROMS/WS/WonderswanRomCollectionByGhostware/Digimon Adventure 02 - D1 Tamers (J) [!].wsc	emu/EXTRAS/WSC-duplicados/WonderswanRomCollectionByGhostware/Digimon Adventure 02 - D1 Tamers (J) [!].wsc	duplicado (mismo contenido que la ROM conservada)
MOVIDO	emu/ROMS/WSC/ROMS/Digimon Adventure 02 - D1 Tamers (J) [M][!].ws	emu/EXTRAS/WSC-duplicados/ROMS/Digimon Adventure 02 - D1 Tamers (J) [M][!].ws	duplicado (mismo contenido que la ROM conservada)
MOVIDO	emu/ROMS/WSC/WonderswanColorRomCollectionByGhostware/Digimon Adventure 02 - D1 Tamers (Japan).zip	emu/EXTRAS/WSC-duplicados/WonderswanColorRomCollectionByGhostware/Digimon Adventure 02 - D1 Tamers (Japan).zip	duplicado (mismo contenido que la ROM conservada)
MOVIDO	emu/ROMS/WS/WonderswanRomCollectionByGhostware/Digimon Adventure 02 - Tag Tamers (J) [M][!].ws	emu/EXTRAS/WS-duplicados/WonderswanRomCollectionByGhostware/Digimon Adventure 02 - Tag Tamers (J) [M][!].ws	duplicado (mismo contenido que la ROM conservada)
MOVIDO	emu/ROMS/WSC/ROMS/Digimon Adventure 02 - Tag Tamers (J) [M][!].ws	emu/EXTRAS/WS-duplicados/ROMS/Digimon Adventure 02 - Tag Tamers (J) [M][!].ws	duplicado (mismo contenido que la ROM conservada)
MOVIDO	emu/ROMS/WSC/ROMS/Digimon Digital Monsters (A) [M].ws	emu/EXTRAS/WS-duplicados/ROMS/Digimon Digital Monsters (A) [M].ws	duplicado (mismo contenido que la ROM conservada)
MOVIDO	emu/ROMS/WS/WonderswanRomCollectionByGhostware/Digimon Digital Monsters (As) [M].ws	emu/EXTRAS/WS-duplicados/WonderswanRomCollectionByGhostware/Digimon Digital Monsters (As) [M].ws	duplicado (mismo contenido que la ROM conservada)
MOVIDO	emu/ROMS/WS/WonderswanRomCollectionByGhostware/Digimon Digital Monsters (J) [M].ws	emu/EXTRAS/WS-duplicados/WonderswanRomCollectionByGhostware/Digimon Digital Monsters (J) [M].ws	duplicado (mismo contenido que la ROM conservada)
MOVIDO	emu/ROMS/WSC/ROMS/Digimon Digital Monsters (J) [M].ws	emu/EXTRAS/WS-duplicados/ROMS/Digimon Digital Monsters (J) [M].ws	duplicado (mismo contenido que la ROM conservada)
MOVIDO	emu/ROMS/WSC/WonderswanColorRomCollectionByGhostware/Digimon - Anode Tamer & Cathode Tamer (Asia).wsc	emu/EXTRAS/WS-duplicados/WonderswanColorRomCollectionByGhostware/Digimon - Anode Tamer & Cathode Tamer (Asia).wsc	duplicado (mismo contenido que la ROM conservada)
MOVIDO	emu/ROMS/WS/WonderswanRomCollectionByGhostware/Digimon Digital Monsters - Anode & Cathode Tamer - Veedramon Version (As) [!].wsc	emu/EXTRAS/WS-duplicados/WonderswanRomCollectionByGhostware/Digimon Digital Monsters - Anode & Cathode Tamer - Veedramon Version (As) [!].wsc	duplicado (mismo contenido que la ROM conservada)
MOVIDO	emu/ROMS/WSC/ROMS/Digimon Digital Monsters - Anode & Cathode Tamer - Veedramon Version (A) [M][!].ws	emu/EXTRAS/WS-duplicados/ROMS/Digimon Digital Monsters - Anode & Cathode Tamer - Veedramon Version (A) [M][!].ws	duplicado (mismo contenido que la ROM conservada)
MOVIDO	emu/ROMS/WSC/WonderswanColorRomCollectionByGhostware/Digimon - Anode Tamer & Cathode Tamer (Asia).zip	emu/EXTRAS/WS-duplicados/WonderswanColorRomCollectionByGhostware/Digimon - Anode Tamer & Cathode Tamer (Asia).zip	duplicado (mismo contenido que la ROM conservada)
MOVIDO	emu/ROMS/WSC/WonderswanColorRomCollectionByGhostware/Digimon Tamers - Battle Spirit (Japan) (En,Ja).wsc	emu/EXTRAS/WS-duplicados/WonderswanColorRomCollectionByGhostware/Digimon Tamers - Battle Spirit (Japan) (En,Ja).wsc	duplicado (mismo contenido que la ROM conservada)
MOVIDO	emu/ROMS/WS/WonderswanRomCollectionByGhostware/Digimon Tamers - Battle Spirit (J) [!].wsc	emu/EXTRAS/WS-duplicados/WonderswanRomCollectionByGhostware/Digimon Tamers - Battle Spirit (J) [!].wsc	duplicado (mismo contenido que la ROM conservada)
MOVIDO	emu/ROMS/WSC/ROMS/Digimon Tamers - Battle Spirit (J) [M][!].ws	emu/EXTRAS/WS-duplicados/ROMS/Digimon Tamers - Battle Spirit (J) [M][!].ws	duplicado (mismo contenido que la ROM conservada)
MOVIDO	emu/ROMS/WSC/WonderswanColorRomCollectionByGhostware/Digimon Tamers - Battle Spirit (Japan) (En,Ja).zip	emu/EXTRAS/WS-duplicados/WonderswanColorRomCollectionByGhostware/Digimon Tamers - Battle Spirit (Japan) (En,Ja).zip	duplicado (mismo contenido que la ROM conservada)
MOVIDO	emu/ROMS/WS/WonderswanRomCollectionByGhostware/Digital Partner (J) [M][!].ws	emu/EXTRAS/WS-duplicados/WonderswanRomCollectionByGhostware/Digital Partner (J) [M][!].ws	duplicado (mismo contenido que la ROM conservada)
MOVIDO	emu/ROMS/WSC/ROMS/Digital Partner (J) [M][!].ws	emu/EXTRAS/WS-duplicados/ROMS/Digital Partner (J) [M][!].ws	duplicado (mismo contenido que la ROM conservada)
MOVIDO	emu/ROMS/WS/WonderswanRomCollectionByGhostware/Dokodemo Hamster (J) [M][!].ws	emu/EXTRAS/WS-duplicados/WonderswanRomCollectionByGhostware/Dokodemo Hamster (J) [M][!].ws	duplicado (mismo contenido que la ROM conservada)
MOVIDO	emu/ROMS/WSC/ROMS/Dokodemo Hamster (J) [M][!].ws	emu/EXTRAS/WS-duplicados/ROMS/Dokodemo Hamster (J) [M][!].ws	duplicado (mismo contenido que la ROM conservada)
MOVIDO	emu/ROMS/WS/WonderswanRomCollectionByGhostware/Engacho! (J) [M][!].ws	emu/EXTRAS/WS-duplicados/WonderswanRomCollectionByGhostware/Engacho! (J) [M][!].ws	duplicado (mismo contenido que la ROM conservada)
MOVIDO	emu/ROMS/WSC/ROMS/Engacho! (J) [M][!].ws	emu/EXTRAS/WS-duplicados/ROMS/Engacho! (J) [M][!].ws	duplicado (mismo contenido que la ROM conservada)
MOVIDO	emu/ROMS/WS/WonderswanRomCollectionByGhostware/Engacho! (J) [M][f1].ws	emu/EXTRAS/WS-duplicados/WonderswanRomCollectionByGhostware/Engacho! (J) [M][f1].ws	duplicado (mismo contenido que la ROM conservada)
MOVIDO	emu/ROMS/WSC/ROMS/Engacho! (J) [M][f1].ws	emu/EXTRAS/WS-duplicados/ROMS/Engacho! (J) [M][f1].ws	duplicado (mismo contenido que la ROM conservada)
MOVIDO	emu/ROMS/WS/WonderswanRomCollectionByGhostware/Fever Sankyo - Koushiki Pachinko Simulation (J) [M].ws	emu/EXTRAS/WS-duplicados/WonderswanRomCollectionByGhostware/Fever Sankyo - Koushiki Pachinko Simulation (J) [M].ws	duplicado (mismo contenido que la ROM conservada)
MOVIDO	emu/ROMS/WSC/ROMS/Fever Sankyo - Koushiki Pachinko Simulation (J) [M].ws	emu/EXTRAS/WS-duplicados/ROMS/Fever Sankyo - Koushiki Pachinko Simulation (J) [M].ws	duplicado (mismo contenido que la ROM conservada)
MOVIDO	emu/ROMS/WS/WonderswanRomCollectionByGhostware/Fever Sankyo - Koushiki Pachinko Simulation (J) [M][f1].ws	emu/EXTRAS/WS-duplicados/WonderswanRomCollectionByGhostware/Fever Sankyo - Koushiki Pachinko Simulation (J) [M][f1].ws	duplicado (mismo contenido que la ROM conservada)
MOVIDO	emu/ROMS/WSC/ROMS/Fever Sankyo - Koushiki Pachinko Simulation (J) [M][f1].ws	emu/EXTRAS/WS-duplicados/ROMS/Fever Sankyo - Koushiki Pachinko Simulation (J) [M][f1].ws	duplicado (mismo contenido que la ROM conservada)
MOVIDO	emu/ROMS/WS/WonderswanRomCollectionByGhostware/Final Lap 2000 (J) [M][!].ws	emu/EXTRAS/WS-duplicados/WonderswanRomCollectionByGhostware/Final Lap 2000 (J) [M][!].ws	duplicado (mismo contenido que la ROM conservada)
MOVIDO	emu/ROMS/WSC/ROMS/Final Lap 2000 (J) [M][!].ws	emu/EXTRAS/WS-duplicados/ROMS/Final Lap 2000 (J) [M][!].ws	duplicado (mismo contenido que la ROM conservada)
MOVIDO	emu/ROMS/WS/WonderswanRomCollectionByGhostware/Final Lap 2000 (J) [M][f1].ws	emu/EXTRAS/WS-duplicados/WonderswanRomCollectionByGhostware/Final Lap 2000 (J) [M][f1].ws	duplicado (mismo contenido que la ROM conservada)
MOVIDO	emu/ROMS/WSC/ROMS/Final Lap 2000 (J) [M][f1].ws	emu/EXTRAS/WS-duplicados/ROMS/Final Lap 2000 (J) [M][f1].ws	duplicado (mismo contenido que la ROM conservada)
MOVIDO	emu/ROMS/WS/WonderswanRomCollectionByGhostware/Fire Pro Wrestling (J) [M].ws	emu/EXTRAS/WS-duplicados/WonderswanRomCollectionByGhostware/Fire Pro Wrestling (J) [M].ws	duplicado (mismo contenido que la ROM conservada)
MOVIDO	emu/ROMS/WSC/ROMS/Fire Pro Wrestling (J) [M].ws	emu/EXTRAS/WS-duplicados/ROMS/Fire Pro Wrestling (J) [M].ws	duplicado (mismo contenido que la ROM conservada)
MOVIDO	emu/ROMS/WS/WonderswanRomCollectionByGhostware/Fishing Freaks - Bass Rise (J) [M].ws	emu/EXTRAS/WS-duplicados/WonderswanRomCollectionByGhostware/Fishing Freaks - Bass Rise (J) [M].ws	duplicado (mismo contenido que la ROM conservada)
MOVIDO	emu/ROMS/WSC/ROMS/Fishing Freaks - Bass Rise (J) [M].ws	emu/EXTRAS/WS-duplicados/ROMS/Fishing Freaks - Bass Rise (J) [M].ws	duplicado (mismo contenido que la ROM conservada)
MOVIDO	emu/ROMS/WS/WonderswanRomCollectionByGhostware/From TV Animation - One Piece - Mezase Kaizoku Ou (J) [M].ws	emu/EXTRAS/WS-duplicados/WonderswanRomCollectionByGhostware/From TV Animation - One Piece - Mezase Kaizoku Ou (J) [M].ws	duplicado (mismo contenido que la ROM conservada)
MOVIDO	emu/ROMS/WSC/ROMS/From TV Animation - One Piece - Mezase Kaizoku Ou (J) [M].ws	emu/EXTRAS/WS-duplicados/ROMS/From TV Animation - One Piece - Mezase Kaizoku Ou (J) [M].ws	duplicado (mismo contenido que la ROM conservada)
MOVIDO	emu/ROMS/WS/WonderswanRomCollectionByGhostware/From TV Animation - One Piece - Mezase Kaizoku Ou (J) [M][f1].ws	emu/EXTRAS/WS-duplicados/WonderswanRomCollectionByGhostware/From TV Animation - One Piece - Mezase Kaizoku Ou (J) [M][f1].ws	duplicado (mismo contenido que la ROM conservada)
MOVIDO	emu/ROMS/WSC/ROMS/From TV Animation - One Piece - Mezase Kaizoku Ou (J) [M][f1].ws	emu/EXTRAS/WS-duplicados/ROMS/From TV Animation - One Piece - Mezase Kaizoku Ou (J) [M][f1].ws	duplicado (mismo contenido que la ROM conservada)
MOVIDO	emu/ROMS/WS/WonderswanRomCollectionByGhostware/Ganso Jajamaru Kun (J) [M][!].ws	emu/EXTRAS/WS-duplicados/WonderswanRomCollectionByGhostware/Ganso Jajamaru Kun (J) [M][!].ws	duplicado (mismo contenido que la ROM conservada)
MOVIDO	emu/ROMS/WSC/ROMS/Ganso Jajamaru Kun (J) [M][!].ws	emu/EXTRAS/WS-duplicados/ROMS/Ganso Jajamaru Kun (J) [M][!].ws	duplicado (mismo contenido que la ROM conservada)
MOVIDO	emu/ROMS/WS/WonderswanRomCollectionByGhostware/Glocal Hexcite (J) [M][!].ws	emu/EXTRAS/WS-duplicados/WonderswanRomCollectionByGhostware/Glocal Hexcite (J) [M][!].ws	duplicado (mismo contenido que la ROM conservada)
MOVIDO	emu/ROMS/WSC/ROMS/Glocal Hexcite (J) [M][!].ws	emu/EXTRAS/WS-duplicados/ROMS/Glocal Hexcite (J) [M][!].ws	duplicado (mismo contenido que la ROM conservada)
MOVIDO	emu/ROMS/WS/WonderswanRomCollectionByGhostware/Gomoku Narabe & Reversi Touryuumon (J) [M].ws	emu/EXTRAS/WS-duplicados/WonderswanRomCollectionByGhostware/Gomoku Narabe & Reversi Touryuumon (J) [M].ws	duplicado (mismo contenido que la ROM conservada)
MOVIDO	emu/ROMS/WSC/ROMS/Gomoku Narabe & Reversi Touryuumon (J) [M].ws	emu/EXTRAS/WS-duplicados/ROMS/Gomoku Narabe & Reversi Touryuumon (J) [M].ws	duplicado (mismo contenido que la ROM conservada)
MOVIDO	emu/ROMS/WS/WonderswanRomCollectionByGhostware/Gorakuoh TANGO! (J) [M].ws	emu/EXTRAS/WS-duplicados/WonderswanRomCollectionByGhostware/Gorakuoh TANGO! (J) [M].ws	duplicado (mismo contenido que la ROM conservada)
MOVIDO	emu/ROMS/WSC/ROMS/Gorakuoh TANGO! (J) [M].ws	emu/EXTRAS/WS-duplicados/ROMS/Gorakuoh TANGO! (J) [M].ws	duplicado (mismo contenido que la ROM conservada)
MOVIDO	emu/ROMS/WS/WonderswanRomCollectionByGhostware/Gorakuoh TANGO! (J) [M][f1].ws	emu/EXTRAS/WS-duplicados/WonderswanRomCollectionByGhostware/Gorakuoh TANGO! (J) [M][f1].ws	duplicado (mismo contenido que la ROM conservada)
MOVIDO	emu/ROMS/WSC/ROMS/Gorakuoh TANGO! (J) [M][f1].ws	emu/EXTRAS/WS-duplicados/ROMS/Gorakuoh TANGO! (J) [M][f1].ws	duplicado (mismo contenido que la ROM conservada)
MOVIDO	emu/ROMS/WS/WonderswanRomCollectionByGhostware/GunPey (J) [M].ws	emu/EXTRAS/WS-duplicados/WonderswanRomCollectionByGhostware/GunPey (J) [M].ws	duplicado (mismo contenido que la ROM conservada)
MOVIDO	emu/ROMS/WSC/ROMS/GunPey (J) [M].ws	emu/EXTRAS/WS-duplicados/ROMS/GunPey (J) [M].ws	duplicado (mismo contenido que la ROM conservada)
MOVIDO	emu/ROMS/WS/WonderswanRomCollectionByGhostware/GunPey (J) [M][f1].ws	emu/EXTRAS/WS-duplicados/WonderswanRomCollectionByGhostware/GunPey (J) [M][f1].ws	duplicado (mismo contenido que la ROM conservada)
MOVIDO	emu/ROMS/WSC/ROMS/GunPey (J) [M][f1].ws	emu/EXTRAS/WS-duplicados/ROMS/GunPey (J) [M][f1].ws	duplicado (mismo contenido que la ROM conservada)
MOVIDO	emu/ROMS/WS/WonderswanRomCollectionByGhostware/Hanafuda Shiyou Yo (J) [M][!].ws	emu/EXTRAS/WS-duplicados/WonderswanRomCollectionByGhostware/Hanafuda Shiyou Yo (J) [M][!].ws	duplicado (mismo contenido que la ROM conservada)
MOVIDO	emu/ROMS/WSC/ROMS/Hanafuda Shiyou Yo (J) [M][!].ws	emu/EXTRAS/WS-duplicados/ROMS/Hanafuda Shiyou Yo (J) [M][!].ws	duplicado (mismo contenido que la ROM conservada)
MOVIDO	emu/ROMS/WS/WonderswanRomCollectionByGhostware/Harobots (J) [M][!].ws	emu/EXTRAS/WS-duplicados/WonderswanRomCollectionByGhostware/Harobots (J) [M][!].ws	duplicado (mismo contenido que la ROM conservada)
MOVIDO	emu/ROMS/WSC/ROMS/Harobots (J) [M][!].ws	emu/EXTRAS/WS-duplicados/ROMS/Harobots (J) [M][!].ws	duplicado (mismo contenido que la ROM conservada)
MOVIDO	emu/ROMS/WS/WonderswanRomCollectionByGhostware/Hunter X Hunter - Ichi O Tsugu Mono (J) [M][!].ws	emu/EXTRAS/WS-duplicados/WonderswanRomCollectionByGhostware/Hunter X Hunter - Ichi O Tsugu Mono (J) [M][!].ws	duplicado (mismo contenido que la ROM conservada)
MOVIDO	emu/ROMS/WSC/ROMS/Hunter X Hunter - Ichi O Tsugu Mono (J) [M][!].ws	emu/EXTRAS/WS-duplicados/ROMS/Hunter X Hunter - Ichi O Tsugu Mono (J) [M][!].ws	duplicado (mismo contenido que la ROM conservada)
MOVIDO	emu/ROMS/WS/WonderswanRomCollectionByGhostware/Hunter X Hunter - Ichi O Tsugu Mono (J) [M][f1].ws	emu/EXTRAS/WS-duplicados/WonderswanRomCollectionByGhostware/Hunter X Hunter - Ichi O Tsugu Mono (J) [M][f1].ws	duplicado (mismo contenido que la ROM conservada)
MOVIDO	emu/ROMS/WSC/ROMS/Hunter X Hunter - Ichi O Tsugu Mono (J) [M][f1].ws	emu/EXTRAS/WS-duplicados/ROMS/Hunter X Hunter - Ichi O Tsugu Mono (J) [M][f1].ws	duplicado (mismo contenido que la ROM conservada)
MOVIDO	emu/ROMS/WS/WonderswanRomCollectionByGhostware/Itou Jun Ni Uzumaki Noroi Simulation (J) [M][!].ws	emu/EXTRAS/WS-duplicados/WonderswanRomCollectionByGhostware/Itou Jun Ni Uzumaki Noroi Simulation (J) [M][!].ws	duplicado (mismo contenido que la ROM conservada)
MOVIDO	emu/ROMS/WSC/ROMS/Itou Jun Ni Uzumaki Noroi Simulation (J) [M][!].ws	emu/EXTRAS/WS-duplicados/ROMS/Itou Jun Ni Uzumaki Noroi Simulation (J) [M][!].ws	duplicado (mismo contenido que la ROM conservada)
MOVIDO	emu/ROMS/WS/WonderswanRomCollectionByGhostware/Itou Jun Ni Uzumaki Noroi Simulation (J) [M][f1].ws	emu/EXTRAS/WS-duplicados/WonderswanRomCollectionByGhostware/Itou Jun Ni Uzumaki Noroi Simulation (J) [M][f1].ws	duplicado (mismo contenido que la ROM conservada)
MOVIDO	emu/ROMS/WSC/ROMS/Itou Jun Ni Uzumaki Noroi Simulation (J) [M][f1].ws	emu/EXTRAS/WS-duplicados/ROMS/Itou Jun Ni Uzumaki Noroi Simulation (J) [M][f1].ws	duplicado (mismo contenido que la ROM conservada)
MOVIDO	emu/ROMS/WS/WonderswanRomCollectionByGhostware/Kakuto Ryori Densetsu Bistro Recipe - Wonder Battle Hen (J) [M].ws	emu/EXTRAS/WS-duplicados/WonderswanRomCollectionByGhostware/Kakuto Ryori Densetsu Bistro Recipe - Wonder Battle Hen (J) [M].ws	duplicado (mismo contenido que la ROM conservada)
MOVIDO	emu/ROMS/WSC/ROMS/Kakuto Ryori Densetsu Bistro Recipe - Wonder Battle Hen (J) [M].ws	emu/EXTRAS/WS-duplicados/ROMS/Kakuto Ryori Densetsu Bistro Recipe - Wonder Battle Hen (J) [M].ws	duplicado (mismo contenido que la ROM conservada)
MOVIDO	emu/ROMS/WS/WonderswanRomCollectionByGhostware/Kaze no Klonoa - Moonlight Museum (J) [M].ws	emu/EXTRAS/WS-duplicados/WonderswanRomCollectionByGhostware/Kaze no Klonoa - Moonlight Museum (J) [M].ws	duplicado (mismo contenido que la ROM conservada)
MOVIDO	emu/ROMS/WSC/ROMS/Kaze no Klonoa - Moonlight Museum (J) [M].ws	emu/EXTRAS/WS-duplicados/ROMS/Kaze no Klonoa - Moonlight Museum (J) [M].ws	duplicado (mismo contenido que la ROM conservada)
MOVIDO	emu/ROMS/WS/WonderswanRomCollectionByGhostware/Kaze no Klonoa - Moonlight Museum (J) [M][t1].ws	emu/EXTRAS/WS-duplicados/WonderswanRomCollectionByGhostware/Kaze no Klonoa - Moonlight Museum (J) [M][t1].ws	duplicado (mismo contenido que la ROM conservada)
MOVIDO	emu/ROMS/WSC/ROMS/Kaze no Klonoa - Moonlight Museum (J) [M][t1].ws	emu/EXTRAS/WS-duplicados/ROMS/Kaze no Klonoa - Moonlight Museum (J) [M][t1].ws	duplicado (mismo contenido que la ROM conservada)
MOVIDO	emu/ROMS/WS/WonderswanRomCollectionByGhostware/Keiba Yosou Shien Shinkaron (J) [M][!].ws	emu/EXTRAS/WS-duplicados/WonderswanRomCollectionByGhostware/Keiba Yosou Shien Shinkaron (J) [M][!].ws	duplicado (mismo contenido que la ROM conservada)
MOVIDO	emu/ROMS/WSC/ROMS/Keiba Yosou Shien Shinkaron (J) [M][!].ws	emu/EXTRAS/WS-duplicados/ROMS/Keiba Yosou Shien Shinkaron (J) [M][!].ws	duplicado (mismo contenido que la ROM conservada)
MOVIDO	emu/ROMS/WS/WonderswanRomCollectionByGhostware/Kiss Yori... - Seaside Serenade (J) [M].ws	emu/EXTRAS/WS-duplicados/WonderswanRomCollectionByGhostware/Kiss Yori... - Seaside Serenade (J) [M].ws	duplicado (mismo contenido que la ROM conservada)
MOVIDO	emu/ROMS/WSC/ROMS/Kiss Yori... - Seaside Serenade (J) [M].ws	emu/EXTRAS/WS-duplicados/ROMS/Kiss Yori... - Seaside Serenade (J) [M].ws	duplicado (mismo contenido que la ROM conservada)
MOVIDO	emu/ROMS/WS/WonderswanRomCollectionByGhostware/Kyoso Uma Ikusei Simulation Keiba (J) [M].ws	emu/EXTRAS/WS-duplicados/WonderswanRomCollectionByGhostware/Kyoso Uma Ikusei Simulation Keiba (J) [M].ws	duplicado (mismo contenido que la ROM conservada)
MOVIDO	emu/ROMS/WSC/ROMS/Kyoso Uma Ikusei Simulation Keiba (J) [M].ws	emu/EXTRAS/WS-duplicados/ROMS/Kyoso Uma Ikusei Simulation Keiba (J) [M].ws	duplicado (mismo contenido que la ROM conservada)
MOVIDO	emu/ROMS/WS/WonderswanRomCollectionByGhostware/Langrisser Millenium WS - The Last Century (J) [M][!].ws	emu/EXTRAS/WS-duplicados/WonderswanRomCollectionByGhostware/Langrisser Millenium WS - The Last Century (J) [M][!].ws	duplicado (mismo contenido que la ROM conservada)
MOVIDO	emu/ROMS/WS/WonderswanRomCollectionByGhostware/LastStand (J) [M].ws	emu/EXTRAS/WS-duplicados/WonderswanRomCollectionByGhostware/LastStand (J) [M].ws	duplicado (mismo contenido que la ROM conservada)
MOVIDO	emu/ROMS/WSC/ROMS/LastStand (J) [M].ws	emu/EXTRAS/WS-duplicados/ROMS/LastStand (J) [M].ws	duplicado (mismo contenido que la ROM conservada)
MOVIDO	emu/ROMS/WS/WonderswanRomCollectionByGhostware/Lode Runner (J) [M][!].ws	emu/EXTRAS/WS-duplicados/WonderswanRomCollectionByGhostware/Lode Runner (J) [M][!].ws	duplicado (mismo contenido que la ROM conservada)
MOVIDO	emu/ROMS/WSC/ROMS/Lode Runner (J) [M][!].ws	emu/EXTRAS/WS-duplicados/ROMS/Lode Runner (J) [M][!].ws	duplicado (mismo contenido que la ROM conservada)
MOVIDO	emu/ROMS/WS/WonderswanRomCollectionByGhostware/Magical Drop (J) [M][!].ws	emu/EXTRAS/WS-duplicados/WonderswanRomCollectionByGhostware/Magical Drop (J) [M][!].ws	duplicado (mismo contenido que la ROM conservada)
MOVIDO	emu/ROMS/WSC/ROMS/Magical Drop (J) [M][!].ws	emu/EXTRAS/WS-duplicados/ROMS/Magical Drop (J) [M][!].ws	duplicado (mismo contenido que la ROM conservada)
MOVIDO	emu/ROMS/WS/WonderswanRomCollectionByGhostware/Mahjong Touryuumon (J) [M][!].ws	emu/EXTRAS/WS-duplicados/WonderswanRomCollectionByGhostware/Mahjong Touryuumon (J) [M][!].ws	duplicado (mismo contenido que la ROM conservada)
MOVIDO	emu/ROMS/WSC/ROMS/Mahjong Touryuumon (J) [M][!].ws	emu/EXTRAS/WS-duplicados/ROMS/Mahjong Touryuumon (J) [M][!].ws	duplicado (mismo contenido que la ROM conservada)
MOVIDO	emu/ROMS/WS/WonderswanRomCollectionByGhostware/Makaimura (J) [M].ws	emu/EXTRAS/WS-duplicados/WonderswanRomCollectionByGhostware/Makaimura (J) [M].ws	duplicado (mismo contenido que la ROM conservada)
MOVIDO	emu/ROMS/WSC/ROMS/Makaimura (J) [M].ws	emu/EXTRAS/WS-duplicados/ROMS/Makaimura (J) [M].ws	duplicado (mismo contenido que la ROM conservada)
MOVIDO	emu/ROMS/WS/WonderswanRomCollectionByGhostware/Makaimura (J) [M][t1].ws	emu/EXTRAS/WS-duplicados/WonderswanRomCollectionByGhostware/Makaimura (J) [M][t1].ws	duplicado (mismo contenido que la ROM conservada)
MOVIDO	emu/ROMS/WSC/ROMS/Makaimura (J) [M][t1].ws	emu/EXTRAS/WS-duplicados/ROMS/Makaimura (J) [M][t1].ws	duplicado (mismo contenido que la ROM conservada)
MOVIDO	emu/ROMS/WS/WonderswanRomCollectionByGhostware/Medarot - Perfect Edition Kabuto Version (J) [M][!].ws	emu/EXTRAS/WS-duplicados/WonderswanRomCollectionByGhostware/Medarot - Perfect Edition Kabuto Version (J) [M][!].ws	duplicado (mismo contenido que la ROM conservada)
MOVIDO	emu/ROMS/WSC/ROMS/Medarot - Perfect Edition Kabuto Version (J) [M][!].ws	emu/EXTRAS/WS-duplicados/ROMS/Medarot - Perfect Edition Kabuto Version (J) [M][!].ws	duplicado (mismo contenido que la ROM conservada)
MOVIDO	emu/ROMS/WS/WonderswanRomCollectionByGhostware/Medarot - Perfect Edition Kuwagata Version (J) [M][!].ws	emu/EXTRAS/WS-duplicados/WonderswanRomCollectionByGhostware/Medarot - Perfect Edition Kuwagata Version (J) [M][!].ws	duplicado (mismo contenido que la ROM conservada)
MOVIDO	emu/ROMS/WSC/ROMS/Medarot - Perfect Edition Kuwagata Version (J) [M][!].ws	emu/EXTRAS/WS-duplicados/ROMS/Medarot - Perfect Edition Kuwagata Version (J) [M][!].ws	duplicado (mismo contenido que la ROM conservada)
MOVIDO	emu/ROMS/WS/WonderswanRomCollectionByGhostware/Meitantei Conan - Majutsushi no Chousenjou! (J) [M][!].ws	emu/EXTRAS/WS-duplicados/WonderswanRomCollectionByGhostware/Meitantei Conan - Majutsushi no Chousenjou! (J) [M][!].ws	duplicado (mismo contenido que la ROM conservada)
MOVIDO	emu/ROMS/WSC/ROMS/Meitantei Conan - Majutsushi no Chousenjou! (J) [M][!].ws	emu/EXTRAS/WS-duplicados/ROMS/Meitantei Conan - Majutsushi no Chousenjou! (J) [M][!].ws	duplicado (mismo contenido que la ROM conservada)
MOVIDO	emu/ROMS/WS/WonderswanRomCollectionByGhostware/Meitantei Conan - Nishi no Meitantei Saidai no Kiki! (J) [M].ws	emu/EXTRAS/WS-duplicados/WonderswanRomCollectionByGhostware/Meitantei Conan - Nishi no Meitantei Saidai no Kiki! (J) [M].ws	duplicado (mismo contenido que la ROM conservada)
MOVIDO	emu/ROMS/WSC/ROMS/Meitantei Conan - Nishi no Meitantei Saidai no Kiki! (J) [M].ws	emu/EXTRAS/WS-duplicados/ROMS/Meitantei Conan - Nishi no Meitantei Saidai no Kiki! (J) [M].ws	duplicado (mismo contenido que la ROM conservada)
MOVIDO	emu/ROMS/WS/WonderswanRomCollectionByGhostware/Meta Communication Therapy nee Kiite! (J) [M][!].ws	emu/EXTRAS/WS-duplicados/WonderswanRomCollectionByGhostware/Meta Communication Therapy nee Kiite! (J) [M][!].ws	duplicado (mismo contenido que la ROM conservada)
MOVIDO	emu/ROMS/WSC/ROMS/Meta Communication Therapy nee Kiite! (J) [M][!].ws	emu/EXTRAS/WS-duplicados/ROMS/Meta Communication Therapy nee Kiite! (J) [M][!].ws	duplicado (mismo contenido que la ROM conservada)
MOVIDO	emu/ROMS/WS/WonderswanRomCollectionByGhostware/Mingle Magnet (J) [M].ws	emu/EXTRAS/WS-duplicados/WonderswanRomCollectionByGhostware/Mingle Magnet (J) [M].ws	duplicado (mismo contenido que la ROM conservada)
MOVIDO	emu/ROMS/WSC/ROMS/Mingle Magnet (J) [M].ws	emu/EXTRAS/WS-duplicados/ROMS/Mingle Magnet (J) [M].ws	duplicado (mismo contenido que la ROM conservada)
MOVIDO	emu/ROMS/WS/WonderswanRomCollectionByGhostware/Mobile Suit Gundam MSVS (J) [M][!].ws	emu/EXTRAS/WS-duplicados/WonderswanRomCollectionByGhostware/Mobile Suit Gundam MSVS (J) [M][!].ws	duplicado (mismo contenido que la ROM conservada)
MOVIDO	emu/ROMS/WSC/ROMS/Mobile Suit Gundam MSVS (J) [M][!].ws	emu/EXTRAS/WS-duplicados/ROMS/Mobile Suit Gundam MSVS (J) [M][!].ws	duplicado (mismo contenido que la ROM conservada)
MOVIDO	emu/ROMS/WS/WonderswanRomCollectionByGhostware/Moero !! Pro Yakyu Rookies (J) [M].ws	emu/EXTRAS/WS-duplicados/WonderswanRomCollectionByGhostware/Moero !! Pro Yakyu Rookies (J) [M].ws	duplicado (mismo contenido que la ROM conservada)
MOVIDO	emu/ROMS/WSC/ROMS/Moero !! Pro Yakyu Rookies (J) [M].ws	emu/EXTRAS/WS-duplicados/ROMS/Moero !! Pro Yakyu Rookies (J) [M].ws	duplicado (mismo contenido que la ROM conservada)
MOVIDO	emu/ROMS/WSC/ROMS/Morita Shogi (J) [M][!].ws	emu/EXTRAS/WS-duplicados/ROMS/Morita Shogi (J) [M][!].ws	duplicado (mismo contenido que la ROM conservada)
MOVIDO	emu/ROMS/WS/WonderswanRomCollectionByGhostware/Morita Shougi (J) [M][!].ws	emu/EXTRAS/WS-duplicados/WonderswanRomCollectionByGhostware/Morita Shougi (J) [M][!].ws	duplicado (mismo contenido que la ROM conservada)
MOVIDO	emu/ROMS/WS/WonderswanRomCollectionByGhostware/Nazo Ou Pocket (J) [M].ws	emu/EXTRAS/WS-duplicados/WonderswanRomCollectionByGhostware/Nazo Ou Pocket (J) [M].ws	duplicado (mismo contenido que la ROM conservada)
MOVIDO	emu/ROMS/WSC/ROMS/Nazo Ou Pocket (J) [M].ws	emu/EXTRAS/WS-duplicados/ROMS/Nazo Ou Pocket (J) [M].ws	duplicado (mismo contenido que la ROM conservada)
MOVIDO	emu/ROMS/WS/WonderswanRomCollectionByGhostware/Nazo Ou Pocket (J) [M][f1].ws	emu/EXTRAS/WS-duplicados/WonderswanRomCollectionByGhostware/Nazo Ou Pocket (J) [M][f1].ws	duplicado (mismo contenido que la ROM conservada)
MOVIDO	emu/ROMS/WSC/ROMS/Nazo Ou Pocket (J) [M][f1].ws	emu/EXTRAS/WS-duplicados/ROMS/Nazo Ou Pocket (J) [M][f1].ws	duplicado (mismo contenido que la ROM conservada)
MOVIDO	emu/ROMS/WS/WonderswanRomCollectionByGhostware/Neon Genesis Evangelion Shito Ikusei (J) [M][!].ws	emu/EXTRAS/WS-duplicados/WonderswanRomCollectionByGhostware/Neon Genesis Evangelion Shito Ikusei (J) [M][!].ws	duplicado (mismo contenido que la ROM conservada)
MOVIDO	emu/ROMS/WSC/ROMS/Neon Genesis Evangelion Shito Ikusei (J) [M][!].ws	emu/EXTRAS/WS-duplicados/ROMS/Neon Genesis Evangelion Shito Ikusei (J) [M][!].ws	duplicado (mismo contenido que la ROM conservada)
MOVIDO	emu/ROMS/WS/WonderswanRomCollectionByGhostware/Nice On (J) [M][!].ws	emu/EXTRAS/WS-duplicados/WonderswanRomCollectionByGhostware/Nice On (J) [M][!].ws	duplicado (mismo contenido que la ROM conservada)
MOVIDO	emu/ROMS/WSC/ROMS/Nice On (J) [M][!].ws	emu/EXTRAS/WS-duplicados/ROMS/Nice On (J) [M][!].ws	duplicado (mismo contenido que la ROM conservada)
MOVIDO	emu/ROMS/WS/WonderswanRomCollectionByGhostware/Nice On (J) [M][f1].ws	emu/EXTRAS/WS-duplicados/WonderswanRomCollectionByGhostware/Nice On (J) [M][f1].ws	duplicado (mismo contenido que la ROM conservada)
MOVIDO	emu/ROMS/WSC/ROMS/Nice On (J) [M][f1].ws	emu/EXTRAS/WS-duplicados/ROMS/Nice On (J) [M][f1].ws	duplicado (mismo contenido que la ROM conservada)
MOVIDO	emu/ROMS/WS/WonderswanRomCollectionByGhostware/Nobunaga no Yabo (J) [M][!].ws	emu/EXTRAS/WS-duplicados/WonderswanRomCollectionByGhostware/Nobunaga no Yabo (J) [M][!].ws	duplicado (mismo contenido que la ROM conservada)
MOVIDO	emu/ROMS/WSC/ROMS/Nobunaga no Yabo (J) [M][!].ws	emu/EXTRAS/WS-duplicados/ROMS/Nobunaga no Yabo (J) [M][!].ws	duplicado (mismo contenido que la ROM conservada)
MOVIDO	emu/ROMS/WS/WonderswanRomCollectionByGhostware/Ouchan no Oekaki Logic (J) [M].ws	emu/EXTRAS/WS-duplicados/WonderswanRomCollectionByGhostware/Ouchan no Oekaki Logic (J) [M].ws	duplicado (mismo contenido que la ROM conservada)
MOVIDO	emu/ROMS/WSC/ROMS/Ouchan no Oekaki Logic (J) [M].ws	emu/EXTRAS/WS-duplicados/ROMS/Ouchan no Oekaki Logic (J) [M].ws	duplicado (mismo contenido que la ROM conservada)
MOVIDO	emu/ROMS/WS/WonderswanRomCollectionByGhostware/Ouchan no Oekaki Logic (J) [M][f1].ws	emu/EXTRAS/WS-duplicados/WonderswanRomCollectionByGhostware/Ouchan no Oekaki Logic (J) [M][f1].ws	duplicado (mismo contenido que la ROM conservada)
MOVIDO	emu/ROMS/WSC/ROMS/Ouchan no Oekaki Logic (J) [M][f1].ws	emu/EXTRAS/WS-duplicados/ROMS/Ouchan no Oekaki Logic (J) [M][f1].ws	duplicado (mismo contenido que la ROM conservada)
MOVIDO	emu/ROMS/WS/WonderswanRomCollectionByGhostware/Pocket Fighter (J) [M].ws	emu/EXTRAS/WS-duplicados/WonderswanRomCollectionByGhostware/Pocket Fighter (J) [M].ws	duplicado (mismo contenido que la ROM conservada)
MOVIDO	emu/ROMS/WSC/ROMS/Pocket Fighter (J) [M].ws	emu/EXTRAS/WS-duplicados/ROMS/Pocket Fighter (J) [M].ws	duplicado (mismo contenido que la ROM conservada)
MOVIDO	emu/ROMS/WS/WonderswanRomCollectionByGhostware/Pro Mahjong Kiwame (J) [M][!].ws	emu/EXTRAS/WS-duplicados/WonderswanRomCollectionByGhostware/Pro Mahjong Kiwame (J) [M][!].ws	duplicado (mismo contenido que la ROM conservada)
MOVIDO	emu/ROMS/WSC/ROMS/Pro Mahjong Kiwame (J) [M][!].ws	emu/EXTRAS/WS-duplicados/ROMS/Pro Mahjong Kiwame (J) [M][!].ws	duplicado (mismo contenido que la ROM conservada)
MOVIDO	emu/ROMS/WS/WonderswanRomCollectionByGhostware/Puyo Puyo Tsu (J) [M][!].ws	emu/EXTRAS/WS-duplicados/WonderswanRomCollectionByGhostware/Puyo Puyo Tsu (J) [M][!].ws	duplicado (mismo contenido que la ROM conservada)
MOVIDO	emu/ROMS/WSC/ROMS/Puyo Puyo Tsu (J) [M][!].ws	emu/EXTRAS/WS-duplicados/ROMS/Puyo Puyo Tsu (J) [M][!].ws	duplicado (mismo contenido que la ROM conservada)
MOVIDO	emu/ROMS/WS/WonderswanRomCollectionByGhostware/Puzzle Bobble (J) [M].ws	emu/EXTRAS/WS-duplicados/WonderswanRomCollectionByGhostware/Puzzle Bobble (J) [M].ws	duplicado (mismo contenido que la ROM conservada)
MOVIDO	emu/ROMS/WSC/ROMS/Puzzle Bobble (J) [M].ws	emu/EXTRAS/WS-duplicados/ROMS/Puzzle Bobble (J) [M].ws	duplicado (mismo contenido que la ROM conservada)
MOVIDO	emu/ROMS/WS/WonderswanRomCollectionByGhostware/Puzzle Bobble (J) [M][f1].ws	emu/EXTRAS/WS-duplicados/WonderswanRomCollectionByGhostware/Puzzle Bobble (J) [M][f1].ws	duplicado (mismo contenido que la ROM conservada)
MOVIDO	emu/ROMS/WSC/ROMS/Puzzle Bobble (J) [M][f1].ws	emu/EXTRAS/WS-duplicados/ROMS/Puzzle Bobble (J) [M][f1].ws	duplicado (mismo contenido que la ROM conservada)
MOVIDO	emu/ROMS/WS/WonderswanRomCollectionByGhostware/Rainbow Islands - Putty's Party (J) [M].ws	emu/EXTRAS/WS-duplicados/WonderswanRomCollectionByGhostware/Rainbow Islands - Putty's Party (J) [M].ws	duplicado (mismo contenido que la ROM conservada)
MOVIDO	emu/ROMS/WSC/ROMS/Rainbow Islands - Putty's Party (J) [M].ws	emu/EXTRAS/WS-duplicados/ROMS/Rainbow Islands - Putty's Party (J) [M].ws	duplicado (mismo contenido que la ROM conservada)
MOVIDO	emu/ROMS/WS/WonderswanRomCollectionByGhostware/Rekishi Simulation Sangokushi II (J) [M].ws	emu/EXTRAS/WS-duplicados/WonderswanRomCollectionByGhostware/Rekishi Simulation Sangokushi II (J) [M].ws	duplicado (mismo contenido que la ROM conservada)
MOVIDO	emu/ROMS/WSC/ROMS/Rekishi Simulation Sangokushi II (J) [M].ws	emu/EXTRAS/WS-duplicados/ROMS/Rekishi Simulation Sangokushi II (J) [M].ws	duplicado (mismo contenido que la ROM conservada)
MOVIDO	emu/ROMS/WS/WonderswanRomCollectionByGhostware/Ring Infinity (J) [M][!].ws	emu/EXTRAS/WS-duplicados/WonderswanRomCollectionByGhostware/Ring Infinity (J) [M][!].ws	duplicado (mismo contenido que la ROM conservada)
MOVIDO	emu/ROMS/WSC/ROMS/Ring Infinity (J) [M][!].ws	emu/EXTRAS/WS-duplicados/ROMS/Ring Infinity (J) [M][!].ws	duplicado (mismo contenido que la ROM conservada)
MOVIDO	emu/ROMS/WS/WonderswanRomCollectionByGhostware/Ring Infinity (J) [M][f1].ws	emu/EXTRAS/WS-duplicados/WonderswanRomCollectionByGhostware/Ring Infinity (J) [M][f1].ws	duplicado (mismo contenido que la ROM conservada)
MOVIDO	emu/ROMS/WSC/ROMS/Ring Infinity (J) [M][f1].ws	emu/EXTRAS/WS-duplicados/ROMS/Ring Infinity (J) [M][f1].ws	duplicado (mismo contenido que la ROM conservada)
MOVIDO	emu/ROMS/WSC/ROMS/Robot Works (A) [M].ws	emu/EXTRAS/WS-duplicados/ROMS/Robot Works (A) [M].ws	duplicado (mismo contenido que la ROM conservada)
MOVIDO	emu/ROMS/WS/WonderswanRomCollectionByGhostware/Robot Works (As) [M].ws	emu/EXTRAS/WS-duplicados/WonderswanRomCollectionByGhostware/Robot Works (As) [M].ws	duplicado (mismo contenido que la ROM conservada)
MOVIDO	emu/ROMS/WS/WonderswanRomCollectionByGhostware/Robot Works (J) [M][!].ws	emu/EXTRAS/WS-duplicados/WonderswanRomCollectionByGhostware/Robot Works (J) [M][!].ws	duplicado (mismo contenido que la ROM conservada)
MOVIDO	emu/ROMS/WSC/ROMS/Robot Works (J) [M][!].ws	emu/EXTRAS/WS-duplicados/ROMS/Robot Works (J) [M][!].ws	duplicado (mismo contenido que la ROM conservada)
MOVIDO	emu/ROMS/WS/WonderswanRomCollectionByGhostware/Rockman & Forte - Mirai Kara no Chousen Sha (J) [M][!].ws	emu/EXTRAS/WS-duplicados/WonderswanRomCollectionByGhostware/Rockman & Forte - Mirai Kara no Chousen Sha (J) [M][!].ws	duplicado (mismo contenido que la ROM conservada)
MOVIDO	emu/ROMS/WSC/ROMS/Rockman & Forte - Mirai Kara no Chousen Sha (J) [M][!].ws	emu/EXTRAS/WS-duplicados/ROMS/Rockman & Forte - Mirai Kara no Chousen Sha (J) [M][!].ws	duplicado (mismo contenido que la ROM conservada)
MOVIDO	emu/ROMS/WS/WonderswanRomCollectionByGhostware/Sangokushi (J) [M].ws	emu/EXTRAS/WS-duplicados/WonderswanRomCollectionByGhostware/Sangokushi (J) [M].ws	duplicado (mismo contenido que la ROM conservada)
MOVIDO	emu/ROMS/WSC/ROMS/Sangokushi (J) [M].ws	emu/EXTRAS/WS-duplicados/ROMS/Sangokushi (J) [M].ws	duplicado (mismo contenido que la ROM conservada)
MOVIDO	emu/ROMS/WS/WonderswanRomCollectionByGhostware/SD Gundam - Emotional Jam (J) [M][!].ws	emu/EXTRAS/WS-duplicados/WonderswanRomCollectionByGhostware/SD Gundam - Emotional Jam (J) [M][!].ws	duplicado (mismo contenido que la ROM conservada)
MOVIDO	emu/ROMS/WSC/ROMS/SD Gundam - Emotional Jam (J) [M][!].ws	emu/EXTRAS/WS-duplicados/ROMS/SD Gundam - Emotional Jam (J) [M][!].ws	duplicado (mismo contenido que la ROM conservada)
MOVIDO	emu/ROMS/WS/SD Gundam Eiyuuden - Eiyuuden Kishi Densetsu (J) [M][!].ws	emu/ROMS/WSC/SD Gundam Eiyuuden - Eiyuuden Kishi Densetsu (J) [M][!].ws	ROM a su sistema por cabecera
MOVIDO	emu/ROMS/WSC/WonderswanColorRomCollectionByGhostware/SD Gundam Eiyuu Den - Kishi Densetsu (Japan).wsc	emu/EXTRAS/WSC-duplicados/WonderswanColorRomCollectionByGhostware/SD Gundam Eiyuu Den - Kishi Densetsu (Japan).wsc	duplicado (mismo contenido que la ROM conservada)
MOVIDO	emu/ROMS/WS/WonderswanRomCollectionByGhostware/SD Gundam Eiyuuden - Eiyuuden Kishi Densetsu (J) [!].wsc	emu/EXTRAS/WSC-duplicados/WonderswanRomCollectionByGhostware/SD Gundam Eiyuuden - Eiyuuden Kishi Densetsu (J) [!].wsc	duplicado (mismo contenido que la ROM conservada)
MOVIDO	emu/ROMS/WSC/ROMS/SD Gundam Eiyuuden - Eiyuuden Kishi Densetsu (J) [M][!].ws	emu/EXTRAS/WSC-duplicados/ROMS/SD Gundam Eiyuuden - Eiyuuden Kishi Densetsu (J) [M][!].ws	duplicado (mismo contenido que la ROM conservada)
MOVIDO	emu/ROMS/WSC/WonderswanColorRomCollectionByGhostware/SD Gundam Eiyuu Den - Kishi Densetsu (Japan).zip	emu/EXTRAS/WSC-duplicados/WonderswanColorRomCollectionByGhostware/SD Gundam Eiyuu Den - Kishi Densetsu (Japan).zip	duplicado (mismo contenido que la ROM conservada)
MOVIDO	emu/ROMS/WS/SD Gundam Eiyuuden - Eiyuuden Musha Densetsu (J) [M][!].ws	emu/ROMS/WSC/SD Gundam Eiyuuden - Eiyuuden Musha Densetsu (J) [M][!].ws	ROM a su sistema por cabecera
MOVIDO	emu/ROMS/WSC/WonderswanColorRomCollectionByGhostware/SD Gundam Eiyuu Den - Musha Densetsu (Japan).wsc	emu/EXTRAS/WSC-duplicados/WonderswanColorRomCollectionByGhostware/SD Gundam Eiyuu Den - Musha Densetsu (Japan).wsc	duplicado (mismo contenido que la ROM conservada)
MOVIDO	emu/ROMS/WS/WonderswanRomCollectionByGhostware/SD Gundam Eiyuuden - Eiyuuden Musha Densetsu (J) [!].wsc	emu/EXTRAS/WSC-duplicados/WonderswanRomCollectionByGhostware/SD Gundam Eiyuuden - Eiyuuden Musha Densetsu (J) [!].wsc	duplicado (mismo contenido que la ROM conservada)
MOVIDO	emu/ROMS/WSC/ROMS/SD Gundam Eiyuuden - Eiyuuden Musha Densetsu (J) [M][!].ws	emu/EXTRAS/WSC-duplicados/ROMS/SD Gundam Eiyuuden - Eiyuuden Musha Densetsu (J) [M][!].ws	duplicado (mismo contenido que la ROM conservada)
MOVIDO	emu/ROMS/WSC/WonderswanColorRomCollectionByGhostware/SD Gundam Eiyuu Den - Musha Densetsu (Japan).zip	emu/EXTRAS/WSC-duplicados/WonderswanColorRomCollectionByGhostware/SD Gundam Eiyuu Den - Musha Densetsu (Japan).zip	duplicado (mismo contenido que la ROM conservada)
MOVIDO	emu/ROMS/WS/WonderswanRomCollectionByGhostware/SD Gundam G Generation - Gather Beat (J) [M].ws	emu/EXTRAS/WS-duplicados/WonderswanRomCollectionByGhostware/SD Gundam G Generation - Gather Beat (J) [M].ws	duplicado (mismo contenido que la ROM conservada)
MOVIDO	emu/ROMS/WSC/ROMS/SD Gundam G Generation - Gather Beat (J) [M].ws	emu/EXTRAS/WS-duplicados/ROMS/SD Gundam G Generation - Gather Beat (J) [M].ws	duplicado (mismo contenido que la ROM conservada)
MOVIDO	emu/ROMS/WS/WonderswanRomCollectionByGhostware/SD Gundam Gashapon Senki - Episode 1 (J) [M][!].ws	emu/EXTRAS/WS-duplicados/WonderswanRomCollectionByGhostware/SD Gundam Gashapon Senki - Episode 1 (J) [M][!].ws	duplicado (mismo contenido que la ROM conservada)
MOVIDO	emu/ROMS/WSC/ROMS/SD Gundam Gashapon Senki - Episode 1 (J) [M][!].ws	emu/EXTRAS/WS-duplicados/ROMS/SD Gundam Gashapon Senki - Episode 1 (J) [M][!].ws	duplicado (mismo contenido que la ROM conservada)
MOVIDO	emu/ROMS/WS/WonderswanRomCollectionByGhostware/Senkaiden - TV Animation Senkaiden Houshin Engi Yori (J) [M].ws	emu/EXTRAS/WS-duplicados/WonderswanRomCollectionByGhostware/Senkaiden - TV Animation Senkaiden Houshin Engi Yori (J) [M].ws	duplicado (mismo contenido que la ROM conservada)
MOVIDO	emu/ROMS/WSC/ROMS/Senkaiden - TV Animation Senkaiden Houshin Engi Yori (J) [M].ws	emu/EXTRAS/WS-duplicados/ROMS/Senkaiden - TV Animation Senkaiden Houshin Engi Yori (J) [M].ws	duplicado (mismo contenido que la ROM conservada)
MOVIDO	emu/ROMS/WS/Senkaiden Ni - TV Animation Senkaiden Houshin Engi Yori (J) [M][!].ws	emu/ROMS/WSC/Senkaiden Ni - TV Animation Senkaiden Houshin Engi Yori (J) [M][!].ws	ROM a su sistema por cabecera
MOVIDO	emu/ROMS/WSC/WonderswanColorRomCollectionByGhostware/Senkaiden Ni - TV Animation Senkaiden Houshin Engi Yori (Japan).wsc	emu/EXTRAS/WSC-duplicados/WonderswanColorRomCollectionByGhostware/Senkaiden Ni - TV Animation Senkaiden Houshin Engi Yori (Japan).wsc	duplicado (mismo contenido que la ROM conservada)
MOVIDO	emu/ROMS/WS/WonderswanRomCollectionByGhostware/Senkaiden Ni - TV Animation Senkaiden Houshin Engi Yori (J) [!].wsc	emu/EXTRAS/WSC-duplicados/WonderswanRomCollectionByGhostware/Senkaiden Ni - TV Animation Senkaiden Houshin Engi Yori (J) [!].wsc	duplicado (mismo contenido que la ROM conservada)
MOVIDO	emu/ROMS/WSC/ROMS/Senkaiden Ni - TV Animation Senkaiden Houshin Engi Yori (J) [M][!].ws	emu/EXTRAS/WSC-duplicados/ROMS/Senkaiden Ni - TV Animation Senkaiden Houshin Engi Yori (J) [M][!].ws	duplicado (mismo contenido que la ROM conservada)
MOVIDO	emu/ROMS/WSC/WonderswanColorRomCollectionByGhostware/Senkaiden Ni - TV Animation Senkaiden Houshin Engi Yori (Japan).zip	emu/EXTRAS/WSC-duplicados/WonderswanColorRomCollectionByGhostware/Senkaiden Ni - TV Animation Senkaiden Houshin Engi Yori (Japan).zip	duplicado (mismo contenido que la ROM conservada)
MOVIDO	emu/ROMS/WS/WonderswanRomCollectionByGhostware/Sennou Millenium (J) [M][!].ws	emu/EXTRAS/WS-duplicados/WonderswanRomCollectionByGhostware/Sennou Millenium (J) [M][!].ws	duplicado (mismo contenido que la ROM conservada)
MOVIDO	emu/ROMS/WSC/ROMS/Sennou Millenium (J) [M][!].ws	emu/EXTRAS/WS-duplicados/ROMS/Sennou Millenium (J) [M][!].ws	duplicado (mismo contenido que la ROM conservada)
MOVIDO	emu/ROMS/WS/WonderswanRomCollectionByGhostware/Sennou Millenium (J) [M][f1].ws	emu/EXTRAS/WS-duplicados/WonderswanRomCollectionByGhostware/Sennou Millenium (J) [M][f1].ws	duplicado (mismo contenido que la ROM conservada)
MOVIDO	emu/ROMS/WSC/ROMS/Sennou Millenium (J) [M][f1].ws	emu/EXTRAS/WS-duplicados/ROMS/Sennou Millenium (J) [M][f1].ws	duplicado (mismo contenido que la ROM conservada)
MOVIDO	emu/ROMS/WS/WonderswanRomCollectionByGhostware/Shanghai Pocket (J) [M].ws	emu/EXTRAS/WS-duplicados/WonderswanRomCollectionByGhostware/Shanghai Pocket (J) [M].ws	duplicado (mismo contenido que la ROM conservada)
MOVIDO	emu/ROMS/WSC/ROMS/Shanghai Pocket (J) [M].ws	emu/EXTRAS/WS-duplicados/ROMS/Shanghai Pocket (J) [M].ws	duplicado (mismo contenido que la ROM conservada)
MOVIDO	emu/ROMS/WS/WonderswanRomCollectionByGhostware/Shin Nihon Pro Wrestling Toukon Retsuden (J) [M].ws	emu/EXTRAS/WS-duplicados/WonderswanRomCollectionByGhostware/Shin Nihon Pro Wrestling Toukon Retsuden (J) [M].ws	duplicado (mismo contenido que la ROM conservada)
MOVIDO	emu/ROMS/WSC/ROMS/Shin Nihon Pro Wrestling Toukon Retsuden (J) [M].ws	emu/EXTRAS/WS-duplicados/ROMS/Shin Nihon Pro Wrestling Toukon Retsuden (J) [M].ws	duplicado (mismo contenido que la ROM conservada)
MOVIDO	emu/ROMS/WS/WonderswanRomCollectionByGhostware/Shin Nihon Pro Wrestling Toukon Retsuden (J) [M][f1].ws	emu/EXTRAS/WS-duplicados/WonderswanRomCollectionByGhostware/Shin Nihon Pro Wrestling Toukon Retsuden (J) [M][f1].ws	duplicado (mismo contenido que la ROM conservada)
MOVIDO	emu/ROMS/WSC/ROMS/Shin Nihon Pro Wrestling Toukon Retsuden (J) [M][f1].ws	emu/EXTRAS/WS-duplicados/ROMS/Shin Nihon Pro Wrestling Toukon Retsuden (J) [M][f1].ws	duplicado (mismo contenido que la ROM conservada)
MOVIDO	emu/ROMS/WS/WonderswanRomCollectionByGhostware/Shogi Touryuumon (J) [M][!].ws	emu/EXTRAS/WS-duplicados/WonderswanRomCollectionByGhostware/Shogi Touryuumon (J) [M][!].ws	duplicado (mismo contenido que la ROM conservada)
MOVIDO	emu/ROMS/WSC/ROMS/Shogi Touryuumon (J) [M][!].ws	emu/EXTRAS/WS-duplicados/ROMS/Shogi Touryuumon (J) [M][!].ws	duplicado (mismo contenido que la ROM conservada)
MOVIDO	emu/ROMS/WS/WonderswanRomCollectionByGhostware/Side Pocket (J) [M][!].ws	emu/EXTRAS/WS-duplicados/WonderswanRomCollectionByGhostware/Side Pocket (J) [M][!].ws	duplicado (mismo contenido que la ROM conservada)
MOVIDO	emu/ROMS/WSC/ROMS/Side Pocket (J) [M][!].ws	emu/EXTRAS/WS-duplicados/ROMS/Side Pocket (J) [M][!].ws	duplicado (mismo contenido que la ROM conservada)
MOVIDO	emu/ROMS/WS/WonderswanRomCollectionByGhostware/Slither Link (J) [M][!].ws	emu/EXTRAS/WS-duplicados/WonderswanRomCollectionByGhostware/Slither Link (J) [M][!].ws	duplicado (mismo contenido que la ROM conservada)
MOVIDO	emu/ROMS/WSC/ROMS/Slither Link (J) [M][!].ws	emu/EXTRAS/WS-duplicados/ROMS/Slither Link (J) [M][!].ws	duplicado (mismo contenido que la ROM conservada)
MOVIDO	emu/ROMS/WS/WonderswanRomCollectionByGhostware/Slither Link (J) [M][f1].ws	emu/EXTRAS/WS-duplicados/WonderswanRomCollectionByGhostware/Slither Link (J) [M][f1].ws	duplicado (mismo contenido que la ROM conservada)
MOVIDO	emu/ROMS/WSC/ROMS/Slither Link (J) [M][f1].ws	emu/EXTRAS/WS-duplicados/ROMS/Slither Link (J) [M][f1].ws	duplicado (mismo contenido que la ROM conservada)
MOVIDO	emu/ROMS/WS/WonderswanRomCollectionByGhostware/Soccer Yarou! - Challenge the World (J) [M].ws	emu/EXTRAS/WS-duplicados/WonderswanRomCollectionByGhostware/Soccer Yarou! - Challenge the World (J) [M].ws	duplicado (mismo contenido que la ROM conservada)
MOVIDO	emu/ROMS/WSC/ROMS/Soccer Yarou! - Challenge the World (J) [M].ws	emu/EXTRAS/WS-duplicados/ROMS/Soccer Yarou! - Challenge the World (J) [M].ws	duplicado (mismo contenido que la ROM conservada)
MOVIDO	emu/ROMS/WS/WonderswanRomCollectionByGhostware/Soccer Yarou! - Challenge the World (J) [M][a1].ws	emu/EXTRAS/WS-duplicados/WonderswanRomCollectionByGhostware/Soccer Yarou! - Challenge the World (J) [M][a1].ws	duplicado (mismo contenido que la ROM conservada)
MOVIDO	emu/ROMS/WSC/ROMS/Soccer Yarou! - Challenge the World (J) [M][a1].ws	emu/EXTRAS/WS-duplicados/ROMS/Soccer Yarou! - Challenge the World (J) [M][a1].ws	duplicado (mismo contenido que la ROM conservada)
MOVIDO	emu/ROMS/WS/WonderswanRomCollectionByGhostware/Sotsugyou (J) [M].ws	emu/EXTRAS/WS-duplicados/WonderswanRomCollectionByGhostware/Sotsugyou (J) [M].ws	duplicado (mismo contenido que la ROM conservada)
MOVIDO	emu/ROMS/WSC/ROMS/Sotsugyou (J) [M].ws	emu/EXTRAS/WS-duplicados/ROMS/Sotsugyou (J) [M].ws	duplicado (mismo contenido que la ROM conservada)
MOVIDO	emu/ROMS/WS/WonderswanRomCollectionByGhostware/Space Invaders (J) [M][!].ws	emu/EXTRAS/WS-duplicados/WonderswanRomCollectionByGhostware/Space Invaders (J) [M][!].ws	duplicado (mismo contenido que la ROM conservada)
MOVIDO	emu/ROMS/WSC/ROMS/Space Invaders (J) [M][!].ws	emu/EXTRAS/WS-duplicados/ROMS/Space Invaders (J) [M][!].ws	duplicado (mismo contenido que la ROM conservada)
MOVIDO	emu/ROMS/WS/WonderswanRomCollectionByGhostware/Super Robot Taisen Compact (J) [M][!].ws	emu/EXTRAS/WS-duplicados/WonderswanRomCollectionByGhostware/Super Robot Taisen Compact (J) [M][!].ws	duplicado (mismo contenido que la ROM conservada)
MOVIDO	emu/ROMS/WSC/ROMS/Super Robot Taisen Compact (J) [M][!].ws	emu/EXTRAS/WS-duplicados/ROMS/Super Robot Taisen Compact (J) [M][!].ws	duplicado (mismo contenido que la ROM conservada)
MOVIDO	emu/ROMS/WS/WonderswanRomCollectionByGhostware/Super Robot Taisen Compact 2 - Dai Ichibu - Chijou Gekidou Hen (J) [M].ws	emu/EXTRAS/WS-duplicados/WonderswanRomCollectionByGhostware/Super Robot Taisen Compact 2 - Dai Ichibu - Chijou Gekidou Hen (J) [M].ws	duplicado (mismo contenido que la ROM conservada)
MOVIDO	emu/ROMS/WSC/ROMS/Super Robot Taisen Compact 2 - Dai Ichibu - Chijou Gekidou Hen (J) [M].ws	emu/EXTRAS/WS-duplicados/ROMS/Super Robot Taisen Compact 2 - Dai Ichibu - Chijou Gekidou Hen (J) [M].ws	duplicado (mismo contenido que la ROM conservada)
MOVIDO	emu/ROMS/WS/WonderswanRomCollectionByGhostware/Super Robot Taisen Compact 2 - Dai Nibu - Uchuu Gekishin Hen (J) [M][!].ws	emu/EXTRAS/WS-duplicados/WonderswanRomCollectionByGhostware/Super Robot Taisen Compact 2 - Dai Nibu - Uchuu Gekishin Hen (J) [M][!].ws	duplicado (mismo contenido que la ROM conservada)
MOVIDO	emu/ROMS/WSC/ROMS/Super Robot Taisen Compact 2 - Dai Nibu - Uchuu Gekishin Hen (J) [M][!].ws	emu/EXTRAS/WS-duplicados/ROMS/Super Robot Taisen Compact 2 - Dai Nibu - Uchuu Gekishin Hen (J) [M][!].ws	duplicado (mismo contenido que la ROM conservada)
MOVIDO	emu/ROMS/WS/WonderswanRomCollectionByGhostware/Super Robot Taisen Compact 2 - Dai Sanbu - Ginga Kessen Hen (J) [M].ws	emu/EXTRAS/WS-duplicados/WonderswanRomCollectionByGhostware/Super Robot Taisen Compact 2 - Dai Sanbu - Ginga Kessen Hen (J) [M].ws	duplicado (mismo contenido que la ROM conservada)
MOVIDO	emu/ROMS/WSC/ROMS/Super Robot Taisen Compact 2 - Dai Sanbu - Ginga Kessen Hen (J) [M].ws	emu/EXTRAS/WS-duplicados/ROMS/Super Robot Taisen Compact 2 - Dai Sanbu - Ginga Kessen Hen (J) [M].ws	duplicado (mismo contenido que la ROM conservada)
MOVIDO	emu/ROMS/WS/WonderswanRomCollectionByGhostware/Tanjou - Debut (J) [M][!].ws	emu/EXTRAS/WS-duplicados/WonderswanRomCollectionByGhostware/Tanjou - Debut (J) [M][!].ws	duplicado (mismo contenido que la ROM conservada)
MOVIDO	emu/ROMS/WSC/ROMS/Tanjou - Debut (J) [M][!].ws	emu/EXTRAS/WS-duplicados/ROMS/Tanjou - Debut (J) [M][!].ws	duplicado (mismo contenido que la ROM conservada)
MOVIDO	emu/ROMS/WS/WonderswanRomCollectionByGhostware/Tare Pan no Gunpei (J) [M][!].ws	emu/EXTRAS/WS-duplicados/WonderswanRomCollectionByGhostware/Tare Pan no Gunpei (J) [M][!].ws	duplicado (mismo contenido que la ROM conservada)
MOVIDO	emu/ROMS/WSC/ROMS/Tare Pan no Gunpei (J) [M][!].ws	emu/EXTRAS/WS-duplicados/ROMS/Tare Pan no Gunpei (J) [M][!].ws	duplicado (mismo contenido que la ROM conservada)
MOVIDO	emu/ROMS/WS/WonderswanRomCollectionByGhostware/Tare Pan no Gunpei (J) [M][f1].ws	emu/EXTRAS/WS-duplicados/WonderswanRomCollectionByGhostware/Tare Pan no Gunpei (J) [M][f1].ws	duplicado (mismo contenido que la ROM conservada)
MOVIDO	emu/ROMS/WSC/ROMS/Tare Pan no Gunpei (J) [M][f1].ws	emu/EXTRAS/WS-duplicados/ROMS/Tare Pan no Gunpei (J) [M][f1].ws	duplicado (mismo contenido que la ROM conservada)
MOVIDO	emu/ROMS/WS/WonderswanRomCollectionByGhostware/Tare Pan no Gunpei (J) [M][f2].ws	emu/EXTRAS/WS-duplicados/WonderswanRomCollectionByGhostware/Tare Pan no Gunpei (J) [M][f2].ws	duplicado (mismo contenido que la ROM conservada)
MOVIDO	emu/ROMS/WSC/ROMS/Tare Pan no Gunpei (J) [M][f2].ws	emu/EXTRAS/WS-duplicados/ROMS/Tare Pan no Gunpei (J) [M][f2].ws	duplicado (mismo contenido que la ROM conservada)
MOVIDO	emu/ROMS/WS/WonderswanRomCollectionByGhostware/Tekken Card Challenge (J) [M][!].ws	emu/EXTRAS/WS-duplicados/WonderswanRomCollectionByGhostware/Tekken Card Challenge (J) [M][!].ws	duplicado (mismo contenido que la ROM conservada)
MOVIDO	emu/ROMS/WSC/ROMS/Tekken Card Challenge (J) [M][!].ws	emu/EXTRAS/WS-duplicados/ROMS/Tekken Card Challenge (J) [M][!].ws	duplicado (mismo contenido que la ROM conservada)
MOVIDO	emu/ROMS/WS/WonderswanRomCollectionByGhostware/Terrors (J) [M].ws	emu/EXTRAS/WS-duplicados/WonderswanRomCollectionByGhostware/Terrors (J) [M].ws	duplicado (mismo contenido que la ROM conservada)
MOVIDO	emu/ROMS/WSC/ROMS/Terrors (J) [M].ws	emu/EXTRAS/WS-duplicados/ROMS/Terrors (J) [M].ws	duplicado (mismo contenido que la ROM conservada)
MOVIDO	emu/ROMS/WS/WonderswanRomCollectionByGhostware/Tetsujin 28 Gou (J) [M].ws	emu/EXTRAS/WS-duplicados/WonderswanRomCollectionByGhostware/Tetsujin 28 Gou (J) [M].ws	duplicado (mismo contenido que la ROM conservada)
MOVIDO	emu/ROMS/WSC/ROMS/Tetsujin 28 Gou (J) [M].ws	emu/EXTRAS/WS-duplicados/ROMS/Tetsujin 28 Gou (J) [M].ws	duplicado (mismo contenido que la ROM conservada)
MOVIDO	emu/ROMS/WS/WonderswanRomCollectionByGhostware/Tetsujin 28 Gou (J) [M][f1].ws	emu/EXTRAS/WS-duplicados/WonderswanRomCollectionByGhostware/Tetsujin 28 Gou (J) [M][f1].ws	duplicado (mismo contenido que la ROM conservada)
MOVIDO	emu/ROMS/WSC/ROMS/Tetsujin 28 Gou (J) [M][f1].ws	emu/EXTRAS/WS-duplicados/ROMS/Tetsujin 28 Gou (J) [M][f1].ws	duplicado (mismo contenido que la ROM conservada)
MOVIDO	emu/ROMS/WS/WonderswanRomCollectionByGhostware/Tetsuman (J) [M][!].ws	emu/EXTRAS/WS-duplicados/WonderswanRomCollectionByGhostware/Tetsuman (J) [M][!].ws	duplicado (mismo contenido que la ROM conservada)
MOVIDO	emu/ROMS/WSC/ROMS/Tetsuman (J) [M][!].ws	emu/EXTRAS/WS-duplicados/ROMS/Tetsuman (J) [M][!].ws	duplicado (mismo contenido que la ROM conservada)
MOVIDO	emu/ROMS/WS/WonderswanRomCollectionByGhostware/Tokyo Majin Gakuen Fuju Fuuroku (J) [M][!].ws	emu/EXTRAS/WS-duplicados/WonderswanRomCollectionByGhostware/Tokyo Majin Gakuen Fuju Fuuroku (J) [M][!].ws	duplicado (mismo contenido que la ROM conservada)
MOVIDO	emu/ROMS/WSC/ROMS/Tokyo Majin Gakuen Fuju Fuuroku (J) [M][!].ws	emu/EXTRAS/WS-duplicados/ROMS/Tokyo Majin Gakuen Fuju Fuuroku (J) [M][!].ws	duplicado (mismo contenido que la ROM conservada)
MOVIDO	emu/ROMS/WS/WonderswanRomCollectionByGhostware/Trump Collection Bottom Up Teki Trump Seikatsu (J) [M][!].ws	emu/EXTRAS/WS-duplicados/WonderswanRomCollectionByGhostware/Trump Collection Bottom Up Teki Trump Seikatsu (J) [M][!].ws	duplicado (mismo contenido que la ROM conservada)
MOVIDO	emu/ROMS/WSC/ROMS/Trump Collection Bottom Up Teki Trump Seikatsu (J) [M][!].ws	emu/EXTRAS/WS-duplicados/ROMS/Trump Collection Bottom Up Teki Trump Seikatsu (J) [M][!].ws	duplicado (mismo contenido que la ROM conservada)
MOVIDO	emu/ROMS/WS/Turntablist - DJ Battle (J) [M][!].ws	emu/ROMS/WSC/Turntablist - DJ Battle (J) [M][!].ws	ROM a su sistema por cabecera
MOVIDO	emu/ROMS/WS/WonderswanRomCollectionByGhostware/Turntablist - DJ Battle (J) [M][!].ws	emu/EXTRAS/WSC-duplicados/WonderswanRomCollectionByGhostware/Turntablist - DJ Battle (J) [M][!].ws	duplicado (mismo contenido que la ROM conservada)
MOVIDO	emu/ROMS/WSC/ROMS/Turntablist - DJ Battle (J) [M][!].ws	emu/EXTRAS/WSC-duplicados/ROMS/Turntablist - DJ Battle (J) [M][!].ws	duplicado (mismo contenido que la ROM conservada)
MOVIDO	emu/ROMS/WS/Turntablist - DJ Battle (J) [M][f1].ws	emu/ROMS/WSC/Turntablist - DJ Battle (J) [M][f1].ws	ROM a su sistema por cabecera
MOVIDO	emu/ROMS/WS/WonderswanRomCollectionByGhostware/Turntablist - DJ Battle (J) [M][f1].ws	emu/EXTRAS/WSC-duplicados/WonderswanRomCollectionByGhostware/Turntablist - DJ Battle (J) [M][f1].ws	duplicado (mismo contenido que la ROM conservada)
MOVIDO	emu/ROMS/WSC/ROMS/Turntablist - DJ Battle (J) [M][f1].ws	emu/EXTRAS/WSC-duplicados/ROMS/Turntablist - DJ Battle (J) [M][f1].ws	duplicado (mismo contenido que la ROM conservada)
MOVIDO	emu/ROMS/WS/WonderswanRomCollectionByGhostware/Umizuri Ni Ikou (J) [M][!].ws	emu/EXTRAS/WS-duplicados/WonderswanRomCollectionByGhostware/Umizuri Ni Ikou (J) [M][!].ws	duplicado (mismo contenido que la ROM conservada)
MOVIDO	emu/ROMS/WSC/ROMS/Umizuri Ni Ikou (J) [M][!].ws	emu/EXTRAS/WS-duplicados/ROMS/Umizuri Ni Ikou (J) [M][!].ws	duplicado (mismo contenido que la ROM conservada)
MOVIDO	emu/ROMS/WS/WonderswanRomCollectionByGhostware/Uzumaki - Denshi Kaiki Hen (J) [M][!].ws	emu/EXTRAS/WS-duplicados/WonderswanRomCollectionByGhostware/Uzumaki - Denshi Kaiki Hen (J) [M][!].ws	duplicado (mismo contenido que la ROM conservada)
MOVIDO	emu/ROMS/WSC/ROMS/Uzumaki - Denshi Kaiki Hen (J) [M][!].ws	emu/EXTRAS/WS-duplicados/ROMS/Uzumaki - Denshi Kaiki Hen (J) [M][!].ws	duplicado (mismo contenido que la ROM conservada)
MOVIDO	emu/ROMS/WS/WonderswanRomCollectionByGhostware/Uzumaki - Denshi Kaiki Hen (J) [M][f1].ws	emu/EXTRAS/WS-duplicados/WonderswanRomCollectionByGhostware/Uzumaki - Denshi Kaiki Hen (J) [M][f1].ws	duplicado (mismo contenido que la ROM conservada)
MOVIDO	emu/ROMS/WSC/ROMS/Uzumaki - Denshi Kaiki Hen (J) [M][f1].ws	emu/EXTRAS/WS-duplicados/ROMS/Uzumaki - Denshi Kaiki Hen (J) [M][f1].ws	duplicado (mismo contenido que la ROM conservada)
MOVIDO	emu/ROMS/WS/WonderswanRomCollectionByGhostware/Vaitz Blade (J) [M][!].ws	emu/EXTRAS/WS-duplicados/WonderswanRomCollectionByGhostware/Vaitz Blade (J) [M][!].ws	duplicado (mismo contenido que la ROM conservada)
MOVIDO	emu/ROMS/WSC/ROMS/Vaitz Blade (J) [M][!].ws	emu/EXTRAS/WS-duplicados/ROMS/Vaitz Blade (J) [M][!].ws	duplicado (mismo contenido que la ROM conservada)
MOVIDO	emu/ROMS/WS/WonderswanRomCollectionByGhostware/Wasabi Produce - Street Dancer (J) [M][!].ws	emu/EXTRAS/WS-duplicados/WonderswanRomCollectionByGhostware/Wasabi Produce - Street Dancer (J) [M][!].ws	duplicado (mismo contenido que la ROM conservada)
MOVIDO	emu/ROMS/WSC/ROMS/Wasabi Produce - Street Dancer (J) [M][!].ws	emu/EXTRAS/WS-duplicados/ROMS/Wasabi Produce - Street Dancer (J) [M][!].ws	duplicado (mismo contenido que la ROM conservada)
MOVIDO	emu/ROMS/WS/Wizardry - Scenario 1 - Kyounou no Shiren Jou (J) [M][!].ws	emu/ROMS/WSC/Wizardry - Scenario 1 - Kyounou no Shiren Jou (J) [M][!].ws	ROM a su sistema por cabecera
MOVIDO	emu/ROMS/WSC/WonderswanColorRomCollectionByGhostware/Wizardry Scenario 1 - Proving Grounds of the Mad Overlord (Japan).wsc	emu/EXTRAS/WSC-duplicados/WonderswanColorRomCollectionByGhostware/Wizardry Scenario 1 - Proving Grounds of the Mad Overlord (Japan).wsc	duplicado (mismo contenido que la ROM conservada)
MOVIDO	emu/ROMS/WS/WonderswanRomCollectionByGhostware/Wizardry - Scenario 1 - Kyounou no Shiren Jou (J) [!].wsc	emu/EXTRAS/WSC-duplicados/WonderswanRomCollectionByGhostware/Wizardry - Scenario 1 - Kyounou no Shiren Jou (J) [!].wsc	duplicado (mismo contenido que la ROM conservada)
MOVIDO	emu/ROMS/WSC/ROMS/Wizardry - Scenario 1 - Kyounou no Shiren Jou (J) [M][!].ws	emu/EXTRAS/WSC-duplicados/ROMS/Wizardry - Scenario 1 - Kyounou no Shiren Jou (J) [M][!].ws	duplicado (mismo contenido que la ROM conservada)
MOVIDO	emu/ROMS/WSC/WonderswanColorRomCollectionByGhostware/Wizardry Scenario 1 - Proving Grounds of the Mad Overlord (Japan).zip	emu/EXTRAS/WSC-duplicados/WonderswanColorRomCollectionByGhostware/Wizardry Scenario 1 - Proving Grounds of the Mad Overlord (Japan).zip	duplicado (mismo contenido que la ROM conservada)
MOVIDO	emu/ROMS/WS/Wonder Classic (J) [M][!].ws	emu/ROMS/WSC/Wonder Classic (J) [M][!].ws	ROM a su sistema por cabecera
MOVIDO	emu/ROMS/WSC/WonderswanColorRomCollectionByGhostware/Wonder Classic (Japan).wsc	emu/EXTRAS/WSC-duplicados/WonderswanColorRomCollectionByGhostware/Wonder Classic (Japan).wsc	duplicado (mismo contenido que la ROM conservada)
MOVIDO	emu/ROMS/WS/WonderswanRomCollectionByGhostware/Wonder Classic (J) [!].wsc	emu/EXTRAS/WSC-duplicados/WonderswanRomCollectionByGhostware/Wonder Classic (J) [!].wsc	duplicado (mismo contenido que la ROM conservada)
MOVIDO	emu/ROMS/WSC/ROMS/Wonder Classic (J) [M][!].ws	emu/EXTRAS/WSC-duplicados/ROMS/Wonder Classic (J) [M][!].ws	duplicado (mismo contenido que la ROM conservada)
MOVIDO	emu/ROMS/WSC/WonderswanColorRomCollectionByGhostware/Wonder Classic (Japan).zip	emu/EXTRAS/WSC-duplicados/WonderswanColorRomCollectionByGhostware/Wonder Classic (Japan).zip	duplicado (mismo contenido que la ROM conservada)
MOVIDO	emu/ROMS/WS/WonderswanRomCollectionByGhostware/Wonder Stadium '99 (J) [M].ws	emu/EXTRAS/WS-duplicados/WonderswanRomCollectionByGhostware/Wonder Stadium '99 (J) [M].ws	duplicado (mismo contenido que la ROM conservada)
MOVIDO	emu/ROMS/WSC/ROMS/Wonder Stadium '99 (J) [M].ws	emu/EXTRAS/WS-duplicados/ROMS/Wonder Stadium '99 (J) [M].ws	duplicado (mismo contenido que la ROM conservada)
MOVIDO	emu/ROMS/WS/WonderswanRomCollectionByGhostware/Wonder Stadium (J) [M].ws	emu/EXTRAS/WS-duplicados/WonderswanRomCollectionByGhostware/Wonder Stadium (J) [M].ws	duplicado (mismo contenido que la ROM conservada)
MOVIDO	emu/ROMS/WSC/ROMS/Wonder Stadium (J) [M].ws	emu/EXTRAS/WS-duplicados/ROMS/Wonder Stadium (J) [M].ws	duplicado (mismo contenido que la ROM conservada)
MOVIDO	emu/ROMS/WS/WonderswanRomCollectionByGhostware/WonderSwan Handy Sonar (J) [M].ws	emu/EXTRAS/WS-duplicados/WonderswanRomCollectionByGhostware/WonderSwan Handy Sonar (J) [M].ws	duplicado (mismo contenido que la ROM conservada)
MOVIDO	emu/ROMS/WSC/ROMS/WonderSwan Handy Sonar (J) [M].ws	emu/EXTRAS/WS-duplicados/ROMS/WonderSwan Handy Sonar (J) [M].ws	duplicado (mismo contenido que la ROM conservada)
MOVIDO	emu/ROMS/WS/WonderswanRomCollectionByGhostware/#Wonderwitch Promo Beta Demo by Dox (PD).ws	emu/ROMS/WSC/#Wonderwitch Promo Beta Demo by Dox (PD).ws	ROM a su sistema por cabecera
MOVIDO	emu/ROMS/WSC/ROMS/#Wonderwitch Promo Beta Demo by Dox (PD).ws	emu/EXTRAS/WSC-duplicados/ROMS/#Wonderwitch Promo Beta Demo by Dox (PD).ws	duplicado (mismo contenido que la ROM conservada)
MOVIDO	emu/ROMS/WS/WonderswanRomCollectionByGhostware/#Wonderwitch Promo Demo by Dox (PD).ws	emu/ROMS/WSC/#Wonderwitch Promo Demo by Dox (PD).ws	ROM a su sistema por cabecera
MOVIDO	emu/ROMS/WSC/ROMS/#Wonderwitch Promo Demo by Dox (PD).ws	emu/EXTRAS/WSC-duplicados/ROMS/#Wonderwitch Promo Demo by Dox (PD).ws	duplicado (mismo contenido que la ROM conservada)
MOVIDO	emu/ROMS/WS/WonderswanRomCollectionByGhostware/#Wonderwitch Promo Demo V1.2 by Dox (PD).ws	emu/ROMS/WSC/#Wonderwitch Promo Demo V1.2 by Dox (PD).ws	ROM a su sistema por cabecera
MOVIDO	emu/ROMS/WSC/ROMS/#Wonderwitch Promo Demo V1.2 by Dox (PD).ws	emu/EXTRAS/WSC-duplicados/ROMS/#Wonderwitch Promo Demo V1.2 by Dox (PD).ws	duplicado (mismo contenido que la ROM conservada)
MOVIDO	emu/ROMS/WS/WonderswanRomCollectionByGhostware/#Wonderwitch Promo Demo V1.3 by Dox (PD).ws	emu/ROMS/WSC/#Wonderwitch Promo Demo V1.3 by Dox (PD).ws	ROM a su sistema por cabecera
MOVIDO	emu/ROMS/WSC/ROMS/#Wonderwitch Promo Demo V1.3 by Dox (PD).ws	emu/EXTRAS/WSC-duplicados/ROMS/#Wonderwitch Promo Demo V1.3 by Dox (PD).ws	duplicado (mismo contenido que la ROM conservada)
MOVIDO	emu/ROMS/WS/WonderswanRomCollectionByGhostware/#Wonderwitch Promo Demo V1.4 by Dox (PD).ws	emu/ROMS/WSC/#Wonderwitch Promo Demo V1.4 by Dox (PD).ws	ROM a su sistema por cabecera
MOVIDO	emu/ROMS/WSC/ROMS/#Wonderwitch Promo Demo V1.4 by Dox (PD).ws	emu/EXTRAS/WSC-duplicados/ROMS/#Wonderwitch Promo Demo V1.4 by Dox (PD).ws	duplicado (mismo contenido que la ROM conservada)
MOVIDO	emu/ROMS/WS/WonderswanRomCollectionByGhostware/#Wonderwitch Promo Demo Vx.x by Dox (PD).ws	emu/ROMS/WSC/#Wonderwitch Promo Demo Vx.x by Dox (PD).ws	ROM a su sistema por cabecera
MOVIDO	emu/ROMS/WSC/ROMS/#Wonderwitch Promo Demo Vx.x by Dox (PD).ws	emu/EXTRAS/WSC-duplicados/ROMS/#Wonderwitch Promo Demo Vx.x by Dox (PD).ws	duplicado (mismo contenido que la ROM conservada)
MOVIDO	emu/ROMS/WSC/WonderswanColorRomCollectionByGhostware/Alchemist Marie & Elie - Futari no Atelier (Japan).wsc	emu/ROMS/WSC/Alchemist Marie & Elie - Futari no Atelier (Japan).wsc	ROM exclusiva de subcarpeta, al primer nivel
MOVIDO	emu/ROMS/WSC/ROMS/Alchemist Marie & Elie - Futari no Atelier (J) [!].ws	emu/EXTRAS/WSC-duplicados/ROMS/Alchemist Marie & Elie - Futari no Atelier (J) [!].ws	duplicado (mismo contenido que la ROM conservada)
MOVIDO	emu/ROMS/WS/WonderswanRomCollectionByGhostware/Alchemist Marie & Elie - Futari no Atelier (J) [!].wsc	emu/EXTRAS/WSC-duplicados/WonderswanRomCollectionByGhostware/Alchemist Marie & Elie - Futari no Atelier (J) [!].wsc	duplicado (mismo contenido que la ROM conservada)
MOVIDO	emu/ROMS/WSC/WonderswanColorRomCollectionByGhostware/Alchemist Marie & Elie - Futari no Atelier (Japan).zip	emu/EXTRAS/WSC-duplicados/WonderswanColorRomCollectionByGhostware/Alchemist Marie & Elie - Futari no Atelier (Japan).zip	duplicado (mismo contenido que la ROM conservada)
MOVIDO	emu/ROMS/WSC/WonderswanColorRomCollectionByGhostware/Another Heaven - Memory of those Days (Japan).wsc	emu/ROMS/WSC/Another Heaven - Memory of those Days (Japan).wsc	ROM exclusiva de subcarpeta, al primer nivel
MOVIDO	emu/ROMS/WS/WonderswanRomCollectionByGhostware/Anaza Hebun - Memory of Those Days (J) [!].wsc	emu/EXTRAS/WSC-duplicados/WonderswanRomCollectionByGhostware/Anaza Hebun - Memory of Those Days (J) [!].wsc	duplicado (mismo contenido que la ROM conservada)
MOVIDO	emu/ROMS/WSC/WonderswanColorRomCollectionByGhostware/Another Heaven - Memory of those Days (Japan).zip	emu/EXTRAS/WSC-duplicados/WonderswanColorRomCollectionByGhostware/Another Heaven - Memory of those Days (Japan).zip	duplicado (mismo contenido que la ROM conservada)
MOVIDO	emu/ROMS/WSC/WonderswanColorRomCollectionByGhostware/Arc the Lad - Kishin Fukkatsu (Japan).wsc	emu/ROMS/WSC/Arc the Lad - Kishin Fukkatsu (Japan).wsc	ROM exclusiva de subcarpeta, al primer nivel
MOVIDO	emu/ROMS/WSC/ROMS/Arc The Lad - Kijin Fukkatsu (J).ws	emu/EXTRAS/WSC-duplicados/ROMS/Arc The Lad - Kijin Fukkatsu (J).ws	duplicado (mismo contenido que la ROM conservada)
MOVIDO	emu/ROMS/WS/WonderswanRomCollectionByGhostware/Arc The Lad - Kijin Fukkatsu (J).wsc	emu/EXTRAS/WSC-duplicados/WonderswanRomCollectionByGhostware/Arc The Lad - Kijin Fukkatsu (J).wsc	duplicado (mismo contenido que la ROM conservada)
MOVIDO	emu/ROMS/WSC/WonderswanColorRomCollectionByGhostware/Arc the Lad - Kishin Fukkatsu (Japan).zip	emu/EXTRAS/WSC-duplicados/WonderswanColorRomCollectionByGhostware/Arc the Lad - Kishin Fukkatsu (Japan).zip	duplicado (mismo contenido que la ROM conservada)
MOVIDO	emu/ROMS/WS/WonderswanRomCollectionByGhostware/Armored Unit (J) [M][o1].ws	emu/ROMS/WS/Armored Unit (J) [M][o1].ws	ROM exclusiva de subcarpeta, al primer nivel
MOVIDO	emu/ROMS/WSC/ROMS/Armored Unit (J) [M][o1].ws	emu/EXTRAS/WS-duplicados/ROMS/Armored Unit (J) [M][o1].ws	duplicado (mismo contenido que la ROM conservada)
MOVIDO	emu/ROMS/WS/WonderswanRomCollectionByGhostware/Bank Test by Sir Dragoon (PD).ws	emu/ROMS/WSC/Bank Test by Sir Dragoon (PD).ws	ROM a su sistema por cabecera
MOVIDO	emu/ROMS/WSC/ROMS/Bank Test by Sir Dragoon (PD).ws	emu/EXTRAS/WSC-duplicados/ROMS/Bank Test by Sir Dragoon (PD).ws	duplicado (mismo contenido que la ROM conservada)
MOVIDO	emu/ROMS/WSC/WonderswanColorRomCollectionByGhostware/Battle Spirit - Digimon Frontier (Japan).wsc	emu/ROMS/WSC/Battle Spirit - Digimon Frontier (Japan).wsc	ROM exclusiva de subcarpeta, al primer nivel
MOVIDO	emu/ROMS/WS/WonderswanRomCollectionByGhostware/Battle Spirit Digimon Frontier (J) [!].wsc	emu/EXTRAS/WSC-duplicados/WonderswanRomCollectionByGhostware/Battle Spirit Digimon Frontier (J) [!].wsc	duplicado (mismo contenido que la ROM conservada)
MOVIDO	emu/ROMS/WSC/WonderswanColorRomCollectionByGhostware/Battle Spirit - Digimon Frontier (Japan).zip	emu/EXTRAS/WSC-duplicados/WonderswanColorRomCollectionByGhostware/Battle Spirit - Digimon Frontier (Japan).zip	duplicado (mismo contenido que la ROM conservada)
MOVIDO	emu/ROMS/WS/WonderswanRomCollectionByGhostware/Chaos Demo V1.0 by Charles Doty (PD).ws	emu/ROMS/WSC/Chaos Demo V1.0 by Charles Doty (PD).ws	ROM a su sistema por cabecera
MOVIDO	emu/ROMS/WSC/ROMS/Chaos Demo V1.0 by Charles Doty (PD).ws	emu/EXTRAS/WSC-duplicados/ROMS/Chaos Demo V1.0 by Charles Doty (PD).ws	duplicado (mismo contenido que la ROM conservada)
MOVIDO	emu/ROMS/WS/WonderswanRomCollectionByGhostware/Chaos Demo V1.1 by Charles Doty (PD).ws	emu/ROMS/WSC/Chaos Demo V1.1 by Charles Doty (PD).ws	ROM a su sistema por cabecera
MOVIDO	emu/ROMS/WSC/ROMS/Chaos Demo V1.1 by Charles Doty (PD).ws	emu/EXTRAS/WSC-duplicados/ROMS/Chaos Demo V1.1 by Charles Doty (PD).ws	duplicado (mismo contenido que la ROM conservada)
MOVIDO	emu/ROMS/WS/WonderswanRomCollectionByGhostware/Chaos Demo V2.0 by Charles Doty (PD).ws	emu/ROMS/WSC/Chaos Demo V2.0 by Charles Doty (PD).ws	ROM a su sistema por cabecera
MOVIDO	emu/ROMS/WSC/ROMS/Chaos Demo V2.0 by Charles Doty (PD).ws	emu/EXTRAS/WSC-duplicados/ROMS/Chaos Demo V2.0 by Charles Doty (PD).ws	duplicado (mismo contenido que la ROM conservada)
MOVIDO	emu/ROMS/WS/WonderswanRomCollectionByGhostware/Chaos Demo V2.1 by Charles Doty (PD).ws	emu/ROMS/WSC/Chaos Demo V2.1 by Charles Doty (PD).ws	ROM a su sistema por cabecera
MOVIDO	emu/ROMS/WSC/ROMS/Chaos Demo V2.1 by Charles Doty (PD).ws	emu/EXTRAS/WSC-duplicados/ROMS/Chaos Demo V2.1 by Charles Doty (PD).ws	duplicado (mismo contenido que la ROM conservada)
MOVIDO	emu/ROMS/WS/WonderswanRomCollectionByGhostware/Clock Tower (J) [M][o1].ws	emu/ROMS/WS/Clock Tower (J) [M][o1].ws	ROM exclusiva de subcarpeta, al primer nivel
MOVIDO	emu/ROMS/WSC/ROMS/Clock Tower (J) [M][o1].ws	emu/EXTRAS/WS-duplicados/ROMS/Clock Tower (J) [M][o1].ws	duplicado (mismo contenido que la ROM conservada)
MOVIDO	emu/ROMS/WS/WonderswanRomCollectionByGhostware/Color Bars Demo by Sir Dragoon (PD).ws	emu/ROMS/WSC/Color Bars Demo by Sir Dragoon (PD).ws	ROM a su sistema por cabecera
MOVIDO	emu/ROMS/WSC/ROMS/Color Bars Demo by Sir Dragoon (PD).ws	emu/EXTRAS/WSC-duplicados/ROMS/Color Bars Demo by Sir Dragoon (PD).ws	duplicado (mismo contenido que la ROM conservada)
MOVIDO	emu/ROMS/WS/WonderswanRomCollectionByGhostware/Color Scrolling Demo by Charles Doty (PD).ws	emu/ROMS/WSC/Color Scrolling Demo by Charles Doty (PD).ws	ROM a su sistema por cabecera
MOVIDO	emu/ROMS/WSC/ROMS/Color Scrolling Demo by Charles Doty (PD).ws	emu/EXTRAS/WSC-duplicados/ROMS/Color Scrolling Demo by Charles Doty (PD).ws	duplicado (mismo contenido que la ROM conservada)
MOVIDO	emu/ROMS/WS/WonderswanRomCollectionByGhostware/Color Test Demo by Sir Dragoon (PD).ws	emu/ROMS/WSC/Color Test Demo by Sir Dragoon (PD).ws	ROM a su sistema por cabecera
MOVIDO	emu/ROMS/WSC/ROMS/Color Test Demo by Sir Dragoon (PD).ws	emu/EXTRAS/WSC-duplicados/ROMS/Color Test Demo by Sir Dragoon (PD).ws	duplicado (mismo contenido que la ROM conservada)
MOVIDO	emu/ROMS/WS/WonderswanRomCollectionByGhostware/Crazy Climber (J) [M][o1].ws	emu/ROMS/WS/Crazy Climber (J) [M][o1].ws	ROM exclusiva de subcarpeta, al primer nivel
MOVIDO	emu/ROMS/WSC/ROMS/Crazy Climber (J) [M][o1].ws	emu/EXTRAS/WS-duplicados/ROMS/Crazy Climber (J) [M][o1].ws	duplicado (mismo contenido que la ROM conservada)
MOVIDO	emu/ROMS/WSC/WonderswanColorRomCollectionByGhostware/Dark Eyes - Battle Gate (Japan).wsc	emu/ROMS/WSC/Dark Eyes - Battle Gate (Japan).wsc	ROM exclusiva de subcarpeta, al primer nivel
MOVIDO	emu/ROMS/WSC/ROMS/Dark Eyes - Battle Gate (J) [!].ws	emu/EXTRAS/WSC-duplicados/ROMS/Dark Eyes - Battle Gate (J) [!].ws	duplicado (mismo contenido que la ROM conservada)
MOVIDO	emu/ROMS/WS/WonderswanRomCollectionByGhostware/Dark Eyes - Battle Gate (J) [!].wsc	emu/EXTRAS/WSC-duplicados/WonderswanRomCollectionByGhostware/Dark Eyes - Battle Gate (J) [!].wsc	duplicado (mismo contenido que la ROM conservada)
MOVIDO	emu/ROMS/WSC/WonderswanColorRomCollectionByGhostware/Dark Eyes - Battle Gate (Japan).zip	emu/EXTRAS/WSC-duplicados/WonderswanColorRomCollectionByGhostware/Dark Eyes - Battle Gate (Japan).zip	duplicado (mismo contenido que la ROM conservada)
MOVIDO	emu/ROMS/WS/WonderswanRomCollectionByGhostware/DIASWAN by Orion_ (PD).wsc	emu/ROMS/WS/DIASWAN by Orion_ (PD).wsc	ROM exclusiva de subcarpeta, al primer nivel
MOVIDO	emu/ROMS/WSC/WonderswanColorRomCollectionByGhostware/Dicing Knight. (Japan).wsc	emu/ROMS/WS/Dicing Knight. (Japan).wsc	ROM a su sistema por cabecera
MOVIDO	emu/ROMS/WS/WonderswanRomCollectionByGhostware/Dicing Knight Period (J) [!].wsc	emu/EXTRAS/WS-duplicados/WonderswanRomCollectionByGhostware/Dicing Knight Period (J) [!].wsc	duplicado (mismo contenido que la ROM conservada)
MOVIDO	emu/ROMS/WSC/WonderswanColorRomCollectionByGhostware/Dicing Knight. (Japan).zip	emu/EXTRAS/WS-duplicados/WonderswanColorRomCollectionByGhostware/Dicing Knight. (Japan).zip	duplicado (mismo contenido que la ROM conservada)
MOVIDO	emu/ROMS/WS/WonderswanRomCollectionByGhostware/Dicing Knight Period (J) [o1].wsc	emu/ROMS/WS/Dicing Knight Period (J) [o1].wsc	ROM exclusiva de subcarpeta, al primer nivel
MOVIDO	emu/ROMS/WS/WonderswanRomCollectionByGhostware/Dicing Knight Period (J) [o1][T+Eng1.0_AGTP].wsc	emu/ROMS/WS/Dicing Knight Period (J) [o1][T+Eng1.0_AGTP].wsc	ROM exclusiva de subcarpeta, al primer nivel
MOVIDO	emu/ROMS/WS/WonderswanRomCollectionByGhostware/Dicing Knight Period (J) [T+Eng1.0_AGTP].wsc	emu/ROMS/WS/Dicing Knight Period (J) [T+Eng1.0_AGTP].wsc	ROM exclusiva de subcarpeta, al primer nivel
MOVIDO	emu/ROMS/WS/WonderswanRomCollectionByGhostware/Digimon Adventure 02 - D1 Tamers (J) [b1].wsc	emu/ROMS/WS/Digimon Adventure 02 - D1 Tamers (J) [b1].wsc	ROM exclusiva de subcarpeta, al primer nivel
MOVIDO	emu/ROMS/WS/WonderswanRomCollectionByGhostware/Digimon Adventure 02 - D1 Tamers (J) [T+Eng0.05_PmHacks].wsc	emu/ROMS/WSC/Digimon Adventure 02 - D1 Tamers (J) [T+Eng0.05_PmHacks].wsc	ROM a su sistema por cabecera
MOVIDO	emu/ROMS/WS/WonderswanRomCollectionByGhostware/Digimon Adventure 02 - Tag Tamers (J) [M][T+Eng0.35_PmHacks].ws	emu/ROMS/WS/Digimon Adventure 02 - Tag Tamers (J) [M][T+Eng0.35_PmHacks].ws	ROM exclusiva de subcarpeta, al primer nivel
MOVIDO	emu/ROMS/WS/WonderswanRomCollectionByGhostware/Digimon Adventure 02 - Tag Tamers (J) [M][T+Ger0.2_DigitalZeroDomain].ws	emu/ROMS/WS/Digimon Adventure 02 - Tag Tamers (J) [M][T+Ger0.2_DigitalZeroDomain].ws	ROM exclusiva de subcarpeta, al primer nivel
MOVIDO	emu/ROMS/WSC/WonderswanColorRomCollectionByGhostware/Digital Monster - D-Project (Japan).wsc	emu/ROMS/WSC/Digital Monster - D-Project (Japan).wsc	ROM exclusiva de subcarpeta, al primer nivel
MOVIDO	emu/ROMS/WSC/ROMS/Digimon Digital Monsters - D Project (J).ws	emu/EXTRAS/WSC-duplicados/ROMS/Digimon Digital Monsters - D Project (J).ws	duplicado (mismo contenido que la ROM conservada)
MOVIDO	emu/ROMS/WS/WonderswanRomCollectionByGhostware/Digimon Digital Monsters - D Project (J).wsc	emu/EXTRAS/WSC-duplicados/WonderswanRomCollectionByGhostware/Digimon Digital Monsters - D Project (J).wsc	duplicado (mismo contenido que la ROM conservada)
MOVIDO	emu/ROMS/WSC/WonderswanColorRomCollectionByGhostware/Digital Monster - D-Project (Japan).zip	emu/EXTRAS/WSC-duplicados/WonderswanColorRomCollectionByGhostware/Digital Monster - D-Project (Japan).zip	duplicado (mismo contenido que la ROM conservada)
MOVIDO	emu/ROMS/WSC/WonderswanColorRomCollectionByGhostware/Digital Monster Card Game - Ver. WonderSwan Color (Japan).wsc	emu/ROMS/WSC/Digital Monster Card Game - Ver. WonderSwan Color (Japan).wsc	ROM exclusiva de subcarpeta, al primer nivel
MOVIDO	emu/ROMS/WSC/ROMS/Digimon Digital Monsters for WonderSwanColor (J) [!].ws	emu/EXTRAS/WSC-duplicados/ROMS/Digimon Digital Monsters for WonderSwanColor (J) [!].ws	duplicado (mismo contenido que la ROM conservada)
MOVIDO	emu/ROMS/WS/WonderswanRomCollectionByGhostware/Digimon Digital Monsters for WonderSwanColor (J) [!].wsc	emu/EXTRAS/WSC-duplicados/WonderswanRomCollectionByGhostware/Digimon Digital Monsters for WonderSwanColor (J) [!].wsc	duplicado (mismo contenido que la ROM conservada)
MOVIDO	emu/ROMS/WSC/WonderswanColorRomCollectionByGhostware/Digital Monster Card Game - Ver. WonderSwan Color (Japan).zip	emu/EXTRAS/WSC-duplicados/WonderswanColorRomCollectionByGhostware/Digital Monster Card Game - Ver. WonderSwan Color (Japan).zip	duplicado (mismo contenido que la ROM conservada)
MOVIDO	emu/ROMS/WSC/ROMS/Digimon Digital Monsters for WonderSwanColor (J) [f1].ws	emu/ROMS/WSC/Digimon Digital Monsters for WonderSwanColor (J) [f1].ws	ROM exclusiva de subcarpeta, al primer nivel
MOVIDO	emu/ROMS/WS/WonderswanRomCollectionByGhostware/Digimon Digital Monsters for WonderSwanColor (J) [f1].wsc	emu/EXTRAS/WSC-duplicados/WonderswanRomCollectionByGhostware/Digimon Digital Monsters for WonderSwanColor (J) [f1].wsc	duplicado (mismo contenido que la ROM conservada)
MOVIDO	emu/ROMS/WSC/WonderswanColorRomCollectionByGhostware/Digimon Tamers - Battle Spirit Ver. 1.5 (Japan).wsc	emu/ROMS/WS/Digimon Tamers - Battle Spirit Ver. 1.5 (Japan).wsc	ROM a su sistema por cabecera
MOVIDO	emu/ROMS/WS/WonderswanRomCollectionByGhostware/Digimon Tamers - Battle Spirit V1.5 (J) [!].wsc	emu/EXTRAS/WS-duplicados/WonderswanRomCollectionByGhostware/Digimon Tamers - Battle Spirit V1.5 (J) [!].wsc	duplicado (mismo contenido que la ROM conservada)
MOVIDO	emu/ROMS/WSC/WonderswanColorRomCollectionByGhostware/Digimon Tamers - Battle Spirit Ver. 1.5 (Japan).zip	emu/EXTRAS/WS-duplicados/WonderswanColorRomCollectionByGhostware/Digimon Tamers - Battle Spirit Ver. 1.5 (Japan).zip	duplicado (mismo contenido que la ROM conservada)
MOVIDO	emu/ROMS/WSC/WonderswanColorRomCollectionByGhostware/Digimon Tamers - Brave Tamer (Japan).wsc	emu/ROMS/WSC/Digimon Tamers - Brave Tamer (Japan).wsc	ROM exclusiva de subcarpeta, al primer nivel
MOVIDO	emu/ROMS/WSC/ROMS/Digimon Tamers - Brave Tamer (J) [!].ws	emu/EXTRAS/WSC-duplicados/ROMS/Digimon Tamers - Brave Tamer (J) [!].ws	duplicado (mismo contenido que la ROM conservada)
MOVIDO	emu/ROMS/WS/WonderswanRomCollectionByGhostware/Digimon Tamers - Brave Tamer (J) [!].wsc	emu/EXTRAS/WSC-duplicados/WonderswanRomCollectionByGhostware/Digimon Tamers - Brave Tamer (J) [!].wsc	duplicado (mismo contenido que la ROM conservada)
MOVIDO	emu/ROMS/WSC/WonderswanColorRomCollectionByGhostware/Digimon Tamers - Brave Tamer (Japan).zip	emu/EXTRAS/WSC-duplicados/WonderswanColorRomCollectionByGhostware/Digimon Tamers - Brave Tamer (Japan).zip	duplicado (mismo contenido que la ROM conservada)
MOVIDO	emu/ROMS/WS/WonderswanRomCollectionByGhostware/Digimon Tamers - Brave Tamer (J) [b1].ws	emu/ROMS/WSC/Digimon Tamers - Brave Tamer (J) [b1].ws	ROM a su sistema por cabecera
MOVIDO	emu/ROMS/WSC/ROMS/Digimon Tamers - Brave Tamer (J) [b1].ws	emu/EXTRAS/WSC-duplicados/ROMS/Digimon Tamers - Brave Tamer (J) [b1].ws	duplicado (mismo contenido que la ROM conservada)
MOVIDO	emu/ROMS/WSC/WonderswanColorRomCollectionByGhostware/Digimon Tamers - Digimon Medley (Japan).wsc	emu/ROMS/WS/Digimon Tamers - Digimon Medley (Japan).wsc	ROM a su sistema por cabecera
MOVIDO	emu/ROMS/WSC/ROMS/Digimon Tamers - Digimon Medley (J) [!].ws	emu/EXTRAS/WS-duplicados/ROMS/Digimon Tamers - Digimon Medley (J) [!].ws	duplicado (mismo contenido que la ROM conservada)
MOVIDO	emu/ROMS/WS/WonderswanRomCollectionByGhostware/Digimon Tamers - Digimon Medley (J) [!].wsc	emu/EXTRAS/WS-duplicados/WonderswanRomCollectionByGhostware/Digimon Tamers - Digimon Medley (J) [!].wsc	duplicado (mismo contenido que la ROM conservada)
MOVIDO	emu/ROMS/WSC/WonderswanColorRomCollectionByGhostware/Digimon Tamers - Digimon Medley (Japan).zip	emu/EXTRAS/WS-duplicados/WonderswanColorRomCollectionByGhostware/Digimon Tamers - Digimon Medley (Japan).zip	duplicado (mismo contenido que la ROM conservada)
MOVIDO	emu/ROMS/WSC/ROMS/Digimon Tamers - Digimon Medley (J) [f1].ws	emu/ROMS/WS/Digimon Tamers - Digimon Medley (J) [f1].ws	ROM a su sistema por cabecera
MOVIDO	emu/ROMS/WS/WonderswanRomCollectionByGhostware/Digimon Tamers - Digimon Medley (J) [f1].wsc	emu/EXTRAS/WS-duplicados/WonderswanRomCollectionByGhostware/Digimon Tamers - Digimon Medley (J) [f1].wsc	duplicado (mismo contenido que la ROM conservada)
MOVIDO	emu/ROMS/WS/WonderswanRomCollectionByGhostware/Display a Picture Sample 2 by Tharo Herberg (PD).wsc	emu/ROMS/WS/Display a Picture Sample 2 by Tharo Herberg (PD).wsc	ROM exclusiva de subcarpeta, al primer nivel
MOVIDO	emu/ROMS/WS/WonderswanRomCollectionByGhostware/Display a Picture Sample by Tharo Herberg (PD) [a1].wsc	emu/ROMS/WS/Display a Picture Sample by Tharo Herberg (PD) [a1].wsc	ROM exclusiva de subcarpeta, al primer nivel
MOVIDO	emu/ROMS/WS/WonderswanRomCollectionByGhostware/Display a Picture Sample by Tharo Herberg (PD).wsc	emu/ROMS/WS/Display a Picture Sample by Tharo Herberg (PD).wsc	ROM exclusiva de subcarpeta, al primer nivel
MOVIDO	emu/ROMS/WSC/WonderswanColorRomCollectionByGhostware/Dokodemo Hamster 3 - Odekake Saffron (Japan).wsc	emu/ROMS/WSC/Dokodemo Hamster 3 - Odekake Saffron (Japan).wsc	ROM exclusiva de subcarpeta, al primer nivel
MOVIDO	emu/ROMS/WSC/ROMS/Dokodemo Hamster 3 - O Dekake Saffron (J).ws	emu/EXTRAS/WSC-duplicados/ROMS/Dokodemo Hamster 3 - O Dekake Saffron (J).ws	duplicado (mismo contenido que la ROM conservada)
MOVIDO	emu/ROMS/WS/WonderswanRomCollectionByGhostware/Dokodemo Hamster 3 - O Dekake Saffron (J).wsc	emu/EXTRAS/WSC-duplicados/WonderswanRomCollectionByGhostware/Dokodemo Hamster 3 - O Dekake Saffron (J).wsc	duplicado (mismo contenido que la ROM conservada)
MOVIDO	emu/ROMS/WSC/WonderswanColorRomCollectionByGhostware/Dokodemo Hamster 3 - Odekake Saffron (Japan).zip	emu/EXTRAS/WSC-duplicados/WonderswanColorRomCollectionByGhostware/Dokodemo Hamster 3 - Odekake Saffron (Japan).zip	duplicado (mismo contenido que la ROM conservada)
MOVIDO	emu/ROMS/WSC/WonderswanColorRomCollectionByGhostware/Dragon Ball (Japan).wsc	emu/ROMS/WSC/Dragon Ball (Japan).wsc	ROM exclusiva de subcarpeta, al primer nivel
MOVIDO	emu/ROMS/WSC/ROMS/Dragonball (J).ws	emu/EXTRAS/WSC-duplicados/ROMS/Dragonball (J).ws	duplicado (mismo contenido que la ROM conservada)
MOVIDO	emu/ROMS/WS/WonderswanRomCollectionByGhostware/Dragonball (J).wsc	emu/EXTRAS/WSC-duplicados/WonderswanRomCollectionByGhostware/Dragonball (J).wsc	duplicado (mismo contenido que la ROM conservada)
MOVIDO	emu/ROMS/WSC/WonderswanColorRomCollectionByGhostware/Dragon Ball (Japan).zip	emu/EXTRAS/WSC-duplicados/WonderswanColorRomCollectionByGhostware/Dragon Ball (Japan).zip	duplicado (mismo contenido que la ROM conservada)
MOVIDO	emu/ROMS/WS/WonderswanRomCollectionByGhostware/Fantaisie Impromptu by Chopin - Arranged by Atsushi Watanabe (PD) [C].wsc	emu/ROMS/WS/Fantaisie Impromptu by Chopin - Arranged by Atsushi Watanabe (PD) [C].wsc	ROM exclusiva de subcarpeta, al primer nivel
MOVIDO	emu/ROMS/WS/WonderswanRomCollectionByGhostware/Fantaisie Impromptu by Chopin - Arranged by Atsushi Watanabe (PD) [C][a1].wsc	emu/ROMS/WS/Fantaisie Impromptu by Chopin - Arranged by Atsushi Watanabe (PD) [C][a1].wsc	ROM exclusiva de subcarpeta, al primer nivel
MOVIDO	emu/ROMS/WSC/WonderswanColorRomCollectionByGhostware/Final Fantasy (Japan).wsc	emu/ROMS/WS/Final Fantasy (Japan).wsc	ROM a su sistema por cabecera
MOVIDO	emu/ROMS/WSC/ROMS/Final Fantasy (J) [!].ws	emu/EXTRAS/WS-duplicados/ROMS/Final Fantasy (J) [!].ws	duplicado (mismo contenido que la ROM conservada)
MOVIDO	emu/ROMS/WS/WonderswanRomCollectionByGhostware/Final Fantasy (J) [!].wsc	emu/EXTRAS/WS-duplicados/WonderswanRomCollectionByGhostware/Final Fantasy (J) [!].wsc	duplicado (mismo contenido que la ROM conservada)
MOVIDO	emu/ROMS/WSC/WonderswanColorRomCollectionByGhostware/Final Fantasy (Japan).zip	emu/EXTRAS/WS-duplicados/WonderswanColorRomCollectionByGhostware/Final Fantasy (Japan).zip	duplicado (mismo contenido que la ROM conservada)
MOVIDO	emu/ROMS/WSC/ROMS/Final Fantasy (J) [T+Eng0.91_Kalas].ws	emu/ROMS/WS/Final Fantasy (J) [T+Eng0.91_Kalas].ws	ROM a su sistema por cabecera
MOVIDO	emu/ROMS/WS/WonderswanRomCollectionByGhostware/Final Fantasy (J) [T+Eng0.91_Kalas].wsc	emu/EXTRAS/WS-duplicados/WonderswanRomCollectionByGhostware/Final Fantasy (J) [T+Eng0.91_Kalas].wsc	duplicado (mismo contenido que la ROM conservada)
MOVIDO	emu/ROMS/WSC/WonderswanColorRomCollectionByGhostware/Final Fantasy II (Japan).wsc	emu/ROMS/WSC/Final Fantasy II (Japan).wsc	ROM exclusiva de subcarpeta, al primer nivel
MOVIDO	emu/ROMS/WSC/ROMS/Final Fantasy II (J) [!].ws	emu/EXTRAS/WSC-duplicados/ROMS/Final Fantasy II (J) [!].ws	duplicado (mismo contenido que la ROM conservada)
MOVIDO	emu/ROMS/WS/WonderswanRomCollectionByGhostware/Final Fantasy II (J) [!].wsc	emu/EXTRAS/WSC-duplicados/WonderswanRomCollectionByGhostware/Final Fantasy II (J) [!].wsc	duplicado (mismo contenido que la ROM conservada)
MOVIDO	emu/ROMS/WSC/WonderswanColorRomCollectionByGhostware/Final Fantasy II (Japan).zip	emu/EXTRAS/WSC-duplicados/WonderswanColorRomCollectionByGhostware/Final Fantasy II (Japan).zip	duplicado (mismo contenido que la ROM conservada)
MOVIDO	emu/ROMS/WSC/ROMS/Final Fantasy II (J) [T+Eng010].ws	emu/ROMS/WSC/Final Fantasy II (J) [T+Eng010].ws	ROM exclusiva de subcarpeta, al primer nivel
MOVIDO	emu/ROMS/WS/WonderswanRomCollectionByGhostware/Final Fantasy II (J) [T+Eng010].wsc	emu/EXTRAS/WSC-duplicados/WonderswanRomCollectionByGhostware/Final Fantasy II (J) [T+Eng010].wsc	duplicado (mismo contenido que la ROM conservada)
MOVIDO	emu/ROMS/WSC/ROMS/Final Fantasy II (J) [T+Eng097_RPGOne].ws	emu/ROMS/WSC/Final Fantasy II (J) [T+Eng097_RPGOne].ws	ROM exclusiva de subcarpeta, al primer nivel
MOVIDO	emu/ROMS/WS/WonderswanRomCollectionByGhostware/Final Fantasy II (J) [T+Eng097_RPGOne].wsc	emu/EXTRAS/WSC-duplicados/WonderswanRomCollectionByGhostware/Final Fantasy II (J) [T+Eng097_RPGOne].wsc	duplicado (mismo contenido que la ROM conservada)
MOVIDO	emu/ROMS/WSC/ROMS/Final Fantasy II (J) [T-Eng095_RPGOne].ws	emu/ROMS/WSC/Final Fantasy II (J) [T-Eng095_RPGOne].ws	ROM exclusiva de subcarpeta, al primer nivel
MOVIDO	emu/ROMS/WS/WonderswanRomCollectionByGhostware/Final Fantasy II (J) [T-Eng095_RPGOne].wsc	emu/EXTRAS/WSC-duplicados/WonderswanRomCollectionByGhostware/Final Fantasy II (J) [T-Eng095_RPGOne].wsc	duplicado (mismo contenido que la ROM conservada)
MOVIDO	emu/ROMS/WSC/WonderswanColorRomCollectionByGhostware/Final Fantasy IV (Japan).wsc	emu/ROMS/WSC/Final Fantasy IV (Japan).wsc	ROM exclusiva de subcarpeta, al primer nivel
MOVIDO	emu/ROMS/WSC/ROMS/Final Fantasy 4 (J) [!].ws	emu/EXTRAS/WSC-duplicados/ROMS/Final Fantasy 4 (J) [!].ws	duplicado (mismo contenido que la ROM conservada)
MOVIDO	emu/ROMS/WS/WonderswanRomCollectionByGhostware/Final Fantasy IV (J) [!].wsc	emu/EXTRAS/WSC-duplicados/WonderswanRomCollectionByGhostware/Final Fantasy IV (J) [!].wsc	duplicado (mismo contenido que la ROM conservada)
MOVIDO	emu/ROMS/WSC/WonderswanColorRomCollectionByGhostware/Final Fantasy IV (Japan).zip	emu/EXTRAS/WSC-duplicados/WonderswanColorRomCollectionByGhostware/Final Fantasy IV (Japan).zip	duplicado (mismo contenido que la ROM conservada)
MOVIDO	emu/ROMS/WS/WonderswanRomCollectionByGhostware/Final Fantasy IV (J) [T+Eng05].wsc	emu/ROMS/WSC/Final Fantasy IV (J) [T+Eng05].wsc	ROM a su sistema por cabecera
MOVIDO	emu/ROMS/WS/WonderswanRomCollectionByGhostware/Final Fantasy IV (J) [T-Eng04].wsc	emu/ROMS/WSC/Final Fantasy IV (J) [T-Eng04].wsc	ROM a su sistema por cabecera
MOVIDO	emu/ROMS/WSC/WonderswanColorRomCollectionByGhostware/Final Lap Special - GT & Formula Machine (Japan).wsc	emu/ROMS/WSC/Final Lap Special - GT & Formula Machine (Japan).wsc	ROM exclusiva de subcarpeta, al primer nivel
MOVIDO	emu/ROMS/WSC/ROMS/Final Lap Special (J) [!].ws	emu/EXTRAS/WSC-duplicados/ROMS/Final Lap Special (J) [!].ws	duplicado (mismo contenido que la ROM conservada)
MOVIDO	emu/ROMS/WS/WonderswanRomCollectionByGhostware/Final Lap Special (J) [!].wsc	emu/EXTRAS/WSC-duplicados/WonderswanRomCollectionByGhostware/Final Lap Special (J) [!].wsc	duplicado (mismo contenido que la ROM conservada)
MOVIDO	emu/ROMS/WSC/WonderswanColorRomCollectionByGhostware/Final Lap Special - GT & Formula Machine (Japan).zip	emu/EXTRAS/WSC-duplicados/WonderswanColorRomCollectionByGhostware/Final Lap Special - GT & Formula Machine (Japan).zip	duplicado (mismo contenido que la ROM conservada)
MOVIDO	emu/ROMS/WSC/ROMS/Final Lap Special (J) [f1].ws	emu/ROMS/WSC/Final Lap Special (J) [f1].ws	ROM exclusiva de subcarpeta, al primer nivel
MOVIDO	emu/ROMS/WS/WonderswanRomCollectionByGhostware/Final Lap Special (J) [f1].wsc	emu/EXTRAS/WSC-duplicados/WonderswanRomCollectionByGhostware/Final Lap Special (J) [f1].wsc	duplicado (mismo contenido que la ROM conservada)
MOVIDO	emu/ROMS/WSC/WonderswanColorRomCollectionByGhostware/Flash Koibito-kun (Japan).wsc	emu/ROMS/WSC/Flash Koibito-kun (Japan).wsc	ROM exclusiva de subcarpeta, al primer nivel
MOVIDO	emu/ROMS/WSC/ROMS/Flash - Koibito Kun (J) [!].ws	emu/EXTRAS/WSC-duplicados/ROMS/Flash - Koibito Kun (J) [!].ws	duplicado (mismo contenido que la ROM conservada)
MOVIDO	emu/ROMS/WS/WonderswanRomCollectionByGhostware/Flash - Koibito Kun (J) [!].wsc	emu/EXTRAS/WSC-duplicados/WonderswanRomCollectionByGhostware/Flash - Koibito Kun (J) [!].wsc	duplicado (mismo contenido que la ROM conservada)
MOVIDO	emu/ROMS/WSC/WonderswanColorRomCollectionByGhostware/Flash Koibito-kun (Japan).zip	emu/EXTRAS/WSC-duplicados/WonderswanColorRomCollectionByGhostware/Flash Koibito-kun (Japan).zip	duplicado (mismo contenido que la ROM conservada)
MOVIDO	emu/ROMS/WSC/ROMS/Flash - Koibito Kun (J) [f1].ws	emu/ROMS/WSC/Flash - Koibito Kun (J) [f1].ws	ROM exclusiva de subcarpeta, al primer nivel
MOVIDO	emu/ROMS/WS/WonderswanRomCollectionByGhostware/Flash - Koibito Kun (J) [f1].wsc	emu/EXTRAS/WSC-duplicados/WonderswanRomCollectionByGhostware/Flash - Koibito Kun (J) [f1].wsc	duplicado (mismo contenido que la ROM conservada)
MOVIDO	emu/ROMS/WSC/WonderswanColorRomCollectionByGhostware/From TV Animation One Piece - Chopper no Daibouken (Japan).wsc	emu/ROMS/WSC/From TV Animation One Piece - Chopper no Daibouken (Japan).wsc	ROM exclusiva de subcarpeta, al primer nivel
MOVIDO	emu/ROMS/WS/WonderswanRomCollectionByGhostware/From TV Animation - One Piece - Chopper no Daibouken (J) [!].wsc	emu/EXTRAS/WSC-duplicados/WonderswanRomCollectionByGhostware/From TV Animation - One Piece - Chopper no Daibouken (J) [!].wsc	duplicado (mismo contenido que la ROM conservada)
MOVIDO	emu/ROMS/WSC/WonderswanColorRomCollectionByGhostware/From TV Animation One Piece - Chopper no Daibouken (Japan).zip	emu/EXTRAS/WSC-duplicados/WonderswanColorRomCollectionByGhostware/From TV Animation One Piece - Chopper no Daibouken (Japan).zip	duplicado (mismo contenido que la ROM conservada)
MOVIDO	emu/ROMS/WSC/WonderswanColorRomCollectionByGhostware/From TV Animation One Piece - Niji no Shima Densetsu (Japan).wsc	emu/ROMS/WSC/From TV Animation One Piece - Niji no Shima Densetsu (Japan).wsc	ROM exclusiva de subcarpeta, al primer nivel
MOVIDO	emu/ROMS/WSC/ROMS/From TV Animation - One Piece - Niji no Shima Densetsu (J) [!].ws	emu/EXTRAS/WSC-duplicados/ROMS/From TV Animation - One Piece - Niji no Shima Densetsu (J) [!].ws	duplicado (mismo contenido que la ROM conservada)
MOVIDO	emu/ROMS/WS/WonderswanRomCollectionByGhostware/From TV Animation - One Piece - Niji no Shima Densetsu (J) [!].wsc	emu/EXTRAS/WSC-duplicados/WonderswanRomCollectionByGhostware/From TV Animation - One Piece - Niji no Shima Densetsu (J) [!].wsc	duplicado (mismo contenido que la ROM conservada)
MOVIDO	emu/ROMS/WSC/WonderswanColorRomCollectionByGhostware/From TV Animation One Piece - Niji no Shima Densetsu (Japan).zip	emu/EXTRAS/WSC-duplicados/WonderswanColorRomCollectionByGhostware/From TV Animation One Piece - Niji no Shima Densetsu (Japan).zip	duplicado (mismo contenido que la ROM conservada)
MOVIDO	emu/ROMS/WSC/WonderswanColorRomCollectionByGhostware/From TV Animation One Piece - Treasure Wars (Japan).wsc	emu/ROMS/WSC/From TV Animation One Piece - Treasure Wars (Japan).wsc	ROM exclusiva de subcarpeta, al primer nivel
MOVIDO	emu/ROMS/WS/WonderswanRomCollectionByGhostware/From TV Animation - One Piece - Treasure Wars (J) [!].wsc	emu/EXTRAS/WSC-duplicados/WonderswanRomCollectionByGhostware/From TV Animation - One Piece - Treasure Wars (J) [!].wsc	duplicado (mismo contenido que la ROM conservada)
MOVIDO	emu/ROMS/WSC/WonderswanColorRomCollectionByGhostware/From TV Animation One Piece - Treasure Wars (Japan).zip	emu/EXTRAS/WSC-duplicados/WonderswanColorRomCollectionByGhostware/From TV Animation One Piece - Treasure Wars (Japan).zip	duplicado (mismo contenido que la ROM conservada)
MOVIDO	emu/ROMS/WSC/WonderswanColorRomCollectionByGhostware/From TV Animation One Piece - Treasure Wars 2 - Buggy Land e Youkoso (Japan).wsc	emu/ROMS/WSC/From TV Animation One Piece - Treasure Wars 2 - Buggy Land e Youkoso (Japan).wsc	ROM exclusiva de subcarpeta, al primer nivel
MOVIDO	emu/ROMS/WS/WonderswanRomCollectionByGhostware/From TV Animation - One Piece - Treasure Wars 2 - Buggy Land e Youkoso (J) [!].wsc	emu/EXTRAS/WSC-duplicados/WonderswanRomCollectionByGhostware/From TV Animation - One Piece - Treasure Wars 2 - Buggy Land e Youkoso (J) [!].wsc	duplicado (mismo contenido que la ROM conservada)
MOVIDO	emu/ROMS/WSC/WonderswanColorRomCollectionByGhostware/From TV Animation One Piece - Treasure Wars 2 - Buggy Land e Youkoso (Japan).zip	emu/EXTRAS/WSC-duplicados/WonderswanColorRomCollectionByGhostware/From TV Animation One Piece - Treasure Wars 2 - Buggy Land e Youkoso (Japan).zip	duplicado (mismo contenido que la ROM conservada)
MOVIDO	emu/ROMS/WSC/WonderswanColorRomCollectionByGhostware/Front Mission (Japan).wsc	emu/ROMS/WSC/Front Mission (Japan).wsc	ROM exclusiva de subcarpeta, al primer nivel
MOVIDO	emu/ROMS/WSC/ROMS/Front Mission (J).ws	emu/EXTRAS/WSC-duplicados/ROMS/Front Mission (J).ws	duplicado (mismo contenido que la ROM conservada)
MOVIDO	emu/ROMS/WS/WonderswanRomCollectionByGhostware/Front Mission (J).wsc	emu/EXTRAS/WSC-duplicados/WonderswanRomCollectionByGhostware/Front Mission (J).wsc	duplicado (mismo contenido que la ROM conservada)
MOVIDO	emu/ROMS/WSC/WonderswanColorRomCollectionByGhostware/Front Mission (Japan).zip	emu/EXTRAS/WSC-duplicados/WonderswanColorRomCollectionByGhostware/Front Mission (Japan).zip	duplicado (mismo contenido que la ROM conservada)
MOVIDO	emu/ROMS/WSC/WonderswanColorRomCollectionByGhostware/Gekitou! Crash Gear Turbo - Gear Champion League (Japan).wsc	emu/ROMS/WSC/Gekitou! Crash Gear Turbo - Gear Champion League (Japan).wsc	ROM exclusiva de subcarpeta, al primer nivel
MOVIDO	emu/ROMS/WS/WonderswanRomCollectionByGhostware/Gekitou Crash Gear Turbo Gear Champion League (J) [!].wsc	emu/EXTRAS/WSC-duplicados/WonderswanRomCollectionByGhostware/Gekitou Crash Gear Turbo Gear Champion League (J) [!].wsc	duplicado (mismo contenido que la ROM conservada)
MOVIDO	emu/ROMS/WSC/WonderswanColorRomCollectionByGhostware/Gekitou! Crash Gear Turbo - Gear Champion League (Japan).zip	emu/EXTRAS/WSC-duplicados/WonderswanColorRomCollectionByGhostware/Gekitou! Crash Gear Turbo - Gear Champion League (Japan).zip	duplicado (mismo contenido que la ROM conservada)
MOVIDO	emu/ROMS/WSC/WonderswanColorRomCollectionByGhostware/Gensou Maden Saiyuuki Retribution - Hi no Ataru Basho de (Japan).wsc	emu/ROMS/WSC/Gensou Maden Saiyuuki Retribution - Hi no Ataru Basho de (Japan).wsc	ROM exclusiva de subcarpeta, al primer nivel
MOVIDO	emu/ROMS/WSC/ROMS/Gensou Maden Saiyuuki Retribution (J) [!].ws	emu/EXTRAS/WSC-duplicados/ROMS/Gensou Maden Saiyuuki Retribution (J) [!].ws	duplicado (mismo contenido que la ROM conservada)
MOVIDO	emu/ROMS/WS/WonderswanRomCollectionByGhostware/Gensou Maden Saiyuuki Retribution (J) [!].wsc	emu/EXTRAS/WSC-duplicados/WonderswanRomCollectionByGhostware/Gensou Maden Saiyuuki Retribution (J) [!].wsc	duplicado (mismo contenido que la ROM conservada)
MOVIDO	emu/ROMS/WSC/WonderswanColorRomCollectionByGhostware/Gensou Maden Saiyuuki Retribution - Hi no Ataru Basho de (Japan).zip	emu/EXTRAS/WSC-duplicados/WonderswanColorRomCollectionByGhostware/Gensou Maden Saiyuuki Retribution - Hi no Ataru Basho de (Japan).zip	duplicado (mismo contenido que la ROM conservada)
MOVIDO	emu/ROMS/WSC/ROMS/Gensou Maden Saiyuuki Retribution (J) [f1].ws	emu/ROMS/WSC/Gensou Maden Saiyuuki Retribution (J) [f1].ws	ROM exclusiva de subcarpeta, al primer nivel
MOVIDO	emu/ROMS/WS/WonderswanRomCollectionByGhostware/Gensou Maden Saiyuuki Retribution (J) [f1].wsc	emu/EXTRAS/WSC-duplicados/WonderswanRomCollectionByGhostware/Gensou Maden Saiyuuki Retribution (J) [f1].wsc	duplicado (mismo contenido que la ROM conservada)
MOVIDO	emu/ROMS/WS/WonderswanRomCollectionByGhostware/Girl Demo by Dox (PD).ws	emu/ROMS/WSC/Girl Demo by Dox (PD).ws	ROM a su sistema por cabecera
MOVIDO	emu/ROMS/WSC/ROMS/Girl Demo by Dox (PD).ws	emu/EXTRAS/WSC-duplicados/ROMS/Girl Demo by Dox (PD).ws	duplicado (mismo contenido que la ROM conservada)
MOVIDO	emu/ROMS/WS/WonderswanRomCollectionByGhostware/Glocal Hexcite (J) [M][o1].ws	emu/ROMS/WS/Glocal Hexcite (J) [M][o1].ws	ROM exclusiva de subcarpeta, al primer nivel
MOVIDO	emu/ROMS/WSC/ROMS/Glocal Hexcite (J) [M][o1].ws	emu/EXTRAS/WS-duplicados/ROMS/Glocal Hexcite (J) [M][o1].ws	duplicado (mismo contenido que la ROM conservada)
MOVIDO	emu/ROMS/WSC/WonderswanColorRomCollectionByGhostware/Golden Axe (Japan).wsc	emu/ROMS/WSC/Golden Axe (Japan).wsc	ROM exclusiva de subcarpeta, al primer nivel
MOVIDO	emu/ROMS/WSC/ROMS/Golden Axe (J) [!].ws	emu/EXTRAS/WSC-duplicados/ROMS/Golden Axe (J) [!].ws	duplicado (mismo contenido que la ROM conservada)
MOVIDO	emu/ROMS/WS/WonderswanRomCollectionByGhostware/Golden Axe (J) [!].wsc	emu/EXTRAS/WSC-duplicados/WonderswanRomCollectionByGhostware/Golden Axe (J) [!].wsc	duplicado (mismo contenido que la ROM conservada)
MOVIDO	emu/ROMS/WSC/WonderswanColorRomCollectionByGhostware/Golden Axe (Japan).zip	emu/EXTRAS/WSC-duplicados/WonderswanColorRomCollectionByGhostware/Golden Axe (Japan).zip	duplicado (mismo contenido que la ROM conservada)
MOVIDO	emu/ROMS/WSC/ROMS/Golden Axe (J) [t1].ws	emu/ROMS/WSC/Golden Axe (J) [t1].ws	ROM exclusiva de subcarpeta, al primer nivel
MOVIDO	emu/ROMS/WS/WonderswanRomCollectionByGhostware/Golden Axe (J) [t1].wsc	emu/EXTRAS/WSC-duplicados/WonderswanRomCollectionByGhostware/Golden Axe (J) [t1].wsc	duplicado (mismo contenido que la ROM conservada)
MOVIDO	emu/ROMS/WSC/WonderswanColorRomCollectionByGhostware/Gransta Chronicle (Japan).wsc	emu/ROMS/WSC/Gransta Chronicle (Japan).wsc	ROM exclusiva de subcarpeta, al primer nivel
MOVIDO	emu/ROMS/WS/WonderswanRomCollectionByGhostware/Gransta Chronicle (J) [!].wsc	emu/EXTRAS/WSC-duplicados/WonderswanRomCollectionByGhostware/Gransta Chronicle (J) [!].wsc	duplicado (mismo contenido que la ROM conservada)
MOVIDO	emu/ROMS/WSC/WonderswanColorRomCollectionByGhostware/Gransta Chronicle (Japan).zip	emu/EXTRAS/WSC-duplicados/WonderswanColorRomCollectionByGhostware/Gransta Chronicle (Japan).zip	duplicado (mismo contenido que la ROM conservada)
MOVIDO	emu/ROMS/WSC/WonderswanColorRomCollectionByGhostware/Guilty Gear Petit (Japan).wsc	emu/ROMS/WS/Guilty Gear Petit (Japan).wsc	ROM a su sistema por cabecera
MOVIDO	emu/ROMS/WSC/ROMS/Guilty Gear Petit (J).ws	emu/EXTRAS/WS-duplicados/ROMS/Guilty Gear Petit (J).ws	duplicado (mismo contenido que la ROM conservada)
MOVIDO	emu/ROMS/WS/WonderswanRomCollectionByGhostware/Guilty Gear Petit (J).wsc	emu/EXTRAS/WS-duplicados/WonderswanRomCollectionByGhostware/Guilty Gear Petit (J).wsc	duplicado (mismo contenido que la ROM conservada)
MOVIDO	emu/ROMS/WSC/WonderswanColorRomCollectionByGhostware/Guilty Gear Petit (Japan).zip	emu/EXTRAS/WS-duplicados/WonderswanColorRomCollectionByGhostware/Guilty Gear Petit (Japan).zip	duplicado (mismo contenido que la ROM conservada)
MOVIDO	emu/ROMS/WSC/WonderswanColorRomCollectionByGhostware/Guilty Gear Petit 2 (Japan).wsc	emu/ROMS/WSC/Guilty Gear Petit 2 (Japan).wsc	ROM exclusiva de subcarpeta, al primer nivel
MOVIDO	emu/ROMS/WSC/ROMS/Guilty Gear Petit 2 (J) [!].ws	emu/EXTRAS/WSC-duplicados/ROMS/Guilty Gear Petit 2 (J) [!].ws	duplicado (mismo contenido que la ROM conservada)
MOVIDO	emu/ROMS/WS/WonderswanRomCollectionByGhostware/Guilty Gear Petit 2 (J) [!].wsc	emu/EXTRAS/WSC-duplicados/WonderswanRomCollectionByGhostware/Guilty Gear Petit 2 (J) [!].wsc	duplicado (mismo contenido que la ROM conservada)
MOVIDO	emu/ROMS/WSC/WonderswanColorRomCollectionByGhostware/Guilty Gear Petit 2 (Japan).zip	emu/EXTRAS/WSC-duplicados/WonderswanColorRomCollectionByGhostware/Guilty Gear Petit 2 (Japan).zip	duplicado (mismo contenido que la ROM conservada)
MOVIDO	emu/ROMS/WSC/ROMS/Guilty Gear Petit 2 (J) [t1].ws	emu/ROMS/WSC/Guilty Gear Petit 2 (J) [t1].ws	ROM exclusiva de subcarpeta, al primer nivel
MOVIDO	emu/ROMS/WS/WonderswanRomCollectionByGhostware/Guilty Gear Petit 2 (J) [t1].wsc	emu/EXTRAS/WSC-duplicados/WonderswanRomCollectionByGhostware/Guilty Gear Petit 2 (J) [t1].wsc	duplicado (mismo contenido que la ROM conservada)
MOVIDO	emu/ROMS/WSC/WonderswanColorRomCollectionByGhostware/GunPey EX (Japan).wsc	emu/ROMS/WSC/GunPey EX (Japan).wsc	ROM exclusiva de subcarpeta, al primer nivel
MOVIDO	emu/ROMS/WSC/ROMS/GunPey Ex (J) [!].ws	emu/EXTRAS/WSC-duplicados/ROMS/GunPey Ex (J) [!].ws	duplicado (mismo contenido que la ROM conservada)
MOVIDO	emu/ROMS/WS/WonderswanRomCollectionByGhostware/GunPey Ex (J) [!].wsc	emu/EXTRAS/WSC-duplicados/WonderswanRomCollectionByGhostware/GunPey Ex (J) [!].wsc	duplicado (mismo contenido que la ROM conservada)
MOVIDO	emu/ROMS/WSC/WonderswanColorRomCollectionByGhostware/GunPey EX (Japan).zip	emu/EXTRAS/WSC-duplicados/WonderswanColorRomCollectionByGhostware/GunPey EX (Japan).zip	duplicado (mismo contenido que la ROM conservada)
MOVIDO	emu/ROMS/WSC/ROMS/GunPey Ex (J) [f1].ws	emu/ROMS/WSC/GunPey Ex (J) [f1].ws	ROM exclusiva de subcarpeta, al primer nivel
MOVIDO	emu/ROMS/WS/WonderswanRomCollectionByGhostware/GunPey Ex (J) [f1].wsc	emu/EXTRAS/WSC-duplicados/WonderswanRomCollectionByGhostware/GunPey Ex (J) [f1].wsc	duplicado (mismo contenido que la ROM conservada)
MOVIDO	emu/ROMS/WS/WonderswanRomCollectionByGhostware/Hanafuda Shiyou Yo (J) [M][o1].ws	emu/ROMS/WS/Hanafuda Shiyou Yo (J) [M][o1].ws	ROM exclusiva de subcarpeta, al primer nivel
MOVIDO	emu/ROMS/WSC/ROMS/Hanafuda Shiyou Yo (J) [M][o1].ws	emu/EXTRAS/WS-duplicados/ROMS/Hanafuda Shiyou Yo (J) [M][o1].ws	duplicado (mismo contenido que la ROM conservada)
MOVIDO	emu/ROMS/WSC/WonderswanColorRomCollectionByGhostware/Hanjuku Hero - Ah, Sekai yo Hanjuku Nare...!! (Japan).wsc	emu/ROMS/WSC/Hanjuku Hero - Ah, Sekai yo Hanjuku Nare...!! (Japan).wsc	ROM exclusiva de subcarpeta, al primer nivel
MOVIDO	emu/ROMS/WSC/ROMS/Hanjyuku Hero - Aah Sekai yo Hanjuku Nare (J) [!].ws	emu/EXTRAS/WSC-duplicados/ROMS/Hanjyuku Hero - Aah Sekai yo Hanjuku Nare (J) [!].ws	duplicado (mismo contenido que la ROM conservada)
MOVIDO	emu/ROMS/WS/WonderswanRomCollectionByGhostware/Hanjyuku Hero - Aah Sekai yo Hanjuku Nare (J) [!].wsc	emu/EXTRAS/WSC-duplicados/WonderswanRomCollectionByGhostware/Hanjyuku Hero - Aah Sekai yo Hanjuku Nare (J) [!].wsc	duplicado (mismo contenido que la ROM conservada)
MOVIDO	emu/ROMS/WSC/WonderswanColorRomCollectionByGhostware/Hanjuku Hero - Ah, Sekai yo Hanjuku Nare...!! (Japan).zip	emu/EXTRAS/WSC-duplicados/WonderswanColorRomCollectionByGhostware/Hanjuku Hero - Ah, Sekai yo Hanjuku Nare...!! (Japan).zip	duplicado (mismo contenido que la ROM conservada)
MOVIDO	emu/ROMS/WSC/WonderswanColorRomCollectionByGhostware/Hataraku Chocobo (Japan).wsc	emu/ROMS/WS/Hataraku Chocobo (Japan).wsc	ROM a su sistema por cabecera
MOVIDO	emu/ROMS/WSC/ROMS/Hataraku Chocobo (J) [!].ws	emu/EXTRAS/WS-duplicados/ROMS/Hataraku Chocobo (J) [!].ws	duplicado (mismo contenido que la ROM conservada)
MOVIDO	emu/ROMS/WS/WonderswanRomCollectionByGhostware/Hataraku Chocobo (J) [!].wsc	emu/EXTRAS/WS-duplicados/WonderswanRomCollectionByGhostware/Hataraku Chocobo (J) [!].wsc	duplicado (mismo contenido que la ROM conservada)
MOVIDO	emu/ROMS/WSC/WonderswanColorRomCollectionByGhostware/Hataraku Chocobo (Japan).zip	emu/EXTRAS/WS-duplicados/WonderswanColorRomCollectionByGhostware/Hataraku Chocobo (Japan).zip	duplicado (mismo contenido que la ROM conservada)
MOVIDO	emu/ROMS/WS/WonderswanRomCollectionByGhostware/HBlank Interrupt Demo in NASM by Goldmomo (PD) [a1].wsc	emu/ROMS/WSC/HBlank Interrupt Demo in NASM by Goldmomo (PD) [a1].wsc	ROM a su sistema por cabecera
MOVIDO	emu/ROMS/WS/WonderswanRomCollectionByGhostware/HBlank Interrupt Demo in NASM by Goldmomo (PD).wsc	emu/ROMS/WSC/HBlank Interrupt Demo in NASM by Goldmomo (PD).wsc	ROM a su sistema por cabecera
MOVIDO	emu/ROMS/WS/WonderswanRomCollectionByGhostware/Hello World by Sir Dragoon (PD).ws	emu/ROMS/WSC/Hello World by Sir Dragoon (PD).ws	ROM a su sistema por cabecera
MOVIDO	emu/ROMS/WSC/ROMS/Hello World by Sir Dragoon (PD).ws	emu/EXTRAS/WSC-duplicados/ROMS/Hello World by Sir Dragoon (PD).ws	duplicado (mismo contenido que la ROM conservada)
MOVIDO	emu/ROMS/WSC/WonderswanColorRomCollectionByGhostware/Hunter X Hunter - Greed Island (Japan).wsc	emu/ROMS/WSC/Hunter X Hunter - Greed Island (Japan).wsc	ROM exclusiva de subcarpeta, al primer nivel
MOVIDO	emu/ROMS/WSC/ROMS/Hunter X Hunter - Greed Island (J).ws	emu/EXTRAS/WSC-duplicados/ROMS/Hunter X Hunter - Greed Island (J).ws	duplicado (mismo contenido que la ROM conservada)
MOVIDO	emu/ROMS/WS/WonderswanRomCollectionByGhostware/Hunter X Hunter - Greed Island (J).wsc	emu/EXTRAS/WSC-duplicados/WonderswanRomCollectionByGhostware/Hunter X Hunter - Greed Island (J).wsc	duplicado (mismo contenido que la ROM conservada)
MOVIDO	emu/ROMS/WSC/WonderswanColorRomCollectionByGhostware/Hunter X Hunter - Greed Island (Japan).zip	emu/EXTRAS/WSC-duplicados/WonderswanColorRomCollectionByGhostware/Hunter X Hunter - Greed Island (Japan).zip	duplicado (mismo contenido que la ROM conservada)
MOVIDO	emu/ROMS/WSC/WonderswanColorRomCollectionByGhostware/Hunter X Hunter - Michibikareshi Mono (Japan).wsc	emu/ROMS/WSC/Hunter X Hunter - Michibikareshi Mono (Japan).wsc	ROM exclusiva de subcarpeta, al primer nivel
MOVIDO	emu/ROMS/WSC/ROMS/Hunter X Hunter - Michibi Kareshi Mono (J) [!].ws	emu/EXTRAS/WSC-duplicados/ROMS/Hunter X Hunter - Michibi Kareshi Mono (J) [!].ws	duplicado (mismo contenido que la ROM conservada)
MOVIDO	emu/ROMS/WS/WonderswanRomCollectionByGhostware/Hunter X Hunter - Michibi Kareshi Mono (J) [!].wsc	emu/EXTRAS/WSC-duplicados/WonderswanRomCollectionByGhostware/Hunter X Hunter - Michibi Kareshi Mono (J) [!].wsc	duplicado (mismo contenido que la ROM conservada)
MOVIDO	emu/ROMS/WSC/WonderswanColorRomCollectionByGhostware/Hunter X Hunter - Michibikareshi Mono (Japan).zip	emu/EXTRAS/WSC-duplicados/WonderswanColorRomCollectionByGhostware/Hunter X Hunter - Michibikareshi Mono (Japan).zip	duplicado (mismo contenido que la ROM conservada)
MOVIDO	emu/ROMS/WSC/ROMS/Hunter X Hunter - Michibi Kareshi Mono (J) [f1].ws	emu/ROMS/WSC/Hunter X Hunter - Michibi Kareshi Mono (J) [f1].ws	ROM exclusiva de subcarpeta, al primer nivel
MOVIDO	emu/ROMS/WS/WonderswanRomCollectionByGhostware/Hunter X Hunter - Michibi Kareshi Mono (J) [f1].wsc	emu/EXTRAS/WSC-duplicados/WonderswanRomCollectionByGhostware/Hunter X Hunter - Michibi Kareshi Mono (J) [f1].wsc	duplicado (mismo contenido que la ROM conservada)
MOVIDO	emu/ROMS/WSC/WonderswanColorRomCollectionByGhostware/Hunter X Hunter - Sorezore no Ketsui (Japan).wsc	emu/ROMS/WSC/Hunter X Hunter - Sorezore no Ketsui (Japan).wsc	ROM exclusiva de subcarpeta, al primer nivel
MOVIDO	emu/ROMS/WSC/ROMS/Hunter X Hunter - Sorezore no Ketsui (J) [!].ws	emu/EXTRAS/WSC-duplicados/ROMS/Hunter X Hunter - Sorezore no Ketsui (J) [!].ws	duplicado (mismo contenido que la ROM conservada)
MOVIDO	emu/ROMS/WS/WonderswanRomCollectionByGhostware/Hunter X Hunter - Sorezore no Ketsui (J) [!].wsc	emu/EXTRAS/WSC-duplicados/WonderswanRomCollectionByGhostware/Hunter X Hunter - Sorezore no Ketsui (J) [!].wsc	duplicado (mismo contenido que la ROM conservada)
MOVIDO	emu/ROMS/WSC/WonderswanColorRomCollectionByGhostware/Hunter X Hunter - Sorezore no Ketsui (Japan).zip	emu/EXTRAS/WSC-duplicados/WonderswanColorRomCollectionByGhostware/Hunter X Hunter - Sorezore no Ketsui (Japan).zip	duplicado (mismo contenido que la ROM conservada)
MOVIDO	emu/ROMS/WSC/ROMS/Hunter X Hunter - Sorezore no Ketsui (J) [f1].ws	emu/ROMS/WSC/Hunter X Hunter - Sorezore no Ketsui (J) [f1].ws	ROM exclusiva de subcarpeta, al primer nivel
MOVIDO	emu/ROMS/WS/WonderswanRomCollectionByGhostware/Hunter X Hunter - Sorezore no Ketsui (J) [f1].wsc	emu/EXTRAS/WSC-duplicados/WonderswanRomCollectionByGhostware/Hunter X Hunter - Sorezore no Ketsui (J) [f1].wsc	duplicado (mismo contenido que la ROM conservada)
MOVIDO	emu/ROMS/WSC/WonderswanColorRomCollectionByGhostware/Inuyasha - Kagome no Sengoku Nikki (Japan).wsc	emu/ROMS/WSC/Inuyasha - Kagome no Sengoku Nikki (Japan).wsc	ROM exclusiva de subcarpeta, al primer nivel
MOVIDO	emu/ROMS/WSC/ROMS/Inu Yasha (J) [!].ws	emu/EXTRAS/WSC-duplicados/ROMS/Inu Yasha (J) [!].ws	duplicado (mismo contenido que la ROM conservada)
MOVIDO	emu/ROMS/WS/WonderswanRomCollectionByGhostware/Inu Yasha (J) [!].wsc	emu/EXTRAS/WSC-duplicados/WonderswanRomCollectionByGhostware/Inu Yasha (J) [!].wsc	duplicado (mismo contenido que la ROM conservada)
MOVIDO	emu/ROMS/WSC/WonderswanColorRomCollectionByGhostware/Inuyasha - Kagome no Sengoku Nikki (Japan).zip	emu/EXTRAS/WSC-duplicados/WonderswanColorRomCollectionByGhostware/Inuyasha - Kagome no Sengoku Nikki (Japan).zip	duplicado (mismo contenido que la ROM conservada)
MOVIDO	emu/ROMS/WSC/WonderswanColorRomCollectionByGhostware/Inuyasha - Fuuun Emaki (Japan).wsc	emu/ROMS/WSC/Inuyasha - Fuuun Emaki (Japan).wsc	ROM exclusiva de subcarpeta, al primer nivel
MOVIDO	emu/ROMS/WSC/ROMS/Inu Yasha Fuu'un Emaki (J).ws	emu/EXTRAS/WSC-duplicados/ROMS/Inu Yasha Fuu'un Emaki (J).ws	duplicado (mismo contenido que la ROM conservada)
MOVIDO	emu/ROMS/WS/WonderswanRomCollectionByGhostware/Inu Yasha Fuu'un Emaki (J).wsc	emu/EXTRAS/WSC-duplicados/WonderswanRomCollectionByGhostware/Inu Yasha Fuu'un Emaki (J).wsc	duplicado (mismo contenido que la ROM conservada)
MOVIDO	emu/ROMS/WSC/WonderswanColorRomCollectionByGhostware/Inuyasha - Fuuun Emaki (Japan).zip	emu/EXTRAS/WSC-duplicados/WonderswanColorRomCollectionByGhostware/Inuyasha - Fuuun Emaki (Japan).zip	duplicado (mismo contenido que la ROM conservada)
MOVIDO	emu/ROMS/WSC/WonderswanColorRomCollectionByGhostware/Inuyasha - Kagome no Yume Nikki (Japan).wsc	emu/ROMS/WSC/Inuyasha - Kagome no Yume Nikki (Japan).wsc	ROM exclusiva de subcarpeta, al primer nivel
MOVIDO	emu/ROMS/WS/WonderswanRomCollectionByGhostware/Inu Yasha Kagome no Yumenikki (J) [!].wsc	emu/EXTRAS/WSC-duplicados/WonderswanRomCollectionByGhostware/Inu Yasha Kagome no Yumenikki (J) [!].wsc	duplicado (mismo contenido que la ROM conservada)
MOVIDO	emu/ROMS/WSC/WonderswanColorRomCollectionByGhostware/Inuyasha - Kagome no Yume Nikki (Japan).zip	emu/EXTRAS/WSC-duplicados/WonderswanColorRomCollectionByGhostware/Inuyasha - Kagome no Yume Nikki (Japan).zip	duplicado (mismo contenido que la ROM conservada)
MOVIDO	emu/ROMS/WSC/WonderswanColorRomCollectionByGhostware/Judgement Silversword - Rebirth Edition (Japan) (Rev 5C21).wsc	emu/ROMS/WS/Judgement Silversword - Rebirth Edition (Japan) (Rev 5C21).wsc	ROM a su sistema por cabecera
MOVIDO	emu/ROMS/WS/WonderswanRomCollectionByGhostware/Judgement Silversword - Rebirth Edition (J) (REV.SC21) [!].wsc	emu/EXTRAS/WS-duplicados/WonderswanRomCollectionByGhostware/Judgement Silversword - Rebirth Edition (J) (REV.SC21) [!].wsc	duplicado (mismo contenido que la ROM conservada)
MOVIDO	emu/ROMS/WSC/WonderswanColorRomCollectionByGhostware/Judgement Silversword - Rebirth Edition (Japan) (Rev 5C21).zip	emu/EXTRAS/WS-duplicados/WonderswanColorRomCollectionByGhostware/Judgement Silversword - Rebirth Edition (Japan) (Rev 5C21).zip	duplicado (mismo contenido que la ROM conservada)
MOVIDO	emu/ROMS/WS/WonderswanRomCollectionByGhostware/Judgement Silversword - Rebirth Edition (J) (REV.SC21) [o1].wsc	emu/ROMS/WS/Judgement Silversword - Rebirth Edition (J) (REV.SC21) [o1].wsc	ROM exclusiva de subcarpeta, al primer nivel
MOVIDO	emu/ROMS/WSC/WonderswanColorRomCollectionByGhostware/Judgement Silversword - Rebirth Edition (Japan) (Rev 4321).wsc	emu/ROMS/WS/Judgement Silversword - Rebirth Edition (Japan) (Rev 4321).wsc	ROM a su sistema por cabecera
MOVIDO	emu/ROMS/WS/WonderswanRomCollectionByGhostware/Judgement Silversword - Rebirth Edition (J) [!].wsc	emu/EXTRAS/WS-duplicados/WonderswanRomCollectionByGhostware/Judgement Silversword - Rebirth Edition (J) [!].wsc	duplicado (mismo contenido que la ROM conservada)
MOVIDO	emu/ROMS/WSC/WonderswanColorRomCollectionByGhostware/Judgement Silversword - Rebirth Edition (Japan) (Rev 4321).zip	emu/EXTRAS/WS-duplicados/WonderswanColorRomCollectionByGhostware/Judgement Silversword - Rebirth Edition (Japan) (Rev 4321).zip	duplicado (mismo contenido que la ROM conservada)
MOVIDO	emu/ROMS/WS/WonderswanRomCollectionByGhostware/Judgement Silversword - Rebirth Edition (J) [o1].wsc	emu/ROMS/WS/Judgement Silversword - Rebirth Edition (J) [o1].wsc	ROM exclusiva de subcarpeta, al primer nivel
MOVIDO	emu/ROMS/WS/WonderswanRomCollectionByGhostware/Keiba Yosou Shien Shinkaron (J) [M][o1].ws	emu/ROMS/WS/Keiba Yosou Shien Shinkaron (J) [M][o1].ws	ROM exclusiva de subcarpeta, al primer nivel
MOVIDO	emu/ROMS/WSC/ROMS/Keiba Yosou Shien Shinkaron (J) [M][o1].ws	emu/EXTRAS/WS-duplicados/ROMS/Keiba Yosou Shien Shinkaron (J) [M][o1].ws	duplicado (mismo contenido que la ROM conservada)
MOVIDO	emu/ROMS/WSC/WonderswanColorRomCollectionByGhostware/Kidou Senshi Gundam - Giren no Yabou - Tokubetsu Hen - Aoki Hoshi no Hasha (Japan).wsc	emu/ROMS/WSC/Kidou Senshi Gundam - Giren no Yabou - Tokubetsu Hen - Aoki Hoshi no Hasha (Japan).wsc	ROM exclusiva de subcarpeta, al primer nivel
MOVIDO	emu/ROMS/WS/WonderswanRomCollectionByGhostware/Kidou Senshi Gundam Giren no Yabou Tokubetsuhen Aoki no Hasha (J) [!].wsc	emu/EXTRAS/WSC-duplicados/WonderswanRomCollectionByGhostware/Kidou Senshi Gundam Giren no Yabou Tokubetsuhen Aoki no Hasha (J) [!].wsc	duplicado (mismo contenido que la ROM conservada)
MOVIDO	emu/ROMS/WSC/WonderswanColorRomCollectionByGhostware/Kidou Senshi Gundam - Giren no Yabou - Tokubetsu Hen - Aoki Hoshi no Hasha (Japan).zip	emu/EXTRAS/WSC-duplicados/WonderswanColorRomCollectionByGhostware/Kidou Senshi Gundam - Giren no Yabou - Tokubetsu Hen - Aoki Hoshi no Hasha (Japan).zip	duplicado (mismo contenido que la ROM conservada)
MOVIDO	emu/ROMS/WSC/ROMS/Kidou Senshi Gundam Seed (J) [T+Chi_amuro].ws	emu/ROMS/WSC/Kidou Senshi Gundam Seed (J) [T+Chi_amuro].ws	ROM exclusiva de subcarpeta, al primer nivel
MOVIDO	emu/ROMS/WS/WonderswanRomCollectionByGhostware/Kidou Senshi Gundam Seed (J) [T+Chi_amuro].wsc	emu/EXTRAS/WSC-duplicados/WonderswanRomCollectionByGhostware/Kidou Senshi Gundam Seed (J) [T+Chi_amuro].wsc	duplicado (mismo contenido que la ROM conservada)
MOVIDO	emu/ROMS/WSC/WonderswanColorRomCollectionByGhostware/Kidou Senshi Gundam Seed (Japan).wsc	emu/ROMS/WSC/Kidou Senshi Gundam Seed (Japan).wsc	ROM exclusiva de subcarpeta, al primer nivel
MOVIDO	emu/ROMS/WSC/ROMS/Kidou Senshi Gundam Seed (J).ws	emu/EXTRAS/WSC-duplicados/ROMS/Kidou Senshi Gundam Seed (J).ws	duplicado (mismo contenido que la ROM conservada)
MOVIDO	emu/ROMS/WS/WonderswanRomCollectionByGhostware/Kidou Senshi Gundam Seed (J).wsc	emu/EXTRAS/WSC-duplicados/WonderswanRomCollectionByGhostware/Kidou Senshi Gundam Seed (J).wsc	duplicado (mismo contenido que la ROM conservada)
MOVIDO	emu/ROMS/WSC/WonderswanColorRomCollectionByGhostware/Kidou Senshi Gundam Seed (Japan).zip	emu/EXTRAS/WSC-duplicados/WonderswanColorRomCollectionByGhostware/Kidou Senshi Gundam Seed (Japan).zip	duplicado (mismo contenido que la ROM conservada)
MOVIDO	emu/ROMS/WSC/WonderswanColorRomCollectionByGhostware/Kidou Senshi Gundam Vol. 1 - Side 7 (Japan).wsc	emu/ROMS/WSC/Kidou Senshi Gundam Vol. 1 - Side 7 (Japan).wsc	ROM exclusiva de subcarpeta, al primer nivel
MOVIDO	emu/ROMS/WSC/ROMS/Kidou Senshi Gundam Vol.1 -Side 7- (J) [!].ws	emu/EXTRAS/WSC-duplicados/ROMS/Kidou Senshi Gundam Vol.1 -Side 7- (J) [!].ws	duplicado (mismo contenido que la ROM conservada)
MOVIDO	emu/ROMS/WS/WonderswanRomCollectionByGhostware/Kidou Senshi Gundam Vol.1 -Side 7- (J) [!].wsc	emu/EXTRAS/WSC-duplicados/WonderswanRomCollectionByGhostware/Kidou Senshi Gundam Vol.1 -Side 7- (J) [!].wsc	duplicado (mismo contenido que la ROM conservada)
MOVIDO	emu/ROMS/WSC/WonderswanColorRomCollectionByGhostware/Kidou Senshi Gundam Vol. 1 - Side 7 (Japan).zip	emu/EXTRAS/WSC-duplicados/WonderswanColorRomCollectionByGhostware/Kidou Senshi Gundam Vol. 1 - Side 7 (Japan).zip	duplicado (mismo contenido que la ROM conservada)
MOVIDO	emu/ROMS/WSC/WonderswanColorRomCollectionByGhostware/Kidou Senshi Gundam Vol. 3 - A Baoa Qu (Japan).wsc	emu/ROMS/WSC/Kidou Senshi Gundam Vol. 3 - A Baoa Qu (Japan).wsc	ROM exclusiva de subcarpeta, al primer nivel
MOVIDO	emu/ROMS/WS/WonderswanRomCollectionByGhostware/Kidou Senshi Gundum Vol.3 -A BAOA QU- (J) [!].wsc	emu/EXTRAS/WSC-duplicados/WonderswanRomCollectionByGhostware/Kidou Senshi Gundum Vol.3 -A BAOA QU- (J) [!].wsc	duplicado (mismo contenido que la ROM conservada)
MOVIDO	emu/ROMS/WSC/WonderswanColorRomCollectionByGhostware/Kidou Senshi Gundam Vol. 3 - A Baoa Qu (Japan).zip	emu/EXTRAS/WSC-duplicados/WonderswanColorRomCollectionByGhostware/Kidou Senshi Gundam Vol. 3 - A Baoa Qu (Japan).zip	duplicado (mismo contenido que la ROM conservada)
MOVIDO	emu/ROMS/WSC/WonderswanColorRomCollectionByGhostware/Kinnikuman II-Sei - Dream Tag Match (Japan).wsc	emu/ROMS/WSC/Kinnikuman II-Sei - Dream Tag Match (Japan).wsc	ROM exclusiva de subcarpeta, al primer nivel
MOVIDO	emu/ROMS/WSC/ROMS/Kinniku Man Second Generations Dream Tag Match (J) [!].ws	emu/EXTRAS/WSC-duplicados/ROMS/Kinniku Man Second Generations Dream Tag Match (J) [!].ws	duplicado (mismo contenido que la ROM conservada)
MOVIDO	emu/ROMS/WS/WonderswanRomCollectionByGhostware/Kinniku Man Second Generations Dream Tag Match (J) [!].wsc	emu/EXTRAS/WSC-duplicados/WonderswanRomCollectionByGhostware/Kinniku Man Second Generations Dream Tag Match (J) [!].wsc	duplicado (mismo contenido que la ROM conservada)
MOVIDO	emu/ROMS/WSC/WonderswanColorRomCollectionByGhostware/Kinnikuman II-Sei - Dream Tag Match (Japan).zip	emu/EXTRAS/WSC-duplicados/WonderswanColorRomCollectionByGhostware/Kinnikuman II-Sei - Dream Tag Match (Japan).zip	duplicado (mismo contenido que la ROM conservada)
MOVIDO	emu/ROMS/WS/WonderswanRomCollectionByGhostware/Kinnikuman Nisei Choujin Seisenshi (J) [b1].ws	emu/ROMS/WSC/Kinnikuman Nisei Choujin Seisenshi (J) [b1].ws	ROM a su sistema por cabecera
MOVIDO	emu/ROMS/WSC/ROMS/Kinnikuman Nisei Choujin Seisenshi (J) [b1].ws	emu/EXTRAS/WSC-duplicados/ROMS/Kinnikuman Nisei Choujin Seisenshi (J) [b1].ws	duplicado (mismo contenido que la ROM conservada)
MOVIDO	emu/ROMS/WSC/WonderswanColorRomCollectionByGhostware/Kinnikuman II-Sei - Choujin Seisenshi (Japan).wsc	emu/ROMS/WSC/Kinnikuman II-Sei - Choujin Seisenshi (Japan).wsc	ROM exclusiva de subcarpeta, al primer nivel
MOVIDO	emu/ROMS/WSC/ROMS/Kinnikuman Nisei Choujin Seisenshi (J).ws	emu/EXTRAS/WSC-duplicados/ROMS/Kinnikuman Nisei Choujin Seisenshi (J).ws	duplicado (mismo contenido que la ROM conservada)
MOVIDO	emu/ROMS/WS/WonderswanRomCollectionByGhostware/Kinnikuman Nisei Choujin Seisenshi (J).wsc	emu/EXTRAS/WSC-duplicados/WonderswanRomCollectionByGhostware/Kinnikuman Nisei Choujin Seisenshi (J).wsc	duplicado (mismo contenido que la ROM conservada)
MOVIDO	emu/ROMS/WSC/WonderswanColorRomCollectionByGhostware/Kinnikuman II-Sei - Choujin Seisenshi (Japan).zip	emu/EXTRAS/WSC-duplicados/WonderswanColorRomCollectionByGhostware/Kinnikuman II-Sei - Choujin Seisenshi (Japan).zip	duplicado (mismo contenido que la ROM conservada)
MOVIDO	emu/ROMS/WS/WonderswanRomCollectionByGhostware/Kosodate Quiz Doko de mo My Angel (J) [!].wsc	emu/ROMS/WS/Kosodate Quiz Doko de mo My Angel (J) [!].wsc	ROM exclusiva de subcarpeta, al primer nivel
MOVIDO	emu/ROMS/WSC/WonderswanColorRomCollectionByGhostware/Kurupara! (Japan).wsc	emu/ROMS/WSC/Kurupara! (Japan).wsc	ROM exclusiva de subcarpeta, al primer nivel
MOVIDO	emu/ROMS/WSC/ROMS/Kurupara! (J) [!].ws	emu/EXTRAS/WSC-duplicados/ROMS/Kurupara! (J) [!].ws	duplicado (mismo contenido que la ROM conservada)
MOVIDO	emu/ROMS/WS/WonderswanRomCollectionByGhostware/Kurupara! (J) [!].wsc	emu/EXTRAS/WSC-duplicados/WonderswanRomCollectionByGhostware/Kurupara! (J) [!].wsc	duplicado (mismo contenido que la ROM conservada)
MOVIDO	emu/ROMS/WSC/WonderswanColorRomCollectionByGhostware/Kurupara! (Japan).zip	emu/EXTRAS/WSC-duplicados/WonderswanColorRomCollectionByGhostware/Kurupara! (Japan).zip	duplicado (mismo contenido que la ROM conservada)
MOVIDO	emu/ROMS/WSC/ROMS/Last Alive (J) [f1].ws	emu/ROMS/WSC/Last Alive (J) [f1].ws	ROM exclusiva de subcarpeta, al primer nivel
MOVIDO	emu/ROMS/WS/WonderswanRomCollectionByGhostware/Last Alive (J) [f1].wsc	emu/EXTRAS/WSC-duplicados/WonderswanRomCollectionByGhostware/Last Alive (J) [f1].wsc	duplicado (mismo contenido que la ROM conservada)
MOVIDO	emu/ROMS/WSC/WonderswanColorRomCollectionByGhostware/Last Alive (Japan).wsc	emu/ROMS/WSC/Last Alive (Japan).wsc	ROM exclusiva de subcarpeta, al primer nivel
MOVIDO	emu/ROMS/WSC/ROMS/Last Alive (J).ws	emu/EXTRAS/WSC-duplicados/ROMS/Last Alive (J).ws	duplicado (mismo contenido que la ROM conservada)
MOVIDO	emu/ROMS/WS/WonderswanRomCollectionByGhostware/Last Alive (J).wsc	emu/EXTRAS/WSC-duplicados/WonderswanRomCollectionByGhostware/Last Alive (J).wsc	duplicado (mismo contenido que la ROM conservada)
MOVIDO	emu/ROMS/WSC/WonderswanColorRomCollectionByGhostware/Last Alive (Japan).zip	emu/EXTRAS/WSC-duplicados/WonderswanColorRomCollectionByGhostware/Last Alive (Japan).zip	duplicado (mismo contenido que la ROM conservada)
MOVIDO	emu/ROMS/WS/WonderswanRomCollectionByGhostware/Little Fugue in G Minor by JS Bach - Arranged by Atsushi Watanabe (PD) [C].wsc	emu/ROMS/WS/Little Fugue in G Minor by JS Bach - Arranged by Atsushi Watanabe (PD) [C].wsc	ROM exclusiva de subcarpeta, al primer nivel
MOVIDO	emu/ROMS/WS/WonderswanRomCollectionByGhostware/Lode Runner (J) [M][o1].ws	emu/ROMS/WS/Lode Runner (J) [M][o1].ws	ROM exclusiva de subcarpeta, al primer nivel
MOVIDO	emu/ROMS/WSC/ROMS/Lode Runner (J) [M][o1].ws	emu/EXTRAS/WS-duplicados/ROMS/Lode Runner (J) [M][o1].ws	duplicado (mismo contenido que la ROM conservada)
MOVIDO	emu/ROMS/WS/WonderswanRomCollectionByGhostware/Magical Drop (J) [M][b1].ws	emu/ROMS/WS/Magical Drop (J) [M][b1].ws	ROM exclusiva de subcarpeta, al primer nivel
MOVIDO	emu/ROMS/WSC/ROMS/Magical Drop (J) [M][b1].ws	emu/EXTRAS/WS-duplicados/ROMS/Magical Drop (J) [M][b1].ws	duplicado (mismo contenido que la ROM conservada)
MOVIDO	emu/ROMS/WSC/WonderswanColorRomCollectionByGhostware/Makai Toushi Sa-Ga (Japan).wsc	emu/ROMS/WSC/Makai Toushi Sa-Ga (Japan).wsc	ROM exclusiva de subcarpeta, al primer nivel
MOVIDO	emu/ROMS/WSC/ROMS/Makai Toushi Sa-Ga (J) [!].ws	emu/EXTRAS/WSC-duplicados/ROMS/Makai Toushi Sa-Ga (J) [!].ws	duplicado (mismo contenido que la ROM conservada)
MOVIDO	emu/ROMS/WS/WonderswanRomCollectionByGhostware/Makai Toushi Sa-Ga (J) [!].wsc	emu/EXTRAS/WSC-duplicados/WonderswanRomCollectionByGhostware/Makai Toushi Sa-Ga (J) [!].wsc	duplicado (mismo contenido que la ROM conservada)
MOVIDO	emu/ROMS/WSC/WonderswanColorRomCollectionByGhostware/Makai Toushi Sa-Ga (Japan).zip	emu/EXTRAS/WSC-duplicados/WonderswanColorRomCollectionByGhostware/Makai Toushi Sa-Ga (Japan).zip	duplicado (mismo contenido que la ROM conservada)
MOVIDO	emu/ROMS/WSC/WonderswanColorRomCollectionByGhostware/Meitantei Conan - Yuugure no Koujo (Japan).wsc	emu/ROMS/WS/Meitantei Conan - Yuugure no Koujo (Japan).wsc	ROM a su sistema por cabecera
MOVIDO	emu/ROMS/WSC/ROMS/Meitantei Conan - Yugure no Koujo (J) [!].ws	emu/EXTRAS/WS-duplicados/ROMS/Meitantei Conan - Yugure no Koujo (J) [!].ws	duplicado (mismo contenido que la ROM conservada)
MOVIDO	emu/ROMS/WS/WonderswanRomCollectionByGhostware/Meitantei Conan - Yugure no Koujo (J) [!].wsc	emu/EXTRAS/WS-duplicados/WonderswanRomCollectionByGhostware/Meitantei Conan - Yugure no Koujo (J) [!].wsc	duplicado (mismo contenido que la ROM conservada)
MOVIDO	emu/ROMS/WSC/WonderswanColorRomCollectionByGhostware/Meitantei Conan - Yuugure no Koujo (Japan).zip	emu/EXTRAS/WS-duplicados/WonderswanColorRomCollectionByGhostware/Meitantei Conan - Yuugure no Koujo (Japan).zip	duplicado (mismo contenido que la ROM conservada)
MOVIDO	emu/ROMS/WSC/WonderswanColorRomCollectionByGhostware/Memories Off - Festa (Japan).wsc	emu/ROMS/WSC/Memories Off - Festa (Japan).wsc	ROM exclusiva de subcarpeta, al primer nivel
MOVIDO	emu/ROMS/WSC/ROMS/Memories of Festa (J) [!].ws	emu/EXTRAS/WSC-duplicados/ROMS/Memories of Festa (J) [!].ws	duplicado (mismo contenido que la ROM conservada)
MOVIDO	emu/ROMS/WS/WonderswanRomCollectionByGhostware/Memories of Festa (J) [!].wsc	emu/EXTRAS/WSC-duplicados/WonderswanRomCollectionByGhostware/Memories of Festa (J) [!].wsc	duplicado (mismo contenido que la ROM conservada)
MOVIDO	emu/ROMS/WSC/WonderswanColorRomCollectionByGhostware/Memories Off - Festa (Japan).zip	emu/EXTRAS/WSC-duplicados/WonderswanColorRomCollectionByGhostware/Memories Off - Festa (Japan).zip	duplicado (mismo contenido que la ROM conservada)
MOVIDO	emu/ROMS/WSC/WonderswanColorRomCollectionByGhostware/Mikeneko Holmes - Ghost Panic (Japan).wsc	emu/ROMS/WSC/Mikeneko Holmes - Ghost Panic (Japan).wsc	ROM exclusiva de subcarpeta, al primer nivel
MOVIDO	emu/ROMS/WSC/ROMS/Mikeneko Holme's Ghost Panic (J) [!].ws	emu/EXTRAS/WSC-duplicados/ROMS/Mikeneko Holme's Ghost Panic (J) [!].ws	duplicado (mismo contenido que la ROM conservada)
MOVIDO	emu/ROMS/WS/WonderswanRomCollectionByGhostware/Mikeneko Holme's Ghost Panic (J) [!].wsc	emu/EXTRAS/WSC-duplicados/WonderswanRomCollectionByGhostware/Mikeneko Holme's Ghost Panic (J) [!].wsc	duplicado (mismo contenido que la ROM conservada)
MOVIDO	emu/ROMS/WSC/WonderswanColorRomCollectionByGhostware/Mikeneko Holmes - Ghost Panic (Japan).zip	emu/EXTRAS/WSC-duplicados/WonderswanColorRomCollectionByGhostware/Mikeneko Holmes - Ghost Panic (Japan).zip	duplicado (mismo contenido que la ROM conservada)
MOVIDO	emu/ROMS/WSC/ROMS/Mikeneko Holme's Ghost Panic (J) [f1].ws	emu/ROMS/WSC/Mikeneko Holme's Ghost Panic (J) [f1].ws	ROM exclusiva de subcarpeta, al primer nivel
MOVIDO	emu/ROMS/WS/WonderswanRomCollectionByGhostware/Mikeneko Holme's Ghost Panic (J) [f1].wsc	emu/EXTRAS/WSC-duplicados/WonderswanRomCollectionByGhostware/Mikeneko Holme's Ghost Panic (J) [f1].wsc	duplicado (mismo contenido que la ROM conservada)
MOVIDO	emu/ROMS/WSC/WonderswanColorRomCollectionByGhostware/Kidou Senshi Gundam Vol. 2 - Jaburo (Japan).wsc	emu/ROMS/WSC/Kidou Senshi Gundam Vol. 2 - Jaburo (Japan).wsc	ROM exclusiva de subcarpeta, al primer nivel
MOVIDO	emu/ROMS/WSC/ROMS/Mobile Suit Gundam - Volume 2 - JABURO (J) [!].ws	emu/EXTRAS/WSC-duplicados/ROMS/Mobile Suit Gundam - Volume 2 - JABURO (J) [!].ws	duplicado (mismo contenido que la ROM conservada)
MOVIDO	emu/ROMS/WS/WonderswanRomCollectionByGhostware/Mobile Suit Gundam - Volume 2 - JABURO (J) [!].wsc	emu/EXTRAS/WSC-duplicados/WonderswanRomCollectionByGhostware/Mobile Suit Gundam - Volume 2 - JABURO (J) [!].wsc	duplicado (mismo contenido que la ROM conservada)
MOVIDO	emu/ROMS/WSC/WonderswanColorRomCollectionByGhostware/Kidou Senshi Gundam Vol. 2 - Jaburo (Japan).zip	emu/EXTRAS/WSC-duplicados/WonderswanColorRomCollectionByGhostware/Kidou Senshi Gundam Vol. 2 - Jaburo (Japan).zip	duplicado (mismo contenido que la ROM conservada)
MOVIDO	emu/ROMS/WSC/ROMS/Morita Shogi (J) [M][o1].ws	emu/ROMS/WS/Morita Shogi (J) [M][o1].ws	ROM a su sistema por cabecera
MOVIDO	emu/ROMS/WS/WonderswanRomCollectionByGhostware/Morita Shougi (J) [M][o1].ws	emu/EXTRAS/WS-duplicados/WonderswanRomCollectionByGhostware/Morita Shougi (J) [M][o1].ws	duplicado (mismo contenido que la ROM conservada)
MOVIDO	emu/ROMS/WSC/WonderswanColorRomCollectionByGhostware/Mr. Driller (Japan).wsc	emu/ROMS/WSC/Mr. Driller (Japan).wsc	ROM exclusiva de subcarpeta, al primer nivel
MOVIDO	emu/ROMS/WSC/ROMS/Mr. Driller (J) [!].ws	emu/EXTRAS/WSC-duplicados/ROMS/Mr. Driller (J) [!].ws	duplicado (mismo contenido que la ROM conservada)
MOVIDO	emu/ROMS/WS/WonderswanRomCollectionByGhostware/Mr. Driller (J) [!].wsc	emu/EXTRAS/WSC-duplicados/WonderswanRomCollectionByGhostware/Mr. Driller (J) [!].wsc	duplicado (mismo contenido que la ROM conservada)
MOVIDO	emu/ROMS/WSC/WonderswanColorRomCollectionByGhostware/Mr. Driller (Japan).zip	emu/EXTRAS/WSC-duplicados/WonderswanColorRomCollectionByGhostware/Mr. Driller (Japan).zip	duplicado (mismo contenido que la ROM conservada)
MOVIDO	emu/ROMS/WS/WonderswanRomCollectionByGhostware/Mr. Driller (J) [T+Eng0.70_PmHacks].wsc	emu/ROMS/WSC/Mr. Driller (J) [T+Eng0.70_PmHacks].wsc	ROM a su sistema por cabecera
MOVIDO	emu/ROMS/WSC/WonderswanColorRomCollectionByGhostware/Namco Super Wars (Japan).wsc	emu/ROMS/WSC/Namco Super Wars (Japan).wsc	ROM exclusiva de subcarpeta, al primer nivel
MOVIDO	emu/ROMS/WS/WonderswanRomCollectionByGhostware/Namco Super Wars (J) [!].wsc	emu/EXTRAS/WSC-duplicados/WonderswanRomCollectionByGhostware/Namco Super Wars (J) [!].wsc	duplicado (mismo contenido que la ROM conservada)
MOVIDO	emu/ROMS/WSC/WonderswanColorRomCollectionByGhostware/Namco Super Wars (Japan).zip	emu/EXTRAS/WSC-duplicados/WonderswanColorRomCollectionByGhostware/Namco Super Wars (Japan).zip	duplicado (mismo contenido que la ROM conservada)
MOVIDO	emu/ROMS/WS/WonderswanRomCollectionByGhostware/Naruto (J) [b1].ws	emu/ROMS/WSC/Naruto (J) [b1].ws	ROM a su sistema por cabecera
MOVIDO	emu/ROMS/WSC/ROMS/Naruto (J) [b1].ws	emu/EXTRAS/WSC-duplicados/ROMS/Naruto (J) [b1].ws	duplicado (mismo contenido que la ROM conservada)
MOVIDO	emu/ROMS/WSC/WonderswanColorRomCollectionByGhostware/Naruto - Konoha Ninpouchou (Japan).wsc	emu/ROMS/WSC/Naruto - Konoha Ninpouchou (Japan).wsc	ROM exclusiva de subcarpeta, al primer nivel
MOVIDO	emu/ROMS/WSC/ROMS/Naruto (J).ws	emu/EXTRAS/WSC-duplicados/ROMS/Naruto (J).ws	duplicado (mismo contenido que la ROM conservada)
MOVIDO	emu/ROMS/WS/WonderswanRomCollectionByGhostware/Naruto (J).wsc	emu/EXTRAS/WSC-duplicados/WonderswanRomCollectionByGhostware/Naruto (J).wsc	duplicado (mismo contenido que la ROM conservada)
MOVIDO	emu/ROMS/WSC/WonderswanColorRomCollectionByGhostware/Naruto - Konoha Ninpouchou (Japan).zip	emu/EXTRAS/WSC-duplicados/WonderswanColorRomCollectionByGhostware/Naruto - Konoha Ninpouchou (Japan).zip	duplicado (mismo contenido que la ROM conservada)
MOVIDO	emu/ROMS/WS/WonderswanRomCollectionByGhostware/Nobunaga no Yabo (J) [M][o1].ws	emu/ROMS/WS/Nobunaga no Yabo (J) [M][o1].ws	ROM exclusiva de subcarpeta, al primer nivel
MOVIDO	emu/ROMS/WSC/ROMS/Nobunaga no Yabo (J) [M][o1].ws	emu/EXTRAS/WS-duplicados/ROMS/Nobunaga no Yabo (J) [M][o1].ws	duplicado (mismo contenido que la ROM conservada)
MOVIDO	emu/ROMS/WSC/WonderswanColorRomCollectionByGhostware/From TV Animation One Piece - Grand Battle Swan Colosseum (Japan).wsc	emu/ROMS/WSC/From TV Animation One Piece - Grand Battle Swan Colosseum (Japan).wsc	ROM exclusiva de subcarpeta, al primer nivel
MOVIDO	emu/ROMS/WSC/ROMS/One Piece - Grand Battle Swan Colloseum (J).ws	emu/EXTRAS/WSC-duplicados/ROMS/One Piece - Grand Battle Swan Colloseum (J).ws	duplicado (mismo contenido que la ROM conservada)
MOVIDO	emu/ROMS/WS/WonderswanRomCollectionByGhostware/One Piece - Grand Battle Swan Colloseum (J).wsc	emu/EXTRAS/WSC-duplicados/WonderswanRomCollectionByGhostware/One Piece - Grand Battle Swan Colloseum (J).wsc	duplicado (mismo contenido que la ROM conservada)
MOVIDO	emu/ROMS/WSC/WonderswanColorRomCollectionByGhostware/From TV Animation One Piece - Grand Battle Swan Colosseum (Japan).zip	emu/EXTRAS/WSC-duplicados/WonderswanColorRomCollectionByGhostware/From TV Animation One Piece - Grand Battle Swan Colosseum (Japan).zip	duplicado (mismo contenido que la ROM conservada)
MOVIDO	emu/ROMS/WSC/ROMS/Pocket no Naka no Doraemon (J) [f1].ws	emu/ROMS/WSC/Pocket no Naka no Doraemon (J) [f1].ws	ROM exclusiva de subcarpeta, al primer nivel
MOVIDO	emu/ROMS/WS/WonderswanRomCollectionByGhostware/Pocket no Naka no Doraemon (J) [f1].wsc	emu/EXTRAS/WSC-duplicados/WonderswanRomCollectionByGhostware/Pocket no Naka no Doraemon (J) [f1].wsc	duplicado (mismo contenido que la ROM conservada)
MOVIDO	emu/ROMS/WSC/WonderswanColorRomCollectionByGhostware/Pocket no Naka no Doraemon (Japan).wsc	emu/ROMS/WSC/Pocket no Naka no Doraemon (Japan).wsc	ROM exclusiva de subcarpeta, al primer nivel
MOVIDO	emu/ROMS/WSC/ROMS/Pocket no Naka no Doraemon (J).ws	emu/EXTRAS/WSC-duplicados/ROMS/Pocket no Naka no Doraemon (J).ws	duplicado (mismo contenido que la ROM conservada)
MOVIDO	emu/ROMS/WS/WonderswanRomCollectionByGhostware/Pocket no Naka no Doraemon (J).wsc	emu/EXTRAS/WSC-duplicados/WonderswanRomCollectionByGhostware/Pocket no Naka no Doraemon (J).wsc	duplicado (mismo contenido que la ROM conservada)
MOVIDO	emu/ROMS/WSC/WonderswanColorRomCollectionByGhostware/Pocket no Naka no Doraemon (Japan).zip	emu/EXTRAS/WSC-duplicados/WonderswanColorRomCollectionByGhostware/Pocket no Naka no Doraemon (Japan).zip	duplicado (mismo contenido que la ROM conservada)
MOVIDO	emu/ROMS/WSC/WonderswanColorRomCollectionByGhostware/Raku Jongg (Japan).wsc	emu/ROMS/WS/Raku Jongg (Japan).wsc	ROM a su sistema por cabecera
MOVIDO	emu/ROMS/WSC/ROMS/Raku Jongg (J) [!].ws	emu/EXTRAS/WS-duplicados/ROMS/Raku Jongg (J) [!].ws	duplicado (mismo contenido que la ROM conservada)
MOVIDO	emu/ROMS/WS/WonderswanRomCollectionByGhostware/Raku Jongg (J) [!].wsc	emu/EXTRAS/WS-duplicados/WonderswanRomCollectionByGhostware/Raku Jongg (J) [!].wsc	duplicado (mismo contenido que la ROM conservada)
MOVIDO	emu/ROMS/WSC/WonderswanColorRomCollectionByGhostware/Raku Jongg (Japan).zip	emu/EXTRAS/WS-duplicados/WonderswanColorRomCollectionByGhostware/Raku Jongg (Japan).zip	duplicado (mismo contenido que la ROM conservada)
MOVIDO	emu/ROMS/WSC/ROMS/Raku Jongg (J) [f1].ws	emu/ROMS/WS/Raku Jongg (J) [f1].ws	ROM a su sistema por cabecera
MOVIDO	emu/ROMS/WS/WonderswanRomCollectionByGhostware/Raku Jongg (J) [f1].wsc	emu/EXTRAS/WS-duplicados/WonderswanRomCollectionByGhostware/Raku Jongg (J) [f1].wsc	duplicado (mismo contenido que la ROM conservada)
MOVIDO	emu/ROMS/WSC/WonderswanColorRomCollectionByGhostware/Rhyme Rider Kerorican (Japan).wsc	emu/ROMS/WSC/Rhyme Rider Kerorican (Japan).wsc	ROM exclusiva de subcarpeta, al primer nivel
MOVIDO	emu/ROMS/WSC/ROMS/Rhyme Rider Kerorikan (J) [!].ws	emu/EXTRAS/WSC-duplicados/ROMS/Rhyme Rider Kerorikan (J) [!].ws	duplicado (mismo contenido que la ROM conservada)
MOVIDO	emu/ROMS/WS/WonderswanRomCollectionByGhostware/Rhyme Rider Kerorikan (J) [!].wsc	emu/EXTRAS/WSC-duplicados/WonderswanRomCollectionByGhostware/Rhyme Rider Kerorikan (J) [!].wsc	duplicado (mismo contenido que la ROM conservada)
MOVIDO	emu/ROMS/WSC/WonderswanColorRomCollectionByGhostware/Rhyme Rider Kerorican (Japan).zip	emu/EXTRAS/WSC-duplicados/WonderswanColorRomCollectionByGhostware/Rhyme Rider Kerorican (Japan).zip	duplicado (mismo contenido que la ROM conservada)
MOVIDO	emu/ROMS/WS/WonderswanRomCollectionByGhostware/Rockman & Forte - Mirai Kara no Chousen Sha (J) [M][t1].ws	emu/ROMS/WS/Rockman & Forte - Mirai Kara no Chousen Sha (J) [M][t1].ws	ROM exclusiva de subcarpeta, al primer nivel
MOVIDO	emu/ROMS/WSC/WonderswanColorRomCollectionByGhostware/Rockman EXE - N1 Battle (Japan).wsc	emu/ROMS/WSC/Rockman EXE - N1 Battle (Japan).wsc	ROM exclusiva de subcarpeta, al primer nivel
MOVIDO	emu/ROMS/WS/WonderswanRomCollectionByGhostware/Rockman EXE N1 Battle (J).wsc	emu/EXTRAS/WSC-duplicados/WonderswanRomCollectionByGhostware/Rockman EXE N1 Battle (J).wsc	duplicado (mismo contenido que la ROM conservada)
MOVIDO	emu/ROMS/WSC/ROMS/Rockman EXE N1 Battle SWJ-CPCC01 (J).ws	emu/EXTRAS/WSC-duplicados/ROMS/Rockman EXE N1 Battle SWJ-CPCC01 (J).ws	duplicado (mismo contenido que la ROM conservada)
MOVIDO	emu/ROMS/WSC/WonderswanColorRomCollectionByGhostware/Rockman EXE - N1 Battle (Japan).zip	emu/EXTRAS/WSC-duplicados/WonderswanColorRomCollectionByGhostware/Rockman EXE - N1 Battle (Japan).zip	duplicado (mismo contenido que la ROM conservada)
MOVIDO	emu/ROMS/WS/WonderswanRomCollectionByGhostware/Rockman EXE WS (J) [b1].ws	emu/ROMS/WSC/Rockman EXE WS (J) [b1].ws	ROM a su sistema por cabecera
MOVIDO	emu/ROMS/WSC/ROMS/Rockman EXE WS (J) [b1].ws	emu/EXTRAS/WSC-duplicados/ROMS/Rockman EXE WS (J) [b1].ws	duplicado (mismo contenido que la ROM conservada)
MOVIDO	emu/ROMS/WSC/WonderswanColorRomCollectionByGhostware/Rockman EXE WS (Japan).wsc	emu/ROMS/WSC/Rockman EXE WS (Japan).wsc	ROM exclusiva de subcarpeta, al primer nivel
MOVIDO	emu/ROMS/WSC/ROMS/Rockman EXE WS (J).ws	emu/EXTRAS/WSC-duplicados/ROMS/Rockman EXE WS (J).ws	duplicado (mismo contenido que la ROM conservada)
MOVIDO	emu/ROMS/WS/WonderswanRomCollectionByGhostware/Rockman EXE WS (J).wsc	emu/EXTRAS/WSC-duplicados/WonderswanRomCollectionByGhostware/Rockman EXE WS (J).wsc	duplicado (mismo contenido que la ROM conservada)
MOVIDO	emu/ROMS/WSC/WonderswanColorRomCollectionByGhostware/Rockman EXE WS (Japan).zip	emu/EXTRAS/WSC-duplicados/WonderswanColorRomCollectionByGhostware/Rockman EXE WS (Japan).zip	duplicado (mismo contenido que la ROM conservada)
MOVIDO	emu/ROMS/WSC/WonderswanColorRomCollectionByGhostware/Romancing Sa-Ga (Japan).wsc	emu/ROMS/WSC/Romancing Sa-Ga (Japan).wsc	ROM exclusiva de subcarpeta, al primer nivel
MOVIDO	emu/ROMS/WSC/ROMS/Romancing Saga (J) [!].ws	emu/EXTRAS/WSC-duplicados/ROMS/Romancing Saga (J) [!].ws	duplicado (mismo contenido que la ROM conservada)
MOVIDO	emu/ROMS/WS/WonderswanRomCollectionByGhostware/Romancing Saga (J) [!].wsc	emu/EXTRAS/WSC-duplicados/WonderswanRomCollectionByGhostware/Romancing Saga (J) [!].wsc	duplicado (mismo contenido que la ROM conservada)
MOVIDO	emu/ROMS/WSC/WonderswanColorRomCollectionByGhostware/Romancing Sa-Ga (Japan).zip	emu/EXTRAS/WSC-duplicados/WonderswanColorRomCollectionByGhostware/Romancing Sa-Ga (Japan).zip	duplicado (mismo contenido que la ROM conservada)
MOVIDO	emu/ROMS/WSC/WonderswanColorRomCollectionByGhostware/RUN=DIM - Return to Earth (Japan).wsc	emu/ROMS/WS/RUN=DIM - Return to Earth (Japan).wsc	ROM a su sistema por cabecera
MOVIDO	emu/ROMS/WS/WonderswanRomCollectionByGhostware/RUN=DIM Return to Earth (J) [!].wsc	emu/EXTRAS/WS-duplicados/WonderswanRomCollectionByGhostware/RUN=DIM Return to Earth (J) [!].wsc	duplicado (mismo contenido que la ROM conservada)
MOVIDO	emu/ROMS/WSC/WonderswanColorRomCollectionByGhostware/RUN=DIM - Return to Earth (Japan).zip	emu/EXTRAS/WS-duplicados/WonderswanColorRomCollectionByGhostware/RUN=DIM - Return to Earth (Japan).zip	duplicado (mismo contenido que la ROM conservada)
MOVIDO	emu/ROMS/WSC/WonderswanColorRomCollectionByGhostware/Saint Seiya - Ougon Densetsu Hen - Perfect Edition (Japan).wsc	emu/ROMS/WSC/Saint Seiya - Ougon Densetsu Hen - Perfect Edition (Japan).wsc	ROM exclusiva de subcarpeta, al primer nivel
MOVIDO	emu/ROMS/WSC/ROMS/Saint Seiya - Ougon Densetsu Hen Perfect Edition (J).ws	emu/EXTRAS/WSC-duplicados/ROMS/Saint Seiya - Ougon Densetsu Hen Perfect Edition (J).ws	duplicado (mismo contenido que la ROM conservada)
MOVIDO	emu/ROMS/WS/WonderswanRomCollectionByGhostware/Saint Seiya - Ougon Densetsu Hen Perfect Edition (J).wsc	emu/EXTRAS/WSC-duplicados/WonderswanRomCollectionByGhostware/Saint Seiya - Ougon Densetsu Hen Perfect Edition (J).wsc	duplicado (mismo contenido que la ROM conservada)
MOVIDO	emu/ROMS/WSC/WonderswanColorRomCollectionByGhostware/Saint Seiya - Ougon Densetsu Hen - Perfect Edition (Japan).zip	emu/EXTRAS/WSC-duplicados/WonderswanColorRomCollectionByGhostware/Saint Seiya - Ougon Densetsu Hen - Perfect Edition (Japan).zip	duplicado (mismo contenido que la ROM conservada)
MOVIDO	emu/ROMS/WSC/WonderswanColorRomCollectionByGhostware/SD Gundam - Operation U.C. (Japan).wsc	emu/ROMS/WSC/SD Gundam - Operation U.C. (Japan).wsc	ROM exclusiva de subcarpeta, al primer nivel
MOVIDO	emu/ROMS/WSC/ROMS/SD Gundam - Operation U.C. (J).ws	emu/EXTRAS/WSC-duplicados/ROMS/SD Gundam - Operation U.C. (J).ws	duplicado (mismo contenido que la ROM conservada)
MOVIDO	emu/ROMS/WS/WonderswanRomCollectionByGhostware/SD Gundam - Operation U.C. (J).wsc	emu/EXTRAS/WSC-duplicados/WonderswanRomCollectionByGhostware/SD Gundam - Operation U.C. (J).wsc	duplicado (mismo contenido que la ROM conservada)
MOVIDO	emu/ROMS/WSC/WonderswanColorRomCollectionByGhostware/SD Gundam - Operation U.C. (Japan).zip	emu/EXTRAS/WSC-duplicados/WonderswanColorRomCollectionByGhostware/SD Gundam - Operation U.C. (Japan).zip	duplicado (mismo contenido que la ROM conservada)
MOVIDO	emu/ROMS/WSC/WonderswanColorRomCollectionByGhostware/SD Gundam G Generation - Gather Beat 2 (Japan).wsc	emu/ROMS/WSC/SD Gundam G Generation - Gather Beat 2 (Japan).wsc	ROM exclusiva de subcarpeta, al primer nivel
MOVIDO	emu/ROMS/WSC/ROMS/SD Gundam G Generation - Gather Beat 2 (J) [!].ws	emu/EXTRAS/WSC-duplicados/ROMS/SD Gundam G Generation - Gather Beat 2 (J) [!].ws	duplicado (mismo contenido que la ROM conservada)
MOVIDO	emu/ROMS/WS/WonderswanRomCollectionByGhostware/SD Gundam G Generation - Gather Beat 2 (J) [!].wsc	emu/EXTRAS/WSC-duplicados/WonderswanRomCollectionByGhostware/SD Gundam G Generation - Gather Beat 2 (J) [!].wsc	duplicado (mismo contenido que la ROM conservada)
MOVIDO	emu/ROMS/WSC/WonderswanColorRomCollectionByGhostware/SD Gundam G Generation - Gather Beat 2 (Japan).zip	emu/EXTRAS/WSC-duplicados/WonderswanColorRomCollectionByGhostware/SD Gundam G Generation - Gather Beat 2 (Japan).zip	duplicado (mismo contenido que la ROM conservada)
MOVIDO	emu/ROMS/WSC/WonderswanColorRomCollectionByGhostware/SD Gundam G Generation - Mono-Eye Gundams (Japan).wsc	emu/ROMS/WSC/SD Gundam G Generation - Mono-Eye Gundams (Japan).wsc	ROM exclusiva de subcarpeta, al primer nivel
MOVIDO	emu/ROMS/WSC/ROMS/SD Gundam G Generation - Mono-Eye Gundams (J).ws	emu/EXTRAS/WSC-duplicados/ROMS/SD Gundam G Generation - Mono-Eye Gundams (J).ws	duplicado (mismo contenido que la ROM conservada)
MOVIDO	emu/ROMS/WS/WonderswanRomCollectionByGhostware/SD Gundam G Generation - Mono-Eye Gundams (J).wsc	emu/EXTRAS/WSC-duplicados/WonderswanRomCollectionByGhostware/SD Gundam G Generation - Mono-Eye Gundams (J).wsc	duplicado (mismo contenido que la ROM conservada)
MOVIDO	emu/ROMS/WSC/WonderswanColorRomCollectionByGhostware/SD Gundam G Generation - Mono-Eye Gundams (Japan).zip	emu/EXTRAS/WSC-duplicados/WonderswanColorRomCollectionByGhostware/SD Gundam G Generation - Mono-Eye Gundams (Japan).zip	duplicado (mismo contenido que la ROM conservada)
MOVIDO	emu/ROMS/WSC/WonderswanColorRomCollectionByGhostware/Shaman King - Asu e no Ishi (Japan).wsc	emu/ROMS/WSC/Shaman King - Asu e no Ishi (Japan).wsc	ROM exclusiva de subcarpeta, al primer nivel
MOVIDO	emu/ROMS/WS/WonderswanRomCollectionByGhostware/Shaman King Mirai E no Ishi (J) [b1].ws	emu/EXTRAS/WSC-duplicados/WonderswanRomCollectionByGhostware/Shaman King Mirai E no Ishi (J) [b1].ws	duplicado (mismo contenido que la ROM conservada)
MOVIDO	emu/ROMS/WSC/ROMS/Shaman King Mirai E no Ishi (J) [b1].ws	emu/EXTRAS/WSC-duplicados/ROMS/Shaman King Mirai E no Ishi (J) [b1].ws	duplicado (mismo contenido que la ROM conservada)
MOVIDO	emu/ROMS/WSC/WonderswanColorRomCollectionByGhostware/Shaman King - Asu e no Ishi (Japan).zip	emu/EXTRAS/WSC-duplicados/WonderswanColorRomCollectionByGhostware/Shaman King - Asu e no Ishi (Japan).zip	duplicado (mismo contenido que la ROM conservada)
MOVIDO	emu/ROMS/WSC/WonderswanColorRomCollectionByGhostware/Shaman King - Asu e no Ishi (Japan) (v1.1).wsc	emu/ROMS/WSC/Shaman King - Asu e no Ishi (Japan) (v1.1).wsc	ROM exclusiva de subcarpeta, al primer nivel
MOVIDO	emu/ROMS/WSC/ROMS/Shaman King Mirai E no Ishi (J).ws	emu/EXTRAS/WSC-duplicados/ROMS/Shaman King Mirai E no Ishi (J).ws	duplicado (mismo contenido que la ROM conservada)
MOVIDO	emu/ROMS/WS/WonderswanRomCollectionByGhostware/Shaman King Mirai E no Ishi (J).wsc	emu/EXTRAS/WSC-duplicados/WonderswanRomCollectionByGhostware/Shaman King Mirai E no Ishi (J).wsc	duplicado (mismo contenido que la ROM conservada)
MOVIDO	emu/ROMS/WSC/WonderswanColorRomCollectionByGhostware/Shaman King - Asu e no Ishi (Japan) (v1.1).zip	emu/EXTRAS/WSC-duplicados/WonderswanColorRomCollectionByGhostware/Shaman King - Asu e no Ishi (Japan) (v1.1).zip	duplicado (mismo contenido que la ROM conservada)
MOVIDO	emu/ROMS/WS/WonderswanRomCollectionByGhostware/Shogi Touryuumon (J) [M][o1].ws	emu/ROMS/WS/Shogi Touryuumon (J) [M][o1].ws	ROM exclusiva de subcarpeta, al primer nivel
MOVIDO	emu/ROMS/WSC/ROMS/Shogi Touryuumon (J) [M][o1].ws	emu/EXTRAS/WS-duplicados/ROMS/Shogi Touryuumon (J) [M][o1].ws	duplicado (mismo contenido que la ROM conservada)
MOVIDO	emu/ROMS/WS/WonderswanRomCollectionByGhostware/Slither Link (J) [M][o1].ws	emu/ROMS/WS/Slither Link (J) [M][o1].ws	ROM exclusiva de subcarpeta, al primer nivel
MOVIDO	emu/ROMS/WSC/ROMS/Slither Link (J) [M][o1].ws	emu/EXTRAS/WS-duplicados/ROMS/Slither Link (J) [M][o1].ws	duplicado (mismo contenido que la ROM conservada)
MOVIDO	emu/ROMS/WS/WonderswanRomCollectionByGhostware/Slither Link (J) [M][o1][f1].ws	emu/ROMS/WS/Slither Link (J) [M][o1][f1].ws	ROM exclusiva de subcarpeta, al primer nivel
MOVIDO	emu/ROMS/WSC/ROMS/Slither Link (J) [M][o1][f1].ws	emu/EXTRAS/WS-duplicados/ROMS/Slither Link (J) [M][o1][f1].ws	duplicado (mismo contenido que la ROM conservada)
MOVIDO	emu/ROMS/WSC/WonderswanColorRomCollectionByGhostware/Sorobang (Japan).wsc	emu/ROMS/WS/Sorobang (Japan).wsc	ROM a su sistema por cabecera
MOVIDO	emu/ROMS/WSC/ROMS/Soroban Gu (J) [!].ws	emu/EXTRAS/WS-duplicados/ROMS/Soroban Gu (J) [!].ws	duplicado (mismo contenido que la ROM conservada)
MOVIDO	emu/ROMS/WS/WonderswanRomCollectionByGhostware/Soroban Gu (J) [!].wsc	emu/EXTRAS/WS-duplicados/WonderswanRomCollectionByGhostware/Soroban Gu (J) [!].wsc	duplicado (mismo contenido que la ROM conservada)
MOVIDO	emu/ROMS/WSC/WonderswanColorRomCollectionByGhostware/Sorobang (Japan).zip	emu/EXTRAS/WS-duplicados/WonderswanColorRomCollectionByGhostware/Sorobang (Japan).zip	duplicado (mismo contenido que la ROM conservada)
MOVIDO	emu/ROMS/WSC/WonderswanColorRomCollectionByGhostware/Star Hearts - Hoshi to Daichi no Shisha (Japan).wsc	emu/ROMS/WSC/Star Hearts - Hoshi to Daichi no Shisha (Japan).wsc	ROM exclusiva de subcarpeta, al primer nivel
MOVIDO	emu/ROMS/WSC/ROMS/Star Hearts (J) [!].ws	emu/EXTRAS/WSC-duplicados/ROMS/Star Hearts (J) [!].ws	duplicado (mismo contenido que la ROM conservada)
MOVIDO	emu/ROMS/WS/WonderswanRomCollectionByGhostware/Star Hearts (J) [!].wsc	emu/EXTRAS/WSC-duplicados/WonderswanRomCollectionByGhostware/Star Hearts (J) [!].wsc	duplicado (mismo contenido que la ROM conservada)
MOVIDO	emu/ROMS/WSC/WonderswanColorRomCollectionByGhostware/Star Hearts - Hoshi to Daichi no Shisha (Japan).zip	emu/EXTRAS/WSC-duplicados/WonderswanColorRomCollectionByGhostware/Star Hearts - Hoshi to Daichi no Shisha (Japan).zip	duplicado (mismo contenido que la ROM conservada)
MOVIDO	emu/ROMS/WSC/WonderswanColorRomCollectionByGhostware/Star Hearts - Hoshi to Daichi no Shisha - Taikenban (Japan).wsc	emu/ROMS/WS/Star Hearts - Hoshi to Daichi no Shisha - Taikenban (Japan).wsc	ROM a su sistema por cabecera
MOVIDO	emu/ROMS/WSC/ROMS/Star Hearts Taikenban (J) [!].ws	emu/EXTRAS/WS-duplicados/ROMS/Star Hearts Taikenban (J) [!].ws	duplicado (mismo contenido que la ROM conservada)
MOVIDO	emu/ROMS/WS/WonderswanRomCollectionByGhostware/Star Hearts Taikenban (J) [!].wsc	emu/EXTRAS/WS-duplicados/WonderswanRomCollectionByGhostware/Star Hearts Taikenban (J) [!].wsc	duplicado (mismo contenido que la ROM conservada)
MOVIDO	emu/ROMS/WSC/WonderswanColorRomCollectionByGhostware/Star Hearts - Hoshi to Daichi no Shisha - Taikenban (Japan).zip	emu/EXTRAS/WS-duplicados/WonderswanColorRomCollectionByGhostware/Star Hearts - Hoshi to Daichi no Shisha - Taikenban (Japan).zip	duplicado (mismo contenido que la ROM conservada)
MOVIDO	emu/ROMS/WSC/WonderswanColorRomCollectionByGhostware/Super Robot Taisen Compact for WonderSwan Color (Japan).wsc	emu/ROMS/WSC/Super Robot Taisen Compact for WonderSwan Color (Japan).wsc	ROM exclusiva de subcarpeta, al primer nivel
MOVIDO	emu/ROMS/WSC/ROMS/Super Robot Taisen Compact (J) [!].ws	emu/EXTRAS/WSC-duplicados/ROMS/Super Robot Taisen Compact (J) [!].ws	duplicado (mismo contenido que la ROM conservada)
MOVIDO	emu/ROMS/WS/WonderswanRomCollectionByGhostware/Super Robot Taisen Compact (J) [!].wsc	emu/EXTRAS/WSC-duplicados/WonderswanRomCollectionByGhostware/Super Robot Taisen Compact (J) [!].wsc	duplicado (mismo contenido que la ROM conservada)
MOVIDO	emu/ROMS/WSC/WonderswanColorRomCollectionByGhostware/Super Robot Taisen Compact for WonderSwan Color (Japan).zip	emu/EXTRAS/WSC-duplicados/WonderswanColorRomCollectionByGhostware/Super Robot Taisen Compact for WonderSwan Color (Japan).zip	duplicado (mismo contenido que la ROM conservada)
MOVIDO	emu/ROMS/WSC/WonderswanColorRomCollectionByGhostware/Super Robot Taisen Compact 3 (Japan) (v1.5).wsc	emu/ROMS/WSC/Super Robot Taisen Compact 3 (Japan) (v1.5).wsc	ROM exclusiva de subcarpeta, al primer nivel
MOVIDO	emu/ROMS/WSC/ROMS/Super Robot Taisen Compact 3 (J).ws	emu/EXTRAS/WSC-duplicados/ROMS/Super Robot Taisen Compact 3 (J).ws	duplicado (mismo contenido que la ROM conservada)
MOVIDO	emu/ROMS/WS/WonderswanRomCollectionByGhostware/Super Robot Taisen Compact 3 (J) (V1.5).wsc	emu/EXTRAS/WSC-duplicados/WonderswanRomCollectionByGhostware/Super Robot Taisen Compact 3 (J) (V1.5).wsc	duplicado (mismo contenido que la ROM conservada)
MOVIDO	emu/ROMS/WSC/WonderswanColorRomCollectionByGhostware/Super Robot Taisen Compact 3 (Japan) (v1.5).zip	emu/EXTRAS/WSC-duplicados/WonderswanColorRomCollectionByGhostware/Super Robot Taisen Compact 3 (Japan) (v1.5).zip	duplicado (mismo contenido que la ROM conservada)
MOVIDO	emu/ROMS/WSC/WonderswanColorRomCollectionByGhostware/Super Robot Taisen Compact 3 (Japan) (v1.6).wsc	emu/ROMS/WSC/Super Robot Taisen Compact 3 (Japan) (v1.6).wsc	ROM exclusiva de subcarpeta, al primer nivel
MOVIDO	emu/ROMS/WS/WonderswanRomCollectionByGhostware/Super Robot Taisen Compact 3 (J) (V1.6).wsc	emu/EXTRAS/WSC-duplicados/WonderswanRomCollectionByGhostware/Super Robot Taisen Compact 3 (J) (V1.6).wsc	duplicado (mismo contenido que la ROM conservada)
MOVIDO	emu/ROMS/WSC/WonderswanColorRomCollectionByGhostware/Super Robot Taisen Compact 3 (Japan) (v1.6).zip	emu/EXTRAS/WSC-duplicados/WonderswanColorRomCollectionByGhostware/Super Robot Taisen Compact 3 (Japan) (v1.6).zip	duplicado (mismo contenido que la ROM conservada)
MOVIDO	emu/ROMS/WS/WonderswanRomCollectionByGhostware/Taikyoku Igo Heisei Kiin (J) [!].wsc	emu/ROMS/WS/Taikyoku Igo Heisei Kiin (J) [!].wsc	ROM exclusiva de subcarpeta, al primer nivel
MOVIDO	emu/ROMS/WSC/WonderswanColorRomCollectionByGhostware/Terrors 2 (Japan).wsc	emu/ROMS/WSC/Terrors 2 (Japan).wsc	ROM exclusiva de subcarpeta, al primer nivel
MOVIDO	emu/ROMS/WSC/ROMS/Terrors 2 (J) [!].ws	emu/EXTRAS/WSC-duplicados/ROMS/Terrors 2 (J) [!].ws	duplicado (mismo contenido que la ROM conservada)
MOVIDO	emu/ROMS/WS/WonderswanRomCollectionByGhostware/Terrors 2 (J) [!].wsc	emu/EXTRAS/WSC-duplicados/WonderswanRomCollectionByGhostware/Terrors 2 (J) [!].wsc	duplicado (mismo contenido que la ROM conservada)
MOVIDO	emu/ROMS/WSC/WonderswanColorRomCollectionByGhostware/Terrors 2 (Japan).zip	emu/EXTRAS/WSC-duplicados/WonderswanColorRomCollectionByGhostware/Terrors 2 (Japan).zip	duplicado (mismo contenido que la ROM conservada)
MOVIDO	emu/ROMS/WSC/ROMS/Terrors 2 (J) [f1].ws	emu/ROMS/WSC/Terrors 2 (J) [f1].ws	ROM exclusiva de subcarpeta, al primer nivel
MOVIDO	emu/ROMS/WS/WonderswanRomCollectionByGhostware/Terrors 2 (J) [f1].wsc	emu/EXTRAS/WSC-duplicados/WonderswanRomCollectionByGhostware/Terrors 2 (J) [f1].wsc	duplicado (mismo contenido que la ROM conservada)
MOVIDO	emu/ROMS/WSC/WonderswanColorRomCollectionByGhostware/Tetris (Japan).wsc	emu/ROMS/WSC/Tetris (Japan).wsc	ROM exclusiva de subcarpeta, al primer nivel
MOVIDO	emu/ROMS/WS/WonderswanRomCollectionByGhostware/Tetris (J) [!].wsc	emu/EXTRAS/WSC-duplicados/WonderswanRomCollectionByGhostware/Tetris (J) [!].wsc	duplicado (mismo contenido que la ROM conservada)
MOVIDO	emu/ROMS/WSC/WonderswanColorRomCollectionByGhostware/Tetris (Japan).zip	emu/EXTRAS/WSC-duplicados/WonderswanColorRomCollectionByGhostware/Tetris (Japan).zip	duplicado (mismo contenido que la ROM conservada)
MOVIDO	emu/ROMS/WS/WonderswanRomCollectionByGhostware/TextDemo by Goldmomo (PD).wsc	emu/ROMS/WSC/TextDemo by Goldmomo (PD).wsc	ROM a su sistema por cabecera
MOVIDO	emu/ROMS/WSC/WonderswanColorRomCollectionByGhostware/Tonpuusou (Japan).wsc	emu/ROMS/WSC/Tonpuusou (Japan).wsc	ROM exclusiva de subcarpeta, al primer nivel
MOVIDO	emu/ROMS/WSC/ROMS/Tonpusou (J) [!].ws	emu/EXTRAS/WSC-duplicados/ROMS/Tonpusou (J) [!].ws	duplicado (mismo contenido que la ROM conservada)
MOVIDO	emu/ROMS/WS/WonderswanRomCollectionByGhostware/Tonpusou (J) [!].wsc	emu/EXTRAS/WSC-duplicados/WonderswanRomCollectionByGhostware/Tonpusou (J) [!].wsc	duplicado (mismo contenido que la ROM conservada)
MOVIDO	emu/ROMS/WSC/WonderswanColorRomCollectionByGhostware/Tonpuusou (Japan).zip	emu/EXTRAS/WSC-duplicados/WonderswanColorRomCollectionByGhostware/Tonpuusou (Japan).zip	duplicado (mismo contenido que la ROM conservada)
MOVIDO	emu/ROMS/WSC/ROMS/Tonpusou (J) [f1].ws	emu/ROMS/WSC/Tonpusou (J) [f1].ws	ROM exclusiva de subcarpeta, al primer nivel
MOVIDO	emu/ROMS/WS/WonderswanRomCollectionByGhostware/Tonpusou (J) [f1].wsc	emu/EXTRAS/WSC-duplicados/WonderswanRomCollectionByGhostware/Tonpusou (J) [f1].wsc	duplicado (mismo contenido que la ROM conservada)
MOVIDO	emu/ROMS/WSC/ROMS/Trump Collection 2 (J) [!].ws	emu/ROMS/WS/Trump Collection 2 (J) [!].ws	ROM a su sistema por cabecera
MOVIDO	emu/ROMS/WS/WonderswanRomCollectionByGhostware/Trump Collection 2 (J) [M][!].ws	emu/EXTRAS/WS-duplicados/WonderswanRomCollectionByGhostware/Trump Collection 2 (J) [M][!].ws	duplicado (mismo contenido que la ROM conservada)
MOVIDO	emu/ROMS/WS/WonderswanRomCollectionByGhostware/Trump Collection Bottom Up Teki Trump Seikatsu (J) [M][o1].ws	emu/ROMS/WS/Trump Collection Bottom Up Teki Trump Seikatsu (J) [M][o1].ws	ROM exclusiva de subcarpeta, al primer nivel
MOVIDO	emu/ROMS/WSC/ROMS/Trump Collection Bottom Up Teki Trump Seikatsu (J) [M][o1].ws	emu/EXTRAS/WS-duplicados/ROMS/Trump Collection Bottom Up Teki Trump Seikatsu (J) [M][o1].ws	duplicado (mismo contenido que la ROM conservada)
MOVIDO	emu/ROMS/WSC/WonderswanColorRomCollectionByGhostware/Uchuu Senkan Yamato (Japan).wsc	emu/ROMS/WS/Uchuu Senkan Yamato (Japan).wsc	ROM a su sistema por cabecera
MOVIDO	emu/ROMS/WSC/ROMS/Uchuu Senkan Yamato (J) [!].ws	emu/EXTRAS/WS-duplicados/ROMS/Uchuu Senkan Yamato (J) [!].ws	duplicado (mismo contenido que la ROM conservada)
MOVIDO	emu/ROMS/WS/WonderswanRomCollectionByGhostware/Uchuu Senkan Yamato (J) [!].wsc	emu/EXTRAS/WS-duplicados/WonderswanRomCollectionByGhostware/Uchuu Senkan Yamato (J) [!].wsc	duplicado (mismo contenido que la ROM conservada)
MOVIDO	emu/ROMS/WSC/WonderswanColorRomCollectionByGhostware/Uchuu Senkan Yamato (Japan).zip	emu/EXTRAS/WS-duplicados/WonderswanColorRomCollectionByGhostware/Uchuu Senkan Yamato (Japan).zip	duplicado (mismo contenido que la ROM conservada)
MOVIDO	emu/ROMS/WS/WonderswanRomCollectionByGhostware/Uchuu Senkan Yamato (J) [b1].ws	emu/ROMS/WS/Uchuu Senkan Yamato (J) [b1].ws	ROM exclusiva de subcarpeta, al primer nivel
MOVIDO	emu/ROMS/WSC/ROMS/Uchuu Senkan Yamato (J) [b1].ws	emu/EXTRAS/WS-duplicados/ROMS/Uchuu Senkan Yamato (J) [b1].ws	duplicado (mismo contenido que la ROM conservada)
MOVIDO	emu/ROMS/WSC/WonderswanColorRomCollectionByGhostware/Ultraman - Hikari no Kuni no Shisha (Japan).wsc	emu/ROMS/WSC/Ultraman - Hikari no Kuni no Shisha (Japan).wsc	ROM exclusiva de subcarpeta, al primer nivel
MOVIDO	emu/ROMS/WSC/ROMS/Ultraman - Hikari no Kuni no Shisha (J).ws	emu/EXTRAS/WSC-duplicados/ROMS/Ultraman - Hikari no Kuni no Shisha (J).ws	duplicado (mismo contenido que la ROM conservada)
MOVIDO	emu/ROMS/WS/WonderswanRomCollectionByGhostware/Ultraman - Hikari no Kuni no Shisha (J).wsc	emu/EXTRAS/WSC-duplicados/WonderswanRomCollectionByGhostware/Ultraman - Hikari no Kuni no Shisha (J).wsc	duplicado (mismo contenido que la ROM conservada)
MOVIDO	emu/ROMS/WSC/WonderswanColorRomCollectionByGhostware/Ultraman - Hikari no Kuni no Shisha (Japan).zip	emu/EXTRAS/WSC-duplicados/WonderswanColorRomCollectionByGhostware/Ultraman - Hikari no Kuni no Shisha (Japan).zip	duplicado (mismo contenido que la ROM conservada)
MOVIDO	emu/ROMS/WS/WonderswanRomCollectionByGhostware/Walking Dudes Demo V1 by Zalas (PD).ws	emu/ROMS/WS/Walking Dudes Demo V1 by Zalas (PD).ws	ROM exclusiva de subcarpeta, al primer nivel
MOVIDO	emu/ROMS/WSC/WonderswanColorRomCollectionByGhostware/Wild Card (Japan).wsc	emu/ROMS/WSC/Wild Card (Japan).wsc	ROM exclusiva de subcarpeta, al primer nivel
MOVIDO	emu/ROMS/WSC/ROMS/Wild Card (J) [!].ws	emu/EXTRAS/WSC-duplicados/ROMS/Wild Card (J) [!].ws	duplicado (mismo contenido que la ROM conservada)
MOVIDO	emu/ROMS/WS/WonderswanRomCollectionByGhostware/Wild Card (J) [!].wsc	emu/EXTRAS/WSC-duplicados/WonderswanRomCollectionByGhostware/Wild Card (J) [!].wsc	duplicado (mismo contenido que la ROM conservada)
MOVIDO	emu/ROMS/WSC/WonderswanColorRomCollectionByGhostware/Wild Card (Japan).zip	emu/EXTRAS/WSC-duplicados/WonderswanColorRomCollectionByGhostware/Wild Card (Japan).zip	duplicado (mismo contenido que la ROM conservada)
MOVIDO	emu/ROMS/WSC/WonderswanColorRomCollectionByGhostware/With You - Mitsumete Itai (Japan).wsc	emu/ROMS/WSC/With You - Mitsumete Itai (Japan).wsc	ROM exclusiva de subcarpeta, al primer nivel
MOVIDO	emu/ROMS/WSC/ROMS/With You Mitsumete Itai (J) [!].ws	emu/EXTRAS/WSC-duplicados/ROMS/With You Mitsumete Itai (J) [!].ws	duplicado (mismo contenido que la ROM conservada)
MOVIDO	emu/ROMS/WS/WonderswanRomCollectionByGhostware/With You Mitsumete Itai (J) [!].wsc	emu/EXTRAS/WSC-duplicados/WonderswanRomCollectionByGhostware/With You Mitsumete Itai (J) [!].wsc	duplicado (mismo contenido que la ROM conservada)
MOVIDO	emu/ROMS/WSC/WonderswanColorRomCollectionByGhostware/With You - Mitsumete Itai (Japan).zip	emu/EXTRAS/WSC-duplicados/WonderswanColorRomCollectionByGhostware/With You - Mitsumete Itai (Japan).zip	duplicado (mismo contenido que la ROM conservada)
MOVIDO	emu/ROMS/WSC/ROMS/With You Mitsumete Itai (J) [f1].ws	emu/ROMS/WSC/With You Mitsumete Itai (J) [f1].ws	ROM exclusiva de subcarpeta, al primer nivel
MOVIDO	emu/ROMS/WS/WonderswanRomCollectionByGhostware/With You Mitsumete Itai (J) [f1].wsc	emu/EXTRAS/WSC-duplicados/WonderswanRomCollectionByGhostware/With You Mitsumete Itai (J) [f1].wsc	duplicado (mismo contenido que la ROM conservada)
MOVIDO	emu/ROMS/WS/WonderswanRomCollectionByGhostware/Wondergate (J) [!].wsc	emu/ROMS/WS/Wondergate (J) [!].wsc	ROM exclusiva de subcarpeta, al primer nivel
MOVIDO	emu/ROMS/WS/WonderswanRomCollectionByGhostware/WonderPong by LiraNuna (PD).wsc	emu/ROMS/WSC/WonderPong by LiraNuna (PD).wsc	ROM a su sistema por cabecera
MOVIDO	emu/ROMS/WS/WonderswanRomCollectionByGhostware/WonderProject First Demo by Orion_ (PD) [b1].wsc	emu/ROMS/WS/WonderProject First Demo by Orion_ (PD) [b1].wsc	ROM exclusiva de subcarpeta, al primer nivel
MOVIDO	emu/ROMS/WS/WonderswanRomCollectionByGhostware/WonderProject First Demo by Orion_ (PD).wsc	emu/ROMS/WS/WonderProject First Demo by Orion_ (PD).wsc	ROM exclusiva de subcarpeta, al primer nivel
MOVIDO	emu/ROMS/WS/WonderswanRomCollectionByGhostware/Wondersnake 2 by Dox (PD).ws	emu/ROMS/WSC/Wondersnake 2 by Dox (PD).ws	ROM a su sistema por cabecera
MOVIDO	emu/ROMS/WSC/ROMS/Wondersnake 2 by Dox (PD).ws	emu/EXTRAS/WSC-duplicados/ROMS/Wondersnake 2 by Dox (PD).ws	duplicado (mismo contenido que la ROM conservada)
MOVIDO	emu/ROMS/WS/WonderswanRomCollectionByGhostware/Wondersnake Beta by Dox (PD).ws	emu/ROMS/WSC/Wondersnake Beta by Dox (PD).ws	ROM a su sistema por cabecera
MOVIDO	emu/ROMS/WSC/ROMS/Wondersnake Beta by Dox (PD).ws	emu/EXTRAS/WSC-duplicados/ROMS/Wondersnake Beta by Dox (PD).ws	duplicado (mismo contenido que la ROM conservada)
MOVIDO	emu/ROMS/WS/WonderswanRomCollectionByGhostware/Wondersnake Final Sep 11 2001 by Dox & Kojote (PD).ws	emu/ROMS/WSC/Wondersnake Final Sep 11 2001 by Dox & Kojote (PD).ws	ROM a su sistema por cabecera
MOVIDO	emu/ROMS/WSC/ROMS/Wondersnake Final Sep 11 2001 by Dox & Kojote (PD).ws	emu/EXTRAS/WSC-duplicados/ROMS/Wondersnake Final Sep 11 2001 by Dox & Kojote (PD).ws	duplicado (mismo contenido que la ROM conservada)
MOVIDO	emu/ROMS/WS/WonderswanRomCollectionByGhostware/WonderSwan Register Diagnostic by Zalas (PD).ws	emu/ROMS/WS/WonderSwan Register Diagnostic by Zalas (PD).ws	ROM exclusiva de subcarpeta, al primer nivel
MOVIDO	emu/ROMS/WSC/ROMS/Wonderswan Register Diagnostic by Zalas (PD).ws	emu/EXTRAS/WS-duplicados/ROMS/Wonderswan Register Diagnostic by Zalas (PD).ws	duplicado (mismo contenido que la ROM conservada)
MOVIDO	emu/ROMS/WS/WonderswanRomCollectionByGhostware/WWWLib - BG1 & BG2 & Sprite Test by Orion_ (PD).wsc	emu/ROMS/WS/WWWLib - BG1 & BG2 & Sprite Test by Orion_ (PD).wsc	ROM exclusiva de subcarpeta, al primer nivel
MOVIDO	emu/ROMS/WS/WonderswanRomCollectionByGhostware/WWWLib - Full Maptest by Orion_ (PD).wsc	emu/ROMS/WS/WWWLib - Full Maptest by Orion_ (PD).wsc	ROM exclusiva de subcarpeta, al primer nivel
MOVIDO	emu/ROMS/WS/WonderswanRomCollectionByGhostware/WWWLib - TestJB by Orion_ (PD).wsc	emu/ROMS/WS/WWWLib - TestJB by Orion_ (PD).wsc	ROM exclusiva de subcarpeta, al primer nivel
MOVIDO	emu/ROMS/WS/WonderswanRomCollectionByGhostware/WWWLib - TestJB16 by Orion_ (PD).wsc	emu/ROMS/WS/WWWLib - TestJB16 by Orion_ (PD).wsc	ROM exclusiva de subcarpeta, al primer nivel
MOVIDO	emu/ROMS/WS/WonderswanRomCollectionByGhostware/WWWLib - TestJB4 by Orion_ (PD).wsc	emu/ROMS/WS/WWWLib - TestJB4 by Orion_ (PD).wsc	ROM exclusiva de subcarpeta, al primer nivel
MOVIDO	emu/ROMS/WSC/WonderswanColorRomCollectionByGhostware/X - Card of Fate (Japan).wsc	emu/ROMS/WSC/X - Card of Fate (Japan).wsc	ROM exclusiva de subcarpeta, al primer nivel
MOVIDO	emu/ROMS/WS/WonderswanRomCollectionByGhostware/X - Card of Fate (J) [!].wsc	emu/EXTRAS/WSC-duplicados/WonderswanRomCollectionByGhostware/X - Card of Fate (J) [!].wsc	duplicado (mismo contenido que la ROM conservada)
MOVIDO	emu/ROMS/WSC/ROMS/X Card of Fate (TV Animation X) (J) [!].ws	emu/EXTRAS/WSC-duplicados/ROMS/X Card of Fate (TV Animation X) (J) [!].ws	duplicado (mismo contenido que la ROM conservada)
MOVIDO	emu/ROMS/WSC/WonderswanColorRomCollectionByGhostware/X - Card of Fate (Japan).zip	emu/EXTRAS/WSC-duplicados/WonderswanColorRomCollectionByGhostware/X - Card of Fate (Japan).zip	duplicado (mismo contenido que la ROM conservada)
MOVIDO	emu/ROMS/WSC/WonderswanColorRomCollectionByGhostware/XI Little (Japan).wsc	emu/ROMS/WSC/XI Little (Japan).wsc	ROM exclusiva de subcarpeta, al primer nivel
MOVIDO	emu/ROMS/WSC/ROMS/XI (Sai) Little (J).ws	emu/EXTRAS/WSC-duplicados/ROMS/XI (Sai) Little (J).ws	duplicado (mismo contenido que la ROM conservada)
MOVIDO	emu/ROMS/WS/WonderswanRomCollectionByGhostware/XI (Sai) Little (J).wsc	emu/EXTRAS/WSC-duplicados/WonderswanRomCollectionByGhostware/XI (Sai) Little (J).wsc	duplicado (mismo contenido que la ROM conservada)
MOVIDO	emu/ROMS/WSC/WonderswanColorRomCollectionByGhostware/XI Little (Japan).zip	emu/EXTRAS/WSC-duplicados/WonderswanColorRomCollectionByGhostware/XI Little (Japan).zip	duplicado (mismo contenido que la ROM conservada)
MOVIDO	emu/ROMS/WSC/WonderswanColorRomCollectionByGhostware/Riviera - Yakusoku no Chi Riviera (Japan).wsc	emu/ROMS/WSC/Riviera - Yakusoku no Chi Riviera (Japan).wsc	ROM exclusiva de subcarpeta, al primer nivel
MOVIDO	emu/ROMS/WSC/ROMS/Yakusoku no Chi Riviera (J).ws	emu/EXTRAS/WSC-duplicados/ROMS/Yakusoku no Chi Riviera (J).ws	duplicado (mismo contenido que la ROM conservada)
MOVIDO	emu/ROMS/WS/WonderswanRomCollectionByGhostware/Yakusoku no Chi Riviera (J).wsc	emu/EXTRAS/WSC-duplicados/WonderswanRomCollectionByGhostware/Yakusoku no Chi Riviera (J).wsc	duplicado (mismo contenido que la ROM conservada)
MOVIDO	emu/ROMS/WSC/WonderswanColorRomCollectionByGhostware/Riviera - Yakusoku no Chi Riviera (Japan).zip	emu/EXTRAS/WSC-duplicados/WonderswanColorRomCollectionByGhostware/Riviera - Yakusoku no Chi Riviera (Japan).zip	duplicado (mismo contenido que la ROM conservada)
MOVIDO	emu/ROMS/WS/WonderswanRomCollectionByGhostware/Ys 1 - Boss Out - Arranged by Atsushi Watanabe (PD) [C].wsc	emu/ROMS/WS/Ys 1 - Boss Out - Arranged by Atsushi Watanabe (PD) [C].wsc	ROM exclusiva de subcarpeta, al primer nivel
MOVIDO	emu/ROMS/WS/WonderswanRomCollectionByGhostware/Ys 1 - Devil's Step - Arranged by Atsushi Watanabe (PD) [C].wsc	emu/ROMS/WS/Ys 1 - Devil's Step - Arranged by Atsushi Watanabe (PD) [C].wsc	ROM exclusiva de subcarpeta, al primer nivel
MOVIDO	emu/ROMS/WS/WonderswanRomCollectionByGhostware/Ys 1 - Final Battle - Arranged by Atsushi Watanabe (PD) [C].wsc	emu/ROMS/WS/Ys 1 - Final Battle - Arranged by Atsushi Watanabe (PD) [C].wsc	ROM exclusiva de subcarpeta, al primer nivel
MOVIDO	emu/ROMS/WS/WonderswanRomCollectionByGhostware/Ys 1 - First Step Towards Wars - Arranged by Atsushi Watanabe (PD) [C].wsc	emu/ROMS/WS/Ys 1 - First Step Towards Wars - Arranged by Atsushi Watanabe (PD) [C].wsc	ROM exclusiva de subcarpeta, al primer nivel
MOVIDO	emu/ROMS/WS/WonderswanRomCollectionByGhostware/Ys 1 - Fly with Me - Arranged by Atsushi Watanabe (PD) [C].wsc	emu/ROMS/WS/Ys 1 - Fly with Me - Arranged by Atsushi Watanabe (PD) [C].wsc	ROM exclusiva de subcarpeta, al primer nivel
MOVIDO	emu/ROMS/WS/WonderswanRomCollectionByGhostware/Ys 1 - Fountain of Love - Arranged by Atsushi Watanabe (PD) [C].wsc	emu/ROMS/WS/Ys 1 - Fountain of Love - Arranged by Atsushi Watanabe (PD) [C].wsc	ROM exclusiva de subcarpeta, al primer nivel
MOVIDO	emu/ROMS/WS/WonderswanRomCollectionByGhostware/Ys 1 - Holders of Power - Arranged by Atsushi Watanabe (PD) [C].wsc	emu/ROMS/WS/Ys 1 - Holders of Power - Arranged by Atsushi Watanabe (PD) [C].wsc	ROM exclusiva de subcarpeta, al primer nivel
MOVIDO	emu/ROMS/WS/WonderswanRomCollectionByGhostware/Ys 1 - In the Memory - Arranged by Atsushi Watanabe (PD) [C].wsc	emu/ROMS/WS/Ys 1 - In the Memory - Arranged by Atsushi Watanabe (PD) [C].wsc	ROM exclusiva de subcarpeta, al primer nivel
MOVIDO	emu/ROMS/WS/WonderswanRomCollectionByGhostware/Ys 1 - Lucky - Arranged by Atsushi Watanabe (PD) [C].wsc	emu/ROMS/WS/Ys 1 - Lucky - Arranged by Atsushi Watanabe (PD) [C].wsc	ROM exclusiva de subcarpeta, al primer nivel
MOVIDO	emu/ROMS/WS/WonderswanRomCollectionByGhostware/Ys 1 - Open Your Heart - Arranged by Atsushi Watanabe (PD) [C].wsc	emu/ROMS/WS/Ys 1 - Open Your Heart - Arranged by Atsushi Watanabe (PD) [C].wsc	ROM exclusiva de subcarpeta, al primer nivel
MOVIDO	emu/ROMS/WS/WonderswanRomCollectionByGhostware/Ys 1 - Palace - Arranged by Atsushi Watanabe (PD) [C].wsc	emu/ROMS/WS/Ys 1 - Palace - Arranged by Atsushi Watanabe (PD) [C].wsc	ROM exclusiva de subcarpeta, al primer nivel
MOVIDO	emu/ROMS/WS/WonderswanRomCollectionByGhostware/Ys 1 - Palace of Destruction - Arranged by Atsushi Watanabe (PD) [C].wsc	emu/ROMS/WS/Ys 1 - Palace of Destruction - Arranged by Atsushi Watanabe (PD) [C].wsc	ROM exclusiva de subcarpeta, al primer nivel
MOVIDO	emu/ROMS/WS/WonderswanRomCollectionByGhostware/Ys 1 - Rest in Peace - Arranged by Atsushi Watanabe (PD) [C].wsc	emu/ROMS/WS/Ys 1 - Rest in Peace - Arranged by Atsushi Watanabe (PD) [C].wsc	ROM exclusiva de subcarpeta, al primer nivel
MOVIDO	emu/ROMS/WS/WonderswanRomCollectionByGhostware/Ys 1 - Tears of Sylph - Arranged by Atsushi Watanabe (PD) [C].wsc	emu/ROMS/WS/Ys 1 - Tears of Sylph - Arranged by Atsushi Watanabe (PD) [C].wsc	ROM exclusiva de subcarpeta, al primer nivel
MOVIDO	emu/ROMS/WS/WonderswanRomCollectionByGhostware/Ys 1 - Tension - Arranged by Atsushi Watanabe (PD) [C].wsc	emu/ROMS/WS/Ys 1 - Tension - Arranged by Atsushi Watanabe (PD) [C].wsc	ROM exclusiva de subcarpeta, al primer nivel
MOVIDO	emu/ROMS/WS/WonderswanRomCollectionByGhostware/Ys 1 - The Last Moment of the Dark - Arranged by Atsushi Watanabe (PD) [C].wsc	emu/ROMS/WS/Ys 1 - The Last Moment of the Dark - Arranged by Atsushi Watanabe (PD) [C].wsc	ROM exclusiva de subcarpeta, al primer nivel
MOVIDO	emu/ROMS/WS/WonderswanRomCollectionByGhostware/Ys 1 - The Syonin - Arranged by Atsushi Watanabe (PD) [C].wsc	emu/ROMS/WS/Ys 1 - The Syonin - Arranged by Atsushi Watanabe (PD) [C].wsc	ROM exclusiva de subcarpeta, al primer nivel
OMITIDO_YA_EXISTE	emu/ROMS/WSC/ROMS/Langrisser Millenium WS - The Last Century (J) [M][!].ws	emu/ROMS/WS/Langrisser Millenium WS - The Last Century (J) [M][!].ws	ROM a su sistema por cabecera
MOVIDO	emu/ROMS/LYNX/Atari Lynx/Lynx Boot Image.bin	emu/EXTRAS/BIOS-candidatas/LYNX/Atari Lynx/Lynx Boot Image.bin	BIOS encontrada entre las ROMs
MOVIDO	emu/ROMS/LYNX/Atari Lynx/lynxboot.bin	emu/EXTRAS/BIOS-candidatas/LYNX/Atari Lynx/lynxboot.bin	BIOS encontrada entre las ROMs
MOVIDO	emu/ROMS/LYNX/Cylum's Atari Lynx ROM Collection (02-16-2021)/...GAMELIST.txt	emu/EXTRAS/LYNX-otros/Cylum's Atari Lynx ROM Collection (02-16-2021)/...GAMELIST.txt	no es una ROM (texto, audio, programa, base de datos)
MOVIDO	emu/ROMS/LYNX/Cylum's Atari Lynx ROM Collection (02-16-2021)/BIOS Files/lynxboot.img	emu/EXTRAS/BIOS-candidatas/LYNX/Cylum's Atari Lynx ROM Collection (02-16-2021)/BIOS Files/lynxboot.img	BIOS encontrada entre las ROMs
MOVIDO	emu/ROMS/LYNX/Cylum's Atari Lynx ROM Collection (02-16-2021)/BIOS Files/[BIOS] Atari Lynx (USA, Europe).lnx	emu/EXTRAS/BIOS-candidatas/LYNX/Cylum's Atari Lynx ROM Collection (02-16-2021)/BIOS Files/[BIOS] Atari Lynx (USA, Europe).lnx	BIOS encontrada entre las ROMs
MOVIDO	emu/ROMS/LYNX/Atari Lynx/APB - All Points Bulletin (1990).lnx	emu/EXTRAS/LYNX-duplicados/Atari Lynx/APB - All Points Bulletin (1990).lnx	duplicado (mismo contenido que la ROM conservada)
MOVIDO	emu/ROMS/LYNX/Cylum's Atari Lynx ROM Collection (02-16-2021)/A.P.B..zip	emu/EXTRAS/LYNX-duplicados/Cylum's Atari Lynx ROM Collection (02-16-2021)/A.P.B..zip	duplicado (mismo contenido que la ROM conservada)
MOVIDO	emu/ROMS/LYNX/Atari Lynx/Alien Vs Predator (Prototype) (1993) [!].lnx	emu/EXTRAS/LYNX-duplicados/Atari Lynx/Alien Vs Predator (Prototype) (1993) [!].lnx	duplicado (mismo contenido que la ROM conservada)
MOVIDO	emu/ROMS/LYNX/Cylum's Atari Lynx ROM Collection (02-16-2021)/Unreleased/Alien vs. Predator.zip	emu/EXTRAS/LYNX-duplicados/Cylum's Atari Lynx ROM Collection (02-16-2021)/Unreleased/Alien vs. Predator.zip	duplicado (mismo contenido que la ROM conservada)
MOVIDO	emu/ROMS/LYNX/Atari Lynx/Awesome Golf (1991).lnx	emu/EXTRAS/LYNX-duplicados/Atari Lynx/Awesome Golf (1991).lnx	duplicado (mismo contenido que la ROM conservada)
MOVIDO	emu/ROMS/LYNX/Cylum's Atari Lynx ROM Collection (02-16-2021)/Awesome Golf.zip	emu/EXTRAS/LYNX-duplicados/Cylum's Atari Lynx ROM Collection (02-16-2021)/Awesome Golf.zip	duplicado (mismo contenido que la ROM conservada)
MOVIDO	emu/ROMS/LYNX/Cylum's Atari Lynx ROM Collection (02-16-2021)/Baseball Heroes.zip	emu/EXTRAS/LYNX-duplicados/Cylum's Atari Lynx ROM Collection (02-16-2021)/Baseball Heroes.zip	duplicado (mismo contenido que la ROM conservada)
MOVIDO	emu/ROMS/LYNX/Atari Lynx/Basketbrawl (1992).lnx	emu/EXTRAS/LYNX-duplicados/Atari Lynx/Basketbrawl (1992).lnx	duplicado (mismo contenido que la ROM conservada)
MOVIDO	emu/ROMS/LYNX/Atari Lynx/Batman Returns (1992).lnx	emu/EXTRAS/LYNX-duplicados/Atari Lynx/Batman Returns (1992).lnx	duplicado (mismo contenido que la ROM conservada)
MOVIDO	emu/ROMS/LYNX/Cylum's Atari Lynx ROM Collection (02-16-2021)/Batman Returns.zip	emu/EXTRAS/LYNX-duplicados/Cylum's Atari Lynx ROM Collection (02-16-2021)/Batman Returns.zip	duplicado (mismo contenido que la ROM conservada)
MOVIDO	emu/ROMS/LYNX/Atari Lynx/Battle Wheels (1993).lnx	emu/EXTRAS/LYNX-duplicados/Atari Lynx/Battle Wheels (1993).lnx	duplicado (mismo contenido que la ROM conservada)
MOVIDO	emu/ROMS/LYNX/Cylum's Atari Lynx ROM Collection (02-16-2021)/BattleWheels.zip	emu/EXTRAS/LYNX-duplicados/Cylum's Atari Lynx ROM Collection (02-16-2021)/BattleWheels.zip	duplicado (mismo contenido que la ROM conservada)
MOVIDO	emu/ROMS/LYNX/Atari Lynx/Battlezone 2000 (1996).lnx	emu/EXTRAS/LYNX-duplicados/Atari Lynx/Battlezone 2000 (1996).lnx	duplicado (mismo contenido que la ROM conservada)
MOVIDO	emu/ROMS/LYNX/Cylum's Atari Lynx ROM Collection (02-16-2021)/Battlezone 2000.zip	emu/EXTRAS/LYNX-duplicados/Cylum's Atari Lynx ROM Collection (02-16-2021)/Battlezone 2000.zip	duplicado (mismo contenido que la ROM conservada)
MOVIDO	emu/ROMS/LYNX/Atari Lynx/Bill & Ted's Excellent Adventure (1991).lnx	emu/EXTRAS/LYNX-duplicados/Atari Lynx/Bill & Ted's Excellent Adventure (1991).lnx	duplicado (mismo contenido que la ROM conservada)
MOVIDO	emu/ROMS/LYNX/Cylum's Atari Lynx ROM Collection (02-16-2021)/Bill & Ted's Excellent Adventure.zip	emu/EXTRAS/LYNX-duplicados/Cylum's Atari Lynx ROM Collection (02-16-2021)/Bill & Ted's Excellent Adventure.zip	duplicado (mismo contenido que la ROM conservada)
MOVIDO	emu/ROMS/LYNX/Atari Lynx/Block Out (1990).lnx	emu/EXTRAS/LYNX-duplicados/Atari Lynx/Block Out (1990).lnx	duplicado (mismo contenido que la ROM conservada)
MOVIDO	emu/ROMS/LYNX/Cylum's Atari Lynx ROM Collection (02-16-2021)/Block Out.zip	emu/EXTRAS/LYNX-duplicados/Cylum's Atari Lynx ROM Collection (02-16-2021)/Block Out.zip	duplicado (mismo contenido que la ROM conservada)
MOVIDO	emu/ROMS/LYNX/Atari Lynx/Blue Lightning (1989).lnx	emu/EXTRAS/LYNX-duplicados/Atari Lynx/Blue Lightning (1989).lnx	duplicado (mismo contenido que la ROM conservada)
MOVIDO	emu/ROMS/LYNX/Cylum's Atari Lynx ROM Collection (02-16-2021)/Blue Lightning.zip	emu/EXTRAS/LYNX-duplicados/Cylum's Atari Lynx ROM Collection (02-16-2021)/Blue Lightning.zip	duplicado (mismo contenido que la ROM conservada)
MOVIDO	emu/ROMS/LYNX/Atari Lynx/Bubble Trouble (1997) (Telegames).lnx	emu/EXTRAS/LYNX-duplicados/Atari Lynx/Bubble Trouble (1997) (Telegames).lnx	duplicado (mismo contenido que la ROM conservada)
MOVIDO	emu/ROMS/LYNX/Atari Lynx/California Games (1991).lnx	emu/EXTRAS/LYNX-duplicados/Atari Lynx/California Games (1991).lnx	duplicado (mismo contenido que la ROM conservada)
MOVIDO	emu/ROMS/LYNX/Cylum's Atari Lynx ROM Collection (02-16-2021)/California Games.zip	emu/EXTRAS/LYNX-duplicados/Cylum's Atari Lynx ROM Collection (02-16-2021)/California Games.zip	duplicado (mismo contenido que la ROM conservada)
MOVIDO	emu/ROMS/LYNX/Atari Lynx/Centipede (Prototype) (1987) (Shadowsoft).lnx	emu/EXTRAS/LYNX-duplicados/Atari Lynx/Centipede (Prototype) (1987) (Shadowsoft).lnx	duplicado (mismo contenido que la ROM conservada)
MOVIDO	emu/ROMS/LYNX/Cylum's Atari Lynx ROM Collection (02-16-2021)/Unreleased/Centipede.zip	emu/EXTRAS/LYNX-duplicados/Cylum's Atari Lynx ROM Collection (02-16-2021)/Unreleased/Centipede.zip	duplicado (mismo contenido que la ROM conservada)
MOVIDO	emu/ROMS/LYNX/Atari Lynx/Checkered Flag (1991).lnx	emu/EXTRAS/LYNX-duplicados/Atari Lynx/Checkered Flag (1991).lnx	duplicado (mismo contenido que la ROM conservada)
MOVIDO	emu/ROMS/LYNX/Cylum's Atari Lynx ROM Collection (02-16-2021)/Checkered Flag.zip	emu/EXTRAS/LYNX-duplicados/Cylum's Atari Lynx ROM Collection (02-16-2021)/Checkered Flag.zip	duplicado (mismo contenido que la ROM conservada)
MOVIDO	emu/ROMS/LYNX/Atari Lynx/Chip's Challenge (1989).lnx	emu/EXTRAS/LYNX-duplicados/Atari Lynx/Chip's Challenge (1989).lnx	duplicado (mismo contenido que la ROM conservada)
MOVIDO	emu/ROMS/LYNX/Cylum's Atari Lynx ROM Collection (02-16-2021)/Chip's Challenge.zip	emu/EXTRAS/LYNX-duplicados/Cylum's Atari Lynx ROM Collection (02-16-2021)/Chip's Challenge.zip	duplicado (mismo contenido que la ROM conservada)
MOVIDO	emu/ROMS/LYNX/Atari Lynx/Conquest of Zow (1996).lnx	emu/EXTRAS/LYNX-duplicados/Atari Lynx/Conquest of Zow (1996).lnx	duplicado (mismo contenido que la ROM conservada)
MOVIDO	emu/ROMS/LYNX/Atari Lynx/Desert Strike - Return to the Gulf (1993) (Telegames).lnx	emu/EXTRAS/LYNX-duplicados/Atari Lynx/Desert Strike - Return to the Gulf (1993) (Telegames).lnx	duplicado (mismo contenido que la ROM conservada)
MOVIDO	emu/ROMS/LYNX/Cylum's Atari Lynx ROM Collection (02-16-2021)/Desert Strike - Return to the Gulf.zip	emu/EXTRAS/LYNX-duplicados/Cylum's Atari Lynx ROM Collection (02-16-2021)/Desert Strike - Return to the Gulf.zip	duplicado (mismo contenido que la ROM conservada)
MOVIDO	emu/ROMS/LYNX/Atari Lynx/Dinolympics (1992).lnx	emu/EXTRAS/LYNX-duplicados/Atari Lynx/Dinolympics (1992).lnx	duplicado (mismo contenido que la ROM conservada)
MOVIDO	emu/ROMS/LYNX/Atari Lynx/Dirty Larry - Renegade Cop (1992).lnx	emu/EXTRAS/LYNX-duplicados/Atari Lynx/Dirty Larry - Renegade Cop (1992).lnx	duplicado (mismo contenido que la ROM conservada)
MOVIDO	emu/ROMS/LYNX/Atari Lynx/Double Dragon (1993) (Telegames).lnx	emu/EXTRAS/LYNX-duplicados/Atari Lynx/Double Dragon (1993) (Telegames).lnx	duplicado (mismo contenido que la ROM conservada)
MOVIDO	emu/ROMS/LYNX/Cylum's Atari Lynx ROM Collection (02-16-2021)/Double Dragon.zip	emu/EXTRAS/LYNX-duplicados/Cylum's Atari Lynx ROM Collection (02-16-2021)/Double Dragon.zip	duplicado (mismo contenido que la ROM conservada)
MOVIDO	emu/ROMS/LYNX/Atari Lynx/Dracula - The Undead (1991).lnx	emu/EXTRAS/LYNX-duplicados/Atari Lynx/Dracula - The Undead (1991).lnx	duplicado (mismo contenido que la ROM conservada)
MOVIDO	emu/ROMS/LYNX/Cylum's Atari Lynx ROM Collection (02-16-2021)/Dracula the Undead.zip	emu/EXTRAS/LYNX-duplicados/Cylum's Atari Lynx ROM Collection (02-16-2021)/Dracula the Undead.zip	duplicado (mismo contenido que la ROM conservada)
MOVIDO	emu/ROMS/LYNX/Atari Lynx/Electrocop (1989).lnx	emu/EXTRAS/LYNX-duplicados/Atari Lynx/Electrocop (1989).lnx	duplicado (mismo contenido que la ROM conservada)
MOVIDO	emu/ROMS/LYNX/Atari Lynx/European Soccer Challenge (1993) (Telegames).lnx	emu/EXTRAS/LYNX-duplicados/Atari Lynx/European Soccer Challenge (1993) (Telegames).lnx	duplicado (mismo contenido que la ROM conservada)
MOVIDO	emu/ROMS/LYNX/Atari Lynx/Eye of the Beholder (Prototype) (1990) (NuFX).lnx	emu/EXTRAS/LYNX-duplicados/Atari Lynx/Eye of the Beholder (Prototype) (1990) (NuFX).lnx	duplicado (mismo contenido que la ROM conservada)
MOVIDO	emu/ROMS/LYNX/Cylum's Atari Lynx ROM Collection (02-16-2021)/Unreleased/Eye of the Beholder.zip	emu/EXTRAS/LYNX-duplicados/Cylum's Atari Lynx ROM Collection (02-16-2021)/Unreleased/Eye of the Beholder.zip	duplicado (mismo contenido que la ROM conservada)
MOVIDO	emu/ROMS/LYNX/Atari Lynx/Fat Bobby (1997) (Telegames).lnx	emu/EXTRAS/LYNX-duplicados/Atari Lynx/Fat Bobby (1997) (Telegames).lnx	duplicado (mismo contenido que la ROM conservada)
MOVIDO	emu/ROMS/LYNX/Atari Lynx/Gauntlet - The Third Encounter (1990).lnx	emu/EXTRAS/LYNX-duplicados/Atari Lynx/Gauntlet - The Third Encounter (1990).lnx	duplicado (mismo contenido que la ROM conservada)
MOVIDO	emu/ROMS/LYNX/Cylum's Atari Lynx ROM Collection (02-16-2021)/Gauntlet - The Third Encounter.zip	emu/EXTRAS/LYNX-duplicados/Cylum's Atari Lynx ROM Collection (02-16-2021)/Gauntlet - The Third Encounter.zip	duplicado (mismo contenido que la ROM conservada)
MOVIDO	emu/ROMS/LYNX/Atari Lynx/Gordo 106 - The Mutated Lab Monkey (1993).lnx	emu/EXTRAS/LYNX-duplicados/Atari Lynx/Gordo 106 - The Mutated Lab Monkey (1993).lnx	duplicado (mismo contenido que la ROM conservada)
MOVIDO	emu/ROMS/LYNX/Atari Lynx/Hard Drivin' (1993).lnx	emu/EXTRAS/LYNX-duplicados/Atari Lynx/Hard Drivin' (1993).lnx	duplicado (mismo contenido que la ROM conservada)
MOVIDO	emu/ROMS/LYNX/Atari Lynx/Hockey (1992).lnx	emu/EXTRAS/LYNX-duplicados/Atari Lynx/Hockey (1992).lnx	duplicado (mismo contenido que la ROM conservada)
MOVIDO	emu/ROMS/LYNX/Cylum's Atari Lynx ROM Collection (02-16-2021)/Hockey.zip	emu/EXTRAS/LYNX-duplicados/Cylum's Atari Lynx ROM Collection (02-16-2021)/Hockey.zip	duplicado (mismo contenido que la ROM conservada)
MOVIDO	emu/ROMS/LYNX/Atari Lynx/Hydra (1992).lnx	emu/EXTRAS/LYNX-duplicados/Atari Lynx/Hydra (1992).lnx	duplicado (mismo contenido que la ROM conservada)
MOVIDO	emu/ROMS/LYNX/Atari Lynx/Ishido - The Way of the Stones (1991).lnx	emu/EXTRAS/LYNX-duplicados/Atari Lynx/Ishido - The Way of the Stones (1991).lnx	duplicado (mismo contenido que la ROM conservada)
MOVIDO	emu/ROMS/LYNX/Cylum's Atari Lynx ROM Collection (02-16-2021)/Ishido - The Way of Stones.zip	emu/EXTRAS/LYNX-duplicados/Cylum's Atari Lynx ROM Collection (02-16-2021)/Ishido - The Way of Stones.zip	duplicado (mismo contenido que la ROM conservada)
MOVIDO	emu/ROMS/LYNX/Atari Lynx/Jimmy Conners Tennis (1991).lnx	emu/EXTRAS/LYNX-duplicados/Atari Lynx/Jimmy Conners Tennis (1991).lnx	duplicado (mismo contenido que la ROM conservada)
MOVIDO	emu/ROMS/LYNX/Cylum's Atari Lynx ROM Collection (02-16-2021)/Jimmy Connors Tennis.zip	emu/EXTRAS/LYNX-duplicados/Cylum's Atari Lynx ROM Collection (02-16-2021)/Jimmy Connors Tennis.zip	duplicado (mismo contenido que la ROM conservada)
MOVIDO	emu/ROMS/LYNX/Atari Lynx/Joust (1993) (Williams).lnx	emu/EXTRAS/LYNX-duplicados/Atari Lynx/Joust (1993) (Williams).lnx	duplicado (mismo contenido que la ROM conservada)
MOVIDO	emu/ROMS/LYNX/Cylum's Atari Lynx ROM Collection (02-16-2021)/Joust.zip	emu/EXTRAS/LYNX-duplicados/Cylum's Atari Lynx ROM Collection (02-16-2021)/Joust.zip	duplicado (mismo contenido que la ROM conservada)
MOVIDO	emu/ROMS/LYNX/Atari Lynx/Klax (1990).lnx	emu/EXTRAS/LYNX-duplicados/Atari Lynx/Klax (1990).lnx	duplicado (mismo contenido que la ROM conservada)
MOVIDO	emu/ROMS/LYNX/Cylum's Atari Lynx ROM Collection (02-16-2021)/Klax.zip	emu/EXTRAS/LYNX-duplicados/Cylum's Atari Lynx ROM Collection (02-16-2021)/Klax.zip	duplicado (mismo contenido que la ROM conservada)
MOVIDO	emu/ROMS/LYNX/Atari Lynx/Krazy Ace Minature Golf (1997) (Telegames).lnx	emu/EXTRAS/LYNX-duplicados/Atari Lynx/Krazy Ace Minature Golf (1997) (Telegames).lnx	duplicado (mismo contenido que la ROM conservada)
MOVIDO	emu/ROMS/LYNX/Cylum's Atari Lynx ROM Collection (02-16-2021)/Krazy Ace Miniature Golf.zip	emu/EXTRAS/LYNX-duplicados/Cylum's Atari Lynx ROM Collection (02-16-2021)/Krazy Ace Miniature Golf.zip	duplicado (mismo contenido que la ROM conservada)
MOVIDO	emu/ROMS/LYNX/Atari Lynx/Kung Food (1992).lnx	emu/EXTRAS/LYNX-duplicados/Atari Lynx/Kung Food (1992).lnx	duplicado (mismo contenido que la ROM conservada)
MOVIDO	emu/ROMS/LYNX/Atari Lynx/Lemmings (1993).lnx	emu/EXTRAS/LYNX-duplicados/Atari Lynx/Lemmings (1993).lnx	duplicado (mismo contenido que la ROM conservada)
MOVIDO	emu/ROMS/LYNX/Cylum's Atari Lynx ROM Collection (02-16-2021)/Lemmings.zip	emu/EXTRAS/LYNX-duplicados/Cylum's Atari Lynx ROM Collection (02-16-2021)/Lemmings.zip	duplicado (mismo contenido que la ROM conservada)
MOVIDO	emu/ROMS/LYNX/Atari Lynx/Lexis (1999) (Songbird).lnx	emu/EXTRAS/LYNX-duplicados/Atari Lynx/Lexis (1999) (Songbird).lnx	duplicado (mismo contenido que la ROM conservada)
MOVIDO	emu/ROMS/LYNX/Atari Lynx/Loopz (Prototype) (1992) (Handmade Software).lnx	emu/EXTRAS/LYNX-duplicados/Atari Lynx/Loopz (Prototype) (1992) (Handmade Software).lnx	duplicado (mismo contenido que la ROM conservada)
MOVIDO	emu/ROMS/LYNX/Cylum's Atari Lynx ROM Collection (02-16-2021)/Unreleased/Loopz.zip	emu/EXTRAS/LYNX-duplicados/Cylum's Atari Lynx ROM Collection (02-16-2021)/Unreleased/Loopz.zip	duplicado (mismo contenido que la ROM conservada)
MOVIDO	emu/ROMS/LYNX/Atari Lynx/Lynx Casino (1992).lnx	emu/EXTRAS/LYNX-duplicados/Atari Lynx/Lynx Casino (1992).lnx	duplicado (mismo contenido que la ROM conservada)
MOVIDO	emu/ROMS/LYNX/Cylum's Atari Lynx ROM Collection (02-16-2021)/Lynx Casino.zip	emu/EXTRAS/LYNX-duplicados/Cylum's Atari Lynx ROM Collection (02-16-2021)/Lynx Casino.zip	duplicado (mismo contenido que la ROM conservada)
MOVIDO	emu/ROMS/LYNX/Atari Lynx/Malibu Bikini Volleyball (1993).lnx	emu/EXTRAS/LYNX-duplicados/Atari Lynx/Malibu Bikini Volleyball (1993).lnx	duplicado (mismo contenido que la ROM conservada)
MOVIDO	emu/ROMS/LYNX/Atari Lynx/Marlboro Go! (Prototype) (1993) (Digital Image).lnx	emu/EXTRAS/LYNX-duplicados/Atari Lynx/Marlboro Go! (Prototype) (1993) (Digital Image).lnx	duplicado (mismo contenido que la ROM conservada)
MOVIDO	emu/ROMS/LYNX/Atari Lynx/Ms. Pac-Man (1990).lnx	emu/EXTRAS/LYNX-duplicados/Atari Lynx/Ms. Pac-Man (1990).lnx	duplicado (mismo contenido que la ROM conservada)
MOVIDO	emu/ROMS/LYNX/Cylum's Atari Lynx ROM Collection (02-16-2021)/Ms. Pac-Man.zip	emu/EXTRAS/LYNX-duplicados/Cylum's Atari Lynx ROM Collection (02-16-2021)/Ms. Pac-Man.zip	duplicado (mismo contenido que la ROM conservada)
MOVIDO	emu/ROMS/LYNX/Atari Lynx/NFL Football (1990).lnx	emu/EXTRAS/LYNX-duplicados/Atari Lynx/NFL Football (1990).lnx	duplicado (mismo contenido que la ROM conservada)
MOVIDO	emu/ROMS/LYNX/Cylum's Atari Lynx ROM Collection (02-16-2021)/NFL Football.zip	emu/EXTRAS/LYNX-duplicados/Cylum's Atari Lynx ROM Collection (02-16-2021)/NFL Football.zip	duplicado (mismo contenido que la ROM conservada)
MOVIDO	emu/ROMS/LYNX/Atari Lynx/Ninja Gaiden (1990).lnx	emu/EXTRAS/LYNX-duplicados/Atari Lynx/Ninja Gaiden (1990).lnx	duplicado (mismo contenido que la ROM conservada)
MOVIDO	emu/ROMS/LYNX/Cylum's Atari Lynx ROM Collection (02-16-2021)/Ninja Gaiden.zip	emu/EXTRAS/LYNX-duplicados/Cylum's Atari Lynx ROM Collection (02-16-2021)/Ninja Gaiden.zip	duplicado (mismo contenido que la ROM conservada)
MOVIDO	emu/ROMS/LYNX/Atari Lynx/Ninja Gaiden III - The Ancient Ship of Doom (1993).lnx	emu/EXTRAS/LYNX-duplicados/Atari Lynx/Ninja Gaiden III - The Ancient Ship of Doom (1993).lnx	duplicado (mismo contenido que la ROM conservada)
MOVIDO	emu/ROMS/LYNX/Cylum's Atari Lynx ROM Collection (02-16-2021)/Ninja Gaiden III - The Ancient Ship of Doom.zip	emu/EXTRAS/LYNX-duplicados/Cylum's Atari Lynx ROM Collection (02-16-2021)/Ninja Gaiden III - The Ancient Ship of Doom.zip	duplicado (mismo contenido que la ROM conservada)
MOVIDO	emu/ROMS/LYNX/Atari Lynx/Pac-Land (1991).lnx	emu/EXTRAS/LYNX-duplicados/Atari Lynx/Pac-Land (1991).lnx	duplicado (mismo contenido que la ROM conservada)
MOVIDO	emu/ROMS/LYNX/Cylum's Atari Lynx ROM Collection (02-16-2021)/Pac-Land.zip	emu/EXTRAS/LYNX-duplicados/Cylum's Atari Lynx ROM Collection (02-16-2021)/Pac-Land.zip	duplicado (mismo contenido que la ROM conservada)
MOVIDO	emu/ROMS/LYNX/Atari Lynx/Paperboy (1990).lnx	emu/EXTRAS/LYNX-duplicados/Atari Lynx/Paperboy (1990).lnx	duplicado (mismo contenido que la ROM conservada)
MOVIDO	emu/ROMS/LYNX/Cylum's Atari Lynx ROM Collection (02-16-2021)/Paperboy.zip	emu/EXTRAS/LYNX-duplicados/Cylum's Atari Lynx ROM Collection (02-16-2021)/Paperboy.zip	duplicado (mismo contenido que la ROM conservada)
MOVIDO	emu/ROMS/LYNX/Atari Lynx/Pinball Jam (1992).lnx	emu/EXTRAS/LYNX-duplicados/Atari Lynx/Pinball Jam (1992).lnx	duplicado (mismo contenido que la ROM conservada)
MOVIDO	emu/ROMS/LYNX/Cylum's Atari Lynx ROM Collection (02-16-2021)/Pinball Jam.zip	emu/EXTRAS/LYNX-duplicados/Cylum's Atari Lynx ROM Collection (02-16-2021)/Pinball Jam.zip	duplicado (mismo contenido que la ROM conservada)
MOVIDO	emu/ROMS/LYNX/Atari Lynx/Pit Fighter - The Ultimate Competition (1992).lnx	emu/EXTRAS/LYNX-duplicados/Atari Lynx/Pit Fighter - The Ultimate Competition (1992).lnx	duplicado (mismo contenido que la ROM conservada)
MOVIDO	emu/ROMS/LYNX/Atari Lynx/Power Factor (1992).lnx	emu/EXTRAS/LYNX-duplicados/Atari Lynx/Power Factor (1992).lnx	duplicado (mismo contenido que la ROM conservada)
MOVIDO	emu/ROMS/LYNX/Atari Lynx/Qix (1991) (Telegames).lnx	emu/EXTRAS/LYNX-duplicados/Atari Lynx/Qix (1991) (Telegames).lnx	duplicado (mismo contenido que la ROM conservada)
MOVIDO	emu/ROMS/LYNX/Cylum's Atari Lynx ROM Collection (02-16-2021)/Qix.zip	emu/EXTRAS/LYNX-duplicados/Cylum's Atari Lynx ROM Collection (02-16-2021)/Qix.zip	duplicado (mismo contenido que la ROM conservada)
MOVIDO	emu/ROMS/LYNX/Atari Lynx/Raiden (1997) (Telegames).lnx	emu/EXTRAS/LYNX-duplicados/Atari Lynx/Raiden (1997) (Telegames).lnx	duplicado (mismo contenido que la ROM conservada)
MOVIDO	emu/ROMS/LYNX/Cylum's Atari Lynx ROM Collection (02-16-2021)/Raiden.zip	emu/EXTRAS/LYNX-duplicados/Cylum's Atari Lynx ROM Collection (02-16-2021)/Raiden.zip	duplicado (mismo contenido que la ROM conservada)
MOVIDO	emu/ROMS/LYNX/Atari Lynx/Rampage (1991).lnx	emu/EXTRAS/LYNX-duplicados/Atari Lynx/Rampage (1991).lnx	duplicado (mismo contenido que la ROM conservada)
MOVIDO	emu/ROMS/LYNX/Cylum's Atari Lynx ROM Collection (02-16-2021)/Rampage.zip	emu/EXTRAS/LYNX-duplicados/Cylum's Atari Lynx ROM Collection (02-16-2021)/Rampage.zip	duplicado (mismo contenido que la ROM conservada)
MOVIDO	emu/ROMS/LYNX/Atari Lynx/Rampart (1991).lnx	emu/EXTRAS/LYNX-duplicados/Atari Lynx/Rampart (1991).lnx	duplicado (mismo contenido que la ROM conservada)
MOVIDO	emu/ROMS/LYNX/Cylum's Atari Lynx ROM Collection (02-16-2021)/Rampart.zip	emu/EXTRAS/LYNX-duplicados/Cylum's Atari Lynx ROM Collection (02-16-2021)/Rampart.zip	duplicado (mismo contenido que la ROM conservada)
MOVIDO	emu/ROMS/LYNX/Atari Lynx/Road Riot 4WD (Beta) (1994).lnx	emu/ROMS/LYNX/Road Riot 4WD (Beta) (1994).lnx	ROM exclusiva de subcarpeta, al primer nivel
MOVIDO	emu/ROMS/LYNX/Road Riot 4WD (Prototype).lnx	emu/EXTRAS/LYNX-duplicados/Road Riot 4WD (Prototype).lnx	duplicado (mismo contenido que la ROM conservada)
MOVIDO	emu/ROMS/LYNX/Atari Lynx/RoadBlasters (1990).lnx	emu/EXTRAS/LYNX-duplicados/Atari Lynx/RoadBlasters (1990).lnx	duplicado (mismo contenido que la ROM conservada)
MOVIDO	emu/ROMS/LYNX/Cylum's Atari Lynx ROM Collection (02-16-2021)/RoadBlasters.zip	emu/EXTRAS/LYNX-duplicados/Cylum's Atari Lynx ROM Collection (02-16-2021)/RoadBlasters.zip	duplicado (mismo contenido que la ROM conservada)
MOVIDO	emu/ROMS/LYNX/Atari Lynx/Robo-Squash (1990).lnx	emu/EXTRAS/LYNX-duplicados/Atari Lynx/Robo-Squash (1990).lnx	duplicado (mismo contenido que la ROM conservada)
MOVIDO	emu/ROMS/LYNX/Atari Lynx/Robotron 2084 (1991) (Williams).lnx	emu/EXTRAS/LYNX-duplicados/Atari Lynx/Robotron 2084 (1991) (Williams).lnx	duplicado (mismo contenido que la ROM conservada)
MOVIDO	emu/ROMS/LYNX/Cylum's Atari Lynx ROM Collection (02-16-2021)/Robotron - 2084.zip	emu/EXTRAS/LYNX-duplicados/Cylum's Atari Lynx ROM Collection (02-16-2021)/Robotron - 2084.zip	duplicado (mismo contenido que la ROM conservada)
MOVIDO	emu/ROMS/LYNX/Atari Lynx/Rygar - Legendary Warrior (1990).lnx	emu/EXTRAS/LYNX-duplicados/Atari Lynx/Rygar - Legendary Warrior (1990).lnx	duplicado (mismo contenido que la ROM conservada)
MOVIDO	emu/ROMS/LYNX/Cylum's Atari Lynx ROM Collection (02-16-2021)/Rygar.zip	emu/EXTRAS/LYNX-duplicados/Cylum's Atari Lynx ROM Collection (02-16-2021)/Rygar.zip	duplicado (mismo contenido que la ROM conservada)
MOVIDO	emu/ROMS/LYNX/Atari Lynx/S.T.U.N. Runner (1991).lnx	emu/EXTRAS/LYNX-duplicados/Atari Lynx/S.T.U.N. Runner (1991).lnx	duplicado (mismo contenido que la ROM conservada)
MOVIDO	emu/ROMS/LYNX/Cylum's Atari Lynx ROM Collection (02-16-2021)/S.T.U.N. Runner.zip	emu/EXTRAS/LYNX-duplicados/Cylum's Atari Lynx ROM Collection (02-16-2021)/S.T.U.N. Runner.zip	duplicado (mismo contenido que la ROM conservada)
MOVIDO	emu/ROMS/LYNX/Atari Lynx/Scrapyard Dog (1991).lnx	emu/EXTRAS/LYNX-duplicados/Atari Lynx/Scrapyard Dog (1991).lnx	duplicado (mismo contenido que la ROM conservada)
MOVIDO	emu/ROMS/LYNX/Cylum's Atari Lynx ROM Collection (02-16-2021)/Scrapyard Dog.zip	emu/EXTRAS/LYNX-duplicados/Cylum's Atari Lynx ROM Collection (02-16-2021)/Scrapyard Dog.zip	duplicado (mismo contenido que la ROM conservada)
MOVIDO	emu/ROMS/LYNX/Atari Lynx/Shadow of the Beast (1992).lnx	emu/EXTRAS/LYNX-duplicados/Atari Lynx/Shadow of the Beast (1992).lnx	duplicado (mismo contenido que la ROM conservada)
MOVIDO	emu/ROMS/LYNX/Cylum's Atari Lynx ROM Collection (02-16-2021)/Shadow of the Beast.zip	emu/EXTRAS/LYNX-duplicados/Cylum's Atari Lynx ROM Collection (02-16-2021)/Shadow of the Beast.zip	duplicado (mismo contenido que la ROM conservada)
MOVIDO	emu/ROMS/LYNX/Atari Lynx/Shanghai (1990).lnx	emu/EXTRAS/LYNX-duplicados/Atari Lynx/Shanghai (1990).lnx	duplicado (mismo contenido que la ROM conservada)
MOVIDO	emu/ROMS/LYNX/Cylum's Atari Lynx ROM Collection (02-16-2021)/Shanghai.zip	emu/EXTRAS/LYNX-duplicados/Cylum's Atari Lynx ROM Collection (02-16-2021)/Shanghai.zip	duplicado (mismo contenido que la ROM conservada)
MOVIDO	emu/ROMS/LYNX/Atari Lynx/Steel Talons (1991).lnx	emu/EXTRAS/LYNX-duplicados/Atari Lynx/Steel Talons (1991).lnx	duplicado (mismo contenido que la ROM conservada)
MOVIDO	emu/ROMS/LYNX/Cylum's Atari Lynx ROM Collection (02-16-2021)/Steel Talons.zip	emu/EXTRAS/LYNX-duplicados/Cylum's Atari Lynx ROM Collection (02-16-2021)/Steel Talons.zip	duplicado (mismo contenido que la ROM conservada)
MOVIDO	emu/ROMS/LYNX/Atari Lynx/Super Asteroids & Missile Command (1995).lnx	emu/EXTRAS/LYNX-duplicados/Atari Lynx/Super Asteroids & Missile Command (1995).lnx	duplicado (mismo contenido que la ROM conservada)
MOVIDO	emu/ROMS/LYNX/Cylum's Atari Lynx ROM Collection (02-16-2021)/Super Asteroids & Missile Command.zip	emu/EXTRAS/LYNX-duplicados/Cylum's Atari Lynx ROM Collection (02-16-2021)/Super Asteroids & Missile Command.zip	duplicado (mismo contenido que la ROM conservada)
MOVIDO	emu/ROMS/LYNX/Atari Lynx/Super Off-Road (1996) (Telegames).lnx	emu/EXTRAS/LYNX-duplicados/Atari Lynx/Super Off-Road (1996) (Telegames).lnx	duplicado (mismo contenido que la ROM conservada)
MOVIDO	emu/ROMS/LYNX/Atari Lynx/Super Skweek (1991).lnx	emu/EXTRAS/LYNX-duplicados/Atari Lynx/Super Skweek (1991).lnx	duplicado (mismo contenido que la ROM conservada)
MOVIDO	emu/ROMS/LYNX/Cylum's Atari Lynx ROM Collection (02-16-2021)/Super Skweek.zip	emu/EXTRAS/LYNX-duplicados/Cylum's Atari Lynx ROM Collection (02-16-2021)/Super Skweek.zip	duplicado (mismo contenido que la ROM conservada)
MOVIDO	emu/ROMS/LYNX/Atari Lynx/Switchblade II (1992).lnx	emu/EXTRAS/LYNX-duplicados/Atari Lynx/Switchblade II (1992).lnx	duplicado (mismo contenido que la ROM conservada)
MOVIDO	emu/ROMS/LYNX/Cylum's Atari Lynx ROM Collection (02-16-2021)/Switchblade II.zip	emu/EXTRAS/LYNX-duplicados/Cylum's Atari Lynx ROM Collection (02-16-2021)/Switchblade II.zip	duplicado (mismo contenido que la ROM conservada)
MOVIDO	emu/ROMS/LYNX/Atari Lynx/T-Tris (1996) by Bastian Schick.lnx	emu/EXTRAS/LYNX-duplicados/Atari Lynx/T-Tris (1996) by Bastian Schick.lnx	duplicado (mismo contenido que la ROM conservada)
MOVIDO	emu/ROMS/LYNX/Cylum's Atari Lynx ROM Collection (02-16-2021)/Homebrew & Unlicensed/T-Tris.zip	emu/EXTRAS/LYNX-duplicados/Cylum's Atari Lynx ROM Collection (02-16-2021)/Homebrew & Unlicensed/T-Tris.zip	duplicado (mismo contenido que la ROM conservada)
MOVIDO	emu/ROMS/LYNX/Atari Lynx/Fidelity Ultimate Chess Challenge (1991) (Telegames).lnx	emu/EXTRAS/LYNX-duplicados/Atari Lynx/Fidelity Ultimate Chess Challenge (1991) (Telegames).lnx	duplicado (mismo contenido que la ROM conservada)
MOVIDO	emu/ROMS/LYNX/Atari Lynx/Gates of Zendocon, The (1989).lnx	emu/EXTRAS/LYNX-duplicados/Atari Lynx/Gates of Zendocon, The (1989).lnx	duplicado (mismo contenido que la ROM conservada)
MOVIDO	emu/ROMS/LYNX/Cylum's Atari Lynx ROM Collection (02-16-2021)/Gates of Zendocon.zip	emu/EXTRAS/LYNX-duplicados/Cylum's Atari Lynx ROM Collection (02-16-2021)/Gates of Zendocon.zip	duplicado (mismo contenido que la ROM conservada)
MOVIDO	emu/ROMS/LYNX/Atari Lynx/Todd's Adventure in Slime World (1990).lnx	emu/EXTRAS/LYNX-duplicados/Atari Lynx/Todd's Adventure in Slime World (1990).lnx	duplicado (mismo contenido que la ROM conservada)
MOVIDO	emu/ROMS/LYNX/Cylum's Atari Lynx ROM Collection (02-16-2021)/Todd's Adventures in Slime World.zip	emu/EXTRAS/LYNX-duplicados/Cylum's Atari Lynx ROM Collection (02-16-2021)/Todd's Adventures in Slime World.zip	duplicado (mismo contenido que la ROM conservada)
MOVIDO	emu/ROMS/LYNX/Atari Lynx/Toki (1990).lnx	emu/EXTRAS/LYNX-duplicados/Atari Lynx/Toki (1990).lnx	duplicado (mismo contenido que la ROM conservada)
MOVIDO	emu/ROMS/LYNX/Cylum's Atari Lynx ROM Collection (02-16-2021)/Toki.zip	emu/EXTRAS/LYNX-duplicados/Cylum's Atari Lynx ROM Collection (02-16-2021)/Toki.zip	duplicado (mismo contenido que la ROM conservada)
MOVIDO	emu/ROMS/LYNX/Atari Lynx/Tournament Cyberball 2072 (1991).lnx	emu/EXTRAS/LYNX-duplicados/Atari Lynx/Tournament Cyberball 2072 (1991).lnx	duplicado (mismo contenido que la ROM conservada)
MOVIDO	emu/ROMS/LYNX/Atari Lynx/Turbo Sub (1991).lnx	emu/EXTRAS/LYNX-duplicados/Atari Lynx/Turbo Sub (1991).lnx	duplicado (mismo contenido que la ROM conservada)
MOVIDO	emu/ROMS/LYNX/Cylum's Atari Lynx ROM Collection (02-16-2021)/Turbo Sub.zip	emu/EXTRAS/LYNX-duplicados/Cylum's Atari Lynx ROM Collection (02-16-2021)/Turbo Sub.zip	duplicado (mismo contenido que la ROM conservada)
MOVIDO	emu/ROMS/LYNX/Atari Lynx/Viking Child (1991).lnx	emu/EXTRAS/LYNX-duplicados/Atari Lynx/Viking Child (1991).lnx	duplicado (mismo contenido que la ROM conservada)
MOVIDO	emu/ROMS/LYNX/Cylum's Atari Lynx ROM Collection (02-16-2021)/Viking Child.zip	emu/EXTRAS/LYNX-duplicados/Cylum's Atari Lynx ROM Collection (02-16-2021)/Viking Child.zip	duplicado (mismo contenido que la ROM conservada)
MOVIDO	emu/ROMS/LYNX/Atari Lynx/Warbirds (1990).lnx	emu/EXTRAS/LYNX-duplicados/Atari Lynx/Warbirds (1990).lnx	duplicado (mismo contenido que la ROM conservada)
MOVIDO	emu/ROMS/LYNX/Cylum's Atari Lynx ROM Collection (02-16-2021)/Warbirds.zip	emu/EXTRAS/LYNX-duplicados/Cylum's Atari Lynx ROM Collection (02-16-2021)/Warbirds.zip	duplicado (mismo contenido que la ROM conservada)
MOVIDO	emu/ROMS/LYNX/Atari Lynx/World Class Soccer (1992).lnx	emu/EXTRAS/LYNX-duplicados/Atari Lynx/World Class Soccer (1992).lnx	duplicado (mismo contenido que la ROM conservada)
MOVIDO	emu/ROMS/LYNX/Atari Lynx/Xenophobe (1990).lnx	emu/EXTRAS/LYNX-duplicados/Atari Lynx/Xenophobe (1990).lnx	duplicado (mismo contenido que la ROM conservada)
MOVIDO	emu/ROMS/LYNX/Atari Lynx/Xybots (1991).lnx	emu/EXTRAS/LYNX-duplicados/Atari Lynx/Xybots (1991).lnx	duplicado (mismo contenido que la ROM conservada)
MOVIDO	emu/ROMS/LYNX/Cylum's Atari Lynx ROM Collection (02-16-2021)/Xybots.zip	emu/EXTRAS/LYNX-duplicados/Cylum's Atari Lynx ROM Collection (02-16-2021)/Xybots.zip	duplicado (mismo contenido que la ROM conservada)
MOVIDO	emu/ROMS/LYNX/Atari Lynx/Zarlor Mercenary (1990).lnx	emu/EXTRAS/LYNX-duplicados/Atari Lynx/Zarlor Mercenary (1990).lnx	duplicado (mismo contenido que la ROM conservada)
MOVIDO	emu/ROMS/LYNX/Cylum's Atari Lynx ROM Collection (02-16-2021)/Zarlor Mercenary.zip	emu/EXTRAS/LYNX-duplicados/Cylum's Atari Lynx ROM Collection (02-16-2021)/Zarlor Mercenary.zip	duplicado (mismo contenido que la ROM conservada)
MOVIDO	emu/ROMS/LYNX/Atari Lynx/Baseball Heroes (1991).lnx	emu/ROMS/LYNX/Baseball Heroes (1991).lnx	ROM exclusiva de subcarpeta, al primer nivel
MOVIDO	emu/ROMS/LYNX/Atari Lynx/Basketbrawl (1992) [a1].lnx	emu/ROMS/LYNX/Basketbrawl (1992) [a1].lnx	ROM exclusiva de subcarpeta, al primer nivel
MOVIDO	emu/ROMS/LYNX/Cylum's Atari Lynx ROM Collection (02-16-2021)/Basketbrawl.zip	emu/EXTRAS/LYNX-duplicados/Cylum's Atari Lynx ROM Collection (02-16-2021)/Basketbrawl.zip	duplicado (mismo contenido que la ROM conservada)
MOVIDO	emu/ROMS/LYNX/Atari Lynx/Battle Wheels (1993) (Beyond Games) [o1].lnx	emu/ROMS/LYNX/Battle Wheels (1993) (Beyond Games) [o1].lnx	ROM exclusiva de subcarpeta, al primer nivel
MOVIDO	emu/ROMS/LYNX/Atari Lynx/Block Out (1990) [o1].lnx	emu/ROMS/LYNX/Block Out (1990) [o1].lnx	ROM exclusiva de subcarpeta, al primer nivel
MOVIDO	emu/ROMS/LYNX/Atari Lynx/Blue Lightning (1989) [a1].lnx	emu/ROMS/LYNX/Blue Lightning (1989) [a1].lnx	ROM exclusiva de subcarpeta, al primer nivel
MOVIDO	emu/ROMS/LYNX/Atari Lynx/Blue Lightning Demo (1989) [o1].lnx	emu/ROMS/LYNX/Blue Lightning Demo (1989) [o1].lnx	ROM exclusiva de subcarpeta, al primer nivel
MOVIDO	emu/ROMS/LYNX/Atari Lynx/Blue Lightning Demo (1989).lnx	emu/ROMS/LYNX/Blue Lightning Demo (1989).lnx	ROM exclusiva de subcarpeta, al primer nivel
MOVIDO	emu/ROMS/LYNX/Atari Lynx/California Games (1991) [o1].lnx	emu/ROMS/LYNX/California Games (1991) [o1].lnx	ROM exclusiva de subcarpeta, al primer nivel
MOVIDO	emu/ROMS/LYNX/Atari Lynx/Chip's Challenge (1989) [o1].lnx	emu/ROMS/LYNX/Chip's Challenge (1989) [o1].lnx	ROM exclusiva de subcarpeta, al primer nivel
MOVIDO	emu/ROMS/LYNX/Atari Lynx/Crystal Mines II (1990) [o1].lnx	emu/ROMS/LYNX/Crystal Mines II (1990) [o1].lnx	ROM exclusiva de subcarpeta, al primer nivel
MOVIDO	emu/ROMS/LYNX/Atari Lynx/Crystal Mines II (1990).lnx	emu/ROMS/LYNX/Crystal Mines II (1990).lnx	ROM exclusiva de subcarpeta, al primer nivel
MOVIDO	emu/ROMS/LYNX/Cylum's Atari Lynx ROM Collection (02-16-2021)/Crystal Mines II.zip	emu/EXTRAS/LYNX-duplicados/Cylum's Atari Lynx ROM Collection (02-16-2021)/Crystal Mines II.zip	duplicado (mismo contenido que la ROM conservada)
MOVIDO	emu/ROMS/LYNX/Atari Lynx/Dragnet (1995).lnx	emu/ROMS/LYNX/Dragnet (1995).lnx	ROM exclusiva de subcarpeta, al primer nivel
MOVIDO	emu/ROMS/LYNX/Atari Lynx/Electrocop (1989) [o1].lnx	emu/ROMS/LYNX/Electrocop (1989) [o1].lnx	ROM exclusiva de subcarpeta, al primer nivel
MOVIDO	emu/ROMS/LYNX/Atari Lynx/European Soccer Challenge (1993) (Telegames) [o1].lnx	emu/ROMS/LYNX/European Soccer Challenge (1993) (Telegames) [o1].lnx	ROM exclusiva de subcarpeta, al primer nivel
MOVIDO	emu/ROMS/LYNX/Atari Lynx/Fidelity Ultimate Chess Challenge (1991) (Telegames) [o1].lnx	emu/ROMS/LYNX/Fidelity Ultimate Chess Challenge (1991) (Telegames) [o1].lnx	ROM exclusiva de subcarpeta, al primer nivel
MOVIDO	emu/ROMS/LYNX/Atari Lynx/Gates of Zendocon, The (1989) [o1].lnx	emu/ROMS/LYNX/Gates of Zendocon, The (1989) [o1].lnx	ROM exclusiva de subcarpeta, al primer nivel
MOVIDO	emu/ROMS/LYNX/Atari Lynx/Gauntlet - The Third Encounter (1990) [o1].lnx	emu/ROMS/LYNX/Gauntlet - The Third Encounter (1990) [o1].lnx	ROM exclusiva de subcarpeta, al primer nivel
MOVIDO	emu/ROMS/LYNX/Atari Lynx/Hard Drivin' (1993) [o1].lnx	emu/ROMS/LYNX/Hard Drivin' (1993) [o1].lnx	ROM exclusiva de subcarpeta, al primer nivel
MOVIDO	emu/ROMS/LYNX/Atari Lynx/Ishido - The Way of the Stones (1991) [o1].lnx	emu/ROMS/LYNX/Ishido - The Way of the Stones (1991) [o1].lnx	ROM exclusiva de subcarpeta, al primer nivel
MOVIDO	emu/ROMS/LYNX/Atari Lynx/Joust (1993) (Williams) [o1].lnx	emu/ROMS/LYNX/Joust (1993) (Williams) [o1].lnx	ROM exclusiva de subcarpeta, al primer nivel
MOVIDO	emu/ROMS/LYNX/Atari Lynx/Lode Runner (1996) (Kurt Olsen).lnx	emu/ROMS/LYNX/Lode Runner (1996) (Kurt Olsen).lnx	ROM exclusiva de subcarpeta, al primer nivel
MOVIDO	emu/ROMS/LYNX/Cylum's Atari Lynx ROM Collection (02-16-2021)/Unreleased/Lode Runner.zip	emu/EXTRAS/LYNX-duplicados/Cylum's Atari Lynx ROM Collection (02-16-2021)/Unreleased/Lode Runner.zip	duplicado (mismo contenido que la ROM conservada)
MOVIDO	emu/ROMS/LYNX/Atari Lynx/Lynx Diagnostic Cart V0.02 (1989).lnx	emu/ROMS/LYNX/Lynx Diagnostic Cart V0.02 (1989).lnx	ROM exclusiva de subcarpeta, al primer nivel
MOVIDO	emu/ROMS/LYNX/Atari Lynx/Ms. Pac-Man (1990) [a1].lnx	emu/ROMS/LYNX/Ms. Pac-Man (1990) [a1].lnx	ROM exclusiva de subcarpeta, al primer nivel
MOVIDO	emu/ROMS/LYNX/Atari Lynx/Pac-Land (1991) [o1].lnx	emu/ROMS/LYNX/Pac-Land (1991) [o1].lnx	ROM exclusiva de subcarpeta, al primer nivel
MOVIDO	emu/ROMS/LYNX/Atari Lynx/Paperboy (1990) [o1].lnx	emu/ROMS/LYNX/Paperboy (1990) [o1].lnx	ROM exclusiva de subcarpeta, al primer nivel
MOVIDO	emu/ROMS/LYNX/Atari Lynx/Qix (1991) (Telegames) [o1].lnx	emu/ROMS/LYNX/Qix (1991) (Telegames) [o1].lnx	ROM exclusiva de subcarpeta, al primer nivel
MOVIDO	emu/ROMS/LYNX/Atari Lynx/Robo-Squash (1990) [o1].lnx	emu/ROMS/LYNX/Robo-Squash (1990) [o1].lnx	ROM exclusiva de subcarpeta, al primer nivel
MOVIDO	emu/ROMS/LYNX/Atari Lynx/Shanghai (1990) [o1].lnx	emu/ROMS/LYNX/Shanghai (1990) [o1].lnx	ROM exclusiva de subcarpeta, al primer nivel
MOVIDO	emu/ROMS/LYNX/Atari Lynx/Super Asteroids & Missile Command (1995) [o1].lnx	emu/ROMS/LYNX/Super Asteroids & Missile Command (1995) [o1].lnx	ROM exclusiva de subcarpeta, al primer nivel
MOVIDO	emu/ROMS/LYNX/Atari Lynx/T-Tris (1996) by Bastian Schick [a1].lnx	emu/ROMS/LYNX/T-Tris (1996) by Bastian Schick [a1].lnx	ROM exclusiva de subcarpeta, al primer nivel
MOVIDO	emu/ROMS/LYNX/Atari Lynx/Todd's Adventure in Slime World (1990) [o1].lnx	emu/ROMS/LYNX/Todd's Adventure in Slime World (1990) [o1].lnx	ROM exclusiva de subcarpeta, al primer nivel
MOVIDO	emu/ROMS/LYNX/Atari Lynx/Turbo Sub (1991) [a1].lnx	emu/ROMS/LYNX/Turbo Sub (1991) [a1].lnx	ROM exclusiva de subcarpeta, al primer nivel
MOVIDO	emu/ROMS/LYNX/Atari Lynx/Warbirds (1990) [o1].lnx	emu/ROMS/LYNX/Warbirds (1990) [o1].lnx	ROM exclusiva de subcarpeta, al primer nivel
MOVIDO	emu/ROMS/LYNX/Atari Lynx/Xenophobe (1990) [a1].lnx	emu/ROMS/LYNX/Xenophobe (1990) [a1].lnx	ROM exclusiva de subcarpeta, al primer nivel
MOVIDO	emu/ROMS/LYNX/Cylum's Atari Lynx ROM Collection (02-16-2021)/Xenophobe.zip	emu/EXTRAS/LYNX-duplicados/Cylum's Atari Lynx ROM Collection (02-16-2021)/Xenophobe.zip	duplicado (mismo contenido que la ROM conservada)
MOVIDO	emu/ROMS/LYNX/Atari Lynx/Xenophobe (1990) [a2].lnx	emu/ROMS/LYNX/Xenophobe (1990) [a2].lnx	ROM exclusiva de subcarpeta, al primer nivel
MOVIDO	emu/ROMS/LYNX/Atari Lynx/Xenophobe (1990) [a3].lnx	emu/ROMS/LYNX/Xenophobe (1990) [a3].lnx	ROM exclusiva de subcarpeta, al primer nivel
MOVIDO	emu/ROMS/LYNX/Atari Lynx/Zarlor Mercenary (1990) [o1].lnx	emu/ROMS/LYNX/Zarlor Mercenary (1990) [o1].lnx	ROM exclusiva de subcarpeta, al primer nivel
MOVIDO	emu/ROMS/LYNX/Cylum's Atari Lynx ROM Collection (02-16-2021)/Homebrew & Unlicensed/Alien.zip	emu/ROMS/LYNX/Alien.zip	ROM exclusiva de subcarpeta, al primer nivel
MOVIDO	emu/ROMS/LYNX/Cylum's Atari Lynx ROM Collection (02-16-2021)/Homebrew & Unlicensed/Bug's Lynx, A.zip	emu/ROMS/LYNX/Bug's Lynx, A.zip	ROM exclusiva de subcarpeta, al primer nivel
MOVIDO	emu/ROMS/LYNX/Cylum's Atari Lynx ROM Collection (02-16-2021)/Homebrew & Unlicensed/Luchsenstein 3D.zip	emu/ROMS/LYNX/Luchsenstein 3D.zip	ROM exclusiva de subcarpeta, al primer nivel
MOVIDO	emu/ROMS/LYNX/Cylum's Atari Lynx ROM Collection (02-16-2021)/Homebrew & Unlicensed/Ouragan.zip	emu/ROMS/LYNX/Ouragan.zip	ROM exclusiva de subcarpeta, al primer nivel
MOVIDO	emu/ROMS/LYNX/Cylum's Atari Lynx ROM Collection (02-16-2021)/Homebrew & Unlicensed/Tiny Lynx Adventure.zip	emu/ROMS/LYNX/Tiny Lynx Adventure.zip	ROM exclusiva de subcarpeta, al primer nivel
MOVIDO	emu/ROMS/LYNX/Cylum's Atari Lynx ROM Collection (02-16-2021)/Homebrew & Unlicensed/Xump - The Final Run.zip	emu/ROMS/LYNX/Xump - The Final Run.zip	ROM exclusiva de subcarpeta, al primer nivel
MOVIDO	emu/ROMS/LYNX/Cylum's Atari Lynx ROM Collection (02-16-2021)/Homebrew & Unlicensed/Zaku.zip	emu/ROMS/LYNX/Zaku.zip	ROM exclusiva de subcarpeta, al primer nivel
MOVIDO	emu/ROMS/LYNX/A.P.B. (NA).png	emu/MEDIA/LYNX/A.P.B. (NA).png	carátula a MEDIA
MOVIDO	emu/ROMS/LYNX/Alien Vs. Predator (Prototype).png	emu/MEDIA/LYNX/Alien Vs. Predator (Prototype).png	carátula a MEDIA
MOVIDO	emu/ROMS/LYNX/Awesome Golf (NA).png	emu/MEDIA/LYNX/Awesome Golf (NA).png	carátula a MEDIA
MOVIDO	emu/ROMS/LYNX/Baseball Heroes (NA).png	emu/MEDIA/LYNX/Baseball Heroes (NA).png	carátula a MEDIA
MOVIDO	emu/ROMS/LYNX/Basketbrawl (NA).png	emu/MEDIA/LYNX/Basketbrawl (NA).png	carátula a MEDIA
MOVIDO	emu/ROMS/LYNX/Batman Returns (NA).png	emu/MEDIA/LYNX/Batman Returns (NA).png	carátula a MEDIA
MOVIDO	emu/ROMS/LYNX/Battle Wheels (NA).png	emu/MEDIA/LYNX/Battle Wheels (NA).png	carátula a MEDIA
MOVIDO	emu/ROMS/LYNX/Battlezone 2000 (NA).png	emu/MEDIA/LYNX/Battlezone 2000 (NA).png	carátula a MEDIA
MOVIDO	emu/ROMS/LYNX/Bill & Ted's Excellent Adventure (NA).png	emu/MEDIA/LYNX/Bill & Ted's Excellent Adventure (NA).png	carátula a MEDIA
MOVIDO	emu/ROMS/LYNX/Block Out (NA).png	emu/MEDIA/LYNX/Block Out (NA).png	carátula a MEDIA
MOVIDO	emu/ROMS/LYNX/Blue Lightning (NA).png	emu/MEDIA/LYNX/Blue Lightning (NA).png	carátula a MEDIA
MOVIDO	emu/ROMS/LYNX/Bubble Trouble (NA).png	emu/MEDIA/LYNX/Bubble Trouble (NA).png	carátula a MEDIA
MOVIDO	emu/ROMS/LYNX/California Games (NA).png	emu/MEDIA/LYNX/California Games (NA).png	carátula a MEDIA
MOVIDO	emu/ROMS/LYNX/Centipede (Prototype).png	emu/MEDIA/LYNX/Centipede (Prototype).png	carátula a MEDIA
MOVIDO	emu/ROMS/LYNX/Checkered Flag (NA).png	emu/MEDIA/LYNX/Checkered Flag (NA).png	carátula a MEDIA
MOVIDO	emu/ROMS/LYNX/Chip's Challenge (NA).png	emu/MEDIA/LYNX/Chip's Challenge (NA).png	carátula a MEDIA
MOVIDO	emu/ROMS/LYNX/Conquest of Zow (Prototype).png	emu/MEDIA/LYNX/Conquest of Zow (Prototype).png	carátula a MEDIA
MOVIDO	emu/ROMS/LYNX/Crystal Mines 2 (Prototype).png	emu/MEDIA/LYNX/Crystal Mines 2 (Prototype).png	carátula a MEDIA
MOVIDO	emu/ROMS/LYNX/Daemonsgate (Prototype).png	emu/MEDIA/LYNX/Daemonsgate (Prototype).png	carátula a MEDIA
MOVIDO	emu/ROMS/LYNX/Desert Strike - Return to the Gulf (NA).png	emu/MEDIA/LYNX/Desert Strike - Return to the Gulf (NA).png	carátula a MEDIA
MOVIDO	emu/ROMS/LYNX/Dinolympics (NA).png	emu/MEDIA/LYNX/Dinolympics (NA).png	carátula a MEDIA
MOVIDO	emu/ROMS/LYNX/Dirty Larry - Renegade Cop (NA).png	emu/MEDIA/LYNX/Dirty Larry - Renegade Cop (NA).png	carátula a MEDIA
MOVIDO	emu/ROMS/LYNX/Double Dragon (NA).png	emu/MEDIA/LYNX/Double Dragon (NA).png	carátula a MEDIA
MOVIDO	emu/ROMS/LYNX/Dracula - The Undead (NA).png	emu/MEDIA/LYNX/Dracula - The Undead (NA).png	carátula a MEDIA
MOVIDO	emu/ROMS/LYNX/Electrocop (NA).png	emu/MEDIA/LYNX/Electrocop (NA).png	carátula a MEDIA
MOVIDO	emu/ROMS/LYNX/European Soccer Challenge (NA).png	emu/MEDIA/LYNX/European Soccer Challenge (NA).png	carátula a MEDIA
MOVIDO	emu/ROMS/LYNX/Eye of the Beholder (Prototype).png	emu/MEDIA/LYNX/Eye of the Beholder (Prototype).png	carátula a MEDIA
MOVIDO	emu/ROMS/LYNX/Fat Bobby (NA).png	emu/MEDIA/LYNX/Fat Bobby (NA).png	carátula a MEDIA
MOVIDO	emu/ROMS/LYNX/Gauntlet - The Third Encounter (NA).png	emu/MEDIA/LYNX/Gauntlet - The Third Encounter (NA).png	carátula a MEDIA
MOVIDO	emu/ROMS/LYNX/Gordo 106 - The Mutated Lab Monkey (NA).png	emu/MEDIA/LYNX/Gordo 106 - The Mutated Lab Monkey (NA).png	carátula a MEDIA
MOVIDO	emu/ROMS/LYNX/Hard Drivin' (NA).png	emu/MEDIA/LYNX/Hard Drivin' (NA).png	carátula a MEDIA
MOVIDO	emu/ROMS/LYNX/Hockey (NA).png	emu/MEDIA/LYNX/Hockey (NA).png	carátula a MEDIA
MOVIDO	emu/ROMS/LYNX/Hydra (NA).png	emu/MEDIA/LYNX/Hydra (NA).png	carátula a MEDIA
MOVIDO	emu/ROMS/LYNX/Ishido - The Way of the Stones (NA).png	emu/MEDIA/LYNX/Ishido - The Way of the Stones (NA).png	carátula a MEDIA
MOVIDO	emu/ROMS/LYNX/Jimmy Conners Tennis (NA).png	emu/MEDIA/LYNX/Jimmy Conners Tennis (NA).png	carátula a MEDIA
MOVIDO	emu/ROMS/LYNX/Joust (NA).png	emu/MEDIA/LYNX/Joust (NA).png	carátula a MEDIA
MOVIDO	emu/ROMS/LYNX/Klax (NA).png	emu/MEDIA/LYNX/Klax (NA).png	carátula a MEDIA
MOVIDO	emu/ROMS/LYNX/Krazy Ace Minature Golf (NA).png	emu/MEDIA/LYNX/Krazy Ace Minature Golf (NA).png	carátula a MEDIA
MOVIDO	emu/ROMS/LYNX/Kung Food (NA).png	emu/MEDIA/LYNX/Kung Food (NA).png	carátula a MEDIA
MOVIDO	emu/ROMS/LYNX/Lemmings (NA).png	emu/MEDIA/LYNX/Lemmings (NA).png	carátula a MEDIA
MOVIDO	emu/ROMS/LYNX/Lexis (NA).png	emu/MEDIA/LYNX/Lexis (NA).png	carátula a MEDIA
MOVIDO	emu/ROMS/LYNX/Lode Runner (Prototype).png	emu/MEDIA/LYNX/Lode Runner (Prototype).png	carátula a MEDIA
MOVIDO	emu/ROMS/LYNX/Loopz (Prototype).png	emu/MEDIA/LYNX/Loopz (Prototype).png	carátula a MEDIA
MOVIDO	emu/ROMS/LYNX/Lynx Casino (NA).png	emu/MEDIA/LYNX/Lynx Casino (NA).png	carátula a MEDIA
MOVIDO	emu/ROMS/LYNX/Malibu Bikini Volleyball (NA).png	emu/MEDIA/LYNX/Malibu Bikini Volleyball (NA).png	carátula a MEDIA
MOVIDO	emu/ROMS/LYNX/Marble Madness (Prototype).png	emu/MEDIA/LYNX/Marble Madness (Prototype).png	carátula a MEDIA
MOVIDO	emu/ROMS/LYNX/Marlboro Go! (Prototype).png	emu/MEDIA/LYNX/Marlboro Go! (Prototype).png	carátula a MEDIA
MOVIDO	emu/ROMS/LYNX/Ms. Pac-Man (NA).png	emu/MEDIA/LYNX/Ms. Pac-Man (NA).png	carátula a MEDIA
MOVIDO	emu/ROMS/LYNX/NFL Football (NA).png	emu/MEDIA/LYNX/NFL Football (NA).png	carátula a MEDIA
MOVIDO	emu/ROMS/LYNX/Ninja Gaiden (NA).png	emu/MEDIA/LYNX/Ninja Gaiden (NA).png	carátula a MEDIA
MOVIDO	emu/ROMS/LYNX/Ninja Gaiden III - The Ancient Ship of Doom (NA).png	emu/MEDIA/LYNX/Ninja Gaiden III - The Ancient Ship of Doom (NA).png	carátula a MEDIA
MOVIDO	emu/ROMS/LYNX/Pac-Land (NA).png	emu/MEDIA/LYNX/Pac-Land (NA).png	carátula a MEDIA
MOVIDO	emu/ROMS/LYNX/Paperboy (NA).png	emu/MEDIA/LYNX/Paperboy (NA).png	carátula a MEDIA
MOVIDO	emu/ROMS/LYNX/Para Lemi! (Prototype).png	emu/MEDIA/LYNX/Para Lemi! (Prototype).png	carátula a MEDIA
MOVIDO	emu/ROMS/LYNX/Pinball Jam (NA).png	emu/MEDIA/LYNX/Pinball Jam (NA).png	carátula a MEDIA
MOVIDO	emu/ROMS/LYNX/Pit Fighter - The Ultimate Competition (NA).png	emu/MEDIA/LYNX/Pit Fighter - The Ultimate Competition (NA).png	carátula a MEDIA
MOVIDO	emu/ROMS/LYNX/Pong5 (Prototype).png	emu/MEDIA/LYNX/Pong5 (Prototype).png	carátula a MEDIA
MOVIDO	emu/ROMS/LYNX/Power Factor (NA).png	emu/MEDIA/LYNX/Power Factor (NA).png	carátula a MEDIA
MOVIDO	emu/ROMS/LYNX/Puzzler 2000 (NA, Rev 43).png	emu/MEDIA/LYNX/Puzzler 2000 (NA, Rev 43).png	carátula a MEDIA
MOVIDO	emu/ROMS/LYNX/Qix (NA).png	emu/MEDIA/LYNX/Qix (NA).png	carátula a MEDIA
MOVIDO	emu/ROMS/LYNX/Raiden (NA).png	emu/MEDIA/LYNX/Raiden (NA).png	carátula a MEDIA
MOVIDO	emu/ROMS/LYNX/Rampage (NA).png	emu/MEDIA/LYNX/Rampage (NA).png	carátula a MEDIA
MOVIDO	emu/ROMS/LYNX/Rampart (NA).png	emu/MEDIA/LYNX/Rampart (NA).png	carátula a MEDIA
MOVIDO	emu/ROMS/LYNX/Remnant - Planar Wars 3D (Prototype).png	emu/MEDIA/LYNX/Remnant - Planar Wars 3D (Prototype).png	carátula a MEDIA
MOVIDO	emu/ROMS/LYNX/Road Riot 4WD (Prototype).png	emu/MEDIA/LYNX/Road Riot 4WD (Prototype).png	carátula a MEDIA
MOVIDO	emu/ROMS/LYNX/RoadBlasters (NA).png	emu/MEDIA/LYNX/RoadBlasters (NA).png	carátula a MEDIA
MOVIDO	emu/ROMS/LYNX/Robo-Squash (NA).png	emu/MEDIA/LYNX/Robo-Squash (NA).png	carátula a MEDIA
MOVIDO	emu/ROMS/LYNX/Robotron 2084 (NA).png	emu/MEDIA/LYNX/Robotron 2084 (NA).png	carátula a MEDIA
MOVIDO	emu/ROMS/LYNX/Rygar - Legendary Warrior (NA).png	emu/MEDIA/LYNX/Rygar - Legendary Warrior (NA).png	carátula a MEDIA
MOVIDO	emu/ROMS/LYNX/S.T.U.N. Runner (NA).png	emu/MEDIA/LYNX/S.T.U.N. Runner (NA).png	carátula a MEDIA
MOVIDO	emu/ROMS/LYNX/Scrapyard Dog (NA).png	emu/MEDIA/LYNX/Scrapyard Dog (NA).png	carátula a MEDIA
MOVIDO	emu/ROMS/LYNX/Shadow of the Beast (NA).png	emu/MEDIA/LYNX/Shadow of the Beast (NA).png	carátula a MEDIA
MOVIDO	emu/ROMS/LYNX/Shanghai (NA).png	emu/MEDIA/LYNX/Shanghai (NA).png	carátula a MEDIA
MOVIDO	emu/ROMS/LYNX/Steel Talons (NA).png	emu/MEDIA/LYNX/Steel Talons (NA).png	carátula a MEDIA
MOVIDO	emu/ROMS/LYNX/Super Asteroids and Missile Command (NA).png	emu/MEDIA/LYNX/Super Asteroids and Missile Command (NA).png	carátula a MEDIA
MOVIDO	emu/ROMS/LYNX/Super Off-Road (NA).png	emu/MEDIA/LYNX/Super Off-Road (NA).png	carátula a MEDIA
MOVIDO	emu/ROMS/LYNX/Super Skweek (NA).png	emu/MEDIA/LYNX/Super Skweek (NA).png	carátula a MEDIA
MOVIDO	emu/ROMS/LYNX/Switchblade II (NA).png	emu/MEDIA/LYNX/Switchblade II (NA).png	carátula a MEDIA
MOVIDO	emu/ROMS/LYNX/T-Tris (NA).png	emu/MEDIA/LYNX/T-Tris (NA).png	carátula a MEDIA
MOVIDO	emu/ROMS/LYNX/The Dungeon (Prototype, Rev 0.12).png	emu/MEDIA/LYNX/The Dungeon (Prototype, Rev 0.12).png	carátula a MEDIA
MOVIDO	emu/ROMS/LYNX/The Fidelity Ultimate Chess Challenge (NA).png	emu/MEDIA/LYNX/The Fidelity Ultimate Chess Challenge (NA).png	carátula a MEDIA
MOVIDO	emu/ROMS/LYNX/The Gates of Zendocon (NA).png	emu/MEDIA/LYNX/The Gates of Zendocon (NA).png	carátula a MEDIA
MOVIDO	emu/ROMS/LYNX/Todd's Adventure in Slime World (NA).png	emu/MEDIA/LYNX/Todd's Adventure in Slime World (NA).png	carátula a MEDIA
MOVIDO	emu/ROMS/LYNX/Toki (NA).png	emu/MEDIA/LYNX/Toki (NA).png	carátula a MEDIA
MOVIDO	emu/ROMS/LYNX/Tournament Cyberball 2072 (NA).png	emu/MEDIA/LYNX/Tournament Cyberball 2072 (NA).png	carátula a MEDIA
MOVIDO	emu/ROMS/LYNX/Turbo Sub (NA).png	emu/MEDIA/LYNX/Turbo Sub (NA).png	carátula a MEDIA
MOVIDO	emu/ROMS/LYNX/Viking Child (NA).png	emu/MEDIA/LYNX/Viking Child (NA).png	carátula a MEDIA
MOVIDO	emu/ROMS/LYNX/Warbirds (NA).png	emu/MEDIA/LYNX/Warbirds (NA).png	carátula a MEDIA
MOVIDO	emu/ROMS/LYNX/World Class Soccer (NA).png	emu/MEDIA/LYNX/World Class Soccer (NA).png	carátula a MEDIA
MOVIDO	emu/ROMS/LYNX/Xenophobe (NA).png	emu/MEDIA/LYNX/Xenophobe (NA).png	carátula a MEDIA
MOVIDO	emu/ROMS/LYNX/Xybots (NA).png	emu/MEDIA/LYNX/Xybots (NA).png	carátula a MEDIA
MOVIDO	emu/ROMS/LYNX/Zarlor Mercenary (NA).png	emu/MEDIA/LYNX/Zarlor Mercenary (NA).png	carátula a MEDIA
MOVIDO	emu/ROMS/32X/Cylum's Sega 32X ROM Collection (02-14-2021)/...GAMELIST.txt	emu/EXTRAS/32X-otros/Cylum's Sega 32X ROM Collection (02-14-2021)/...GAMELIST.txt	no es una ROM (texto, audio, programa, base de datos)
MOVIDO	emu/ROMS/32X/Cylum's Sega 32X ROM Collection (02-14-2021)/...UPDATES (02-14-21).txt	emu/EXTRAS/32X-otros/Cylum's Sega 32X ROM Collection (02-14-2021)/...UPDATES (02-14-21).txt	no es una ROM (texto, audio, programa, base de datos)
MOVIDO	emu/ROMS/32X/Cylum's Sega 32X ROM Collection (02-14-2021)/BIOS Files/32X_G_BIOS.BIN	emu/EXTRAS/BIOS-candidatas/32X/Cylum's Sega 32X ROM Collection (02-14-2021)/BIOS Files/32X_G_BIOS.BIN	BIOS encontrada entre las ROMs
MOVIDO	emu/ROMS/32X/Cylum's Sega 32X ROM Collection (02-14-2021)/BIOS Files/32X_M_BIOS.BIN	emu/EXTRAS/BIOS-candidatas/32X/Cylum's Sega 32X ROM Collection (02-14-2021)/BIOS Files/32X_M_BIOS.BIN	BIOS encontrada entre las ROMs
MOVIDO	emu/ROMS/32X/Cylum's Sega 32X ROM Collection (02-14-2021)/BIOS Files/32X_S_BIOS.BIN	emu/EXTRAS/BIOS-candidatas/32X/Cylum's Sega 32X ROM Collection (02-14-2021)/BIOS Files/32X_S_BIOS.BIN	BIOS encontrada entre las ROMs
MOVIDO	emu/ROMS/32X/Cylum's Sega 32X ROM Collection (02-14-2021)/After Burner.zip	emu/EXTRAS/32X-duplicados/Cylum's Sega 32X ROM Collection (02-14-2021)/After Burner.zip	duplicado (mismo contenido que la ROM conservada)
MOVIDO	emu/ROMS/32X/Cylum's Sega 32X ROM Collection (02-14-2021)/Amazing Spider-Man, The - Web of Fire.zip	emu/EXTRAS/32X-duplicados/Cylum's Sega 32X ROM Collection (02-14-2021)/Amazing Spider-Man, The - Web of Fire.zip	duplicado (mismo contenido que la ROM conservada)
MOVIDO	emu/ROMS/32X/Cylum's Sega 32X ROM Collection (02-14-2021)/BC Racers.zip	emu/EXTRAS/32X-duplicados/Cylum's Sega 32X ROM Collection (02-14-2021)/BC Racers.zip	duplicado (mismo contenido que la ROM conservada)
MOVIDO	emu/ROMS/32X/Cylum's Sega 32X ROM Collection (02-14-2021)/Blackthorne.zip	emu/EXTRAS/32X-duplicados/Cylum's Sega 32X ROM Collection (02-14-2021)/Blackthorne.zip	duplicado (mismo contenido que la ROM conservada)
MOVIDO	emu/ROMS/32X/Cylum's Sega 32X ROM Collection (02-14-2021)/Brutal - Above the Claw.zip	emu/EXTRAS/32X-duplicados/Cylum's Sega 32X ROM Collection (02-14-2021)/Brutal - Above the Claw.zip	duplicado (mismo contenido que la ROM conservada)
MOVIDO	emu/ROMS/32X/Cylum's Sega 32X ROM Collection (02-14-2021)/Knuckles' Chaotix.zip	emu/EXTRAS/32X-duplicados/Cylum's Sega 32X ROM Collection (02-14-2021)/Knuckles' Chaotix.zip	duplicado (mismo contenido que la ROM conservada)
MOVIDO	emu/ROMS/32X/Cylum's Sega 32X ROM Collection (02-14-2021)/Cosmic Carnage.zip	emu/EXTRAS/32X-duplicados/Cylum's Sega 32X ROM Collection (02-14-2021)/Cosmic Carnage.zip	duplicado (mismo contenido que la ROM conservada)
MOVIDO	emu/ROMS/32X/Cylum's Sega 32X ROM Collection (02-14-2021)/Doom.zip	emu/EXTRAS/32X-duplicados/Cylum's Sega 32X ROM Collection (02-14-2021)/Doom.zip	duplicado (mismo contenido que la ROM conservada)
MOVIDO	emu/ROMS/32X/Cylum's Sega 32X ROM Collection (02-14-2021)/FIFA Soccer 96.zip	emu/EXTRAS/32X-duplicados/Cylum's Sega 32X ROM Collection (02-14-2021)/FIFA Soccer 96.zip	duplicado (mismo contenido que la ROM conservada)
MOVIDO	emu/ROMS/32X/Cylum's Sega 32X ROM Collection (02-14-2021)/Golf Magazine - 36 Great Holes Starring Fred Couples.zip	emu/EXTRAS/32X-duplicados/Cylum's Sega 32X ROM Collection (02-14-2021)/Golf Magazine - 36 Great Holes Starring Fred Couples.zip	duplicado (mismo contenido que la ROM conservada)
MOVIDO	emu/ROMS/32X/Cylum's Sega 32X ROM Collection (02-14-2021)/Kolibri.zip	emu/EXTRAS/32X-duplicados/Cylum's Sega 32X ROM Collection (02-14-2021)/Kolibri.zip	duplicado (mismo contenido que la ROM conservada)
MOVIDO	emu/ROMS/32X/Cylum's Sega 32X ROM Collection (02-14-2021)/Metal Head.zip	emu/EXTRAS/32X-duplicados/Cylum's Sega 32X ROM Collection (02-14-2021)/Metal Head.zip	duplicado (mismo contenido que la ROM conservada)
MOVIDO	emu/ROMS/32X/Cylum's Sega 32X ROM Collection (02-14-2021)/Mortal Kombat II.zip	emu/EXTRAS/32X-duplicados/Cylum's Sega 32X ROM Collection (02-14-2021)/Mortal Kombat II.zip	duplicado (mismo contenido que la ROM conservada)
MOVIDO	emu/ROMS/32X/Cylum's Sega 32X ROM Collection (02-14-2021)/NBA Jam - Tournament Edition.zip	emu/EXTRAS/32X-duplicados/Cylum's Sega 32X ROM Collection (02-14-2021)/NBA Jam - Tournament Edition.zip	duplicado (mismo contenido que la ROM conservada)
MOVIDO	emu/ROMS/32X/Cylum's Sega 32X ROM Collection (02-14-2021)/NFL Quarterback Club.zip	emu/EXTRAS/32X-duplicados/Cylum's Sega 32X ROM Collection (02-14-2021)/NFL Quarterback Club.zip	duplicado (mismo contenido que la ROM conservada)
MOVIDO	emu/ROMS/32X/Cylum's Sega 32X ROM Collection (02-14-2021)/Zaxxon's Motherbase 2000.zip	emu/EXTRAS/32X-duplicados/Cylum's Sega 32X ROM Collection (02-14-2021)/Zaxxon's Motherbase 2000.zip	duplicado (mismo contenido que la ROM conservada)
MOVIDO	emu/ROMS/32X/Cylum's Sega 32X ROM Collection (02-14-2021)/Pitfall - The Mayan Adventure.zip	emu/EXTRAS/32X-duplicados/Cylum's Sega 32X ROM Collection (02-14-2021)/Pitfall - The Mayan Adventure.zip	duplicado (mismo contenido que la ROM conservada)
MOVIDO	emu/ROMS/32X/Cylum's Sega 32X ROM Collection (02-14-2021)/Primal Rage.zip	emu/EXTRAS/32X-duplicados/Cylum's Sega 32X ROM Collection (02-14-2021)/Primal Rage.zip	duplicado (mismo contenido que la ROM conservada)
MOVIDO	emu/ROMS/32X/Cylum's Sega 32X ROM Collection (02-14-2021)/R.B.I. Baseball '95.zip	emu/EXTRAS/32X-duplicados/Cylum's Sega 32X ROM Collection (02-14-2021)/R.B.I. Baseball '95.zip	duplicado (mismo contenido que la ROM conservada)
MOVIDO	emu/ROMS/32X/Cylum's Sega 32X ROM Collection (02-14-2021)/Shadow Squadron.zip	emu/EXTRAS/32X-duplicados/Cylum's Sega 32X ROM Collection (02-14-2021)/Shadow Squadron.zip	duplicado (mismo contenido que la ROM conservada)
MOVIDO	emu/ROMS/32X/Cylum's Sega 32X ROM Collection (02-14-2021)/Space Harrier.zip	emu/EXTRAS/32X-duplicados/Cylum's Sega 32X ROM Collection (02-14-2021)/Space Harrier.zip	duplicado (mismo contenido que la ROM conservada)
MOVIDO	emu/ROMS/32X/Cylum's Sega 32X ROM Collection (02-14-2021)/Star Trek - Starfleet Academy - Starship Bridge Simulator.zip	emu/EXTRAS/32X-duplicados/Cylum's Sega 32X ROM Collection (02-14-2021)/Star Trek - Starfleet Academy - Starship Bridge Simulator.zip	duplicado (mismo contenido que la ROM conservada)
MOVIDO	emu/ROMS/32X/Cylum's Sega 32X ROM Collection (02-14-2021)/Star Wars Arcade.zip	emu/EXTRAS/32X-duplicados/Cylum's Sega 32X ROM Collection (02-14-2021)/Star Wars Arcade.zip	duplicado (mismo contenido que la ROM conservada)
MOVIDO	emu/ROMS/32X/Cylum's Sega 32X ROM Collection (02-14-2021)/T-Mek.zip	emu/EXTRAS/32X-duplicados/Cylum's Sega 32X ROM Collection (02-14-2021)/T-Mek.zip	duplicado (mismo contenido que la ROM conservada)
MOVIDO	emu/ROMS/32X/Cylum's Sega 32X ROM Collection (02-14-2021)/Tempo.zip	emu/EXTRAS/32X-duplicados/Cylum's Sega 32X ROM Collection (02-14-2021)/Tempo.zip	duplicado (mismo contenido que la ROM conservada)
MOVIDO	emu/ROMS/32X/Cylum's Sega 32X ROM Collection (02-14-2021)/Toughman Contest.zip	emu/EXTRAS/32X-duplicados/Cylum's Sega 32X ROM Collection (02-14-2021)/Toughman Contest.zip	duplicado (mismo contenido que la ROM conservada)
MOVIDO	emu/ROMS/32X/Cylum's Sega 32X ROM Collection (02-14-2021)/Virtua Fighter.zip	emu/EXTRAS/32X-duplicados/Cylum's Sega 32X ROM Collection (02-14-2021)/Virtua Fighter.zip	duplicado (mismo contenido que la ROM conservada)
MOVIDO	emu/ROMS/32X/Cylum's Sega 32X ROM Collection (02-14-2021)/Virtua Racing Deluxe.zip	emu/EXTRAS/32X-duplicados/Cylum's Sega 32X ROM Collection (02-14-2021)/Virtua Racing Deluxe.zip	duplicado (mismo contenido que la ROM conservada)
MOVIDO	emu/ROMS/32X/Cylum's Sega 32X ROM Collection (02-14-2021)/World Series Baseball Starring Deion Sanders.zip	emu/EXTRAS/32X-duplicados/Cylum's Sega 32X ROM Collection (02-14-2021)/World Series Baseball Starring Deion Sanders.zip	duplicado (mismo contenido que la ROM conservada)
MOVIDO	emu/ROMS/32X/Cylum's Sega 32X ROM Collection (02-14-2021)/WWF Raw.zip	emu/EXTRAS/32X-duplicados/Cylum's Sega 32X ROM Collection (02-14-2021)/WWF Raw.zip	duplicado (mismo contenido que la ROM conservada)
MOVIDO	emu/ROMS/32X/Cylum's Sega 32X ROM Collection (02-14-2021)/WWF WrestleMania - The Arcade Game.zip	emu/EXTRAS/32X-duplicados/Cylum's Sega 32X ROM Collection (02-14-2021)/WWF WrestleMania - The Arcade Game.zip	duplicado (mismo contenido que la ROM conservada)
MOVIDO	emu/ROMS/32X/Cylum's Sega 32X ROM Collection (02-14-2021)/Hacks/Doom (Doom II Maps).zip	emu/ROMS/32X/Doom (Doom II Maps).zip	ROM exclusiva de subcarpeta, al primer nivel
MOVIDO	emu/ROMS/32X/Cylum's Sega 32X ROM Collection (02-14-2021)/Hacks/Doom (Ultimate Doom Maps).zip	emu/ROMS/32X/Doom (Ultimate Doom Maps).zip	ROM exclusiva de subcarpeta, al primer nivel
MOVIDO	emu/ROMS/32X/Cylum's Sega 32X ROM Collection (02-14-2021)/Hacks/Doom 32X - Delta Edition (Episode 1).zip	emu/ROMS/32X/Doom 32X - Delta Edition (Episode 1).zip	ROM exclusiva de subcarpeta, al primer nivel
MOVIDO	emu/ROMS/32X/Cylum's Sega 32X ROM Collection (02-14-2021)/Hacks/Doom 32X - Delta Edition (Episode 2).zip	emu/ROMS/32X/Doom 32X - Delta Edition (Episode 2).zip	ROM exclusiva de subcarpeta, al primer nivel
MOVIDO	emu/ROMS/32X/Cylum's Sega 32X ROM Collection (02-14-2021)/Hacks/Doom 32X - Delta Edition (Episode 3).zip	emu/ROMS/32X/Doom 32X - Delta Edition (Episode 3).zip	ROM exclusiva de subcarpeta, al primer nivel
MOVIDO	emu/ROMS/32X/Cylum's Sega 32X ROM Collection (02-14-2021)/Hacks/Mortal Kombat II - Ultimate Edition.zip	emu/ROMS/32X/Mortal Kombat II - Ultimate Edition.zip	ROM exclusiva de subcarpeta, al primer nivel
MOVIDO	emu/ROMS/32X/Cylum's Sega 32X ROM Collection (02-14-2021)/Hacks/Sonic in Chaotix.zip	emu/ROMS/32X/Sonic in Chaotix.zip	ROM exclusiva de subcarpeta, al primer nivel
MOVIDO	emu/ROMS/VB/Nintendo - Virtual Boy (20200219-181350)/gamelist.xml	emu/EXTRAS/VB-otros/Nintendo - Virtual Boy (20200219-181350)/gamelist.xml	no es una ROM (texto, audio, programa, base de datos)
MOVIDO	emu/ROMS/VB/Nintendo Virtual Boy (GoodVBoy v3.1415)/LACUEVA.NFO	emu/EXTRAS/VB-otros/Nintendo Virtual Boy (GoodVBoy v3.1415)/LACUEVA.NFO	no es una ROM (texto, audio, programa, base de datos)
MOVIDO	emu/ROMS/VB/Nintendo Virtual Boy (GoodVBoy v3.1415)/VBoy 3.1415 Files.log	emu/EXTRAS/VB-otros/Nintendo Virtual Boy (GoodVBoy v3.1415)/VBoy 3.1415 Files.log	no es una ROM (texto, audio, programa, base de datos)
MOVIDO	emu/ROMS/VB/Nintendo Virtual Boy (GoodVBoy v3.1415)/VBoy 3.1415 Merge.log	emu/EXTRAS/VB-otros/Nintendo Virtual Boy (GoodVBoy v3.1415)/VBoy 3.1415 Merge.log	no es una ROM (texto, audio, programa, base de datos)
MOVIDO	emu/ROMS/VB/Nintendo Virtual Boy (GoodVBoy v3.1415)/VBoyHave.txt	emu/EXTRAS/VB-otros/Nintendo Virtual Boy (GoodVBoy v3.1415)/VBoyHave.txt	no es una ROM (texto, audio, programa, base de datos)
MOVIDO	emu/ROMS/VB/Nintendo Virtual Boy (GoodVBoy v3.1415)/VBoyMiss.txt	emu/EXTRAS/VB-otros/Nintendo Virtual Boy (GoodVBoy v3.1415)/VBoyMiss.txt	no es una ROM (texto, audio, programa, base de datos)
MOVIDO	emu/ROMS/VB/Nintendo Virtual Boy (GoodVBoy v3.1415)/VBoyScan.txt	emu/EXTRAS/VB-otros/Nintendo Virtual Boy (GoodVBoy v3.1415)/VBoyScan.txt	no es una ROM (texto, audio, programa, base de datos)
MOVIDO	emu/ROMS/VB/Nintendo Virtual Boy (GoodVBoy v3.1415)/VBoyMerge/3D Tetris.7z	emu/EXTRAS/VB-7z/Nintendo Virtual Boy (GoodVBoy v3.1415)/VBoyMerge/3D Tetris.7z	7z sin verificar (no hay herramienta 7z en el PC)
MOVIDO	emu/ROMS/VB/Nintendo Virtual Boy (GoodVBoy v3.1415)/VBoyMerge/Galactic Pinball.7z	emu/EXTRAS/VB-7z/Nintendo Virtual Boy (GoodVBoy v3.1415)/VBoyMerge/Galactic Pinball.7z	7z sin verificar (no hay herramienta 7z en el PC)
MOVIDO	emu/ROMS/VB/Nintendo Virtual Boy (GoodVBoy v3.1415)/VBoyMerge/Golf.7z	emu/EXTRAS/VB-7z/Nintendo Virtual Boy (GoodVBoy v3.1415)/VBoyMerge/Golf.7z	7z sin verificar (no hay herramienta 7z en el PC)
MOVIDO	emu/ROMS/VB/Nintendo Virtual Boy (GoodVBoy v3.1415)/VBoyMerge/Insmouse no Yakata.7z	emu/EXTRAS/VB-7z/Nintendo Virtual Boy (GoodVBoy v3.1415)/VBoyMerge/Insmouse no Yakata.7z	7z sin verificar (no hay herramienta 7z en el PC)
MOVIDO	emu/ROMS/VB/Nintendo Virtual Boy (GoodVBoy v3.1415)/VBoyMerge/Jack Bros..7z	emu/EXTRAS/VB-7z/Nintendo Virtual Boy (GoodVBoy v3.1415)/VBoyMerge/Jack Bros..7z	7z sin verificar (no hay herramienta 7z en el PC)
MOVIDO	emu/ROMS/VB/Nintendo Virtual Boy (GoodVBoy v3.1415)/VBoyMerge/Mario Clash.7z	emu/EXTRAS/VB-7z/Nintendo Virtual Boy (GoodVBoy v3.1415)/VBoyMerge/Mario Clash.7z	7z sin verificar (no hay herramienta 7z en el PC)
MOVIDO	emu/ROMS/VB/Nintendo Virtual Boy (GoodVBoy v3.1415)/VBoyMerge/Mario's Tennis.7z	emu/EXTRAS/VB-7z/Nintendo Virtual Boy (GoodVBoy v3.1415)/VBoyMerge/Mario's Tennis.7z	7z sin verificar (no hay herramienta 7z en el PC)
MOVIDO	emu/ROMS/VB/Nintendo Virtual Boy (GoodVBoy v3.1415)/VBoyMerge/Nester's Funky Bowling.7z	emu/EXTRAS/VB-7z/Nintendo Virtual Boy (GoodVBoy v3.1415)/VBoyMerge/Nester's Funky Bowling.7z	7z sin verificar (no hay herramienta 7z en el PC)
MOVIDO	emu/ROMS/VB/Nintendo Virtual Boy (GoodVBoy v3.1415)/VBoyMerge/Panic Bomber.7z	emu/EXTRAS/VB-7z/Nintendo Virtual Boy (GoodVBoy v3.1415)/VBoyMerge/Panic Bomber.7z	7z sin verificar (no hay herramienta 7z en el PC)
MOVIDO	emu/ROMS/VB/Nintendo Virtual Boy (GoodVBoy v3.1415)/VBoyMerge/Public Domain Roms (Applications).7z	emu/EXTRAS/VB-7z/Nintendo Virtual Boy (GoodVBoy v3.1415)/VBoyMerge/Public Domain Roms (Applications).7z	7z sin verificar (no hay herramienta 7z en el PC)
MOVIDO	emu/ROMS/VB/Nintendo Virtual Boy (GoodVBoy v3.1415)/VBoyMerge/Public Domain Roms (Demos).7z	emu/EXTRAS/VB-7z/Nintendo Virtual Boy (GoodVBoy v3.1415)/VBoyMerge/Public Domain Roms (Demos).7z	7z sin verificar (no hay herramienta 7z en el PC)
MOVIDO	emu/ROMS/VB/Nintendo Virtual Boy (GoodVBoy v3.1415)/VBoyMerge/Public Domain Roms (Games).7z	emu/EXTRAS/VB-7z/Nintendo Virtual Boy (GoodVBoy v3.1415)/VBoyMerge/Public Domain Roms (Games).7z	7z sin verificar (no hay herramienta 7z en el PC)
MOVIDO	emu/ROMS/VB/Nintendo Virtual Boy (GoodVBoy v3.1415)/VBoyMerge/Public Domain Roms (Tools & Technical).7z	emu/EXTRAS/VB-7z/Nintendo Virtual Boy (GoodVBoy v3.1415)/VBoyMerge/Public Domain Roms (Tools & Technical).7z	7z sin verificar (no hay herramienta 7z en el PC)
MOVIDO	emu/ROMS/VB/Nintendo Virtual Boy (GoodVBoy v3.1415)/VBoyMerge/Red Alarm.7z	emu/EXTRAS/VB-7z/Nintendo Virtual Boy (GoodVBoy v3.1415)/VBoyMerge/Red Alarm.7z	7z sin verificar (no hay herramienta 7z en el PC)
MOVIDO	emu/ROMS/VB/Nintendo Virtual Boy (GoodVBoy v3.1415)/VBoyMerge/SD Gundam Dimension War.7z	emu/EXTRAS/VB-7z/Nintendo Virtual Boy (GoodVBoy v3.1415)/VBoyMerge/SD Gundam Dimension War.7z	7z sin verificar (no hay herramienta 7z en el PC)
MOVIDO	emu/ROMS/VB/Nintendo Virtual Boy (GoodVBoy v3.1415)/VBoyMerge/Space Invaders Virtual Collection.7z	emu/EXTRAS/VB-7z/Nintendo Virtual Boy (GoodVBoy v3.1415)/VBoyMerge/Space Invaders Virtual Collection.7z	7z sin verificar (no hay herramienta 7z en el PC)
MOVIDO	emu/ROMS/VB/Nintendo Virtual Boy (GoodVBoy v3.1415)/VBoyMerge/Space Squash.7z	emu/EXTRAS/VB-7z/Nintendo Virtual Boy (GoodVBoy v3.1415)/VBoyMerge/Space Squash.7z	7z sin verificar (no hay herramienta 7z en el PC)
MOVIDO	emu/ROMS/VB/Nintendo Virtual Boy (GoodVBoy v3.1415)/VBoyMerge/Teleroboxer.7z	emu/EXTRAS/VB-7z/Nintendo Virtual Boy (GoodVBoy v3.1415)/VBoyMerge/Teleroboxer.7z	7z sin verificar (no hay herramienta 7z en el PC)
MOVIDO	emu/ROMS/VB/Nintendo Virtual Boy (GoodVBoy v3.1415)/VBoyMerge/V-Tetris.7z	emu/EXTRAS/VB-7z/Nintendo Virtual Boy (GoodVBoy v3.1415)/VBoyMerge/V-Tetris.7z	7z sin verificar (no hay herramienta 7z en el PC)
MOVIDO	emu/ROMS/VB/Nintendo Virtual Boy (GoodVBoy v3.1415)/VBoyMerge/Vertical Force.7z	emu/EXTRAS/VB-7z/Nintendo Virtual Boy (GoodVBoy v3.1415)/VBoyMerge/Vertical Force.7z	7z sin verificar (no hay herramienta 7z en el PC)
MOVIDO	emu/ROMS/VB/Nintendo Virtual Boy (GoodVBoy v3.1415)/VBoyMerge/Virtual Bowling.7z	emu/EXTRAS/VB-7z/Nintendo Virtual Boy (GoodVBoy v3.1415)/VBoyMerge/Virtual Bowling.7z	7z sin verificar (no hay herramienta 7z en el PC)
MOVIDO	emu/ROMS/VB/Nintendo Virtual Boy (GoodVBoy v3.1415)/VBoyMerge/Virtual Boy Wario Land.7z	emu/EXTRAS/VB-7z/Nintendo Virtual Boy (GoodVBoy v3.1415)/VBoyMerge/Virtual Boy Wario Land.7z	7z sin verificar (no hay herramienta 7z en el PC)
MOVIDO	emu/ROMS/VB/Nintendo Virtual Boy (GoodVBoy v3.1415)/VBoyMerge/Virtual Fishing.7z	emu/EXTRAS/VB-7z/Nintendo Virtual Boy (GoodVBoy v3.1415)/VBoyMerge/Virtual Fishing.7z	7z sin verificar (no hay herramienta 7z en el PC)
MOVIDO	emu/ROMS/VB/Nintendo Virtual Boy (GoodVBoy v3.1415)/VBoyMerge/Virtual Lab.7z	emu/EXTRAS/VB-7z/Nintendo Virtual Boy (GoodVBoy v3.1415)/VBoyMerge/Virtual Lab.7z	7z sin verificar (no hay herramienta 7z en el PC)
MOVIDO	emu/ROMS/VB/Nintendo Virtual Boy (GoodVBoy v3.1415)/VBoyMerge/Virtual League Baseball.7z	emu/EXTRAS/VB-7z/Nintendo Virtual Boy (GoodVBoy v3.1415)/VBoyMerge/Virtual League Baseball.7z	7z sin verificar (no hay herramienta 7z en el PC)
MOVIDO	emu/ROMS/VB/Nintendo Virtual Boy (GoodVBoy v3.1415)/VBoyMerge/Waterworld.7z	emu/EXTRAS/VB-7z/Nintendo Virtual Boy (GoodVBoy v3.1415)/VBoyMerge/Waterworld.7z	7z sin verificar (no hay herramienta 7z en el PC)
MOVIDO	emu/ROMS/VB/Nintendo - Virtual Boy (20200219-181350)/3-D Tetris (USA).zip	emu/ROMS/VB/3-D Tetris (USA).zip	ROM exclusiva de subcarpeta, al primer nivel
MOVIDO	emu/ROMS/VB/Nintendo - Virtual Boy (20200219-181350)/Bound High (Japan) (En) (Proto).zip	emu/ROMS/VB/Bound High (Japan) (En) (Proto).zip	ROM exclusiva de subcarpeta, al primer nivel
MOVIDO	emu/ROMS/VB/Nintendo - Virtual Boy (20200219-181350)/Galactic Pinball (Japan, USA).zip	emu/ROMS/VB/Galactic Pinball (Japan, USA).zip	ROM exclusiva de subcarpeta, al primer nivel
MOVIDO	emu/ROMS/VB/Nintendo - Virtual Boy (20200219-181350)/Golf (USA).zip	emu/ROMS/VB/Golf (USA).zip	ROM exclusiva de subcarpeta, al primer nivel
MOVIDO	emu/ROMS/VB/Nintendo - Virtual Boy (20200219-181350)/Innsmouth no Yakata (Japan).zip	emu/ROMS/VB/Innsmouth no Yakata (Japan).zip	ROM exclusiva de subcarpeta, al primer nivel
MOVIDO	emu/ROMS/VB/Nintendo - Virtual Boy (20200219-181350)/Jack Bros. (USA).zip	emu/ROMS/VB/Jack Bros. (USA).zip	ROM exclusiva de subcarpeta, al primer nivel
MOVIDO	emu/ROMS/VB/Nintendo - Virtual Boy (20200219-181350)/Jack Bros. no Meiro de Hiihoo! (Japan).zip	emu/ROMS/VB/Jack Bros. no Meiro de Hiihoo! (Japan).zip	ROM exclusiva de subcarpeta, al primer nivel
MOVIDO	emu/ROMS/VB/Nintendo - Virtual Boy (20200219-181350)/Mario Clash (Japan, USA).zip	emu/ROMS/VB/Mario Clash (Japan, USA).zip	ROM exclusiva de subcarpeta, al primer nivel
MOVIDO	emu/ROMS/VB/Nintendo - Virtual Boy (20200219-181350)/Mario's Tennis (Japan, USA).zip	emu/ROMS/VB/Mario's Tennis (Japan, USA).zip	ROM exclusiva de subcarpeta, al primer nivel
MOVIDO	emu/ROMS/VB/Nintendo - Virtual Boy (20200219-181350)/Nester's Funky Bowling (USA).zip	emu/ROMS/VB/Nester's Funky Bowling (USA).zip	ROM exclusiva de subcarpeta, al primer nivel
MOVIDO	emu/ROMS/VB/Nintendo - Virtual Boy (20200219-181350)/Niko-chan Battle (Japan) (Proto).zip	emu/ROMS/VB/Niko-chan Battle (Japan) (Proto).zip	ROM exclusiva de subcarpeta, al primer nivel
MOVIDO	emu/ROMS/VB/Nintendo - Virtual Boy (20200219-181350)/Panic Bomber (USA).zip	emu/ROMS/VB/Panic Bomber (USA).zip	ROM exclusiva de subcarpeta, al primer nivel
MOVIDO	emu/ROMS/VB/Nintendo - Virtual Boy (20200219-181350)/Red Alarm (Japan).zip	emu/ROMS/VB/Red Alarm (Japan).zip	ROM exclusiva de subcarpeta, al primer nivel
MOVIDO	emu/ROMS/VB/Nintendo - Virtual Boy (20200219-181350)/Red Alarm (USA).zip	emu/ROMS/VB/Red Alarm (USA).zip	ROM exclusiva de subcarpeta, al primer nivel
MOVIDO	emu/ROMS/VB/Nintendo - Virtual Boy (20200219-181350)/SD Gundam - Dimension War (Japan).zip	emu/ROMS/VB/SD Gundam - Dimension War (Japan).zip	ROM exclusiva de subcarpeta, al primer nivel
MOVIDO	emu/ROMS/VB/Nintendo - Virtual Boy (20200219-181350)/Space Invaders - Virtual Collection (Japan).zip	emu/ROMS/VB/Space Invaders - Virtual Collection (Japan).zip	ROM exclusiva de subcarpeta, al primer nivel
MOVIDO	emu/ROMS/VB/Nintendo - Virtual Boy (20200219-181350)/Space Pinball (Japan) (En) (Proto).zip	emu/ROMS/VB/Space Pinball (Japan) (En) (Proto).zip	ROM exclusiva de subcarpeta, al primer nivel
MOVIDO	emu/ROMS/VB/Nintendo - Virtual Boy (20200219-181350)/Space Squash (Japan).zip	emu/ROMS/VB/Space Squash (Japan).zip	ROM exclusiva de subcarpeta, al primer nivel
MOVIDO	emu/ROMS/VB/Nintendo - Virtual Boy (20200219-181350)/T&E Virtual Golf (Japan).zip	emu/ROMS/VB/T&E Virtual Golf (Japan).zip	ROM exclusiva de subcarpeta, al primer nivel
MOVIDO	emu/ROMS/VB/Nintendo - Virtual Boy (20200219-181350)/Teleroboxer (Japan, USA).zip	emu/ROMS/VB/Teleroboxer (Japan, USA).zip	ROM exclusiva de subcarpeta, al primer nivel
MOVIDO	emu/ROMS/VB/Nintendo - Virtual Boy (20200219-181350)/Tobidase! Panibon (Japan).zip	emu/ROMS/VB/Tobidase! Panibon (Japan).zip	ROM exclusiva de subcarpeta, al primer nivel
MOVIDO	emu/ROMS/VB/Nintendo - Virtual Boy (20200219-181350)/V-Tetris (Japan).zip	emu/ROMS/VB/V-Tetris (Japan).zip	ROM exclusiva de subcarpeta, al primer nivel
MOVIDO	emu/ROMS/VB/Nintendo - Virtual Boy (20200219-181350)/Vertical Force (Japan).zip	emu/ROMS/VB/Vertical Force (Japan).zip	ROM exclusiva de subcarpeta, al primer nivel
MOVIDO	emu/ROMS/VB/Nintendo - Virtual Boy (20200219-181350)/Vertical Force (USA).zip	emu/ROMS/VB/Vertical Force (USA).zip	ROM exclusiva de subcarpeta, al primer nivel
MOVIDO	emu/ROMS/VB/Nintendo - Virtual Boy (20200219-181350)/Virtual Bowling (Japan).zip	emu/ROMS/VB/Virtual Bowling (Japan).zip	ROM exclusiva de subcarpeta, al primer nivel
MOVIDO	emu/ROMS/VB/Nintendo - Virtual Boy (20200219-181350)/Virtual Boy Wario Land (Japan, USA).zip	emu/ROMS/VB/Virtual Boy Wario Land (Japan, USA).zip	ROM exclusiva de subcarpeta, al primer nivel
MOVIDO	emu/ROMS/VB/Nintendo - Virtual Boy (20200219-181350)/Virtual Fishing (Japan).zip	emu/ROMS/VB/Virtual Fishing (Japan).zip	ROM exclusiva de subcarpeta, al primer nivel
MOVIDO	emu/ROMS/VB/Nintendo - Virtual Boy (20200219-181350)/Virtual Lab (Japan).zip	emu/ROMS/VB/Virtual Lab (Japan).zip	ROM exclusiva de subcarpeta, al primer nivel
MOVIDO	emu/ROMS/VB/Nintendo - Virtual Boy (20200219-181350)/Virtual League Baseball (USA).zip	emu/ROMS/VB/Virtual League Baseball (USA).zip	ROM exclusiva de subcarpeta, al primer nivel
MOVIDO	emu/ROMS/VB/Nintendo - Virtual Boy (20200219-181350)/Virtual Pro Yakyuu '95 (Japan).zip	emu/ROMS/VB/Virtual Pro Yakyuu '95 (Japan).zip	ROM exclusiva de subcarpeta, al primer nivel
MOVIDO	emu/ROMS/VB/Nintendo - Virtual Boy (20200219-181350)/Waterworld (USA).zip	emu/ROMS/VB/Waterworld (USA).zip	ROM exclusiva de subcarpeta, al primer nivel
MOVIDO	emu/ROMS/VB/Nintendo - Virtual Boy (20200219-181350)/media/images/3-D Tetris (USA).png	emu/MEDIA/VB/3-D Tetris (USA).png	carátula a MEDIA
MOVIDO	emu/ROMS/VB/Nintendo - Virtual Boy (20200219-181350)/media/images/Bound High (Japan) (En) (Proto).png	emu/MEDIA/VB/Bound High (Japan) (En) (Proto).png	carátula a MEDIA
MOVIDO	emu/ROMS/VB/Nintendo - Virtual Boy (20200219-181350)/media/images/Galactic Pinball (Japan, USA).png	emu/MEDIA/VB/Galactic Pinball (Japan, USA).png	carátula a MEDIA
MOVIDO	emu/ROMS/VB/Nintendo - Virtual Boy (20200219-181350)/media/images/Golf (USA).png	emu/MEDIA/VB/Golf (USA).png	carátula a MEDIA
MOVIDO	emu/ROMS/VB/Nintendo - Virtual Boy (20200219-181350)/media/images/Innsmouth no Yakata (Japan).png	emu/MEDIA/VB/Innsmouth no Yakata (Japan).png	carátula a MEDIA
MOVIDO	emu/ROMS/VB/Nintendo - Virtual Boy (20200219-181350)/media/images/Jack Bros. (USA).png	emu/MEDIA/VB/Jack Bros. (USA).png	carátula a MEDIA
MOVIDO	emu/ROMS/VB/Nintendo - Virtual Boy (20200219-181350)/media/images/Mario Clash (Japan, USA).png	emu/MEDIA/VB/Mario Clash (Japan, USA).png	carátula a MEDIA
MOVIDO	emu/ROMS/VB/Nintendo - Virtual Boy (20200219-181350)/media/images/Mario's Tennis (Japan, USA).png	emu/MEDIA/VB/Mario's Tennis (Japan, USA).png	carátula a MEDIA
MOVIDO	emu/ROMS/VB/Nintendo - Virtual Boy (20200219-181350)/media/images/Nester's Funky Bowling (USA).png	emu/MEDIA/VB/Nester's Funky Bowling (USA).png	carátula a MEDIA
MOVIDO	emu/ROMS/VB/Nintendo - Virtual Boy (20200219-181350)/media/images/Niko-chan Battle (Japan) (Proto).png	emu/MEDIA/VB/Niko-chan Battle (Japan) (Proto).png	carátula a MEDIA
MOVIDO	emu/ROMS/VB/Nintendo - Virtual Boy (20200219-181350)/media/images/Panic Bomber (USA).png	emu/MEDIA/VB/Panic Bomber (USA).png	carátula a MEDIA
MOVIDO	emu/ROMS/VB/Nintendo - Virtual Boy (20200219-181350)/media/images/Red Alarm (Japan).png	emu/MEDIA/VB/Red Alarm (Japan).png	carátula a MEDIA
MOVIDO	emu/ROMS/VB/Nintendo - Virtual Boy (20200219-181350)/media/images/SD Gundam - Dimension War (Japan).png	emu/MEDIA/VB/SD Gundam - Dimension War (Japan).png	carátula a MEDIA
MOVIDO	emu/ROMS/VB/Nintendo - Virtual Boy (20200219-181350)/media/images/Space Invaders - Virtual Collection (Japan).png	emu/MEDIA/VB/Space Invaders - Virtual Collection (Japan).png	carátula a MEDIA
MOVIDO	emu/ROMS/VB/Nintendo - Virtual Boy (20200219-181350)/media/images/Space Pinball (Japan) (En) (Proto).png	emu/MEDIA/VB/Space Pinball (Japan) (En) (Proto).png	carátula a MEDIA
MOVIDO	emu/ROMS/VB/Nintendo - Virtual Boy (20200219-181350)/media/images/Space Squash (Japan).png	emu/MEDIA/VB/Space Squash (Japan).png	carátula a MEDIA
MOVIDO	emu/ROMS/VB/Nintendo - Virtual Boy (20200219-181350)/media/images/Teleroboxer (Japan, USA).png	emu/MEDIA/VB/Teleroboxer (Japan, USA).png	carátula a MEDIA
MOVIDO	emu/ROMS/VB/Nintendo - Virtual Boy (20200219-181350)/media/images/V-Tetris (Japan).png	emu/MEDIA/VB/V-Tetris (Japan).png	carátula a MEDIA
MOVIDO	emu/ROMS/VB/Nintendo - Virtual Boy (20200219-181350)/media/images/Vertical Force (Japan).png	emu/MEDIA/VB/Vertical Force (Japan).png	carátula a MEDIA
MOVIDO	emu/ROMS/VB/Nintendo - Virtual Boy (20200219-181350)/media/images/Vertical Force (USA).png	emu/MEDIA/VB/Vertical Force (USA).png	carátula a MEDIA
MOVIDO	emu/ROMS/VB/Nintendo - Virtual Boy (20200219-181350)/media/images/Virtual Bowling (Japan).png	emu/MEDIA/VB/Virtual Bowling (Japan).png	carátula a MEDIA
MOVIDO	emu/ROMS/VB/Nintendo - Virtual Boy (20200219-181350)/media/images/Virtual Boy Wario Land (Japan, USA).png	emu/MEDIA/VB/Virtual Boy Wario Land (Japan, USA).png	carátula a MEDIA
MOVIDO	emu/ROMS/VB/Nintendo - Virtual Boy (20200219-181350)/media/images/Virtual Fishing (Japan).png	emu/MEDIA/VB/Virtual Fishing (Japan).png	carátula a MEDIA
MOVIDO	emu/ROMS/VB/Nintendo - Virtual Boy (20200219-181350)/media/images/Virtual Lab (Japan).png	emu/MEDIA/VB/Virtual Lab (Japan).png	carátula a MEDIA
MOVIDO	emu/ROMS/VB/Nintendo - Virtual Boy (20200219-181350)/media/images/Virtual League Baseball (USA).png	emu/MEDIA/VB/Virtual League Baseball (USA).png	carátula a MEDIA
MOVIDO	emu/ROMS/VB/Nintendo - Virtual Boy (20200219-181350)/media/images/Virtual Pro Yakyuu '95 (Japan).png	emu/MEDIA/VB/Virtual Pro Yakyuu '95 (Japan).png	carátula a MEDIA
MOVIDO	emu/ROMS/VB/Nintendo - Virtual Boy (20200219-181350)/media/images/Waterworld (USA).png	emu/MEDIA/VB/Waterworld (USA).png	carátula a MEDIA
MOVIDO	emu/ROMS/WSC/ROMS/Langrisser Millenium WS - The Last Century (J) [M][!].ws	emu/EXTRAS/WS-malos/Langrisser Millenium WS - The Last Century (J) [M][!].ws	volcado alterado: su checksum no coincide y no está en la base de datos; la copia buena queda en ROMS/WS
